ISO-10303-21;
HEADER;
FILE_DESCRIPTION(('Open CASCADE Model'),'2;1');
FILE_NAME('Open CASCADE Shape Model','2026-10-02T21:35:56',('Author'),(
    'Open CASCADE'),'Open CASCADE STEP processor 7.9','Open CASCADE 7.9'
  ,'Unknown');
FILE_SCHEMA(('AUTOMOTIVE_DESIGN { 1 0 10303 214 1 1 1 1 }'));
ENDSEC;
DATA;
#1 = APPLICATION_PROTOCOL_DEFINITION('international standard',
  'automotive_design',2000,#2);
#2 = APPLICATION_CONTEXT(
  'core data for automotive mechanical design processes');
#3 = SHAPE_DEFINITION_REPRESENTATION(#4,#10);
#4 = PRODUCT_DEFINITION_SHAPE('','',#5);
#5 = PRODUCT_DEFINITION('design','',#6,#9);
#6 = PRODUCT_DEFINITION_FORMATION('','',#7);
#7 = PRODUCT('d435_tool_bracket_eseries','d435_tool_bracket_eseries','',
  (#8));
#8 = PRODUCT_CONTEXT('',#2,'mechanical');
#9 = PRODUCT_DEFINITION_CONTEXT('part definition',#2,'design');
#10 = SHAPE_REPRESENTATION('',(#11,#15,#19,#23,#27,#31,#35,#39,#43,#47),
  #51);
#11 = AXIS2_PLACEMENT_3D('',#12,#13,#14);
#12 = CARTESIAN_POINT('',(0.,0.,0.));
#13 = DIRECTION('',(0.,0.,1.));
#14 = DIRECTION('',(1.,0.,-0.));
#15 = AXIS2_PLACEMENT_3D('',#16,#17,#18);
#16 = CARTESIAN_POINT('',(0.,0.,0.));
#17 = DIRECTION('',(0.,0.,1.));
#18 = DIRECTION('',(1.,0.,-0.));
#19 = AXIS2_PLACEMENT_3D('',#20,#21,#22);
#20 = CARTESIAN_POINT('',(0.,0.,0.));
#21 = DIRECTION('',(0.,0.,1.));
#22 = DIRECTION('',(1.,0.,-0.));
#23 = AXIS2_PLACEMENT_3D('',#24,#25,#26);
#24 = CARTESIAN_POINT('',(0.,0.,0.));
#25 = DIRECTION('',(0.,0.,1.));
#26 = DIRECTION('',(1.,0.,-0.));
#27 = AXIS2_PLACEMENT_3D('',#28,#29,#30);
#28 = CARTESIAN_POINT('',(0.,0.,0.));
#29 = DIRECTION('',(0.,0.,1.));
#30 = DIRECTION('',(1.,0.,-0.));
#31 = AXIS2_PLACEMENT_3D('',#32,#33,#34);
#32 = CARTESIAN_POINT('',(0.,0.,0.));
#33 = DIRECTION('',(0.,0.,1.));
#34 = DIRECTION('',(1.,0.,-0.));
#35 = AXIS2_PLACEMENT_3D('',#36,#37,#38);
#36 = CARTESIAN_POINT('',(0.,0.,0.));
#37 = DIRECTION('',(0.,0.,1.));
#38 = DIRECTION('',(1.,0.,-0.));
#39 = AXIS2_PLACEMENT_3D('',#40,#41,#42);
#40 = CARTESIAN_POINT('',(0.,0.,0.));
#41 = DIRECTION('',(0.,0.,1.));
#42 = DIRECTION('',(1.,0.,-0.));
#43 = AXIS2_PLACEMENT_3D('',#44,#45,#46);
#44 = CARTESIAN_POINT('',(0.,0.,0.));
#45 = DIRECTION('',(0.,0.,1.));
#46 = DIRECTION('',(1.,0.,-0.));
#47 = AXIS2_PLACEMENT_3D('',#48,#49,#50);
#48 = CARTESIAN_POINT('',(0.,0.,0.));
#49 = DIRECTION('',(0.,0.,1.));
#50 = DIRECTION('',(1.,0.,-0.));
#51 = ( GEOMETRIC_REPRESENTATION_CONTEXT(3) 
GLOBAL_UNCERTAINTY_ASSIGNED_CONTEXT((#55)) GLOBAL_UNIT_ASSIGNED_CONTEXT(
(#52,#53,#54)) REPRESENTATION_CONTEXT('Context #1',
  '3D Context with UNIT and UNCERTAINTY') );
#52 = ( LENGTH_UNIT() NAMED_UNIT(*) SI_UNIT(.MILLI.,.METRE.) );
#53 = ( NAMED_UNIT(*) PLANE_ANGLE_UNIT() SI_UNIT($,.RADIAN.) );
#54 = ( NAMED_UNIT(*) SI_UNIT($,.STERADIAN.) SOLID_ANGLE_UNIT() );
#55 = UNCERTAINTY_MEASURE_WITH_UNIT(LENGTH_MEASURE(1.E-07),#52,
  'distance_accuracy_value','confusion accuracy');
#56 = PRODUCT_RELATED_PRODUCT_CATEGORY('part',$,(#7));
#57 = SHAPE_DEFINITION_REPRESENTATION(#58,#64);
#58 = PRODUCT_DEFINITION_SHAPE('','',#59);
#59 = PRODUCT_DEFINITION('design','',#60,#63);
#60 = PRODUCT_DEFINITION_FORMATION('','',#61);
#61 = PRODUCT('ur_flange_eseries','ur_flange_eseries','',(#62));
#62 = PRODUCT_CONTEXT('',#2,'mechanical');
#63 = PRODUCT_DEFINITION_CONTEXT('part definition',#2,'design');
#64 = ADVANCED_BREP_SHAPE_REPRESENTATION('',(#11,#65),#1023);
#65 = MANIFOLD_SOLID_BREP('',#66);
#66 = CLOSED_SHELL('',(#67,#326,#330,#365,#420,#475,#479,#669,#724,#779,
    #834,#889,#944,#999,#1003,#1007,#1011,#1015,#1019));
#67 = ADVANCED_FACE('',(#68,#155),#81,.T.);
#68 = FACE_BOUND('',#69,.F.);
#69 = EDGE_LOOP('',(#70,#104,#127,#154));
#70 = ORIENTED_EDGE('',*,*,#71,.F.);
#71 = EDGE_CURVE('',#72,#72,#74,.T.);
#72 = VERTEX_POINT('',#73);
#73 = CARTESIAN_POINT('',(45.,0.,-55.25));
#74 = SURFACE_CURVE('',#75,(#80,#92),.PCURVE_S1.);
#75 = CIRCLE('',#76,45.);
#76 = AXIS2_PLACEMENT_3D('',#77,#78,#79);
#77 = CARTESIAN_POINT('',(0.,0.,-55.25));
#78 = DIRECTION('',(0.,0.,1.));
#79 = DIRECTION('',(1.,0.,0.));
#80 = PCURVE('',#81,#86);
#81 = CYLINDRICAL_SURFACE('',#82,45.);
#82 = AXIS2_PLACEMENT_3D('',#83,#84,#85);
#83 = CARTESIAN_POINT('',(0.,0.,-55.25));
#84 = DIRECTION('',(-0.,-0.,-1.));
#85 = DIRECTION('',(1.,0.,0.));
#86 = DEFINITIONAL_REPRESENTATION('',(#87),#91);
#87 = LINE('',#88,#89);
#88 = CARTESIAN_POINT('',(-0.,0.));
#89 = VECTOR('',#90,1.);
#90 = DIRECTION('',(-1.,0.));
#91 = ( GEOMETRIC_REPRESENTATION_CONTEXT(2) 
PARAMETRIC_REPRESENTATION_CONTEXT() REPRESENTATION_CONTEXT('2D SPACE',''
  ) );
#92 = PCURVE('',#93,#98);
#93 = PLANE('',#94);
#94 = AXIS2_PLACEMENT_3D('',#95,#96,#97);
#95 = CARTESIAN_POINT('',(-3.889607488112E-15,2.052637289391E-15,-55.25)
  );
#96 = DIRECTION('',(0.,0.,1.));
#97 = DIRECTION('',(1.,0.,-0.));
#98 = DEFINITIONAL_REPRESENTATION('',(#99),#103);
#99 = CIRCLE('',#100,45.);
#100 = AXIS2_PLACEMENT_2D('',#101,#102);
#101 = CARTESIAN_POINT('',(3.889607488112E-15,-2.052637289391E-15));
#102 = DIRECTION('',(1.,0.));
#103 = ( GEOMETRIC_REPRESENTATION_CONTEXT(2) 
PARAMETRIC_REPRESENTATION_CONTEXT() REPRESENTATION_CONTEXT('2D SPACE',''
  ) );
#104 = ORIENTED_EDGE('',*,*,#105,.T.);
#105 = EDGE_CURVE('',#72,#106,#108,.T.);
#106 = VERTEX_POINT('',#107);
#107 = CARTESIAN_POINT('',(45.,0.,-6.5));
#108 = SEAM_CURVE('',#109,(#113,#120),.PCURVE_S1.);
#109 = LINE('',#110,#111);
#110 = CARTESIAN_POINT('',(45.,0.,-55.25));
#111 = VECTOR('',#112,1.);
#112 = DIRECTION('',(0.,0.,1.));
#113 = PCURVE('',#81,#114);
#114 = DEFINITIONAL_REPRESENTATION('',(#115),#119);
#115 = LINE('',#116,#117);
#116 = CARTESIAN_POINT('',(-6.28318530718,0.));
#117 = VECTOR('',#118,1.);
#118 = DIRECTION('',(-0.,-1.));
#119 = ( GEOMETRIC_REPRESENTATION_CONTEXT(2) 
PARAMETRIC_REPRESENTATION_CONTEXT() REPRESENTATION_CONTEXT('2D SPACE',''
  ) );
#120 = PCURVE('',#81,#121);
#121 = DEFINITIONAL_REPRESENTATION('',(#122),#126);
#122 = LINE('',#123,#124);
#123 = CARTESIAN_POINT('',(-0.,0.));
#124 = VECTOR('',#125,1.);
#125 = DIRECTION('',(-0.,-1.));
#126 = ( GEOMETRIC_REPRESENTATION_CONTEXT(2) 
PARAMETRIC_REPRESENTATION_CONTEXT() REPRESENTATION_CONTEXT('2D SPACE',''
  ) );
#127 = ORIENTED_EDGE('',*,*,#128,.T.);
#128 = EDGE_CURVE('',#106,#106,#129,.T.);
#129 = SURFACE_CURVE('',#130,(#135,#142),.PCURVE_S1.);
#130 = CIRCLE('',#131,45.);
#131 = AXIS2_PLACEMENT_3D('',#132,#133,#134);
#132 = CARTESIAN_POINT('',(0.,0.,-6.5));
#133 = DIRECTION('',(0.,0.,1.));
#134 = DIRECTION('',(1.,0.,0.));
#135 = PCURVE('',#81,#136);
#136 = DEFINITIONAL_REPRESENTATION('',(#137),#141);
#137 = LINE('',#138,#139);
#138 = CARTESIAN_POINT('',(-0.,-48.75));
#139 = VECTOR('',#140,1.);
#140 = DIRECTION('',(-1.,0.));
#141 = ( GEOMETRIC_REPRESENTATION_CONTEXT(2) 
PARAMETRIC_REPRESENTATION_CONTEXT() REPRESENTATION_CONTEXT('2D SPACE',''
  ) );
#142 = PCURVE('',#143,#148);
#143 = PLANE('',#144);
#144 = AXIS2_PLACEMENT_3D('',#145,#146,#147);
#145 = CARTESIAN_POINT('',(-3.889607488112E-15,2.052637289391E-15,-6.5)
  );
#146 = DIRECTION('',(0.,0.,1.));
#147 = DIRECTION('',(1.,0.,-0.));
#148 = DEFINITIONAL_REPRESENTATION('',(#149),#153);
#149 = CIRCLE('',#150,45.);
#150 = AXIS2_PLACEMENT_2D('',#151,#152);
#151 = CARTESIAN_POINT('',(3.889607488112E-15,-2.052637289391E-15));
#152 = DIRECTION('',(1.,0.));
#153 = ( GEOMETRIC_REPRESENTATION_CONTEXT(2) 
PARAMETRIC_REPRESENTATION_CONTEXT() REPRESENTATION_CONTEXT('2D SPACE',''
  ) );
#154 = ORIENTED_EDGE('',*,*,#105,.F.);
#155 = FACE_BOUND('',#156,.F.);
#156 = EDGE_LOOP('',(#157));
#157 = ORIENTED_EDGE('',*,*,#158,.T.);
#158 = EDGE_CURVE('',#159,#159,#161,.T.);
#159 = VERTEX_POINT('',#160);
#160 = CARTESIAN_POINT('',(5.,44.721359549996,-35.65));
#161 = SURFACE_CURVE('',#162,(#213,#267),.PCURVE_S1.);
#162 = B_SPLINE_CURVE_WITH_KNOTS('',7,(#163,#164,#165,#166,#167,#168,
    #169,#170,#171,#172,#173,#174,#175,#176,#177,#178,#179,#180,#181,
    #182,#183,#184,#185,#186,#187,#188,#189,#190,#191,#192,#193,#194,
    #195,#196,#197,#198,#199,#200,#201,#202,#203,#204,#205,#206,#207,
    #208,#209,#210,#211,#212),.UNSPECIFIED.,.T.,.F.,(8,6,6,6,6,6,6,6,8),
  (0.,0.133998405181,0.250118020453,0.366237636338,0.500236041543,
    0.634234448149,0.750354063423,0.86127072279,1.),.UNSPECIFIED.);
#163 = CARTESIAN_POINT('',(5.,44.721359549996,-35.65));
#164 = CARTESIAN_POINT('',(5.,44.721359549996,-36.16618473217));
#165 = CARTESIAN_POINT('',(4.937828875251,44.728310363479,
    -36.68158615487));
#166 = CARTESIAN_POINT('',(4.813828264149,44.742174689845,
    -37.19234656662));
#167 = CARTESIAN_POINT('',(4.626245813521,44.76259426973,-37.69425874937
    ));
#168 = CARTESIAN_POINT('',(4.371831292291,44.788852080005,
    -38.18140845993));
#169 = CARTESIAN_POINT('',(4.04618376225,44.819532962262,-38.64535117273
    ));
#170 = CARTESIAN_POINT('',(3.297051542709,44.880410079475,
    -39.44309596065));
#171 = CARTESIAN_POINT('',(2.882648943303,44.910918672416,
    -39.79640624855));
#172 = CARTESIAN_POINT('',(2.402292395363,44.941445223628,
    -40.11128209058));
#173 = CARTESIAN_POINT('',(1.861799437901,44.968761097037,
    -40.36884191929));
#174 = CARTESIAN_POINT('',(1.271533132818,44.989204957829,
    -40.55284634422));
#175 = CARTESIAN_POINT('',(0.645268899635,45.,-40.65));
#176 = CARTESIAN_POINT('',(-0.64526890304,45.,-40.65));
#177 = CARTESIAN_POINT('',(-1.271533120396,44.989204958001,
    -40.55284634619));
#178 = CARTESIAN_POINT('',(-1.861799458542,44.968761096502,
    -40.36884191301));
#179 = CARTESIAN_POINT('',(-2.402292376781,44.941445224341,
    -40.11128209918));
#180 = CARTESIAN_POINT('',(-2.882648952186,44.910918671937,
    -39.79640624255));
#181 = CARTESIAN_POINT('',(-3.297051540937,44.880410079619,
    -39.44309596253));
#182 = CARTESIAN_POINT('',(-4.04618376225,44.819532962262,
    -38.64535117273));
#183 = CARTESIAN_POINT('',(-4.371831292291,44.788852080005,
    -38.18140845993));
#184 = CARTESIAN_POINT('',(-4.62624581352,44.76259426973,-37.69425874937
    ));
#185 = CARTESIAN_POINT('',(-4.81382826415,44.742174689845,
    -37.19234656662));
#186 = CARTESIAN_POINT('',(-4.937828875251,44.728310363479,
    -36.68158615487));
#187 = CARTESIAN_POINT('',(-5.,44.721359549996,-36.16618473217));
#188 = CARTESIAN_POINT('',(-5.,44.721359549996,-35.13381526242));
#189 = CARTESIAN_POINT('',(-4.937828879155,44.728310363137,
    -34.61841386579));
#190 = CARTESIAN_POINT('',(-4.813828251448,44.742174690947,
    -34.10765339688));
#191 = CARTESIAN_POINT('',(-4.626245831513,44.762594268194,
    -33.60574128617));
#192 = CARTESIAN_POINT('',(-4.371831279211,44.788852081097,
    -33.11859152106));
#193 = CARTESIAN_POINT('',(-4.046183766566,44.819532961912,
    -32.65464883185));
#194 = CARTESIAN_POINT('',(-3.297051542662,44.880410079479,
    -31.85690403929));
#195 = CARTESIAN_POINT('',(-2.882648943346,44.910918672412,
    -31.5035937515));
#196 = CARTESIAN_POINT('',(-2.402292395424,44.941445223625,
    -31.18871790942));
#197 = CARTESIAN_POINT('',(-1.861799437844,44.968761097043,
    -30.93115808065));
#198 = CARTESIAN_POINT('',(-1.271533132755,44.989204957826,
    -30.74715365579));
#199 = CARTESIAN_POINT('',(-0.645268899703,45.,-30.65));
#200 = CARTESIAN_POINT('',(0.61635642333,45.,-30.65));
#201 = CARTESIAN_POINT('',(1.216474726385,44.990150674904,
    -30.73864242272));
#202 = CARTESIAN_POINT('',(1.784978020988,44.971387622973,
    -30.90751825125));
#203 = CARTESIAN_POINT('',(2.309019792459,44.946062940206,
    -31.14519381602));
#204 = CARTESIAN_POINT('',(2.778675301847,44.917384008805,
    -31.43732389679));
#205 = CARTESIAN_POINT('',(3.187986233409,44.888286706054,
    -31.76691842154));
#206 = CARTESIAN_POINT('',(3.970229989282,44.826637261632,
    -32.54916217741));
#207 = CARTESIAN_POINT('',(4.322460600323,44.793932620199,
    -33.02609995136));
#208 = CARTESIAN_POINT('',(4.597152956639,44.765757227661,
    -33.52944097254));
#209 = CARTESIAN_POINT('',(4.799398503028,44.743788280617,
    -34.04937895413));
#210 = CARTESIAN_POINT('',(4.932990731997,44.728851210092,-34.579154899)
  );
#211 = CARTESIAN_POINT('',(5.,44.721359549996,-35.11410718727));
#212 = CARTESIAN_POINT('',(5.,44.721359549996,-35.65));
#213 = PCURVE('',#81,#214);
#214 = DEFINITIONAL_REPRESENTATION('',(#215),#266);
#215 = B_SPLINE_CURVE_WITH_KNOTS('',7,(#216,#217,#218,#219,#220,#221,
    #222,#223,#224,#225,#226,#227,#228,#229,#230,#231,#232,#233,#234,
    #235,#236,#237,#238,#239,#240,#241,#242,#243,#244,#245,#246,#247,
    #248,#249,#250,#251,#252,#253,#254,#255,#256,#257,#258,#259,#260,
    #261,#262,#263,#264,#265),.UNSPECIFIED.,.T.,.F.,(8,6,6,6,6,6,6,6,8),
  (0.,0.133998405181,0.250118020453,0.366237636338,0.500236041543,
    0.634234448149,0.750354063423,0.86127072279,1.),.UNSPECIFIED.);
#216 = CARTESIAN_POINT('',(-1.459455312454,-19.6));
#217 = CARTESIAN_POINT('',(-1.459455312454,-19.08381526782));
#218 = CARTESIAN_POINT('',(-1.460845500153,-18.56841384512));
#219 = CARTESIAN_POINT('',(-1.463618243048,-18.05765343337));
#220 = CARTESIAN_POINT('',(-1.467811338867,-17.55574125062));
#221 = CARTESIAN_POINT('',(-1.473494848803,-17.06859154006));
#222 = CARTESIAN_POINT('',(-1.480762907585,-16.60464882726));
#223 = CARTESIAN_POINT('',(-1.497465167442,-15.80690403934));
#224 = CARTESIAN_POINT('',(-1.506698766472,-15.45359375144));
#225 = CARTESIAN_POINT('',(-1.517394009649,-15.13871790941));
#226 = CARTESIAN_POINT('',(-1.529418211045,-14.8811580807));
#227 = CARTESIAN_POINT('',(-1.542540030461,-14.69715365577));
#228 = CARTESIAN_POINT('',(-1.556457017914,-14.6));
#229 = CARTESIAN_POINT('',(-1.585135635751,-14.6));
#230 = CARTESIAN_POINT('',(-1.599052622853,-14.6971536538));
#231 = CARTESIAN_POINT('',(-1.612174443004,-14.88115808698));
#232 = CARTESIAN_POINT('',(-1.624198643527,-15.13871790081));
#233 = CARTESIAN_POINT('',(-1.634893887316,-15.45359375744));
#234 = CARTESIAN_POINT('',(-1.644127486109,-15.80690403746));
#235 = CARTESIAN_POINT('',(-1.660829746005,-16.60464882726));
#236 = CARTESIAN_POINT('',(-1.668097804786,-17.06859154007));
#237 = CARTESIAN_POINT('',(-1.673781314723,-17.55574125062));
#238 = CARTESIAN_POINT('',(-1.677974410542,-18.05765343337));
#239 = CARTESIAN_POINT('',(-1.680747153437,-18.56841384512));
#240 = CARTESIAN_POINT('',(-1.682137341136,-19.08381526782));
#241 = CARTESIAN_POINT('',(-1.682137341136,-20.11618473757));
#242 = CARTESIAN_POINT('',(-1.680747153524,-20.6315861342));
#243 = CARTESIAN_POINT('',(-1.677974410258,-21.14234660311));
#244 = CARTESIAN_POINT('',(-1.673781315124,-21.64425871382));
#245 = CARTESIAN_POINT('',(-1.668097804495,-22.13140847893));
#246 = CARTESIAN_POINT('',(-1.660829746101,-22.59535116814));
#247 = CARTESIAN_POINT('',(-1.644127486147,-23.3930959607));
#248 = CARTESIAN_POINT('',(-1.634893887119,-23.74640624849));
#249 = CARTESIAN_POINT('',(-1.624198643942,-24.06128209058));
#250 = CARTESIAN_POINT('',(-1.612174442544,-24.31884191934));
#251 = CARTESIAN_POINT('',(-1.599052623127,-24.5028463442));
#252 = CARTESIAN_POINT('',(-1.585135635677,-24.6));
#253 = CARTESIAN_POINT('',(-1.557099517388,-24.6));
#254 = CARTESIAN_POINT('',(-1.543763551202,-24.51135757727));
#255 = CARTESIAN_POINT('',(-1.531125969482,-24.34248174874));
#256 = CARTESIAN_POINT('',(-1.519468936273,-24.10480618397));
#257 = CARTESIAN_POINT('',(-1.509013560941,-23.8126761032));
#258 = CARTESIAN_POINT('',(-1.499895080455,-23.48308157845));
#259 = CARTESIAN_POINT('',(-1.482457984372,-22.70083782258));
#260 = CARTESIAN_POINT('',(-1.47459773232,-22.22390004863));
#261 = CARTESIAN_POINT('',(-1.468461651443,-21.72055902745));
#262 = CARTESIAN_POINT('',(-1.463940903648,-21.20062104586));
#263 = CARTESIAN_POINT('',(-1.460953684027,-20.67084510099));
#264 = CARTESIAN_POINT('',(-1.459455312454,-20.13589281272));
#265 = CARTESIAN_POINT('',(-1.459455312454,-19.6));
#266 = ( GEOMETRIC_REPRESENTATION_CONTEXT(2) 
PARAMETRIC_REPRESENTATION_CONTEXT() REPRESENTATION_CONTEXT('2D SPACE',''
  ) );
#267 = PCURVE('',#268,#273);
#268 = CYLINDRICAL_SURFACE('',#269,5.);
#269 = AXIS2_PLACEMENT_3D('',#270,#271,#272);
#270 = CARTESIAN_POINT('',(2.694222958124E-15,44.,-35.65));
#271 = DIRECTION('',(6.123233995737E-17,1.,0.));
#272 = DIRECTION('',(1.,-6.123233995737E-17,0.));
#273 = DEFINITIONAL_REPRESENTATION('',(#274),#325);
#274 = B_SPLINE_CURVE_WITH_KNOTS('',7,(#275,#276,#277,#278,#279,#280,
    #281,#282,#283,#284,#285,#286,#287,#288,#289,#290,#291,#292,#293,
    #294,#295,#296,#297,#298,#299,#300,#301,#302,#303,#304,#305,#306,
    #307,#308,#309,#310,#311,#312,#313,#314,#315,#316,#317,#318,#319,
    #320,#321,#322,#323,#324),.UNSPECIFIED.,.F.,.F.,(8,6,6,6,6,6,6,6,8),
  (0.,0.133998405181,0.250118020453,0.366237636338,0.500236041543,
    0.634234448149,0.750354063423,0.86127072279,1.),.UNSPECIFIED.);
#275 = CARTESIAN_POINT('',(0.,0.721359549996));
#276 = CARTESIAN_POINT('',(0.103236946436,0.721359549996));
#277 = CARTESIAN_POINT('',(0.206317011938,0.728310363479));
#278 = CARTESIAN_POINT('',(0.31026729526,0.742174689845));
#279 = CARTESIAN_POINT('',(0.416014121875,0.76259426973));
#280 = CARTESIAN_POINT('',(0.524500473812,0.788852080005));
#281 = CARTESIAN_POINT('',(0.636724966568,0.819532962262));
#282 = CARTESIAN_POINT('',(0.855594409752,0.880410079475));
#283 = CARTESIAN_POINT('',(0.96384059645,0.910918672416));
#284 = CARTESIAN_POINT('',(1.077225577419,0.941445223628));
#285 = CARTESIAN_POINT('',(1.194925716219,0.968761097037));
#286 = CARTESIAN_POINT('',(1.316489741236,0.989204957829));
#287 = CARTESIAN_POINT('',(1.441742546868,1.));
#288 = CARTESIAN_POINT('',(1.699850107403,1.));
#289 = CARTESIAN_POINT('',(1.825102909738,0.989204958001));
#290 = CARTESIAN_POINT('',(1.946666941942,0.968761096502));
#291 = CARTESIAN_POINT('',(2.064367071807,0.941445224341));
#292 = CARTESIAN_POINT('',(2.1777520594,0.910918671937));
#293 = CARTESIAN_POINT('',(2.28599824332,0.880410079619));
#294 = CARTESIAN_POINT('',(2.504867687022,0.819532962262));
#295 = CARTESIAN_POINT('',(2.617092179778,0.788852080005));
#296 = CARTESIAN_POINT('',(2.725578531714,0.76259426973));
#297 = CARTESIAN_POINT('',(2.83132535833,0.742174689845));
#298 = CARTESIAN_POINT('',(2.935275641652,0.728310363479));
#299 = CARTESIAN_POINT('',(3.038355707154,0.721359549996));
#300 = CARTESIAN_POINT('',(3.244829601105,0.721359549996));
#301 = CARTESIAN_POINT('',(3.347909661134,0.728310363137));
#302 = CARTESIAN_POINT('',(3.451859957023,0.742174690947));
#303 = CARTESIAN_POINT('',(3.557606767064,0.762594268194));
#304 = CARTESIAN_POINT('',(3.666093132188,0.788852081097));
#305 = CARTESIAN_POINT('',(3.778317618897,0.819532961912));
#306 = CARTESIAN_POINT('',(3.997187063356,0.880410079479));
#307 = CARTESIAN_POINT('',(4.105433250024,0.910918672412));
#308 = CARTESIAN_POINT('',(4.218818231001,0.941445223625));
#309 = CARTESIAN_POINT('',(4.336518369819,0.968761097043));
#310 = CARTESIAN_POINT('',(4.458082394838,0.989204957826));
#311 = CARTESIAN_POINT('',(4.583335200444,1.));
#312 = CARTESIAN_POINT('',(4.835660265051,1.));
#313 = CARTESIAN_POINT('',(4.955683843778,0.990150674904));
#314 = CARTESIAN_POINT('',(5.072444449665,0.971387622973));
#315 = CARTESIAN_POINT('',(5.185705318642,0.946062940206));
#316 = CARTESIAN_POINT('',(5.294988649561,0.917384008805));
#317 = CARTESIAN_POINT('',(5.399485817371,0.888286706054));
#318 = CARTESIAN_POINT('',(5.620737763099,0.826637261632));
#319 = CARTESIAN_POINT('',(5.738000366964,0.793932620199));
#320 = CARTESIAN_POINT('',(5.851063763896,0.765757227661));
#321 = CARTESIAN_POINT('',(5.961048970674,0.743788280617));
#322 = CARTESIAN_POINT('',(6.069016595255,0.728851210092));
#323 = CARTESIAN_POINT('',(6.176006744634,0.721359549996));
#324 = CARTESIAN_POINT('',(6.28318530718,0.721359549996));
#325 = ( GEOMETRIC_REPRESENTATION_CONTEXT(2) 
PARAMETRIC_REPRESENTATION_CONTEXT() REPRESENTATION_CONTEXT('2D SPACE',''
  ) );
#326 = ADVANCED_FACE('',(#327),#93,.F.);
#327 = FACE_BOUND('',#328,.F.);
#328 = EDGE_LOOP('',(#329));
#329 = ORIENTED_EDGE('',*,*,#71,.T.);
#330 = ADVANCED_FACE('',(#331,#334),#143,.T.);
#331 = FACE_BOUND('',#332,.T.);
#332 = EDGE_LOOP('',(#333));
#333 = ORIENTED_EDGE('',*,*,#128,.T.);
#334 = FACE_BOUND('',#335,.T.);
#335 = EDGE_LOOP('',(#336));
#336 = ORIENTED_EDGE('',*,*,#337,.F.);
#337 = EDGE_CURVE('',#338,#338,#340,.T.);
#338 = VERTEX_POINT('',#339);
#339 = CARTESIAN_POINT('',(31.5,0.,-6.5));
#340 = SURFACE_CURVE('',#341,(#346,#353),.PCURVE_S1.);
#341 = CIRCLE('',#342,31.5);
#342 = AXIS2_PLACEMENT_3D('',#343,#344,#345);
#343 = CARTESIAN_POINT('',(0.,0.,-6.5));
#344 = DIRECTION('',(0.,0.,1.));
#345 = DIRECTION('',(1.,0.,0.));
#346 = PCURVE('',#143,#347);
#347 = DEFINITIONAL_REPRESENTATION('',(#348),#352);
#348 = CIRCLE('',#349,31.5);
#349 = AXIS2_PLACEMENT_2D('',#350,#351);
#350 = CARTESIAN_POINT('',(3.889607488112E-15,-2.052637289391E-15));
#351 = DIRECTION('',(1.,0.));
#352 = ( GEOMETRIC_REPRESENTATION_CONTEXT(2) 
PARAMETRIC_REPRESENTATION_CONTEXT() REPRESENTATION_CONTEXT('2D SPACE',''
  ) );
#353 = PCURVE('',#354,#359);
#354 = CYLINDRICAL_SURFACE('',#355,31.5);
#355 = AXIS2_PLACEMENT_3D('',#356,#357,#358);
#356 = CARTESIAN_POINT('',(0.,0.,-6.5));
#357 = DIRECTION('',(-0.,-0.,-1.));
#358 = DIRECTION('',(1.,0.,0.));
#359 = DEFINITIONAL_REPRESENTATION('',(#360),#364);
#360 = LINE('',#361,#362);
#361 = CARTESIAN_POINT('',(-0.,0.));
#362 = VECTOR('',#363,1.);
#363 = DIRECTION('',(-1.,0.));
#364 = ( GEOMETRIC_REPRESENTATION_CONTEXT(2) 
PARAMETRIC_REPRESENTATION_CONTEXT() REPRESENTATION_CONTEXT('2D SPACE',''
  ) );
#365 = ADVANCED_FACE('',(#366),#268,.T.);
#366 = FACE_BOUND('',#367,.T.);
#367 = EDGE_LOOP('',(#368,#391,#418,#419));
#368 = ORIENTED_EDGE('',*,*,#369,.T.);
#369 = EDGE_CURVE('',#159,#370,#372,.T.);
#370 = VERTEX_POINT('',#371);
#371 = CARTESIAN_POINT('',(5.,47.,-35.65));
#372 = SEAM_CURVE('',#373,(#377,#384),.PCURVE_S1.);
#373 = LINE('',#374,#375);
#374 = CARTESIAN_POINT('',(5.,44.,-35.65));
#375 = VECTOR('',#376,1.);
#376 = DIRECTION('',(6.123233995737E-17,1.,6.016155777704E-49));
#377 = PCURVE('',#268,#378);
#378 = DEFINITIONAL_REPRESENTATION('',(#379),#383);
#379 = LINE('',#380,#381);
#380 = CARTESIAN_POINT('',(6.28318530718,-0.));
#381 = VECTOR('',#382,1.);
#382 = DIRECTION('',(0.,1.));
#383 = ( GEOMETRIC_REPRESENTATION_CONTEXT(2) 
PARAMETRIC_REPRESENTATION_CONTEXT() REPRESENTATION_CONTEXT('2D SPACE',''
  ) );
#384 = PCURVE('',#268,#385);
#385 = DEFINITIONAL_REPRESENTATION('',(#386),#390);
#386 = LINE('',#387,#388);
#387 = CARTESIAN_POINT('',(0.,-0.));
#388 = VECTOR('',#389,1.);
#389 = DIRECTION('',(0.,1.));
#390 = ( GEOMETRIC_REPRESENTATION_CONTEXT(2) 
PARAMETRIC_REPRESENTATION_CONTEXT() REPRESENTATION_CONTEXT('2D SPACE',''
  ) );
#391 = ORIENTED_EDGE('',*,*,#392,.F.);
#392 = EDGE_CURVE('',#370,#370,#393,.T.);
#393 = SURFACE_CURVE('',#394,(#399,#406),.PCURVE_S1.);
#394 = CIRCLE('',#395,5.);
#395 = AXIS2_PLACEMENT_3D('',#396,#397,#398);
#396 = CARTESIAN_POINT('',(2.877919977996E-15,47.,-35.65));
#397 = DIRECTION('',(6.123233995737E-17,1.,0.));
#398 = DIRECTION('',(1.,-6.123233995737E-17,0.));
#399 = PCURVE('',#268,#400);
#400 = DEFINITIONAL_REPRESENTATION('',(#401),#405);
#401 = LINE('',#402,#403);
#402 = CARTESIAN_POINT('',(0.,3.));
#403 = VECTOR('',#404,1.);
#404 = DIRECTION('',(1.,0.));
#405 = ( GEOMETRIC_REPRESENTATION_CONTEXT(2) 
PARAMETRIC_REPRESENTATION_CONTEXT() REPRESENTATION_CONTEXT('2D SPACE',''
  ) );
#406 = PCURVE('',#407,#412);
#407 = PLANE('',#408);
#408 = AXIS2_PLACEMENT_3D('',#409,#410,#411);
#409 = CARTESIAN_POINT('',(2.877919977996E-15,47.,-35.65));
#410 = DIRECTION('',(6.123233995737E-17,1.,0.));
#411 = DIRECTION('',(1.,-6.123233995737E-17,0.));
#412 = DEFINITIONAL_REPRESENTATION('',(#413),#417);
#413 = CIRCLE('',#414,5.);
#414 = AXIS2_PLACEMENT_2D('',#415,#416);
#415 = CARTESIAN_POINT('',(0.,0.));
#416 = DIRECTION('',(1.,0.));
#417 = ( GEOMETRIC_REPRESENTATION_CONTEXT(2) 
PARAMETRIC_REPRESENTATION_CONTEXT() REPRESENTATION_CONTEXT('2D SPACE',''
  ) );
#418 = ORIENTED_EDGE('',*,*,#369,.F.);
#419 = ORIENTED_EDGE('',*,*,#158,.T.);
#420 = ADVANCED_FACE('',(#421),#354,.T.);
#421 = FACE_BOUND('',#422,.F.);
#422 = EDGE_LOOP('',(#423,#446,#473,#474));
#423 = ORIENTED_EDGE('',*,*,#424,.T.);
#424 = EDGE_CURVE('',#338,#425,#427,.T.);
#425 = VERTEX_POINT('',#426);
#426 = CARTESIAN_POINT('',(31.5,0.,0.));
#427 = SEAM_CURVE('',#428,(#432,#439),.PCURVE_S1.);
#428 = LINE('',#429,#430);
#429 = CARTESIAN_POINT('',(31.5,0.,-6.5));
#430 = VECTOR('',#431,1.);
#431 = DIRECTION('',(0.,0.,1.));
#432 = PCURVE('',#354,#433);
#433 = DEFINITIONAL_REPRESENTATION('',(#434),#438);
#434 = LINE('',#435,#436);
#435 = CARTESIAN_POINT('',(-0.,0.));
#436 = VECTOR('',#437,1.);
#437 = DIRECTION('',(-0.,-1.));
#438 = ( GEOMETRIC_REPRESENTATION_CONTEXT(2) 
PARAMETRIC_REPRESENTATION_CONTEXT() REPRESENTATION_CONTEXT('2D SPACE',''
  ) );
#439 = PCURVE('',#354,#440);
#440 = DEFINITIONAL_REPRESENTATION('',(#441),#445);
#441 = LINE('',#442,#443);
#442 = CARTESIAN_POINT('',(-6.28318530718,0.));
#443 = VECTOR('',#444,1.);
#444 = DIRECTION('',(-0.,-1.));
#445 = ( GEOMETRIC_REPRESENTATION_CONTEXT(2) 
PARAMETRIC_REPRESENTATION_CONTEXT() REPRESENTATION_CONTEXT('2D SPACE',''
  ) );
#446 = ORIENTED_EDGE('',*,*,#447,.T.);
#447 = EDGE_CURVE('',#425,#425,#448,.T.);
#448 = SURFACE_CURVE('',#449,(#454,#461),.PCURVE_S1.);
#449 = CIRCLE('',#450,31.5);
#450 = AXIS2_PLACEMENT_3D('',#451,#452,#453);
#451 = CARTESIAN_POINT('',(0.,0.,0.));
#452 = DIRECTION('',(0.,0.,1.));
#453 = DIRECTION('',(1.,0.,0.));
#454 = PCURVE('',#354,#455);
#455 = DEFINITIONAL_REPRESENTATION('',(#456),#460);
#456 = LINE('',#457,#458);
#457 = CARTESIAN_POINT('',(-0.,-6.5));
#458 = VECTOR('',#459,1.);
#459 = DIRECTION('',(-1.,0.));
#460 = ( GEOMETRIC_REPRESENTATION_CONTEXT(2) 
PARAMETRIC_REPRESENTATION_CONTEXT() REPRESENTATION_CONTEXT('2D SPACE',''
  ) );
#461 = PCURVE('',#462,#467);
#462 = PLANE('',#463);
#463 = AXIS2_PLACEMENT_3D('',#464,#465,#466);
#464 = CARTESIAN_POINT('',(-2.083718297203E-15,1.492411923833E-15,0.));
#465 = DIRECTION('',(0.,0.,1.));
#466 = DIRECTION('',(1.,0.,-0.));
#467 = DEFINITIONAL_REPRESENTATION('',(#468),#472);
#468 = CIRCLE('',#469,31.5);
#469 = AXIS2_PLACEMENT_2D('',#470,#471);
#470 = CARTESIAN_POINT('',(2.083718297203E-15,-1.492411923833E-15));
#471 = DIRECTION('',(1.,0.));
#472 = ( GEOMETRIC_REPRESENTATION_CONTEXT(2) 
PARAMETRIC_REPRESENTATION_CONTEXT() REPRESENTATION_CONTEXT('2D SPACE',''
  ) );
#473 = ORIENTED_EDGE('',*,*,#424,.F.);
#474 = ORIENTED_EDGE('',*,*,#337,.F.);
#475 = ADVANCED_FACE('',(#476),#407,.T.);
#476 = FACE_BOUND('',#477,.T.);
#477 = EDGE_LOOP('',(#478));
#478 = ORIENTED_EDGE('',*,*,#392,.T.);
#479 = ADVANCED_FACE('',(#480,#483,#514,#545,#576,#607,#638),#462,.T.);
#480 = FACE_BOUND('',#481,.T.);
#481 = EDGE_LOOP('',(#482));
#482 = ORIENTED_EDGE('',*,*,#447,.T.);
#483 = FACE_BOUND('',#484,.T.);
#484 = EDGE_LOOP('',(#485));
#485 = ORIENTED_EDGE('',*,*,#486,.F.);
#486 = EDGE_CURVE('',#487,#487,#489,.T.);
#487 = VERTEX_POINT('',#488);
#488 = CARTESIAN_POINT('',(-15.17766952966,-17.67766952966,0.));
#489 = SURFACE_CURVE('',#490,(#495,#502),.PCURVE_S1.);
#490 = CIRCLE('',#491,2.5);
#491 = AXIS2_PLACEMENT_3D('',#492,#493,#494);
#492 = CARTESIAN_POINT('',(-17.67766952966,-17.67766952966,0.));
#493 = DIRECTION('',(0.,0.,1.));
#494 = DIRECTION('',(1.,0.,0.));
#495 = PCURVE('',#462,#496);
#496 = DEFINITIONAL_REPRESENTATION('',(#497),#501);
#497 = CIRCLE('',#498,2.5);
#498 = AXIS2_PLACEMENT_2D('',#499,#500);
#499 = CARTESIAN_POINT('',(-17.67766952966,-17.67766952966));
#500 = DIRECTION('',(1.,0.));
#501 = ( GEOMETRIC_REPRESENTATION_CONTEXT(2) 
PARAMETRIC_REPRESENTATION_CONTEXT() REPRESENTATION_CONTEXT('2D SPACE',''
  ) );
#502 = PCURVE('',#503,#508);
#503 = CYLINDRICAL_SURFACE('',#504,2.5);
#504 = AXIS2_PLACEMENT_3D('',#505,#506,#507);
#505 = CARTESIAN_POINT('',(-17.67766952966,-17.67766952966,-8.));
#506 = DIRECTION('',(-0.,-0.,-1.));
#507 = DIRECTION('',(1.,0.,0.));
#508 = DEFINITIONAL_REPRESENTATION('',(#509),#513);
#509 = LINE('',#510,#511);
#510 = CARTESIAN_POINT('',(-0.,-8.));
#511 = VECTOR('',#512,1.);
#512 = DIRECTION('',(-1.,0.));
#513 = ( GEOMETRIC_REPRESENTATION_CONTEXT(2) 
PARAMETRIC_REPRESENTATION_CONTEXT() REPRESENTATION_CONTEXT('2D SPACE',''
  ) );
#514 = FACE_BOUND('',#515,.T.);
#515 = EDGE_LOOP('',(#516));
#516 = ORIENTED_EDGE('',*,*,#517,.F.);
#517 = EDGE_CURVE('',#518,#518,#520,.T.);
#518 = VERTEX_POINT('',#519);
#519 = CARTESIAN_POINT('',(20.177669529664,-17.67766952966,0.));
#520 = SURFACE_CURVE('',#521,(#526,#533),.PCURVE_S1.);
#521 = CIRCLE('',#522,2.5);
#522 = AXIS2_PLACEMENT_3D('',#523,#524,#525);
#523 = CARTESIAN_POINT('',(17.677669529664,-17.67766952966,0.));
#524 = DIRECTION('',(0.,0.,1.));
#525 = DIRECTION('',(1.,0.,0.));
#526 = PCURVE('',#462,#527);
#527 = DEFINITIONAL_REPRESENTATION('',(#528),#532);
#528 = CIRCLE('',#529,2.5);
#529 = AXIS2_PLACEMENT_2D('',#530,#531);
#530 = CARTESIAN_POINT('',(17.677669529664,-17.67766952966));
#531 = DIRECTION('',(1.,0.));
#532 = ( GEOMETRIC_REPRESENTATION_CONTEXT(2) 
PARAMETRIC_REPRESENTATION_CONTEXT() REPRESENTATION_CONTEXT('2D SPACE',''
  ) );
#533 = PCURVE('',#534,#539);
#534 = CYLINDRICAL_SURFACE('',#535,2.5);
#535 = AXIS2_PLACEMENT_3D('',#536,#537,#538);
#536 = CARTESIAN_POINT('',(17.677669529664,-17.67766952966,-8.));
#537 = DIRECTION('',(-0.,-0.,-1.));
#538 = DIRECTION('',(1.,0.,0.));
#539 = DEFINITIONAL_REPRESENTATION('',(#540),#544);
#540 = LINE('',#541,#542);
#541 = CARTESIAN_POINT('',(-0.,-8.));
#542 = VECTOR('',#543,1.);
#543 = DIRECTION('',(-1.,0.));
#544 = ( GEOMETRIC_REPRESENTATION_CONTEXT(2) 
PARAMETRIC_REPRESENTATION_CONTEXT() REPRESENTATION_CONTEXT('2D SPACE',''
  ) );
#545 = FACE_BOUND('',#546,.T.);
#546 = EDGE_LOOP('',(#547));
#547 = ORIENTED_EDGE('',*,*,#548,.F.);
#548 = EDGE_CURVE('',#549,#549,#551,.T.);
#549 = VERTEX_POINT('',#550);
#550 = CARTESIAN_POINT('',(15.75,0.,0.));
#551 = SURFACE_CURVE('',#552,(#557,#564),.PCURVE_S1.);
#552 = CIRCLE('',#553,15.75);
#553 = AXIS2_PLACEMENT_3D('',#554,#555,#556);
#554 = CARTESIAN_POINT('',(0.,0.,0.));
#555 = DIRECTION('',(0.,0.,1.));
#556 = DIRECTION('',(1.,0.,0.));
#557 = PCURVE('',#462,#558);
#558 = DEFINITIONAL_REPRESENTATION('',(#559),#563);
#559 = CIRCLE('',#560,15.75);
#560 = AXIS2_PLACEMENT_2D('',#561,#562);
#561 = CARTESIAN_POINT('',(2.083718297203E-15,-1.492411923833E-15));
#562 = DIRECTION('',(1.,0.));
#563 = ( GEOMETRIC_REPRESENTATION_CONTEXT(2) 
PARAMETRIC_REPRESENTATION_CONTEXT() REPRESENTATION_CONTEXT('2D SPACE',''
  ) );
#564 = PCURVE('',#565,#570);
#565 = CYLINDRICAL_SURFACE('',#566,15.75);
#566 = AXIS2_PLACEMENT_3D('',#567,#568,#569);
#567 = CARTESIAN_POINT('',(0.,0.,-6.5));
#568 = DIRECTION('',(-0.,-0.,-1.));
#569 = DIRECTION('',(1.,0.,0.));
#570 = DEFINITIONAL_REPRESENTATION('',(#571),#575);
#571 = LINE('',#572,#573);
#572 = CARTESIAN_POINT('',(-0.,-6.5));
#573 = VECTOR('',#574,1.);
#574 = DIRECTION('',(-1.,0.));
#575 = ( GEOMETRIC_REPRESENTATION_CONTEXT(2) 
PARAMETRIC_REPRESENTATION_CONTEXT() REPRESENTATION_CONTEXT('2D SPACE',''
  ) );
#576 = FACE_BOUND('',#577,.T.);
#577 = EDGE_LOOP('',(#578));
#578 = ORIENTED_EDGE('',*,*,#579,.F.);
#579 = EDGE_CURVE('',#580,#580,#582,.T.);
#580 = VERTEX_POINT('',#581);
#581 = CARTESIAN_POINT('',(-15.17766952966,17.677669529664,0.));
#582 = SURFACE_CURVE('',#583,(#588,#595),.PCURVE_S1.);
#583 = CIRCLE('',#584,2.5);
#584 = AXIS2_PLACEMENT_3D('',#585,#586,#587);
#585 = CARTESIAN_POINT('',(-17.67766952966,17.677669529664,0.));
#586 = DIRECTION('',(0.,0.,1.));
#587 = DIRECTION('',(1.,0.,0.));
#588 = PCURVE('',#462,#589);
#589 = DEFINITIONAL_REPRESENTATION('',(#590),#594);
#590 = CIRCLE('',#591,2.5);
#591 = AXIS2_PLACEMENT_2D('',#592,#593);
#592 = CARTESIAN_POINT('',(-17.67766952966,17.677669529664));
#593 = DIRECTION('',(1.,0.));
#594 = ( GEOMETRIC_REPRESENTATION_CONTEXT(2) 
PARAMETRIC_REPRESENTATION_CONTEXT() REPRESENTATION_CONTEXT('2D SPACE',''
  ) );
#595 = PCURVE('',#596,#601);
#596 = CYLINDRICAL_SURFACE('',#597,2.5);
#597 = AXIS2_PLACEMENT_3D('',#598,#599,#600);
#598 = CARTESIAN_POINT('',(-17.67766952966,17.677669529664,-8.));
#599 = DIRECTION('',(-0.,-0.,-1.));
#600 = DIRECTION('',(1.,0.,0.));
#601 = DEFINITIONAL_REPRESENTATION('',(#602),#606);
#602 = LINE('',#603,#604);
#603 = CARTESIAN_POINT('',(-0.,-8.));
#604 = VECTOR('',#605,1.);
#605 = DIRECTION('',(-1.,0.));
#606 = ( GEOMETRIC_REPRESENTATION_CONTEXT(2) 
PARAMETRIC_REPRESENTATION_CONTEXT() REPRESENTATION_CONTEXT('2D SPACE',''
  ) );
#607 = FACE_BOUND('',#608,.T.);
#608 = EDGE_LOOP('',(#609));
#609 = ORIENTED_EDGE('',*,*,#610,.F.);
#610 = EDGE_CURVE('',#611,#611,#613,.T.);
#611 = VERTEX_POINT('',#612);
#612 = CARTESIAN_POINT('',(3.,25.,0.));
#613 = SURFACE_CURVE('',#614,(#619,#626),.PCURVE_S1.);
#614 = CIRCLE('',#615,3.);
#615 = AXIS2_PLACEMENT_3D('',#616,#617,#618);
#616 = CARTESIAN_POINT('',(1.530808498934E-15,25.,0.));
#617 = DIRECTION('',(0.,0.,1.));
#618 = DIRECTION('',(1.,0.,0.));
#619 = PCURVE('',#462,#620);
#620 = DEFINITIONAL_REPRESENTATION('',(#621),#625);
#621 = CIRCLE('',#622,3.);
#622 = AXIS2_PLACEMENT_2D('',#623,#624);
#623 = CARTESIAN_POINT('',(3.614526796137E-15,25.));
#624 = DIRECTION('',(1.,0.));
#625 = ( GEOMETRIC_REPRESENTATION_CONTEXT(2) 
PARAMETRIC_REPRESENTATION_CONTEXT() REPRESENTATION_CONTEXT('2D SPACE',''
  ) );
#626 = PCURVE('',#627,#632);
#627 = CYLINDRICAL_SURFACE('',#628,3.);
#628 = AXIS2_PLACEMENT_3D('',#629,#630,#631);
#629 = CARTESIAN_POINT('',(1.530808498934E-15,25.,-6.2));
#630 = DIRECTION('',(-0.,-0.,-1.));
#631 = DIRECTION('',(1.,0.,0.));
#632 = DEFINITIONAL_REPRESENTATION('',(#633),#637);
#633 = LINE('',#634,#635);
#634 = CARTESIAN_POINT('',(-0.,-6.2));
#635 = VECTOR('',#636,1.);
#636 = DIRECTION('',(-1.,0.));
#637 = ( GEOMETRIC_REPRESENTATION_CONTEXT(2) 
PARAMETRIC_REPRESENTATION_CONTEXT() REPRESENTATION_CONTEXT('2D SPACE',''
  ) );
#638 = FACE_BOUND('',#639,.T.);
#639 = EDGE_LOOP('',(#640));
#640 = ORIENTED_EDGE('',*,*,#641,.F.);
#641 = EDGE_CURVE('',#642,#642,#644,.T.);
#642 = VERTEX_POINT('',#643);
#643 = CARTESIAN_POINT('',(20.177669529664,17.677669529664,0.));
#644 = SURFACE_CURVE('',#645,(#650,#657),.PCURVE_S1.);
#645 = CIRCLE('',#646,2.5);
#646 = AXIS2_PLACEMENT_3D('',#647,#648,#649);
#647 = CARTESIAN_POINT('',(17.677669529664,17.677669529664,0.));
#648 = DIRECTION('',(0.,0.,1.));
#649 = DIRECTION('',(1.,0.,0.));
#650 = PCURVE('',#462,#651);
#651 = DEFINITIONAL_REPRESENTATION('',(#652),#656);
#652 = CIRCLE('',#653,2.5);
#653 = AXIS2_PLACEMENT_2D('',#654,#655);
#654 = CARTESIAN_POINT('',(17.677669529664,17.677669529664));
#655 = DIRECTION('',(1.,0.));
#656 = ( GEOMETRIC_REPRESENTATION_CONTEXT(2) 
PARAMETRIC_REPRESENTATION_CONTEXT() REPRESENTATION_CONTEXT('2D SPACE',''
  ) );
#657 = PCURVE('',#658,#663);
#658 = CYLINDRICAL_SURFACE('',#659,2.5);
#659 = AXIS2_PLACEMENT_3D('',#660,#661,#662);
#660 = CARTESIAN_POINT('',(17.677669529664,17.677669529664,-8.));
#661 = DIRECTION('',(-0.,-0.,-1.));
#662 = DIRECTION('',(1.,0.,0.));
#663 = DEFINITIONAL_REPRESENTATION('',(#664),#668);
#664 = LINE('',#665,#666);
#665 = CARTESIAN_POINT('',(-0.,-8.));
#666 = VECTOR('',#667,1.);
#667 = DIRECTION('',(-1.,0.));
#668 = ( GEOMETRIC_REPRESENTATION_CONTEXT(2) 
PARAMETRIC_REPRESENTATION_CONTEXT() REPRESENTATION_CONTEXT('2D SPACE',''
  ) );
#669 = ADVANCED_FACE('',(#670),#503,.F.);
#670 = FACE_BOUND('',#671,.T.);
#671 = EDGE_LOOP('',(#672,#695,#696,#697));
#672 = ORIENTED_EDGE('',*,*,#673,.T.);
#673 = EDGE_CURVE('',#674,#487,#676,.T.);
#674 = VERTEX_POINT('',#675);
#675 = CARTESIAN_POINT('',(-15.17766952966,-17.67766952966,-8.));
#676 = SEAM_CURVE('',#677,(#681,#688),.PCURVE_S1.);
#677 = LINE('',#678,#679);
#678 = CARTESIAN_POINT('',(-15.17766952966,-17.67766952966,-8.));
#679 = VECTOR('',#680,1.);
#680 = DIRECTION('',(0.,0.,1.));
#681 = PCURVE('',#503,#682);
#682 = DEFINITIONAL_REPRESENTATION('',(#683),#687);
#683 = LINE('',#684,#685);
#684 = CARTESIAN_POINT('',(-0.,0.));
#685 = VECTOR('',#686,1.);
#686 = DIRECTION('',(-0.,-1.));
#687 = ( GEOMETRIC_REPRESENTATION_CONTEXT(2) 
PARAMETRIC_REPRESENTATION_CONTEXT() REPRESENTATION_CONTEXT('2D SPACE',''
  ) );
#688 = PCURVE('',#503,#689);
#689 = DEFINITIONAL_REPRESENTATION('',(#690),#694);
#690 = LINE('',#691,#692);
#691 = CARTESIAN_POINT('',(-6.28318530718,0.));
#692 = VECTOR('',#693,1.);
#693 = DIRECTION('',(-0.,-1.));
#694 = ( GEOMETRIC_REPRESENTATION_CONTEXT(2) 
PARAMETRIC_REPRESENTATION_CONTEXT() REPRESENTATION_CONTEXT('2D SPACE',''
  ) );
#695 = ORIENTED_EDGE('',*,*,#486,.T.);
#696 = ORIENTED_EDGE('',*,*,#673,.F.);
#697 = ORIENTED_EDGE('',*,*,#698,.F.);
#698 = EDGE_CURVE('',#674,#674,#699,.T.);
#699 = SURFACE_CURVE('',#700,(#705,#712),.PCURVE_S1.);
#700 = CIRCLE('',#701,2.5);
#701 = AXIS2_PLACEMENT_3D('',#702,#703,#704);
#702 = CARTESIAN_POINT('',(-17.67766952966,-17.67766952966,-8.));
#703 = DIRECTION('',(0.,0.,1.));
#704 = DIRECTION('',(1.,0.,0.));
#705 = PCURVE('',#503,#706);
#706 = DEFINITIONAL_REPRESENTATION('',(#707),#711);
#707 = LINE('',#708,#709);
#708 = CARTESIAN_POINT('',(-0.,0.));
#709 = VECTOR('',#710,1.);
#710 = DIRECTION('',(-1.,0.));
#711 = ( GEOMETRIC_REPRESENTATION_CONTEXT(2) 
PARAMETRIC_REPRESENTATION_CONTEXT() REPRESENTATION_CONTEXT('2D SPACE',''
  ) );
#712 = PCURVE('',#713,#718);
#713 = PLANE('',#714);
#714 = AXIS2_PLACEMENT_3D('',#715,#716,#717);
#715 = CARTESIAN_POINT('',(-17.67766952966,-17.67766952966,-8.));
#716 = DIRECTION('',(0.,0.,1.));
#717 = DIRECTION('',(1.,0.,-0.));
#718 = DEFINITIONAL_REPRESENTATION('',(#719),#723);
#719 = CIRCLE('',#720,2.5);
#720 = AXIS2_PLACEMENT_2D('',#721,#722);
#721 = CARTESIAN_POINT('',(-3.552713678801E-15,0.));
#722 = DIRECTION('',(1.,0.));
#723 = ( GEOMETRIC_REPRESENTATION_CONTEXT(2) 
PARAMETRIC_REPRESENTATION_CONTEXT() REPRESENTATION_CONTEXT('2D SPACE',''
  ) );
#724 = ADVANCED_FACE('',(#725),#534,.F.);
#725 = FACE_BOUND('',#726,.T.);
#726 = EDGE_LOOP('',(#727,#750,#751,#752));
#727 = ORIENTED_EDGE('',*,*,#728,.T.);
#728 = EDGE_CURVE('',#729,#518,#731,.T.);
#729 = VERTEX_POINT('',#730);
#730 = CARTESIAN_POINT('',(20.177669529664,-17.67766952966,-8.));
#731 = SEAM_CURVE('',#732,(#736,#743),.PCURVE_S1.);
#732 = LINE('',#733,#734);
#733 = CARTESIAN_POINT('',(20.177669529664,-17.67766952966,-8.));
#734 = VECTOR('',#735,1.);
#735 = DIRECTION('',(0.,0.,1.));
#736 = PCURVE('',#534,#737);
#737 = DEFINITIONAL_REPRESENTATION('',(#738),#742);
#738 = LINE('',#739,#740);
#739 = CARTESIAN_POINT('',(-0.,0.));
#740 = VECTOR('',#741,1.);
#741 = DIRECTION('',(-0.,-1.));
#742 = ( GEOMETRIC_REPRESENTATION_CONTEXT(2) 
PARAMETRIC_REPRESENTATION_CONTEXT() REPRESENTATION_CONTEXT('2D SPACE',''
  ) );
#743 = PCURVE('',#534,#744);
#744 = DEFINITIONAL_REPRESENTATION('',(#745),#749);
#745 = LINE('',#746,#747);
#746 = CARTESIAN_POINT('',(-6.28318530718,0.));
#747 = VECTOR('',#748,1.);
#748 = DIRECTION('',(-0.,-1.));
#749 = ( GEOMETRIC_REPRESENTATION_CONTEXT(2) 
PARAMETRIC_REPRESENTATION_CONTEXT() REPRESENTATION_CONTEXT('2D SPACE',''
  ) );
#750 = ORIENTED_EDGE('',*,*,#517,.T.);
#751 = ORIENTED_EDGE('',*,*,#728,.F.);
#752 = ORIENTED_EDGE('',*,*,#753,.F.);
#753 = EDGE_CURVE('',#729,#729,#754,.T.);
#754 = SURFACE_CURVE('',#755,(#760,#767),.PCURVE_S1.);
#755 = CIRCLE('',#756,2.5);
#756 = AXIS2_PLACEMENT_3D('',#757,#758,#759);
#757 = CARTESIAN_POINT('',(17.677669529664,-17.67766952966,-8.));
#758 = DIRECTION('',(0.,0.,1.));
#759 = DIRECTION('',(1.,0.,0.));
#760 = PCURVE('',#534,#761);
#761 = DEFINITIONAL_REPRESENTATION('',(#762),#766);
#762 = LINE('',#763,#764);
#763 = CARTESIAN_POINT('',(-0.,0.));
#764 = VECTOR('',#765,1.);
#765 = DIRECTION('',(-1.,0.));
#766 = ( GEOMETRIC_REPRESENTATION_CONTEXT(2) 
PARAMETRIC_REPRESENTATION_CONTEXT() REPRESENTATION_CONTEXT('2D SPACE',''
  ) );
#767 = PCURVE('',#768,#773);
#768 = PLANE('',#769);
#769 = AXIS2_PLACEMENT_3D('',#770,#771,#772);
#770 = CARTESIAN_POINT('',(17.677669529664,-17.67766952966,-8.));
#771 = DIRECTION('',(0.,0.,1.));
#772 = DIRECTION('',(1.,0.,-0.));
#773 = DEFINITIONAL_REPRESENTATION('',(#774),#778);
#774 = CIRCLE('',#775,2.5);
#775 = AXIS2_PLACEMENT_2D('',#776,#777);
#776 = CARTESIAN_POINT('',(0.,-3.552713678801E-15));
#777 = DIRECTION('',(1.,0.));
#778 = ( GEOMETRIC_REPRESENTATION_CONTEXT(2) 
PARAMETRIC_REPRESENTATION_CONTEXT() REPRESENTATION_CONTEXT('2D SPACE',''
  ) );
#779 = ADVANCED_FACE('',(#780),#565,.F.);
#780 = FACE_BOUND('',#781,.T.);
#781 = EDGE_LOOP('',(#782,#805,#806,#807));
#782 = ORIENTED_EDGE('',*,*,#783,.T.);
#783 = EDGE_CURVE('',#784,#549,#786,.T.);
#784 = VERTEX_POINT('',#785);
#785 = CARTESIAN_POINT('',(15.75,0.,-6.5));
#786 = SEAM_CURVE('',#787,(#791,#798),.PCURVE_S1.);
#787 = LINE('',#788,#789);
#788 = CARTESIAN_POINT('',(15.75,0.,-6.5));
#789 = VECTOR('',#790,1.);
#790 = DIRECTION('',(0.,0.,1.));
#791 = PCURVE('',#565,#792);
#792 = DEFINITIONAL_REPRESENTATION('',(#793),#797);
#793 = LINE('',#794,#795);
#794 = CARTESIAN_POINT('',(-0.,0.));
#795 = VECTOR('',#796,1.);
#796 = DIRECTION('',(-0.,-1.));
#797 = ( GEOMETRIC_REPRESENTATION_CONTEXT(2) 
PARAMETRIC_REPRESENTATION_CONTEXT() REPRESENTATION_CONTEXT('2D SPACE',''
  ) );
#798 = PCURVE('',#565,#799);
#799 = DEFINITIONAL_REPRESENTATION('',(#800),#804);
#800 = LINE('',#801,#802);
#801 = CARTESIAN_POINT('',(-6.28318530718,0.));
#802 = VECTOR('',#803,1.);
#803 = DIRECTION('',(-0.,-1.));
#804 = ( GEOMETRIC_REPRESENTATION_CONTEXT(2) 
PARAMETRIC_REPRESENTATION_CONTEXT() REPRESENTATION_CONTEXT('2D SPACE',''
  ) );
#805 = ORIENTED_EDGE('',*,*,#548,.T.);
#806 = ORIENTED_EDGE('',*,*,#783,.F.);
#807 = ORIENTED_EDGE('',*,*,#808,.F.);
#808 = EDGE_CURVE('',#784,#784,#809,.T.);
#809 = SURFACE_CURVE('',#810,(#815,#822),.PCURVE_S1.);
#810 = CIRCLE('',#811,15.75);
#811 = AXIS2_PLACEMENT_3D('',#812,#813,#814);
#812 = CARTESIAN_POINT('',(0.,0.,-6.5));
#813 = DIRECTION('',(0.,0.,1.));
#814 = DIRECTION('',(1.,0.,0.));
#815 = PCURVE('',#565,#816);
#816 = DEFINITIONAL_REPRESENTATION('',(#817),#821);
#817 = LINE('',#818,#819);
#818 = CARTESIAN_POINT('',(-0.,0.));
#819 = VECTOR('',#820,1.);
#820 = DIRECTION('',(-1.,0.));
#821 = ( GEOMETRIC_REPRESENTATION_CONTEXT(2) 
PARAMETRIC_REPRESENTATION_CONTEXT() REPRESENTATION_CONTEXT('2D SPACE',''
  ) );
#822 = PCURVE('',#823,#828);
#823 = PLANE('',#824);
#824 = AXIS2_PLACEMENT_3D('',#825,#826,#827);
#825 = CARTESIAN_POINT('',(-1.041859148601E-15,7.462059619163E-16,-6.5)
  );
#826 = DIRECTION('',(0.,0.,1.));
#827 = DIRECTION('',(1.,0.,-0.));
#828 = DEFINITIONAL_REPRESENTATION('',(#829),#833);
#829 = CIRCLE('',#830,15.75);
#830 = AXIS2_PLACEMENT_2D('',#831,#832);
#831 = CARTESIAN_POINT('',(1.041859148601E-15,-7.462059619163E-16));
#832 = DIRECTION('',(1.,0.));
#833 = ( GEOMETRIC_REPRESENTATION_CONTEXT(2) 
PARAMETRIC_REPRESENTATION_CONTEXT() REPRESENTATION_CONTEXT('2D SPACE',''
  ) );
#834 = ADVANCED_FACE('',(#835),#596,.F.);
#835 = FACE_BOUND('',#836,.T.);
#836 = EDGE_LOOP('',(#837,#860,#861,#862));
#837 = ORIENTED_EDGE('',*,*,#838,.T.);
#838 = EDGE_CURVE('',#839,#580,#841,.T.);
#839 = VERTEX_POINT('',#840);
#840 = CARTESIAN_POINT('',(-15.17766952966,17.677669529664,-8.));
#841 = SEAM_CURVE('',#842,(#846,#853),.PCURVE_S1.);
#842 = LINE('',#843,#844);
#843 = CARTESIAN_POINT('',(-15.17766952966,17.677669529664,-8.));
#844 = VECTOR('',#845,1.);
#845 = DIRECTION('',(0.,0.,1.));
#846 = PCURVE('',#596,#847);
#847 = DEFINITIONAL_REPRESENTATION('',(#848),#852);
#848 = LINE('',#849,#850);
#849 = CARTESIAN_POINT('',(-0.,0.));
#850 = VECTOR('',#851,1.);
#851 = DIRECTION('',(-0.,-1.));
#852 = ( GEOMETRIC_REPRESENTATION_CONTEXT(2) 
PARAMETRIC_REPRESENTATION_CONTEXT() REPRESENTATION_CONTEXT('2D SPACE',''
  ) );
#853 = PCURVE('',#596,#854);
#854 = DEFINITIONAL_REPRESENTATION('',(#855),#859);
#855 = LINE('',#856,#857);
#856 = CARTESIAN_POINT('',(-6.28318530718,0.));
#857 = VECTOR('',#858,1.);
#858 = DIRECTION('',(-0.,-1.));
#859 = ( GEOMETRIC_REPRESENTATION_CONTEXT(2) 
PARAMETRIC_REPRESENTATION_CONTEXT() REPRESENTATION_CONTEXT('2D SPACE',''
  ) );
#860 = ORIENTED_EDGE('',*,*,#579,.T.);
#861 = ORIENTED_EDGE('',*,*,#838,.F.);
#862 = ORIENTED_EDGE('',*,*,#863,.F.);
#863 = EDGE_CURVE('',#839,#839,#864,.T.);
#864 = SURFACE_CURVE('',#865,(#870,#877),.PCURVE_S1.);
#865 = CIRCLE('',#866,2.5);
#866 = AXIS2_PLACEMENT_3D('',#867,#868,#869);
#867 = CARTESIAN_POINT('',(-17.67766952966,17.677669529664,-8.));
#868 = DIRECTION('',(0.,0.,1.));
#869 = DIRECTION('',(1.,0.,0.));
#870 = PCURVE('',#596,#871);
#871 = DEFINITIONAL_REPRESENTATION('',(#872),#876);
#872 = LINE('',#873,#874);
#873 = CARTESIAN_POINT('',(-0.,0.));
#874 = VECTOR('',#875,1.);
#875 = DIRECTION('',(-1.,0.));
#876 = ( GEOMETRIC_REPRESENTATION_CONTEXT(2) 
PARAMETRIC_REPRESENTATION_CONTEXT() REPRESENTATION_CONTEXT('2D SPACE',''
  ) );
#877 = PCURVE('',#878,#883);
#878 = PLANE('',#879);
#879 = AXIS2_PLACEMENT_3D('',#880,#881,#882);
#880 = CARTESIAN_POINT('',(-17.67766952966,17.677669529664,-8.));
#881 = DIRECTION('',(0.,0.,1.));
#882 = DIRECTION('',(1.,0.,-0.));
#883 = DEFINITIONAL_REPRESENTATION('',(#884),#888);
#884 = CIRCLE('',#885,2.5);
#885 = AXIS2_PLACEMENT_2D('',#886,#887);
#886 = CARTESIAN_POINT('',(0.,0.));
#887 = DIRECTION('',(1.,0.));
#888 = ( GEOMETRIC_REPRESENTATION_CONTEXT(2) 
PARAMETRIC_REPRESENTATION_CONTEXT() REPRESENTATION_CONTEXT('2D SPACE',''
  ) );
#889 = ADVANCED_FACE('',(#890),#627,.F.);
#890 = FACE_BOUND('',#891,.T.);
#891 = EDGE_LOOP('',(#892,#915,#916,#917));
#892 = ORIENTED_EDGE('',*,*,#893,.T.);
#893 = EDGE_CURVE('',#894,#611,#896,.T.);
#894 = VERTEX_POINT('',#895);
#895 = CARTESIAN_POINT('',(3.,25.,-6.2));
#896 = SEAM_CURVE('',#897,(#901,#908),.PCURVE_S1.);
#897 = LINE('',#898,#899);
#898 = CARTESIAN_POINT('',(3.,25.,-6.2));
#899 = VECTOR('',#900,1.);
#900 = DIRECTION('',(0.,0.,1.));
#901 = PCURVE('',#627,#902);
#902 = DEFINITIONAL_REPRESENTATION('',(#903),#907);
#903 = LINE('',#904,#905);
#904 = CARTESIAN_POINT('',(-0.,0.));
#905 = VECTOR('',#906,1.);
#906 = DIRECTION('',(-0.,-1.));
#907 = ( GEOMETRIC_REPRESENTATION_CONTEXT(2) 
PARAMETRIC_REPRESENTATION_CONTEXT() REPRESENTATION_CONTEXT('2D SPACE',''
  ) );
#908 = PCURVE('',#627,#909);
#909 = DEFINITIONAL_REPRESENTATION('',(#910),#914);
#910 = LINE('',#911,#912);
#911 = CARTESIAN_POINT('',(-6.28318530718,0.));
#912 = VECTOR('',#913,1.);
#913 = DIRECTION('',(-0.,-1.));
#914 = ( GEOMETRIC_REPRESENTATION_CONTEXT(2) 
PARAMETRIC_REPRESENTATION_CONTEXT() REPRESENTATION_CONTEXT('2D SPACE',''
  ) );
#915 = ORIENTED_EDGE('',*,*,#610,.T.);
#916 = ORIENTED_EDGE('',*,*,#893,.F.);
#917 = ORIENTED_EDGE('',*,*,#918,.F.);
#918 = EDGE_CURVE('',#894,#894,#919,.T.);
#919 = SURFACE_CURVE('',#920,(#925,#932),.PCURVE_S1.);
#920 = CIRCLE('',#921,3.);
#921 = AXIS2_PLACEMENT_3D('',#922,#923,#924);
#922 = CARTESIAN_POINT('',(1.530808498934E-15,25.,-6.2));
#923 = DIRECTION('',(0.,0.,1.));
#924 = DIRECTION('',(1.,0.,0.));
#925 = PCURVE('',#627,#926);
#926 = DEFINITIONAL_REPRESENTATION('',(#927),#931);
#927 = LINE('',#928,#929);
#928 = CARTESIAN_POINT('',(-0.,0.));
#929 = VECTOR('',#930,1.);
#930 = DIRECTION('',(-1.,0.));
#931 = ( GEOMETRIC_REPRESENTATION_CONTEXT(2) 
PARAMETRIC_REPRESENTATION_CONTEXT() REPRESENTATION_CONTEXT('2D SPACE',''
  ) );
#932 = PCURVE('',#933,#938);
#933 = PLANE('',#934);
#934 = AXIS2_PLACEMENT_3D('',#935,#936,#937);
#935 = CARTESIAN_POINT('',(1.139533443783E-15,25.,-6.2));
#936 = DIRECTION('',(0.,0.,1.));
#937 = DIRECTION('',(1.,0.,-0.));
#938 = DEFINITIONAL_REPRESENTATION('',(#939),#943);
#939 = CIRCLE('',#940,3.);
#940 = AXIS2_PLACEMENT_2D('',#941,#942);
#941 = CARTESIAN_POINT('',(3.912750551513E-16,0.));
#942 = DIRECTION('',(1.,0.));
#943 = ( GEOMETRIC_REPRESENTATION_CONTEXT(2) 
PARAMETRIC_REPRESENTATION_CONTEXT() REPRESENTATION_CONTEXT('2D SPACE',''
  ) );
#944 = ADVANCED_FACE('',(#945),#658,.F.);
#945 = FACE_BOUND('',#946,.T.);
#946 = EDGE_LOOP('',(#947,#970,#971,#972));
#947 = ORIENTED_EDGE('',*,*,#948,.T.);
#948 = EDGE_CURVE('',#949,#642,#951,.T.);
#949 = VERTEX_POINT('',#950);
#950 = CARTESIAN_POINT('',(20.177669529664,17.677669529664,-8.));
#951 = SEAM_CURVE('',#952,(#956,#963),.PCURVE_S1.);
#952 = LINE('',#953,#954);
#953 = CARTESIAN_POINT('',(20.177669529664,17.677669529664,-8.));
#954 = VECTOR('',#955,1.);
#955 = DIRECTION('',(0.,0.,1.));
#956 = PCURVE('',#658,#957);
#957 = DEFINITIONAL_REPRESENTATION('',(#958),#962);
#958 = LINE('',#959,#960);
#959 = CARTESIAN_POINT('',(-0.,0.));
#960 = VECTOR('',#961,1.);
#961 = DIRECTION('',(-0.,-1.));
#962 = ( GEOMETRIC_REPRESENTATION_CONTEXT(2) 
PARAMETRIC_REPRESENTATION_CONTEXT() REPRESENTATION_CONTEXT('2D SPACE',''
  ) );
#963 = PCURVE('',#658,#964);
#964 = DEFINITIONAL_REPRESENTATION('',(#965),#969);
#965 = LINE('',#966,#967);
#966 = CARTESIAN_POINT('',(-6.28318530718,0.));
#967 = VECTOR('',#968,1.);
#968 = DIRECTION('',(-0.,-1.));
#969 = ( GEOMETRIC_REPRESENTATION_CONTEXT(2) 
PARAMETRIC_REPRESENTATION_CONTEXT() REPRESENTATION_CONTEXT('2D SPACE',''
  ) );
#970 = ORIENTED_EDGE('',*,*,#641,.T.);
#971 = ORIENTED_EDGE('',*,*,#948,.F.);
#972 = ORIENTED_EDGE('',*,*,#973,.F.);
#973 = EDGE_CURVE('',#949,#949,#974,.T.);
#974 = SURFACE_CURVE('',#975,(#980,#987),.PCURVE_S1.);
#975 = CIRCLE('',#976,2.5);
#976 = AXIS2_PLACEMENT_3D('',#977,#978,#979);
#977 = CARTESIAN_POINT('',(17.677669529664,17.677669529664,-8.));
#978 = DIRECTION('',(0.,0.,1.));
#979 = DIRECTION('',(1.,0.,0.));
#980 = PCURVE('',#658,#981);
#981 = DEFINITIONAL_REPRESENTATION('',(#982),#986);
#982 = LINE('',#983,#984);
#983 = CARTESIAN_POINT('',(-0.,0.));
#984 = VECTOR('',#985,1.);
#985 = DIRECTION('',(-1.,0.));
#986 = ( GEOMETRIC_REPRESENTATION_CONTEXT(2) 
PARAMETRIC_REPRESENTATION_CONTEXT() REPRESENTATION_CONTEXT('2D SPACE',''
  ) );
#987 = PCURVE('',#988,#993);
#988 = PLANE('',#989);
#989 = AXIS2_PLACEMENT_3D('',#990,#991,#992);
#990 = CARTESIAN_POINT('',(17.677669529664,17.677669529664,-8.));
#991 = DIRECTION('',(0.,0.,1.));
#992 = DIRECTION('',(1.,0.,-0.));
#993 = DEFINITIONAL_REPRESENTATION('',(#994),#998);
#994 = CIRCLE('',#995,2.5);
#995 = AXIS2_PLACEMENT_2D('',#996,#997);
#996 = CARTESIAN_POINT('',(0.,0.));
#997 = DIRECTION('',(1.,0.));
#998 = ( GEOMETRIC_REPRESENTATION_CONTEXT(2) 
PARAMETRIC_REPRESENTATION_CONTEXT() REPRESENTATION_CONTEXT('2D SPACE',''
  ) );
#999 = ADVANCED_FACE('',(#1000),#713,.T.);
#1000 = FACE_BOUND('',#1001,.T.);
#1001 = EDGE_LOOP('',(#1002));
#1002 = ORIENTED_EDGE('',*,*,#698,.T.);
#1003 = ADVANCED_FACE('',(#1004),#768,.T.);
#1004 = FACE_BOUND('',#1005,.T.);
#1005 = EDGE_LOOP('',(#1006));
#1006 = ORIENTED_EDGE('',*,*,#753,.T.);
#1007 = ADVANCED_FACE('',(#1008),#823,.T.);
#1008 = FACE_BOUND('',#1009,.T.);
#1009 = EDGE_LOOP('',(#1010));
#1010 = ORIENTED_EDGE('',*,*,#808,.T.);
#1011 = ADVANCED_FACE('',(#1012),#878,.T.);
#1012 = FACE_BOUND('',#1013,.T.);
#1013 = EDGE_LOOP('',(#1014));
#1014 = ORIENTED_EDGE('',*,*,#863,.T.);
#1015 = ADVANCED_FACE('',(#1016),#933,.T.);
#1016 = FACE_BOUND('',#1017,.T.);
#1017 = EDGE_LOOP('',(#1018));
#1018 = ORIENTED_EDGE('',*,*,#918,.T.);
#1019 = ADVANCED_FACE('',(#1020),#988,.T.);
#1020 = FACE_BOUND('',#1021,.T.);
#1021 = EDGE_LOOP('',(#1022));
#1022 = ORIENTED_EDGE('',*,*,#973,.T.);
#1023 = ( GEOMETRIC_REPRESENTATION_CONTEXT(3) 
GLOBAL_UNCERTAINTY_ASSIGNED_CONTEXT((#1027)) 
GLOBAL_UNIT_ASSIGNED_CONTEXT((#1024,#1025,#1026)) REPRESENTATION_CONTEXT
('Context #1','3D Context with UNIT and UNCERTAINTY') );
#1024 = ( LENGTH_UNIT() NAMED_UNIT(*) SI_UNIT(.MILLI.,.METRE.) );
#1025 = ( NAMED_UNIT(*) PLANE_ANGLE_UNIT() SI_UNIT($,.RADIAN.) );
#1026 = ( NAMED_UNIT(*) SI_UNIT($,.STERADIAN.) SOLID_ANGLE_UNIT() );
#1027 = UNCERTAINTY_MEASURE_WITH_UNIT(LENGTH_MEASURE(1.E-07),#1024,
  'distance_accuracy_value','confusion accuracy');
#1028 = CONTEXT_DEPENDENT_SHAPE_REPRESENTATION(#1029,#1031);
#1029 = ( REPRESENTATION_RELATIONSHIP('','',#64,#10) 
REPRESENTATION_RELATIONSHIP_WITH_TRANSFORMATION(#1030) 
SHAPE_REPRESENTATION_RELATIONSHIP() );
#1030 = ITEM_DEFINED_TRANSFORMATION('','',#11,#15);
#1031 = PRODUCT_DEFINITION_SHAPE('Placement','Placement of an item',
  #1032);
#1032 = NEXT_ASSEMBLY_USAGE_OCCURRENCE('1','ur_flange_eseries','',#5,#59
  ,$);
#1033 = PRODUCT_RELATED_PRODUCT_CATEGORY('part',$,(#61));
#1034 = SHAPE_DEFINITION_REPRESENTATION(#1035,#1041);
#1035 = PRODUCT_DEFINITION_SHAPE('','',#1036);
#1036 = PRODUCT_DEFINITION('design','',#1037,#1040);
#1037 = PRODUCT_DEFINITION_FORMATION('','',#1038);
#1038 = PRODUCT('bracket','bracket','',(#1039));
#1039 = PRODUCT_CONTEXT('',#2,'mechanical');
#1040 = PRODUCT_DEFINITION_CONTEXT('part definition',#2,'design');
#1041 = ADVANCED_BREP_SHAPE_REPRESENTATION('',(#11,#1042),#5613);
#1042 = MANIFOLD_SOLID_BREP('',#1043);
#1043 = CLOSED_SHELL('',(#1044,#1239,#1329,#1406,#1455,#1505,#1800,#2513
    ,#2712,#2739,#2766,#2821,#2848,#2895,#2922,#2949,#2956,#2983,#3139,
    #3239,#3288,#3315,#3365,#3393,#3420,#3498,#3547,#3647,#3719,#3746,
    #3753,#3808,#3863,#3917,#3951,#4006,#4059,#4066,#4115,#4444,#4471,
    #4510,#4537,#4564,#4571,#4650,#4680,#4757,#4811,#4865,#4920,#4975,
    #5029,#5083,#5116,#5143,#5203,#5275,#5324,#5373,#5423,#5473,#5522,
    #5571,#5599));
#1044 = ADVANCED_FACE('',(#1045),#1060,.T.);
#1045 = FACE_BOUND('',#1046,.F.);
#1046 = EDGE_LOOP('',(#1047,#1082,#1105,#1132,#1133,#1156,#1182,#1215));
#1047 = ORIENTED_EDGE('',*,*,#1048,.T.);
#1048 = EDGE_CURVE('',#1049,#1051,#1053,.T.);
#1049 = VERTEX_POINT('',#1050);
#1050 = CARTESIAN_POINT('',(-28.,14.430869689662,5.));
#1051 = VERTEX_POINT('',#1052);
#1052 = CARTESIAN_POINT('',(31.5,0.,5.));
#1053 = SURFACE_CURVE('',#1054,(#1059,#1071),.PCURVE_S1.);
#1054 = CIRCLE('',#1055,31.5);
#1055 = AXIS2_PLACEMENT_3D('',#1056,#1057,#1058);
#1056 = CARTESIAN_POINT('',(0.,0.,5.));
#1057 = DIRECTION('',(0.,0.,1.));
#1058 = DIRECTION('',(1.,0.,-0.));
#1059 = PCURVE('',#1060,#1065);
#1060 = CYLINDRICAL_SURFACE('',#1061,31.5);
#1061 = AXIS2_PLACEMENT_3D('',#1062,#1063,#1064);
#1062 = CARTESIAN_POINT('',(0.,0.,0.));
#1063 = DIRECTION('',(-0.,-0.,-1.));
#1064 = DIRECTION('',(1.,0.,0.));
#1065 = DEFINITIONAL_REPRESENTATION('',(#1066),#1070);
#1066 = LINE('',#1067,#1068);
#1067 = CARTESIAN_POINT('',(-0.,-5.));
#1068 = VECTOR('',#1069,1.);
#1069 = DIRECTION('',(-1.,0.));
#1070 = ( GEOMETRIC_REPRESENTATION_CONTEXT(2) 
PARAMETRIC_REPRESENTATION_CONTEXT() REPRESENTATION_CONTEXT('2D SPACE',''
  ) );
#1071 = PCURVE('',#1072,#1077);
#1072 = CONICAL_SURFACE('',#1073,31.5,0.785398163397);
#1073 = AXIS2_PLACEMENT_3D('',#1074,#1075,#1076);
#1074 = CARTESIAN_POINT('',(0.,0.,5.));
#1075 = DIRECTION('',(-0.,-0.,-1.));
#1076 = DIRECTION('',(1.,0.,0.));
#1077 = DEFINITIONAL_REPRESENTATION('',(#1078),#1081);
#1078 = B_SPLINE_CURVE_WITH_KNOTS('',1,(#1079,#1080),.UNSPECIFIED.,.F.,
  .F.,(2,2),(2.665710403929,6.28318530718),.PIECEWISE_BEZIER_KNOTS.);
#1079 = CARTESIAN_POINT('',(-2.665710403929,0.));
#1080 = CARTESIAN_POINT('',(-6.28318530718,0.));
#1081 = ( GEOMETRIC_REPRESENTATION_CONTEXT(2) 
PARAMETRIC_REPRESENTATION_CONTEXT() REPRESENTATION_CONTEXT('2D SPACE',''
  ) );
#1082 = ORIENTED_EDGE('',*,*,#1083,.F.);
#1083 = EDGE_CURVE('',#1084,#1051,#1086,.T.);
#1084 = VERTEX_POINT('',#1085);
#1085 = CARTESIAN_POINT('',(31.5,0.,0.));
#1086 = SEAM_CURVE('',#1087,(#1091,#1098),.PCURVE_S1.);
#1087 = LINE('',#1088,#1089);
#1088 = CARTESIAN_POINT('',(31.5,0.,0.));
#1089 = VECTOR('',#1090,1.);
#1090 = DIRECTION('',(0.,0.,1.));
#1091 = PCURVE('',#1060,#1092);
#1092 = DEFINITIONAL_REPRESENTATION('',(#1093),#1097);
#1093 = LINE('',#1094,#1095);
#1094 = CARTESIAN_POINT('',(-0.,0.));
#1095 = VECTOR('',#1096,1.);
#1096 = DIRECTION('',(-0.,-1.));
#1097 = ( GEOMETRIC_REPRESENTATION_CONTEXT(2) 
PARAMETRIC_REPRESENTATION_CONTEXT() REPRESENTATION_CONTEXT('2D SPACE',''
  ) );
#1098 = PCURVE('',#1060,#1099);
#1099 = DEFINITIONAL_REPRESENTATION('',(#1100),#1104);
#1100 = LINE('',#1101,#1102);
#1101 = CARTESIAN_POINT('',(-6.28318530718,0.));
#1102 = VECTOR('',#1103,1.);
#1103 = DIRECTION('',(-0.,-1.));
#1104 = ( GEOMETRIC_REPRESENTATION_CONTEXT(2) 
PARAMETRIC_REPRESENTATION_CONTEXT() REPRESENTATION_CONTEXT('2D SPACE',''
  ) );
#1105 = ORIENTED_EDGE('',*,*,#1106,.F.);
#1106 = EDGE_CURVE('',#1084,#1084,#1107,.T.);
#1107 = SURFACE_CURVE('',#1108,(#1113,#1120),.PCURVE_S1.);
#1108 = CIRCLE('',#1109,31.5);
#1109 = AXIS2_PLACEMENT_3D('',#1110,#1111,#1112);
#1110 = CARTESIAN_POINT('',(0.,0.,0.));
#1111 = DIRECTION('',(0.,0.,1.));
#1112 = DIRECTION('',(1.,0.,0.));
#1113 = PCURVE('',#1060,#1114);
#1114 = DEFINITIONAL_REPRESENTATION('',(#1115),#1119);
#1115 = LINE('',#1116,#1117);
#1116 = CARTESIAN_POINT('',(-0.,0.));
#1117 = VECTOR('',#1118,1.);
#1118 = DIRECTION('',(-1.,0.));
#1119 = ( GEOMETRIC_REPRESENTATION_CONTEXT(2) 
PARAMETRIC_REPRESENTATION_CONTEXT() REPRESENTATION_CONTEXT('2D SPACE',''
  ) );
#1120 = PCURVE('',#1121,#1126);
#1121 = PLANE('',#1122);
#1122 = AXIS2_PLACEMENT_3D('',#1123,#1124,#1125);
#1123 = CARTESIAN_POINT('',(-2.083718297203E-15,1.492411923833E-15,0.));
#1124 = DIRECTION('',(0.,0.,1.));
#1125 = DIRECTION('',(1.,0.,-0.));
#1126 = DEFINITIONAL_REPRESENTATION('',(#1127),#1131);
#1127 = CIRCLE('',#1128,31.5);
#1128 = AXIS2_PLACEMENT_2D('',#1129,#1130);
#1129 = CARTESIAN_POINT('',(2.083718297203E-15,-1.492411923833E-15));
#1130 = DIRECTION('',(1.,0.));
#1131 = ( GEOMETRIC_REPRESENTATION_CONTEXT(2) 
PARAMETRIC_REPRESENTATION_CONTEXT() REPRESENTATION_CONTEXT('2D SPACE',''
  ) );
#1132 = ORIENTED_EDGE('',*,*,#1083,.T.);
#1133 = ORIENTED_EDGE('',*,*,#1134,.T.);
#1134 = EDGE_CURVE('',#1051,#1135,#1137,.T.);
#1135 = VERTEX_POINT('',#1136);
#1136 = CARTESIAN_POINT('',(28.,14.430869689662,5.));
#1137 = SURFACE_CURVE('',#1138,(#1143,#1150),.PCURVE_S1.);
#1138 = CIRCLE('',#1139,31.5);
#1139 = AXIS2_PLACEMENT_3D('',#1140,#1141,#1142);
#1140 = CARTESIAN_POINT('',(0.,0.,5.));
#1141 = DIRECTION('',(0.,0.,1.));
#1142 = DIRECTION('',(1.,0.,-0.));
#1143 = PCURVE('',#1060,#1144);
#1144 = DEFINITIONAL_REPRESENTATION('',(#1145),#1149);
#1145 = LINE('',#1146,#1147);
#1146 = CARTESIAN_POINT('',(-0.,-5.));
#1147 = VECTOR('',#1148,1.);
#1148 = DIRECTION('',(-1.,0.));
#1149 = ( GEOMETRIC_REPRESENTATION_CONTEXT(2) 
PARAMETRIC_REPRESENTATION_CONTEXT() REPRESENTATION_CONTEXT('2D SPACE',''
  ) );
#1150 = PCURVE('',#1072,#1151);
#1151 = DEFINITIONAL_REPRESENTATION('',(#1152),#1155);
#1152 = B_SPLINE_CURVE_WITH_KNOTS('',1,(#1153,#1154),.UNSPECIFIED.,.F.,
  .F.,(2,2),(0.,0.47588224966),.PIECEWISE_BEZIER_KNOTS.);
#1153 = CARTESIAN_POINT('',(-6.28318530718,0.));
#1154 = CARTESIAN_POINT('',(-6.75906755684,0.));
#1155 = ( GEOMETRIC_REPRESENTATION_CONTEXT(2) 
PARAMETRIC_REPRESENTATION_CONTEXT() REPRESENTATION_CONTEXT('2D SPACE',''
  ) );
#1156 = ORIENTED_EDGE('',*,*,#1157,.T.);
#1157 = EDGE_CURVE('',#1135,#1158,#1160,.T.);
#1158 = VERTEX_POINT('',#1159);
#1159 = CARTESIAN_POINT('',(28.,14.430869689662,3.));
#1160 = SURFACE_CURVE('',#1161,(#1165,#1171),.PCURVE_S1.);
#1161 = LINE('',#1162,#1163);
#1162 = CARTESIAN_POINT('',(28.,14.430869689662,0.));
#1163 = VECTOR('',#1164,1.);
#1164 = DIRECTION('',(-0.,-0.,-1.));
#1165 = PCURVE('',#1060,#1166);
#1166 = DEFINITIONAL_REPRESENTATION('',(#1167),#1170);
#1167 = B_SPLINE_CURVE_WITH_KNOTS('',1,(#1168,#1169),.UNSPECIFIED.,.F.,
  .F.,(2,2),(-5.0000006,-2.7),.PIECEWISE_BEZIER_KNOTS.);
#1168 = CARTESIAN_POINT('',(-0.47588224966,-5.0000006));
#1169 = CARTESIAN_POINT('',(-0.47588224966,-2.7));
#1170 = ( GEOMETRIC_REPRESENTATION_CONTEXT(2) 
PARAMETRIC_REPRESENTATION_CONTEXT() REPRESENTATION_CONTEXT('2D SPACE',''
  ) );
#1171 = PCURVE('',#1172,#1177);
#1172 = PLANE('',#1173);
#1173 = AXIS2_PLACEMENT_3D('',#1174,#1175,#1176);
#1174 = CARTESIAN_POINT('',(28.,11.5,3.));
#1175 = DIRECTION('',(-1.,1.110223024625E-16,0.));
#1176 = DIRECTION('',(1.110223024625E-16,1.,0.));
#1177 = DEFINITIONAL_REPRESENTATION('',(#1178),#1181);
#1178 = B_SPLINE_CURVE_WITH_KNOTS('',1,(#1179,#1180),.UNSPECIFIED.,.F.,
  .F.,(2,2),(-5.0000006,-2.7),.PIECEWISE_BEZIER_KNOTS.);
#1179 = CARTESIAN_POINT('',(2.930869689662,-2.0000006));
#1180 = CARTESIAN_POINT('',(2.930869689662,0.3));
#1181 = ( GEOMETRIC_REPRESENTATION_CONTEXT(2) 
PARAMETRIC_REPRESENTATION_CONTEXT() REPRESENTATION_CONTEXT('2D SPACE',''
  ) );
#1182 = ORIENTED_EDGE('',*,*,#1183,.F.);
#1183 = EDGE_CURVE('',#1184,#1158,#1186,.T.);
#1184 = VERTEX_POINT('',#1185);
#1185 = CARTESIAN_POINT('',(-28.,14.430869689662,3.));
#1186 = SURFACE_CURVE('',#1187,(#1192,#1199),.PCURVE_S1.);
#1187 = CIRCLE('',#1188,31.5);
#1188 = AXIS2_PLACEMENT_3D('',#1189,#1190,#1191);
#1189 = CARTESIAN_POINT('',(0.,0.,3.));
#1190 = DIRECTION('',(0.,0.,-1.));
#1191 = DIRECTION('',(1.,0.,0.));
#1192 = PCURVE('',#1060,#1193);
#1193 = DEFINITIONAL_REPRESENTATION('',(#1194),#1198);
#1194 = LINE('',#1195,#1196);
#1195 = CARTESIAN_POINT('',(-6.28318530718,-3.));
#1196 = VECTOR('',#1197,1.);
#1197 = DIRECTION('',(1.,-0.));
#1198 = ( GEOMETRIC_REPRESENTATION_CONTEXT(2) 
PARAMETRIC_REPRESENTATION_CONTEXT() REPRESENTATION_CONTEXT('2D SPACE',''
  ) );
#1199 = PCURVE('',#1200,#1205);
#1200 = PLANE('',#1201);
#1201 = AXIS2_PLACEMENT_3D('',#1202,#1203,#1204);
#1202 = CARTESIAN_POINT('',(3.386180225107E-15,30.5,3.));
#1203 = DIRECTION('',(0.,0.,1.));
#1204 = DIRECTION('',(1.110223024625E-16,1.,0.));
#1205 = DEFINITIONAL_REPRESENTATION('',(#1206),#1214);
#1206 = ( BOUNDED_CURVE() B_SPLINE_CURVE(2,(#1207,#1208,#1209,#1210,
#1211,#1212,#1213),.UNSPECIFIED.,.T.,.F.) B_SPLINE_CURVE_WITH_KNOTS((1,2
    ,2,2,2,1),(-2.094395102393,0.,2.094395102393,4.188790204786,
6.28318530718,8.377580409573),.UNSPECIFIED.) CURVE() 
GEOMETRIC_REPRESENTATION_ITEM() RATIONAL_B_SPLINE_CURVE((1.,0.5,1.,0.5,
1.,0.5,1.)) REPRESENTATION_ITEM('') );
#1207 = CARTESIAN_POINT('',(-30.5,-31.5));
#1208 = CARTESIAN_POINT('',(-85.05960043842,-31.5));
#1209 = CARTESIAN_POINT('',(-57.77980021921,15.75));
#1210 = CARTESIAN_POINT('',(-30.5,63.));
#1211 = CARTESIAN_POINT('',(-3.22019978079,15.75));
#1212 = CARTESIAN_POINT('',(24.05960043842,-31.5));
#1213 = CARTESIAN_POINT('',(-30.5,-31.5));
#1214 = ( GEOMETRIC_REPRESENTATION_CONTEXT(2) 
PARAMETRIC_REPRESENTATION_CONTEXT() REPRESENTATION_CONTEXT('2D SPACE',''
  ) );
#1215 = ORIENTED_EDGE('',*,*,#1216,.F.);
#1216 = EDGE_CURVE('',#1049,#1184,#1217,.T.);
#1217 = SURFACE_CURVE('',#1218,(#1222,#1228),.PCURVE_S1.);
#1218 = LINE('',#1219,#1220);
#1219 = CARTESIAN_POINT('',(-28.,14.430869689662,0.));
#1220 = VECTOR('',#1221,1.);
#1221 = DIRECTION('',(-0.,-0.,-1.));
#1222 = PCURVE('',#1060,#1223);
#1223 = DEFINITIONAL_REPRESENTATION('',(#1224),#1227);
#1224 = B_SPLINE_CURVE_WITH_KNOTS('',1,(#1225,#1226),.UNSPECIFIED.,.F.,
  .F.,(2,2),(-5.0000006,-2.7),.PIECEWISE_BEZIER_KNOTS.);
#1225 = CARTESIAN_POINT('',(-2.665710403929,-5.0000006));
#1226 = CARTESIAN_POINT('',(-2.665710403929,-2.7));
#1227 = ( GEOMETRIC_REPRESENTATION_CONTEXT(2) 
PARAMETRIC_REPRESENTATION_CONTEXT() REPRESENTATION_CONTEXT('2D SPACE',''
  ) );
#1228 = PCURVE('',#1229,#1234);
#1229 = PLANE('',#1230);
#1230 = AXIS2_PLACEMENT_3D('',#1231,#1232,#1233);
#1231 = CARTESIAN_POINT('',(-28.,49.5,3.));
#1232 = DIRECTION('',(1.,-1.110223024625E-16,0.));
#1233 = DIRECTION('',(-1.110223024625E-16,-1.,0.));
#1234 = DEFINITIONAL_REPRESENTATION('',(#1235),#1238);
#1235 = B_SPLINE_CURVE_WITH_KNOTS('',1,(#1236,#1237),.UNSPECIFIED.,.F.,
  .F.,(2,2),(-5.0000006,-2.7),.PIECEWISE_BEZIER_KNOTS.);
#1236 = CARTESIAN_POINT('',(35.069130310338,-2.0000006));
#1237 = CARTESIAN_POINT('',(35.069130310338,0.3));
#1238 = ( GEOMETRIC_REPRESENTATION_CONTEXT(2) 
PARAMETRIC_REPRESENTATION_CONTEXT() REPRESENTATION_CONTEXT('2D SPACE',''
  ) );
#1239 = ADVANCED_FACE('',(#1240),#1072,.T.);
#1240 = FACE_BOUND('',#1241,.T.);
#1241 = EDGE_LOOP('',(#1242,#1243,#1244,#1271,#1304));
#1242 = ORIENTED_EDGE('',*,*,#1048,.T.);
#1243 = ORIENTED_EDGE('',*,*,#1134,.T.);
#1244 = ORIENTED_EDGE('',*,*,#1245,.T.);
#1245 = EDGE_CURVE('',#1135,#1246,#1248,.T.);
#1246 = VERTEX_POINT('',#1247);
#1247 = CARTESIAN_POINT('',(28.,12.093386622446,6.));
#1248 = SURFACE_CURVE('',#1249,(#1254,#1264),.PCURVE_S1.);
#1249 = HYPERBOLA('',#1250,28.,28.);
#1250 = AXIS2_PLACEMENT_3D('',#1251,#1252,#1253);
#1251 = CARTESIAN_POINT('',(28.,-3.10862446895E-15,36.5));
#1252 = DIRECTION('',(-1.,1.110223024625E-16,0.));
#1253 = DIRECTION('',(-0.,0.,-1.));
#1254 = PCURVE('',#1072,#1255);
#1255 = DEFINITIONAL_REPRESENTATION('',(#1256),#1263);
#1256 = B_SPLINE_CURVE_WITH_KNOTS('',5,(#1257,#1258,#1259,#1260,#1261,
    #1262),.UNSPECIFIED.,.F.,.F.,(6,6),(-0.494932923095,-0.419494487444)
  ,.PIECEWISE_BEZIER_KNOTS.);
#1257 = CARTESIAN_POINT('',(-6.75906755684,0.));
#1258 = CARTESIAN_POINT('',(-6.745656279391,-0.217728446893));
#1259 = CARTESIAN_POINT('',(-6.732129128336,-0.426493635781));
#1260 = CARTESIAN_POINT('',(-6.718489793739,-0.626398822468));
#1261 = CARTESIAN_POINT('',(-6.704742378804,-0.817538766297));
#1262 = CARTESIAN_POINT('',(-6.69089138734,-1.));
#1263 = ( GEOMETRIC_REPRESENTATION_CONTEXT(2) 
PARAMETRIC_REPRESENTATION_CONTEXT() REPRESENTATION_CONTEXT('2D SPACE',''
  ) );
#1264 = PCURVE('',#1172,#1265);
#1265 = DEFINITIONAL_REPRESENTATION('',(#1266),#1270);
#1266 = ( BOUNDED_CURVE() B_SPLINE_CURVE(2,(#1267,#1268,#1269),
.UNSPECIFIED.,.F.,.F.) B_SPLINE_CURVE_WITH_KNOTS((3,3),(-0.494932923095,
-0.419494487444),.PIECEWISE_BEZIER_KNOTS.) CURVE() 
GEOMETRIC_REPRESENTATION_ITEM() RATIONAL_B_SPLINE_CURVE((1.,
1.000711454042,1.)) REPRESENTATION_ITEM('') );
#1267 = CARTESIAN_POINT('',(2.930869689662,-2.));
#1268 = CARTESIAN_POINT('',(1.743277486158,-2.54406312169));
#1269 = CARTESIAN_POINT('',(0.593386622448,-3.));
#1270 = ( GEOMETRIC_REPRESENTATION_CONTEXT(2) 
PARAMETRIC_REPRESENTATION_CONTEXT() REPRESENTATION_CONTEXT('2D SPACE',''
  ) );
#1271 = ORIENTED_EDGE('',*,*,#1272,.T.);
#1272 = EDGE_CURVE('',#1246,#1273,#1275,.T.);
#1273 = VERTEX_POINT('',#1274);
#1274 = CARTESIAN_POINT('',(-28.,12.093386622446,6.));
#1275 = SURFACE_CURVE('',#1276,(#1281,#1288),.PCURVE_S1.);
#1276 = CIRCLE('',#1277,30.5);
#1277 = AXIS2_PLACEMENT_3D('',#1278,#1279,#1280);
#1278 = CARTESIAN_POINT('',(0.,0.,6.));
#1279 = DIRECTION('',(0.,0.,-1.));
#1280 = DIRECTION('',(0.918032786885,0.396504479424,0.));
#1281 = PCURVE('',#1072,#1282);
#1282 = DEFINITIONAL_REPRESENTATION('',(#1283),#1287);
#1283 = LINE('',#1284,#1285);
#1284 = CARTESIAN_POINT('',(-6.69089138734,-1.));
#1285 = VECTOR('',#1286,1.);
#1286 = DIRECTION('',(1.,-0.));
#1287 = ( GEOMETRIC_REPRESENTATION_CONTEXT(2) 
PARAMETRIC_REPRESENTATION_CONTEXT() REPRESENTATION_CONTEXT('2D SPACE',''
  ) );
#1288 = PCURVE('',#1289,#1294);
#1289 = PLANE('',#1290);
#1290 = AXIS2_PLACEMENT_3D('',#1291,#1292,#1293);
#1291 = CARTESIAN_POINT('',(-2.083718297203E-15,1.492411923833E-15,6.));
#1292 = DIRECTION('',(0.,0.,1.));
#1293 = DIRECTION('',(1.,0.,-0.));
#1294 = DEFINITIONAL_REPRESENTATION('',(#1295),#1303);
#1295 = ( BOUNDED_CURVE() B_SPLINE_CURVE(2,(#1296,#1297,#1298,#1299,
#1300,#1301,#1302),.UNSPECIFIED.,.T.,.F.) B_SPLINE_CURVE_WITH_KNOTS((1,2
    ,2,2,2,1),(-2.094395102393,0.,2.094395102393,4.188790204786,
6.28318530718,8.377580409573),.UNSPECIFIED.) CURVE() 
GEOMETRIC_REPRESENTATION_ITEM() RATIONAL_B_SPLINE_CURVE((1.,0.5,1.,0.5,
1.,0.5,1.)) REPRESENTATION_ITEM('') );
#1296 = CARTESIAN_POINT('',(28.000000000001,12.093386622446));
#1297 = CARTESIAN_POINT('',(48.946360065651,-36.40403598948));
#1298 = CARTESIAN_POINT('',(-3.526819967175,-30.29540461718));
#1299 = CARTESIAN_POINT('',(-56.,-24.18677324489));
#1300 = CARTESIAN_POINT('',(-24.47318003282,18.202017994742));
#1301 = CARTESIAN_POINT('',(7.05363993435,60.590809234376));
#1302 = CARTESIAN_POINT('',(28.000000000001,12.093386622446));
#1303 = ( GEOMETRIC_REPRESENTATION_CONTEXT(2) 
PARAMETRIC_REPRESENTATION_CONTEXT() REPRESENTATION_CONTEXT('2D SPACE',''
  ) );
#1304 = ORIENTED_EDGE('',*,*,#1305,.T.);
#1305 = EDGE_CURVE('',#1273,#1049,#1306,.T.);
#1306 = SURFACE_CURVE('',#1307,(#1312,#1322),.PCURVE_S1.);
#1307 = HYPERBOLA('',#1308,28.,28.);
#1308 = AXIS2_PLACEMENT_3D('',#1309,#1310,#1311);
#1309 = CARTESIAN_POINT('',(-28.,3.10862446895E-15,36.5));
#1310 = DIRECTION('',(1.,-1.110223024625E-16,0.));
#1311 = DIRECTION('',(0.,-0.,-1.));
#1312 = PCURVE('',#1072,#1313);
#1313 = DEFINITIONAL_REPRESENTATION('',(#1314),#1321);
#1314 = B_SPLINE_CURVE_WITH_KNOTS('',5,(#1315,#1316,#1317,#1318,#1319,
    #1320),.UNSPECIFIED.,.F.,.F.,(6,6),(0.419494487444,0.494932923095),
  .PIECEWISE_BEZIER_KNOTS.);
#1315 = CARTESIAN_POINT('',(-2.733886573429,-1.));
#1316 = CARTESIAN_POINT('',(-2.720035581966,-0.817538766297));
#1317 = CARTESIAN_POINT('',(-2.70628816703,-0.626398822468));
#1318 = CARTESIAN_POINT('',(-2.692648832433,-0.426493635781));
#1319 = CARTESIAN_POINT('',(-2.679121681378,-0.217728446893));
#1320 = CARTESIAN_POINT('',(-2.665710403929,3.552713678801E-15));
#1321 = ( GEOMETRIC_REPRESENTATION_CONTEXT(2) 
PARAMETRIC_REPRESENTATION_CONTEXT() REPRESENTATION_CONTEXT('2D SPACE',''
  ) );
#1322 = PCURVE('',#1229,#1323);
#1323 = DEFINITIONAL_REPRESENTATION('',(#1324),#1328);
#1324 = ( BOUNDED_CURVE() B_SPLINE_CURVE(2,(#1325,#1326,#1327),
.UNSPECIFIED.,.F.,.F.) B_SPLINE_CURVE_WITH_KNOTS((3,3),(0.419494487444,
0.494932923095),.PIECEWISE_BEZIER_KNOTS.) CURVE() 
GEOMETRIC_REPRESENTATION_ITEM() RATIONAL_B_SPLINE_CURVE((1.,
1.000711454042,1.)) REPRESENTATION_ITEM('') );
#1325 = CARTESIAN_POINT('',(37.406613377552,-3.));
#1326 = CARTESIAN_POINT('',(36.256722513842,-2.54406312169));
#1327 = CARTESIAN_POINT('',(35.069130310338,-2.));
#1328 = ( GEOMETRIC_REPRESENTATION_CONTEXT(2) 
PARAMETRIC_REPRESENTATION_CONTEXT() REPRESENTATION_CONTEXT('2D SPACE',''
  ) );
#1329 = ADVANCED_FACE('',(#1330),#1229,.F.);
#1330 = FACE_BOUND('',#1331,.F.);
#1331 = EDGE_LOOP('',(#1332,#1355,#1383,#1404,#1405));
#1332 = ORIENTED_EDGE('',*,*,#1333,.F.);
#1333 = EDGE_CURVE('',#1334,#1184,#1336,.T.);
#1334 = VERTEX_POINT('',#1335);
#1335 = CARTESIAN_POINT('',(-28.,48.,3.));
#1336 = SURFACE_CURVE('',#1337,(#1341,#1348),.PCURVE_S1.);
#1337 = LINE('',#1338,#1339);
#1338 = CARTESIAN_POINT('',(-28.,49.5,3.));
#1339 = VECTOR('',#1340,1.);
#1340 = DIRECTION('',(-1.110223024625E-16,-1.,0.));
#1341 = PCURVE('',#1229,#1342);
#1342 = DEFINITIONAL_REPRESENTATION('',(#1343),#1347);
#1343 = LINE('',#1344,#1345);
#1344 = CARTESIAN_POINT('',(0.,0.));
#1345 = VECTOR('',#1346,1.);
#1346 = DIRECTION('',(1.,0.));
#1347 = ( GEOMETRIC_REPRESENTATION_CONTEXT(2) 
PARAMETRIC_REPRESENTATION_CONTEXT() REPRESENTATION_CONTEXT('2D SPACE',''
  ) );
#1348 = PCURVE('',#1200,#1349);
#1349 = DEFINITIONAL_REPRESENTATION('',(#1350),#1354);
#1350 = LINE('',#1351,#1352);
#1351 = CARTESIAN_POINT('',(19.,28.));
#1352 = VECTOR('',#1353,1.);
#1353 = DIRECTION('',(-1.,0.));
#1354 = ( GEOMETRIC_REPRESENTATION_CONTEXT(2) 
PARAMETRIC_REPRESENTATION_CONTEXT() REPRESENTATION_CONTEXT('2D SPACE',''
  ) );
#1355 = ORIENTED_EDGE('',*,*,#1356,.F.);
#1356 = EDGE_CURVE('',#1357,#1334,#1359,.T.);
#1357 = VERTEX_POINT('',#1358);
#1358 = CARTESIAN_POINT('',(-28.,48.,6.));
#1359 = SURFACE_CURVE('',#1360,(#1364,#1371),.PCURVE_S1.);
#1360 = LINE('',#1361,#1362);
#1361 = CARTESIAN_POINT('',(-28.,48.,-48.5));
#1362 = VECTOR('',#1363,1.);
#1363 = DIRECTION('',(0.,0.,-1.));
#1364 = PCURVE('',#1229,#1365);
#1365 = DEFINITIONAL_REPRESENTATION('',(#1366),#1370);
#1366 = LINE('',#1367,#1368);
#1367 = CARTESIAN_POINT('',(1.5,51.5));
#1368 = VECTOR('',#1369,1.);
#1369 = DIRECTION('',(-0.,1.));
#1370 = ( GEOMETRIC_REPRESENTATION_CONTEXT(2) 
PARAMETRIC_REPRESENTATION_CONTEXT() REPRESENTATION_CONTEXT('2D SPACE',''
  ) );
#1371 = PCURVE('',#1372,#1377);
#1372 = PLANE('',#1373);
#1373 = AXIS2_PLACEMENT_3D('',#1374,#1375,#1376);
#1374 = CARTESIAN_POINT('',(200.,48.,-100.));
#1375 = DIRECTION('',(1.110223024625E-16,1.,0.));
#1376 = DIRECTION('',(0.,0.,1.));
#1377 = DEFINITIONAL_REPRESENTATION('',(#1378),#1382);
#1378 = LINE('',#1379,#1380);
#1379 = CARTESIAN_POINT('',(51.5,-228.));
#1380 = VECTOR('',#1381,1.);
#1381 = DIRECTION('',(-1.,0.));
#1382 = ( GEOMETRIC_REPRESENTATION_CONTEXT(2) 
PARAMETRIC_REPRESENTATION_CONTEXT() REPRESENTATION_CONTEXT('2D SPACE',''
  ) );
#1383 = ORIENTED_EDGE('',*,*,#1384,.T.);
#1384 = EDGE_CURVE('',#1357,#1273,#1385,.T.);
#1385 = SURFACE_CURVE('',#1386,(#1390,#1397),.PCURVE_S1.);
#1386 = LINE('',#1387,#1388);
#1387 = CARTESIAN_POINT('',(-28.,49.5,6.));
#1388 = VECTOR('',#1389,1.);
#1389 = DIRECTION('',(-1.110223024625E-16,-1.,0.));
#1390 = PCURVE('',#1229,#1391);
#1391 = DEFINITIONAL_REPRESENTATION('',(#1392),#1396);
#1392 = LINE('',#1393,#1394);
#1393 = CARTESIAN_POINT('',(0.,-3.));
#1394 = VECTOR('',#1395,1.);
#1395 = DIRECTION('',(1.,0.));
#1396 = ( GEOMETRIC_REPRESENTATION_CONTEXT(2) 
PARAMETRIC_REPRESENTATION_CONTEXT() REPRESENTATION_CONTEXT('2D SPACE',''
  ) );
#1397 = PCURVE('',#1289,#1398);
#1398 = DEFINITIONAL_REPRESENTATION('',(#1399),#1403);
#1399 = LINE('',#1400,#1401);
#1400 = CARTESIAN_POINT('',(-28.,49.5));
#1401 = VECTOR('',#1402,1.);
#1402 = DIRECTION('',(-1.110223024625E-16,-1.));
#1403 = ( GEOMETRIC_REPRESENTATION_CONTEXT(2) 
PARAMETRIC_REPRESENTATION_CONTEXT() REPRESENTATION_CONTEXT('2D SPACE',''
  ) );
#1404 = ORIENTED_EDGE('',*,*,#1305,.T.);
#1405 = ORIENTED_EDGE('',*,*,#1216,.T.);
#1406 = ADVANCED_FACE('',(#1407),#1200,.F.);
#1407 = FACE_BOUND('',#1408,.F.);
#1408 = EDGE_LOOP('',(#1409,#1410,#1411,#1434));
#1409 = ORIENTED_EDGE('',*,*,#1333,.T.);
#1410 = ORIENTED_EDGE('',*,*,#1183,.T.);
#1411 = ORIENTED_EDGE('',*,*,#1412,.T.);
#1412 = EDGE_CURVE('',#1158,#1413,#1415,.T.);
#1413 = VERTEX_POINT('',#1414);
#1414 = CARTESIAN_POINT('',(28.,48.,3.));
#1415 = SURFACE_CURVE('',#1416,(#1420,#1427),.PCURVE_S1.);
#1416 = LINE('',#1417,#1418);
#1417 = CARTESIAN_POINT('',(28.,11.5,3.));
#1418 = VECTOR('',#1419,1.);
#1419 = DIRECTION('',(1.110223024625E-16,1.,0.));
#1420 = PCURVE('',#1200,#1421);
#1421 = DEFINITIONAL_REPRESENTATION('',(#1422),#1426);
#1422 = LINE('',#1423,#1424);
#1423 = CARTESIAN_POINT('',(-19.,-28.));
#1424 = VECTOR('',#1425,1.);
#1425 = DIRECTION('',(1.,0.));
#1426 = ( GEOMETRIC_REPRESENTATION_CONTEXT(2) 
PARAMETRIC_REPRESENTATION_CONTEXT() REPRESENTATION_CONTEXT('2D SPACE',''
  ) );
#1427 = PCURVE('',#1172,#1428);
#1428 = DEFINITIONAL_REPRESENTATION('',(#1429),#1433);
#1429 = LINE('',#1430,#1431);
#1430 = CARTESIAN_POINT('',(0.,0.));
#1431 = VECTOR('',#1432,1.);
#1432 = DIRECTION('',(1.,0.));
#1433 = ( GEOMETRIC_REPRESENTATION_CONTEXT(2) 
PARAMETRIC_REPRESENTATION_CONTEXT() REPRESENTATION_CONTEXT('2D SPACE',''
  ) );
#1434 = ORIENTED_EDGE('',*,*,#1435,.F.);
#1435 = EDGE_CURVE('',#1334,#1413,#1436,.T.);
#1436 = SURFACE_CURVE('',#1437,(#1441,#1448),.PCURVE_S1.);
#1437 = LINE('',#1438,#1439);
#1438 = CARTESIAN_POINT('',(100.,48.,3.));
#1439 = VECTOR('',#1440,1.);
#1440 = DIRECTION('',(1.,-1.110223024625E-16,0.));
#1441 = PCURVE('',#1200,#1442);
#1442 = DEFINITIONAL_REPRESENTATION('',(#1443),#1447);
#1443 = LINE('',#1444,#1445);
#1444 = CARTESIAN_POINT('',(17.5,-100.));
#1445 = VECTOR('',#1446,1.);
#1446 = DIRECTION('',(0.,-1.));
#1447 = ( GEOMETRIC_REPRESENTATION_CONTEXT(2) 
PARAMETRIC_REPRESENTATION_CONTEXT() REPRESENTATION_CONTEXT('2D SPACE',''
  ) );
#1448 = PCURVE('',#1372,#1449);
#1449 = DEFINITIONAL_REPRESENTATION('',(#1450),#1454);
#1450 = LINE('',#1451,#1452);
#1451 = CARTESIAN_POINT('',(103.,-100.));
#1452 = VECTOR('',#1453,1.);
#1453 = DIRECTION('',(0.,1.));
#1454 = ( GEOMETRIC_REPRESENTATION_CONTEXT(2) 
PARAMETRIC_REPRESENTATION_CONTEXT() REPRESENTATION_CONTEXT('2D SPACE',''
  ) );
#1455 = ADVANCED_FACE('',(#1456),#1172,.F.);
#1456 = FACE_BOUND('',#1457,.F.);
#1457 = EDGE_LOOP('',(#1458,#1459,#1460,#1461,#1484));
#1458 = ORIENTED_EDGE('',*,*,#1412,.F.);
#1459 = ORIENTED_EDGE('',*,*,#1157,.F.);
#1460 = ORIENTED_EDGE('',*,*,#1245,.T.);
#1461 = ORIENTED_EDGE('',*,*,#1462,.T.);
#1462 = EDGE_CURVE('',#1246,#1463,#1465,.T.);
#1463 = VERTEX_POINT('',#1464);
#1464 = CARTESIAN_POINT('',(28.,48.,6.));
#1465 = SURFACE_CURVE('',#1466,(#1470,#1477),.PCURVE_S1.);
#1466 = LINE('',#1467,#1468);
#1467 = CARTESIAN_POINT('',(28.,11.5,6.));
#1468 = VECTOR('',#1469,1.);
#1469 = DIRECTION('',(1.110223024625E-16,1.,0.));
#1470 = PCURVE('',#1172,#1471);
#1471 = DEFINITIONAL_REPRESENTATION('',(#1472),#1476);
#1472 = LINE('',#1473,#1474);
#1473 = CARTESIAN_POINT('',(0.,-3.));
#1474 = VECTOR('',#1475,1.);
#1475 = DIRECTION('',(1.,0.));
#1476 = ( GEOMETRIC_REPRESENTATION_CONTEXT(2) 
PARAMETRIC_REPRESENTATION_CONTEXT() REPRESENTATION_CONTEXT('2D SPACE',''
  ) );
#1477 = PCURVE('',#1289,#1478);
#1478 = DEFINITIONAL_REPRESENTATION('',(#1479),#1483);
#1479 = LINE('',#1480,#1481);
#1480 = CARTESIAN_POINT('',(28.,11.5));
#1481 = VECTOR('',#1482,1.);
#1482 = DIRECTION('',(1.110223024625E-16,1.));
#1483 = ( GEOMETRIC_REPRESENTATION_CONTEXT(2) 
PARAMETRIC_REPRESENTATION_CONTEXT() REPRESENTATION_CONTEXT('2D SPACE',''
  ) );
#1484 = ORIENTED_EDGE('',*,*,#1485,.F.);
#1485 = EDGE_CURVE('',#1413,#1463,#1486,.T.);
#1486 = SURFACE_CURVE('',#1487,(#1491,#1498),.PCURVE_S1.);
#1487 = LINE('',#1488,#1489);
#1488 = CARTESIAN_POINT('',(28.,48.,-48.5));
#1489 = VECTOR('',#1490,1.);
#1490 = DIRECTION('',(0.,0.,1.));
#1491 = PCURVE('',#1172,#1492);
#1492 = DEFINITIONAL_REPRESENTATION('',(#1493),#1497);
#1493 = LINE('',#1494,#1495);
#1494 = CARTESIAN_POINT('',(36.5,51.5));
#1495 = VECTOR('',#1496,1.);
#1496 = DIRECTION('',(0.,-1.));
#1497 = ( GEOMETRIC_REPRESENTATION_CONTEXT(2) 
PARAMETRIC_REPRESENTATION_CONTEXT() REPRESENTATION_CONTEXT('2D SPACE',''
  ) );
#1498 = PCURVE('',#1372,#1499);
#1499 = DEFINITIONAL_REPRESENTATION('',(#1500),#1504);
#1500 = LINE('',#1501,#1502);
#1501 = CARTESIAN_POINT('',(51.5,-172.));
#1502 = VECTOR('',#1503,1.);
#1503 = DIRECTION('',(1.,0.));
#1504 = ( GEOMETRIC_REPRESENTATION_CONTEXT(2) 
PARAMETRIC_REPRESENTATION_CONTEXT() REPRESENTATION_CONTEXT('2D SPACE',''
  ) );
#1505 = ADVANCED_FACE('',(#1506,#1509,#1544,#1579,#1610,#1645,#1765),
  #1121,.F.);
#1506 = FACE_BOUND('',#1507,.F.);
#1507 = EDGE_LOOP('',(#1508));
#1508 = ORIENTED_EDGE('',*,*,#1106,.T.);
#1509 = FACE_BOUND('',#1510,.F.);
#1510 = EDGE_LOOP('',(#1511));
#1511 = ORIENTED_EDGE('',*,*,#1512,.T.);
#1512 = EDGE_CURVE('',#1513,#1513,#1515,.T.);
#1513 = VERTEX_POINT('',#1514);
#1514 = CARTESIAN_POINT('',(-14.37766952966,-17.67766952966,0.));
#1515 = SURFACE_CURVE('',#1516,(#1521,#1532),.PCURVE_S1.);
#1516 = CIRCLE('',#1517,3.3);
#1517 = AXIS2_PLACEMENT_3D('',#1518,#1519,#1520);
#1518 = CARTESIAN_POINT('',(-17.67766952966,-17.67766952966,0.));
#1519 = DIRECTION('',(0.,0.,-1.));
#1520 = DIRECTION('',(1.,0.,0.));
#1521 = PCURVE('',#1121,#1522);
#1522 = DEFINITIONAL_REPRESENTATION('',(#1523),#1531);
#1523 = ( BOUNDED_CURVE() B_SPLINE_CURVE(2,(#1524,#1525,#1526,#1527,
#1528,#1529,#1530),.UNSPECIFIED.,.T.,.F.) B_SPLINE_CURVE_WITH_KNOTS((1,2
    ,2,2,2,1),(-2.094395102393,0.,2.094395102393,4.188790204786,
6.28318530718,8.377580409573),.UNSPECIFIED.) CURVE() 
GEOMETRIC_REPRESENTATION_ITEM() RATIONAL_B_SPLINE_CURVE((1.,0.5,1.,0.5,
1.,0.5,1.)) REPRESENTATION_ITEM('') );
#1524 = CARTESIAN_POINT('',(-14.37766952966,-17.67766952966));
#1525 = CARTESIAN_POINT('',(-14.37766952966,-23.39343719464));
#1526 = CARTESIAN_POINT('',(-19.32766952966,-20.53555336215));
#1527 = CARTESIAN_POINT('',(-24.27766952966,-17.67766952966));
#1528 = CARTESIAN_POINT('',(-19.32766952966,-14.81978569717));
#1529 = CARTESIAN_POINT('',(-14.37766952966,-11.96190186468));
#1530 = CARTESIAN_POINT('',(-14.37766952966,-17.67766952966));
#1531 = ( GEOMETRIC_REPRESENTATION_CONTEXT(2) 
PARAMETRIC_REPRESENTATION_CONTEXT() REPRESENTATION_CONTEXT('2D SPACE',''
  ) );
#1532 = PCURVE('',#1533,#1538);
#1533 = CYLINDRICAL_SURFACE('',#1534,3.3);
#1534 = AXIS2_PLACEMENT_3D('',#1535,#1536,#1537);
#1535 = CARTESIAN_POINT('',(-17.67766952966,-17.67766952966,-20.));
#1536 = DIRECTION('',(-0.,-0.,-1.));
#1537 = DIRECTION('',(1.,0.,0.));
#1538 = DEFINITIONAL_REPRESENTATION('',(#1539),#1543);
#1539 = LINE('',#1540,#1541);
#1540 = CARTESIAN_POINT('',(-6.28318530718,-20.));
#1541 = VECTOR('',#1542,1.);
#1542 = DIRECTION('',(1.,-0.));
#1543 = ( GEOMETRIC_REPRESENTATION_CONTEXT(2) 
PARAMETRIC_REPRESENTATION_CONTEXT() REPRESENTATION_CONTEXT('2D SPACE',''
  ) );
#1544 = FACE_BOUND('',#1545,.F.);
#1545 = EDGE_LOOP('',(#1546));
#1546 = ORIENTED_EDGE('',*,*,#1547,.T.);
#1547 = EDGE_CURVE('',#1548,#1548,#1550,.T.);
#1548 = VERTEX_POINT('',#1549);
#1549 = CARTESIAN_POINT('',(20.977669529664,-17.67766952966,0.));
#1550 = SURFACE_CURVE('',#1551,(#1556,#1567),.PCURVE_S1.);
#1551 = CIRCLE('',#1552,3.3);
#1552 = AXIS2_PLACEMENT_3D('',#1553,#1554,#1555);
#1553 = CARTESIAN_POINT('',(17.677669529664,-17.67766952966,0.));
#1554 = DIRECTION('',(0.,0.,-1.));
#1555 = DIRECTION('',(1.,0.,0.));
#1556 = PCURVE('',#1121,#1557);
#1557 = DEFINITIONAL_REPRESENTATION('',(#1558),#1566);
#1558 = ( BOUNDED_CURVE() B_SPLINE_CURVE(2,(#1559,#1560,#1561,#1562,
#1563,#1564,#1565),.UNSPECIFIED.,.T.,.F.) B_SPLINE_CURVE_WITH_KNOTS((1,2
    ,2,2,2,1),(-2.094395102393,0.,2.094395102393,4.188790204786,
6.28318530718,8.377580409573),.UNSPECIFIED.) CURVE() 
GEOMETRIC_REPRESENTATION_ITEM() RATIONAL_B_SPLINE_CURVE((1.,0.5,1.,0.5,
1.,0.5,1.)) REPRESENTATION_ITEM('') );
#1559 = CARTESIAN_POINT('',(20.977669529664,-17.67766952966));
#1560 = CARTESIAN_POINT('',(20.977669529664,-23.39343719464));
#1561 = CARTESIAN_POINT('',(16.027669529664,-20.53555336215));
#1562 = CARTESIAN_POINT('',(11.077669529664,-17.67766952966));
#1563 = CARTESIAN_POINT('',(16.027669529664,-14.81978569717));
#1564 = CARTESIAN_POINT('',(20.977669529664,-11.96190186468));
#1565 = CARTESIAN_POINT('',(20.977669529664,-17.67766952966));
#1566 = ( GEOMETRIC_REPRESENTATION_CONTEXT(2) 
PARAMETRIC_REPRESENTATION_CONTEXT() REPRESENTATION_CONTEXT('2D SPACE',''
  ) );
#1567 = PCURVE('',#1568,#1573);
#1568 = CYLINDRICAL_SURFACE('',#1569,3.3);
#1569 = AXIS2_PLACEMENT_3D('',#1570,#1571,#1572);
#1570 = CARTESIAN_POINT('',(17.677669529664,-17.67766952966,-20.));
#1571 = DIRECTION('',(-0.,-0.,-1.));
#1572 = DIRECTION('',(1.,0.,0.));
#1573 = DEFINITIONAL_REPRESENTATION('',(#1574),#1578);
#1574 = LINE('',#1575,#1576);
#1575 = CARTESIAN_POINT('',(-6.28318530718,-20.));
#1576 = VECTOR('',#1577,1.);
#1577 = DIRECTION('',(1.,-0.));
#1578 = ( GEOMETRIC_REPRESENTATION_CONTEXT(2) 
PARAMETRIC_REPRESENTATION_CONTEXT() REPRESENTATION_CONTEXT('2D SPACE',''
  ) );
#1579 = FACE_BOUND('',#1580,.F.);
#1580 = EDGE_LOOP('',(#1581));
#1581 = ORIENTED_EDGE('',*,*,#1582,.F.);
#1582 = EDGE_CURVE('',#1583,#1583,#1585,.T.);
#1583 = VERTEX_POINT('',#1584);
#1584 = CARTESIAN_POINT('',(15.65,0.,0.));
#1585 = SURFACE_CURVE('',#1586,(#1591,#1598),.PCURVE_S1.);
#1586 = CIRCLE('',#1587,15.65);
#1587 = AXIS2_PLACEMENT_3D('',#1588,#1589,#1590);
#1588 = CARTESIAN_POINT('',(0.,0.,0.));
#1589 = DIRECTION('',(0.,0.,1.));
#1590 = DIRECTION('',(1.,0.,0.));
#1591 = PCURVE('',#1121,#1592);
#1592 = DEFINITIONAL_REPRESENTATION('',(#1593),#1597);
#1593 = CIRCLE('',#1594,15.65);
#1594 = AXIS2_PLACEMENT_2D('',#1595,#1596);
#1595 = CARTESIAN_POINT('',(2.083718297203E-15,-1.492411923833E-15));
#1596 = DIRECTION('',(1.,0.));
#1597 = ( GEOMETRIC_REPRESENTATION_CONTEXT(2) 
PARAMETRIC_REPRESENTATION_CONTEXT() REPRESENTATION_CONTEXT('2D SPACE',''
  ) );
#1598 = PCURVE('',#1599,#1604);
#1599 = CYLINDRICAL_SURFACE('',#1600,15.65);
#1600 = AXIS2_PLACEMENT_3D('',#1601,#1602,#1603);
#1601 = CARTESIAN_POINT('',(0.,0.,-4.));
#1602 = DIRECTION('',(-0.,-0.,-1.));
#1603 = DIRECTION('',(1.,0.,0.));
#1604 = DEFINITIONAL_REPRESENTATION('',(#1605),#1609);
#1605 = LINE('',#1606,#1607);
#1606 = CARTESIAN_POINT('',(-0.,-4.));
#1607 = VECTOR('',#1608,1.);
#1608 = DIRECTION('',(-1.,0.));
#1609 = ( GEOMETRIC_REPRESENTATION_CONTEXT(2) 
PARAMETRIC_REPRESENTATION_CONTEXT() REPRESENTATION_CONTEXT('2D SPACE',''
  ) );
#1610 = FACE_BOUND('',#1611,.F.);
#1611 = EDGE_LOOP('',(#1612));
#1612 = ORIENTED_EDGE('',*,*,#1613,.T.);
#1613 = EDGE_CURVE('',#1614,#1614,#1616,.T.);
#1614 = VERTEX_POINT('',#1615);
#1615 = CARTESIAN_POINT('',(-14.37766952966,17.677669529664,0.));
#1616 = SURFACE_CURVE('',#1617,(#1622,#1633),.PCURVE_S1.);
#1617 = CIRCLE('',#1618,3.3);
#1618 = AXIS2_PLACEMENT_3D('',#1619,#1620,#1621);
#1619 = CARTESIAN_POINT('',(-17.67766952966,17.677669529664,0.));
#1620 = DIRECTION('',(0.,0.,-1.));
#1621 = DIRECTION('',(1.,0.,0.));
#1622 = PCURVE('',#1121,#1623);
#1623 = DEFINITIONAL_REPRESENTATION('',(#1624),#1632);
#1624 = ( BOUNDED_CURVE() B_SPLINE_CURVE(2,(#1625,#1626,#1627,#1628,
#1629,#1630,#1631),.UNSPECIFIED.,.T.,.F.) B_SPLINE_CURVE_WITH_KNOTS((1,2
    ,2,2,2,1),(-2.094395102393,0.,2.094395102393,4.188790204786,
6.28318530718,8.377580409573),.UNSPECIFIED.) CURVE() 
GEOMETRIC_REPRESENTATION_ITEM() RATIONAL_B_SPLINE_CURVE((1.,0.5,1.,0.5,
1.,0.5,1.)) REPRESENTATION_ITEM('') );
#1625 = CARTESIAN_POINT('',(-14.37766952966,17.677669529664));
#1626 = CARTESIAN_POINT('',(-14.37766952966,11.961901864686));
#1627 = CARTESIAN_POINT('',(-19.32766952966,14.819785697175));
#1628 = CARTESIAN_POINT('',(-24.27766952966,17.677669529664));
#1629 = CARTESIAN_POINT('',(-19.32766952966,20.535553362152));
#1630 = CARTESIAN_POINT('',(-14.37766952966,23.393437194641));
#1631 = CARTESIAN_POINT('',(-14.37766952966,17.677669529664));
#1632 = ( GEOMETRIC_REPRESENTATION_CONTEXT(2) 
PARAMETRIC_REPRESENTATION_CONTEXT() REPRESENTATION_CONTEXT('2D SPACE',''
  ) );
#1633 = PCURVE('',#1634,#1639);
#1634 = CYLINDRICAL_SURFACE('',#1635,3.3);
#1635 = AXIS2_PLACEMENT_3D('',#1636,#1637,#1638);
#1636 = CARTESIAN_POINT('',(-17.67766952966,17.677669529664,-20.));
#1637 = DIRECTION('',(-0.,-0.,-1.));
#1638 = DIRECTION('',(1.,0.,0.));
#1639 = DEFINITIONAL_REPRESENTATION('',(#1640),#1644);
#1640 = LINE('',#1641,#1642);
#1641 = CARTESIAN_POINT('',(-6.28318530718,-20.));
#1642 = VECTOR('',#1643,1.);
#1643 = DIRECTION('',(1.,-0.));
#1644 = ( GEOMETRIC_REPRESENTATION_CONTEXT(2) 
PARAMETRIC_REPRESENTATION_CONTEXT() REPRESENTATION_CONTEXT('2D SPACE',''
  ) );
#1645 = FACE_BOUND('',#1646,.F.);
#1646 = EDGE_LOOP('',(#1647,#1675,#1708,#1734));
#1647 = ORIENTED_EDGE('',*,*,#1648,.F.);
#1648 = EDGE_CURVE('',#1649,#1651,#1653,.T.);
#1649 = VERTEX_POINT('',#1650);
#1650 = CARTESIAN_POINT('',(-3.1,26.4,0.));
#1651 = VERTEX_POINT('',#1652);
#1652 = CARTESIAN_POINT('',(-3.1,23.6,0.));
#1653 = SURFACE_CURVE('',#1654,(#1658,#1664),.PCURVE_S1.);
#1654 = LINE('',#1655,#1656);
#1655 = CARTESIAN_POINT('',(-3.1,11.8,0.));
#1656 = VECTOR('',#1657,1.);
#1657 = DIRECTION('',(-1.110223024625E-16,-1.,0.));
#1658 = PCURVE('',#1121,#1659);
#1659 = DEFINITIONAL_REPRESENTATION('',(#1660),#1663);
#1660 = B_SPLINE_CURVE_WITH_KNOTS('',1,(#1661,#1662),.UNSPECIFIED.,.F.,
  .F.,(2,2),(-14.6,-11.8),.PIECEWISE_BEZIER_KNOTS.);
#1661 = CARTESIAN_POINT('',(-3.1,26.4));
#1662 = CARTESIAN_POINT('',(-3.1,23.6));
#1663 = ( GEOMETRIC_REPRESENTATION_CONTEXT(2) 
PARAMETRIC_REPRESENTATION_CONTEXT() REPRESENTATION_CONTEXT('2D SPACE',''
  ) );
#1664 = PCURVE('',#1665,#1670);
#1665 = PLANE('',#1666);
#1666 = AXIS2_PLACEMENT_3D('',#1667,#1668,#1669);
#1667 = CARTESIAN_POINT('',(-3.1,23.6,-20.));
#1668 = DIRECTION('',(-1.,1.110223024625E-16,0.));
#1669 = DIRECTION('',(1.110223024625E-16,1.,0.));
#1670 = DEFINITIONAL_REPRESENTATION('',(#1671),#1674);
#1671 = B_SPLINE_CURVE_WITH_KNOTS('',1,(#1672,#1673),.UNSPECIFIED.,.F.,
  .F.,(2,2),(-14.6,-11.8),.PIECEWISE_BEZIER_KNOTS.);
#1672 = CARTESIAN_POINT('',(2.8,-20.));
#1673 = CARTESIAN_POINT('',(0.,-20.));
#1674 = ( GEOMETRIC_REPRESENTATION_CONTEXT(2) 
PARAMETRIC_REPRESENTATION_CONTEXT() REPRESENTATION_CONTEXT('2D SPACE',''
  ) );
#1675 = ORIENTED_EDGE('',*,*,#1676,.T.);
#1676 = EDGE_CURVE('',#1649,#1677,#1679,.T.);
#1677 = VERTEX_POINT('',#1678);
#1678 = CARTESIAN_POINT('',(3.1,26.4,0.));
#1679 = SURFACE_CURVE('',#1680,(#1685,#1696),.PCURVE_S1.);
#1680 = CIRCLE('',#1681,3.1);
#1681 = AXIS2_PLACEMENT_3D('',#1682,#1683,#1684);
#1682 = CARTESIAN_POINT('',(1.964931133798E-15,26.4,0.));
#1683 = DIRECTION('',(-0.,0.,-1.));
#1684 = DIRECTION('',(-1.,-3.223228136009E-17,0.));
#1685 = PCURVE('',#1121,#1686);
#1686 = DEFINITIONAL_REPRESENTATION('',(#1687),#1695);
#1687 = ( BOUNDED_CURVE() B_SPLINE_CURVE(2,(#1688,#1689,#1690,#1691,
#1692,#1693,#1694),.UNSPECIFIED.,.T.,.F.) B_SPLINE_CURVE_WITH_KNOTS((1,2
    ,2,2,2,1),(-2.094395102393,0.,2.094395102393,4.188790204786,
6.28318530718,8.377580409573),.UNSPECIFIED.) CURVE() 
GEOMETRIC_REPRESENTATION_ITEM() RATIONAL_B_SPLINE_CURVE((1.,0.5,1.,0.5,
1.,0.5,1.)) REPRESENTATION_ITEM('') );
#1688 = CARTESIAN_POINT('',(-3.1,26.4));
#1689 = CARTESIAN_POINT('',(-3.1,31.769357503464));
#1690 = CARTESIAN_POINT('',(1.55,29.084678751732));
#1691 = CARTESIAN_POINT('',(6.2,26.4));
#1692 = CARTESIAN_POINT('',(1.55,23.715321248268));
#1693 = CARTESIAN_POINT('',(-3.1,21.030642496536));
#1694 = CARTESIAN_POINT('',(-3.1,26.4));
#1695 = ( GEOMETRIC_REPRESENTATION_CONTEXT(2) 
PARAMETRIC_REPRESENTATION_CONTEXT() REPRESENTATION_CONTEXT('2D SPACE',''
  ) );
#1696 = PCURVE('',#1697,#1702);
#1697 = CYLINDRICAL_SURFACE('',#1698,3.1);
#1698 = AXIS2_PLACEMENT_3D('',#1699,#1700,#1701);
#1699 = CARTESIAN_POINT('',(1.964931133798E-15,26.4,-20.));
#1700 = DIRECTION('',(-0.,0.,-1.));
#1701 = DIRECTION('',(-1.,-3.223228136009E-17,0.));
#1702 = DEFINITIONAL_REPRESENTATION('',(#1703),#1707);
#1703 = LINE('',#1704,#1705);
#1704 = CARTESIAN_POINT('',(0.,-20.));
#1705 = VECTOR('',#1706,1.);
#1706 = DIRECTION('',(1.,0.));
#1707 = ( GEOMETRIC_REPRESENTATION_CONTEXT(2) 
PARAMETRIC_REPRESENTATION_CONTEXT() REPRESENTATION_CONTEXT('2D SPACE',''
  ) );
#1708 = ORIENTED_EDGE('',*,*,#1709,.F.);
#1709 = EDGE_CURVE('',#1710,#1677,#1712,.T.);
#1710 = VERTEX_POINT('',#1711);
#1711 = CARTESIAN_POINT('',(3.1,23.6,0.));
#1712 = SURFACE_CURVE('',#1713,(#1717,#1723),.PCURVE_S1.);
#1713 = LINE('',#1714,#1715);
#1714 = CARTESIAN_POINT('',(3.1,13.2,0.));
#1715 = VECTOR('',#1716,1.);
#1716 = DIRECTION('',(1.110223024625E-16,1.,-0.));
#1717 = PCURVE('',#1121,#1718);
#1718 = DEFINITIONAL_REPRESENTATION('',(#1719),#1722);
#1719 = B_SPLINE_CURVE_WITH_KNOTS('',1,(#1720,#1721),.UNSPECIFIED.,.F.,
  .F.,(2,2),(10.4,13.2),.PIECEWISE_BEZIER_KNOTS.);
#1720 = CARTESIAN_POINT('',(3.1,23.6));
#1721 = CARTESIAN_POINT('',(3.1,26.4));
#1722 = ( GEOMETRIC_REPRESENTATION_CONTEXT(2) 
PARAMETRIC_REPRESENTATION_CONTEXT() REPRESENTATION_CONTEXT('2D SPACE',''
  ) );
#1723 = PCURVE('',#1724,#1729);
#1724 = PLANE('',#1725);
#1725 = AXIS2_PLACEMENT_3D('',#1726,#1727,#1728);
#1726 = CARTESIAN_POINT('',(3.1,26.4,-20.));
#1727 = DIRECTION('',(1.,-1.110223024625E-16,0.));
#1728 = DIRECTION('',(-1.110223024625E-16,-1.,0.));
#1729 = DEFINITIONAL_REPRESENTATION('',(#1730),#1733);
#1730 = B_SPLINE_CURVE_WITH_KNOTS('',1,(#1731,#1732),.UNSPECIFIED.,.F.,
  .F.,(2,2),(10.4,13.2),.PIECEWISE_BEZIER_KNOTS.);
#1731 = CARTESIAN_POINT('',(2.8,-20.));
#1732 = CARTESIAN_POINT('',(0.,-20.));
#1733 = ( GEOMETRIC_REPRESENTATION_CONTEXT(2) 
PARAMETRIC_REPRESENTATION_CONTEXT() REPRESENTATION_CONTEXT('2D SPACE',''
  ) );
#1734 = ORIENTED_EDGE('',*,*,#1735,.T.);
#1735 = EDGE_CURVE('',#1710,#1651,#1736,.T.);
#1736 = SURFACE_CURVE('',#1737,(#1742,#1753),.PCURVE_S1.);
#1737 = CIRCLE('',#1738,3.1);
#1738 = AXIS2_PLACEMENT_3D('',#1739,#1740,#1741);
#1739 = CARTESIAN_POINT('',(1.09668586407E-15,23.6,0.));
#1740 = DIRECTION('',(0.,0.,-1.));
#1741 = DIRECTION('',(1.,3.223228136009E-17,0.));
#1742 = PCURVE('',#1121,#1743);
#1743 = DEFINITIONAL_REPRESENTATION('',(#1744),#1752);
#1744 = ( BOUNDED_CURVE() B_SPLINE_CURVE(2,(#1745,#1746,#1747,#1748,
#1749,#1750,#1751),.UNSPECIFIED.,.T.,.F.) B_SPLINE_CURVE_WITH_KNOTS((1,2
    ,2,2,2,1),(-2.094395102393,0.,2.094395102393,4.188790204786,
6.28318530718,8.377580409573),.UNSPECIFIED.) CURVE() 
GEOMETRIC_REPRESENTATION_ITEM() RATIONAL_B_SPLINE_CURVE((1.,0.5,1.,0.5,
1.,0.5,1.)) REPRESENTATION_ITEM('') );
#1745 = CARTESIAN_POINT('',(3.1,23.6));
#1746 = CARTESIAN_POINT('',(3.1,18.230642496536));
#1747 = CARTESIAN_POINT('',(-1.55,20.915321248268));
#1748 = CARTESIAN_POINT('',(-6.2,23.6));
#1749 = CARTESIAN_POINT('',(-1.55,26.284678751732));
#1750 = CARTESIAN_POINT('',(3.1,28.969357503464));
#1751 = CARTESIAN_POINT('',(3.1,23.6));
#1752 = ( GEOMETRIC_REPRESENTATION_CONTEXT(2) 
PARAMETRIC_REPRESENTATION_CONTEXT() REPRESENTATION_CONTEXT('2D SPACE',''
  ) );
#1753 = PCURVE('',#1754,#1759);
#1754 = CYLINDRICAL_SURFACE('',#1755,3.1);
#1755 = AXIS2_PLACEMENT_3D('',#1756,#1757,#1758);
#1756 = CARTESIAN_POINT('',(1.09668586407E-15,23.6,-20.));
#1757 = DIRECTION('',(0.,0.,-1.));
#1758 = DIRECTION('',(1.,3.223228136009E-17,0.));
#1759 = DEFINITIONAL_REPRESENTATION('',(#1760),#1764);
#1760 = LINE('',#1761,#1762);
#1761 = CARTESIAN_POINT('',(0.,-20.));
#1762 = VECTOR('',#1763,1.);
#1763 = DIRECTION('',(1.,0.));
#1764 = ( GEOMETRIC_REPRESENTATION_CONTEXT(2) 
PARAMETRIC_REPRESENTATION_CONTEXT() REPRESENTATION_CONTEXT('2D SPACE',''
  ) );
#1765 = FACE_BOUND('',#1766,.F.);
#1766 = EDGE_LOOP('',(#1767));
#1767 = ORIENTED_EDGE('',*,*,#1768,.T.);
#1768 = EDGE_CURVE('',#1769,#1769,#1771,.T.);
#1769 = VERTEX_POINT('',#1770);
#1770 = CARTESIAN_POINT('',(20.977669529664,17.677669529664,0.));
#1771 = SURFACE_CURVE('',#1772,(#1777,#1788),.PCURVE_S1.);
#1772 = CIRCLE('',#1773,3.3);
#1773 = AXIS2_PLACEMENT_3D('',#1774,#1775,#1776);
#1774 = CARTESIAN_POINT('',(17.677669529664,17.677669529664,0.));
#1775 = DIRECTION('',(0.,0.,-1.));
#1776 = DIRECTION('',(1.,0.,0.));
#1777 = PCURVE('',#1121,#1778);
#1778 = DEFINITIONAL_REPRESENTATION('',(#1779),#1787);
#1779 = ( BOUNDED_CURVE() B_SPLINE_CURVE(2,(#1780,#1781,#1782,#1783,
#1784,#1785,#1786),.UNSPECIFIED.,.T.,.F.) B_SPLINE_CURVE_WITH_KNOTS((1,2
    ,2,2,2,1),(-2.094395102393,0.,2.094395102393,4.188790204786,
6.28318530718,8.377580409573),.UNSPECIFIED.) CURVE() 
GEOMETRIC_REPRESENTATION_ITEM() RATIONAL_B_SPLINE_CURVE((1.,0.5,1.,0.5,
1.,0.5,1.)) REPRESENTATION_ITEM('') );
#1780 = CARTESIAN_POINT('',(20.977669529664,17.677669529664));
#1781 = CARTESIAN_POINT('',(20.977669529664,11.961901864686));
#1782 = CARTESIAN_POINT('',(16.027669529664,14.819785697175));
#1783 = CARTESIAN_POINT('',(11.077669529664,17.677669529664));
#1784 = CARTESIAN_POINT('',(16.027669529664,20.535553362152));
#1785 = CARTESIAN_POINT('',(20.977669529664,23.393437194641));
#1786 = CARTESIAN_POINT('',(20.977669529664,17.677669529664));
#1787 = ( GEOMETRIC_REPRESENTATION_CONTEXT(2) 
PARAMETRIC_REPRESENTATION_CONTEXT() REPRESENTATION_CONTEXT('2D SPACE',''
  ) );
#1788 = PCURVE('',#1789,#1794);
#1789 = CYLINDRICAL_SURFACE('',#1790,3.3);
#1790 = AXIS2_PLACEMENT_3D('',#1791,#1792,#1793);
#1791 = CARTESIAN_POINT('',(17.677669529664,17.677669529664,-20.));
#1792 = DIRECTION('',(-0.,-0.,-1.));
#1793 = DIRECTION('',(1.,0.,0.));
#1794 = DEFINITIONAL_REPRESENTATION('',(#1795),#1799);
#1795 = LINE('',#1796,#1797);
#1796 = CARTESIAN_POINT('',(-6.28318530718,-20.));
#1797 = VECTOR('',#1798,1.);
#1798 = DIRECTION('',(1.,-0.));
#1799 = ( GEOMETRIC_REPRESENTATION_CONTEXT(2) 
PARAMETRIC_REPRESENTATION_CONTEXT() REPRESENTATION_CONTEXT('2D SPACE',''
  ) );
#1800 = ADVANCED_FACE('',(#1801,#2258,#2288,#2318,#2353,#2383,#2483),
  #1289,.T.);
#1801 = FACE_BOUND('',#1802,.T.);
#1802 = EDGE_LOOP('',(#1803,#1804,#1805,#1828,#1857,#1885,#1914,#1942,
    #1966,#1994,#2022,#2054,#2087,#2115,#2148,#2180,#2208,#2236,#2257));
#1803 = ORIENTED_EDGE('',*,*,#1272,.F.);
#1804 = ORIENTED_EDGE('',*,*,#1462,.T.);
#1805 = ORIENTED_EDGE('',*,*,#1806,.F.);
#1806 = EDGE_CURVE('',#1807,#1463,#1809,.T.);
#1807 = VERTEX_POINT('',#1808);
#1808 = CARTESIAN_POINT('',(46.843754063721,48.,6.));
#1809 = SURFACE_CURVE('',#1810,(#1814,#1821),.PCURVE_S1.);
#1810 = LINE('',#1811,#1812);
#1811 = CARTESIAN_POINT('',(200.,48.,6.));
#1812 = VECTOR('',#1813,1.);
#1813 = DIRECTION('',(-1.,1.110223024625E-16,0.));
#1814 = PCURVE('',#1289,#1815);
#1815 = DEFINITIONAL_REPRESENTATION('',(#1816),#1820);
#1816 = LINE('',#1817,#1818);
#1817 = CARTESIAN_POINT('',(200.,48.));
#1818 = VECTOR('',#1819,1.);
#1819 = DIRECTION('',(-1.,1.110223024625E-16));
#1820 = ( GEOMETRIC_REPRESENTATION_CONTEXT(2) 
PARAMETRIC_REPRESENTATION_CONTEXT() REPRESENTATION_CONTEXT('2D SPACE',''
  ) );
#1821 = PCURVE('',#1372,#1822);
#1822 = DEFINITIONAL_REPRESENTATION('',(#1823),#1827);
#1823 = LINE('',#1824,#1825);
#1824 = CARTESIAN_POINT('',(106.,0.));
#1825 = VECTOR('',#1826,1.);
#1826 = DIRECTION('',(0.,-1.));
#1827 = ( GEOMETRIC_REPRESENTATION_CONTEXT(2) 
PARAMETRIC_REPRESENTATION_CONTEXT() REPRESENTATION_CONTEXT('2D SPACE',''
  ) );
#1828 = ORIENTED_EDGE('',*,*,#1829,.T.);
#1829 = EDGE_CURVE('',#1807,#1830,#1832,.T.);
#1830 = VERTEX_POINT('',#1831);
#1831 = CARTESIAN_POINT('',(54.15,50.379957716513,6.));
#1832 = SURFACE_CURVE('',#1833,(#1838,#1845),.PCURVE_S1.);
#1833 = CIRCLE('',#1834,5.35);
#1834 = AXIS2_PLACEMENT_3D('',#1835,#1836,#1837);
#1835 = CARTESIAN_POINT('',(51.65,45.65,6.));
#1836 = DIRECTION('',(0.,-0.,1.));
#1837 = DIRECTION('',(1.110223024625E-16,1.,0.));
#1838 = PCURVE('',#1289,#1839);
#1839 = DEFINITIONAL_REPRESENTATION('',(#1840),#1844);
#1840 = CIRCLE('',#1841,5.35);
#1841 = AXIS2_PLACEMENT_2D('',#1842,#1843);
#1842 = CARTESIAN_POINT('',(51.65,45.65));
#1843 = DIRECTION('',(1.110223024625E-16,1.));
#1844 = ( GEOMETRIC_REPRESENTATION_CONTEXT(2) 
PARAMETRIC_REPRESENTATION_CONTEXT() REPRESENTATION_CONTEXT('2D SPACE',''
  ) );
#1845 = PCURVE('',#1846,#1851);
#1846 = CYLINDRICAL_SURFACE('',#1847,5.35);
#1847 = AXIS2_PLACEMENT_3D('',#1848,#1849,#1850);
#1848 = CARTESIAN_POINT('',(51.65,45.65,-23.904));
#1849 = DIRECTION('',(0.,-0.,-1.));
#1850 = DIRECTION('',(1.110223024625E-16,1.,0.));
#1851 = DEFINITIONAL_REPRESENTATION('',(#1852),#1856);
#1852 = LINE('',#1853,#1854);
#1853 = CARTESIAN_POINT('',(-0.,-29.904));
#1854 = VECTOR('',#1855,1.);
#1855 = DIRECTION('',(-1.,0.));
#1856 = ( GEOMETRIC_REPRESENTATION_CONTEXT(2) 
PARAMETRIC_REPRESENTATION_CONTEXT() REPRESENTATION_CONTEXT('2D SPACE',''
  ) );
#1857 = ORIENTED_EDGE('',*,*,#1858,.T.);
#1858 = EDGE_CURVE('',#1830,#1859,#1861,.T.);
#1859 = VERTEX_POINT('',#1860);
#1860 = CARTESIAN_POINT('',(54.15,47.879910312098,6.));
#1861 = SURFACE_CURVE('',#1862,(#1866,#1873),.PCURVE_S1.);
#1862 = LINE('',#1863,#1864);
#1863 = CARTESIAN_POINT('',(54.15,45.65,6.));
#1864 = VECTOR('',#1865,1.);
#1865 = DIRECTION('',(-1.110223024625E-16,-1.,0.));
#1866 = PCURVE('',#1289,#1867);
#1867 = DEFINITIONAL_REPRESENTATION('',(#1868),#1872);
#1868 = LINE('',#1869,#1870);
#1869 = CARTESIAN_POINT('',(54.15,45.65));
#1870 = VECTOR('',#1871,1.);
#1871 = DIRECTION('',(-1.110223024625E-16,-1.));
#1872 = ( GEOMETRIC_REPRESENTATION_CONTEXT(2) 
PARAMETRIC_REPRESENTATION_CONTEXT() REPRESENTATION_CONTEXT('2D SPACE',''
  ) );
#1873 = PCURVE('',#1874,#1879);
#1874 = PLANE('',#1875);
#1875 = AXIS2_PLACEMENT_3D('',#1876,#1877,#1878);
#1876 = CARTESIAN_POINT('',(54.15,45.65,-24.904));
#1877 = DIRECTION('',(-1.,1.110223024625E-16,0.));
#1878 = DIRECTION('',(1.110223024625E-16,1.,0.));
#1879 = DEFINITIONAL_REPRESENTATION('',(#1880),#1884);
#1880 = LINE('',#1881,#1882);
#1881 = CARTESIAN_POINT('',(7.105427357601E-15,-30.904));
#1882 = VECTOR('',#1883,1.);
#1883 = DIRECTION('',(-1.,-0.));
#1884 = ( GEOMETRIC_REPRESENTATION_CONTEXT(2) 
PARAMETRIC_REPRESENTATION_CONTEXT() REPRESENTATION_CONTEXT('2D SPACE',''
  ) );
#1885 = ORIENTED_EDGE('',*,*,#1886,.F.);
#1886 = EDGE_CURVE('',#1887,#1859,#1889,.T.);
#1887 = VERTEX_POINT('',#1888);
#1888 = CARTESIAN_POINT('',(49.15,47.879910312098,6.));
#1889 = SURFACE_CURVE('',#1890,(#1895,#1902),.PCURVE_S1.);
#1890 = CIRCLE('',#1891,3.35);
#1891 = AXIS2_PLACEMENT_3D('',#1892,#1893,#1894);
#1892 = CARTESIAN_POINT('',(51.65,45.65,6.));
#1893 = DIRECTION('',(0.,-0.,1.));
#1894 = DIRECTION('',(1.110223024625E-16,1.,0.));
#1895 = PCURVE('',#1289,#1896);
#1896 = DEFINITIONAL_REPRESENTATION('',(#1897),#1901);
#1897 = CIRCLE('',#1898,3.35);
#1898 = AXIS2_PLACEMENT_2D('',#1899,#1900);
#1899 = CARTESIAN_POINT('',(51.65,45.65));
#1900 = DIRECTION('',(1.110223024625E-16,1.));
#1901 = ( GEOMETRIC_REPRESENTATION_CONTEXT(2) 
PARAMETRIC_REPRESENTATION_CONTEXT() REPRESENTATION_CONTEXT('2D SPACE',''
  ) );
#1902 = PCURVE('',#1903,#1908);
#1903 = CYLINDRICAL_SURFACE('',#1904,3.35);
#1904 = AXIS2_PLACEMENT_3D('',#1905,#1906,#1907);
#1905 = CARTESIAN_POINT('',(51.65,45.65,-23.904));
#1906 = DIRECTION('',(0.,-0.,-1.));
#1907 = DIRECTION('',(1.110223024625E-16,1.,0.));
#1908 = DEFINITIONAL_REPRESENTATION('',(#1909),#1913);
#1909 = LINE('',#1910,#1911);
#1910 = CARTESIAN_POINT('',(-0.,-29.904));
#1911 = VECTOR('',#1912,1.);
#1912 = DIRECTION('',(-1.,0.));
#1913 = ( GEOMETRIC_REPRESENTATION_CONTEXT(2) 
PARAMETRIC_REPRESENTATION_CONTEXT() REPRESENTATION_CONTEXT('2D SPACE',''
  ) );
#1914 = ORIENTED_EDGE('',*,*,#1915,.T.);
#1915 = EDGE_CURVE('',#1887,#1916,#1918,.T.);
#1916 = VERTEX_POINT('',#1917);
#1917 = CARTESIAN_POINT('',(49.15,50.379957716513,6.));
#1918 = SURFACE_CURVE('',#1919,(#1923,#1930),.PCURVE_S1.);
#1919 = LINE('',#1920,#1921);
#1920 = CARTESIAN_POINT('',(49.15,48.825,6.));
#1921 = VECTOR('',#1922,1.);
#1922 = DIRECTION('',(1.110223024625E-16,1.,0.));
#1923 = PCURVE('',#1289,#1924);
#1924 = DEFINITIONAL_REPRESENTATION('',(#1925),#1929);
#1925 = LINE('',#1926,#1927);
#1926 = CARTESIAN_POINT('',(49.15,48.825));
#1927 = VECTOR('',#1928,1.);
#1928 = DIRECTION('',(1.110223024625E-16,1.));
#1929 = ( GEOMETRIC_REPRESENTATION_CONTEXT(2) 
PARAMETRIC_REPRESENTATION_CONTEXT() REPRESENTATION_CONTEXT('2D SPACE',''
  ) );
#1930 = PCURVE('',#1931,#1936);
#1931 = PLANE('',#1932);
#1932 = AXIS2_PLACEMENT_3D('',#1933,#1934,#1935);
#1933 = CARTESIAN_POINT('',(49.15,52.,-24.904));
#1934 = DIRECTION('',(1.,-1.110223024625E-16,0.));
#1935 = DIRECTION('',(-1.110223024625E-16,-1.,0.));
#1936 = DEFINITIONAL_REPRESENTATION('',(#1937),#1941);
#1937 = LINE('',#1938,#1939);
#1938 = CARTESIAN_POINT('',(3.175,-30.904));
#1939 = VECTOR('',#1940,1.);
#1940 = DIRECTION('',(-1.,0.));
#1941 = ( GEOMETRIC_REPRESENTATION_CONTEXT(2) 
PARAMETRIC_REPRESENTATION_CONTEXT() REPRESENTATION_CONTEXT('2D SPACE',''
  ) );
#1942 = ORIENTED_EDGE('',*,*,#1943,.T.);
#1943 = EDGE_CURVE('',#1916,#1944,#1946,.T.);
#1944 = VERTEX_POINT('',#1945);
#1945 = CARTESIAN_POINT('',(47.3,48.764482300479,6.));
#1946 = SURFACE_CURVE('',#1947,(#1952,#1959),.PCURVE_S1.);
#1947 = CIRCLE('',#1948,5.35);
#1948 = AXIS2_PLACEMENT_3D('',#1949,#1950,#1951);
#1949 = CARTESIAN_POINT('',(51.65,45.65,6.));
#1950 = DIRECTION('',(0.,-0.,1.));
#1951 = DIRECTION('',(1.110223024625E-16,1.,0.));
#1952 = PCURVE('',#1289,#1953);
#1953 = DEFINITIONAL_REPRESENTATION('',(#1954),#1958);
#1954 = CIRCLE('',#1955,5.35);
#1955 = AXIS2_PLACEMENT_2D('',#1956,#1957);
#1956 = CARTESIAN_POINT('',(51.65,45.65));
#1957 = DIRECTION('',(1.110223024625E-16,1.));
#1958 = ( GEOMETRIC_REPRESENTATION_CONTEXT(2) 
PARAMETRIC_REPRESENTATION_CONTEXT() REPRESENTATION_CONTEXT('2D SPACE',''
  ) );
#1959 = PCURVE('',#1846,#1960);
#1960 = DEFINITIONAL_REPRESENTATION('',(#1961),#1965);
#1961 = LINE('',#1962,#1963);
#1962 = CARTESIAN_POINT('',(-0.,-29.904));
#1963 = VECTOR('',#1964,1.);
#1964 = DIRECTION('',(-1.,0.));
#1965 = ( GEOMETRIC_REPRESENTATION_CONTEXT(2) 
PARAMETRIC_REPRESENTATION_CONTEXT() REPRESENTATION_CONTEXT('2D SPACE',''
  ) );
#1966 = ORIENTED_EDGE('',*,*,#1967,.T.);
#1967 = EDGE_CURVE('',#1944,#1968,#1970,.T.);
#1968 = VERTEX_POINT('',#1969);
#1969 = CARTESIAN_POINT('',(47.3,50.904504061416,6.));
#1970 = SURFACE_CURVE('',#1971,(#1975,#1982),.PCURVE_S1.);
#1971 = LINE('',#1972,#1973);
#1972 = CARTESIAN_POINT('',(47.3,43.545560977863,6.));
#1973 = VECTOR('',#1974,1.);
#1974 = DIRECTION('',(1.110223024625E-16,1.,0.));
#1975 = PCURVE('',#1289,#1976);
#1976 = DEFINITIONAL_REPRESENTATION('',(#1977),#1981);
#1977 = LINE('',#1978,#1979);
#1978 = CARTESIAN_POINT('',(47.3,43.545560977863));
#1979 = VECTOR('',#1980,1.);
#1980 = DIRECTION('',(1.110223024625E-16,1.));
#1981 = ( GEOMETRIC_REPRESENTATION_CONTEXT(2) 
PARAMETRIC_REPRESENTATION_CONTEXT() REPRESENTATION_CONTEXT('2D SPACE',''
  ) );
#1982 = PCURVE('',#1983,#1988);
#1983 = PLANE('',#1984);
#1984 = AXIS2_PLACEMENT_3D('',#1985,#1986,#1987);
#1985 = CARTESIAN_POINT('',(47.3,39.091121955725,14.816729638185));
#1986 = DIRECTION('',(-1.,1.110223024625E-16,0.));
#1987 = DIRECTION('',(9.676231232676E-18,8.715574274766E-02,
    -0.996194698092));
#1988 = DEFINITIONAL_REPRESENTATION('',(#1989),#1993);
#1989 = LINE('',#1990,#1991);
#1990 = CARTESIAN_POINT('',(9.171409261567,-3.669059916605));
#1991 = VECTOR('',#1992,1.);
#1992 = DIRECTION('',(8.715574274766E-02,-0.996194698092));
#1993 = ( GEOMETRIC_REPRESENTATION_CONTEXT(2) 
PARAMETRIC_REPRESENTATION_CONTEXT() REPRESENTATION_CONTEXT('2D SPACE',''
  ) );
#1994 = ORIENTED_EDGE('',*,*,#1995,.F.);
#1995 = EDGE_CURVE('',#1996,#1968,#1998,.T.);
#1996 = VERTEX_POINT('',#1997);
#1997 = CARTESIAN_POINT('',(44.243158097472,50.904504061416,6.));
#1998 = SURFACE_CURVE('',#1999,(#2003,#2010),.PCURVE_S1.);
#1999 = LINE('',#2000,#2001);
#2000 = CARTESIAN_POINT('',(100.,50.904504061416,6.));
#2001 = VECTOR('',#2002,1.);
#2002 = DIRECTION('',(1.,-1.110223024625E-16,0.));
#2003 = PCURVE('',#1289,#2004);
#2004 = DEFINITIONAL_REPRESENTATION('',(#2005),#2009);
#2005 = LINE('',#2006,#2007);
#2006 = CARTESIAN_POINT('',(100.,50.904504061416));
#2007 = VECTOR('',#2008,1.);
#2008 = DIRECTION('',(1.,-1.110223024625E-16));
#2009 = ( GEOMETRIC_REPRESENTATION_CONTEXT(2) 
PARAMETRIC_REPRESENTATION_CONTEXT() REPRESENTATION_CONTEXT('2D SPACE',''
  ) );
#2010 = PCURVE('',#2011,#2016);
#2011 = PLANE('',#2012);
#2012 = AXIS2_PLACEMENT_3D('',#2013,#2014,#2015);
#2013 = CARTESIAN_POINT('',(6.595690260291E-15,51.764052873295,
    -3.824687876546));
#2014 = DIRECTION('',(1.105998290831E-16,0.996194698092,
    8.715574274766E-02));
#2015 = DIRECTION('',(-9.676231232676E-18,-8.715574274766E-02,
    0.996194698092));
#2016 = DEFINITIONAL_REPRESENTATION('',(#2017),#2021);
#2017 = LINE('',#2018,#2019);
#2018 = CARTESIAN_POINT('',(9.862216588148,100.));
#2019 = VECTOR('',#2020,1.);
#2020 = DIRECTION('',(0.,1.));
#2021 = ( GEOMETRIC_REPRESENTATION_CONTEXT(2) 
PARAMETRIC_REPRESENTATION_CONTEXT() REPRESENTATION_CONTEXT('2D SPACE',''
  ) );
#2022 = ORIENTED_EDGE('',*,*,#2023,.T.);
#2023 = EDGE_CURVE('',#1996,#2024,#2026,.T.);
#2024 = VERTEX_POINT('',#2025);
#2025 = CARTESIAN_POINT('',(44.789724695498,52.912143736503,6.));
#2026 = SURFACE_CURVE('',#2027,(#2032,#2039),.PCURVE_S1.);
#2027 = ELLIPSE('',#2028,45.894852982679,4.);
#2028 = AXIS2_PLACEMENT_3D('',#2029,#2030,#2031);
#2029 = CARTESIAN_POINT('',(43.3,95.505312517639,6.));
#2030 = DIRECTION('',(0.,-0.,1.));
#2031 = DIRECTION('',(1.110223024625E-16,1.,0.));
#2032 = PCURVE('',#1289,#2033);
#2033 = DEFINITIONAL_REPRESENTATION('',(#2034),#2038);
#2034 = ELLIPSE('',#2035,45.894852982679,4.);
#2035 = AXIS2_PLACEMENT_2D('',#2036,#2037);
#2036 = CARTESIAN_POINT('',(43.3,95.505312517639));
#2037 = DIRECTION('',(1.110223024625E-16,1.));
#2038 = ( GEOMETRIC_REPRESENTATION_CONTEXT(2) 
PARAMETRIC_REPRESENTATION_CONTEXT() REPRESENTATION_CONTEXT('2D SPACE',''
  ) );
#2039 = PCURVE('',#2040,#2045);
#2040 = CYLINDRICAL_SURFACE('',#2041,4.);
#2041 = AXIS2_PLACEMENT_3D('',#2042,#2043,#2044);
#2042 = CARTESIAN_POINT('',(43.3,51.243297310377,2.127575444553));
#2043 = DIRECTION('',(1.105998290831E-16,0.996194698092,
    8.715574274766E-02));
#2044 = DIRECTION('',(-9.676231232676E-18,-8.715574274766E-02,
    0.996194698092));
#2045 = DEFINITIONAL_REPRESENTATION('',(#2046),#2053);
#2046 = B_SPLINE_CURVE_WITH_KNOTS('',5,(#2047,#2048,#2049,#2050,#2051,
    #2052),.UNSPECIFIED.,.F.,.F.,(6,6),(3.379623517628,3.523219967583),
  .PIECEWISE_BEZIER_KNOTS.);
#2047 = CARTESIAN_POINT('',(0.238030864038,-6.000000212225E-07));
#2048 = CARTESIAN_POINT('',(0.266750154029,0.309603222983));
#2049 = CARTESIAN_POINT('',(0.29546944402,0.665015355307));
#2050 = CARTESIAN_POINT('',(0.324188734011,1.06570387244));
#2051 = CARTESIAN_POINT('',(0.352908024003,1.510979079161));
#2052 = CARTESIAN_POINT('',(0.381627313994,2.0000006));
#2053 = ( GEOMETRIC_REPRESENTATION_CONTEXT(2) 
PARAMETRIC_REPRESENTATION_CONTEXT() REPRESENTATION_CONTEXT('2D SPACE',''
  ) );
#2054 = ORIENTED_EDGE('',*,*,#2055,.F.);
#2055 = EDGE_CURVE('',#2056,#2024,#2058,.T.);
#2056 = VERTEX_POINT('',#2057);
#2057 = CARTESIAN_POINT('',(43.3,53.228698640132,6.));
#2058 = SURFACE_CURVE('',#2059,(#2064,#2071),.PCURVE_S1.);
#2059 = HYPERBOLA('',#2060,3.401161382733,3.375226862958);
#2060 = AXIS2_PLACEMENT_3D('',#2061,#2062,#2063);
#2061 = CARTESIAN_POINT('',(43.3,56.629860022865,6.));
#2062 = DIRECTION('',(0.,0.,1.));
#2063 = DIRECTION('',(-1.110223024625E-16,-1.,0.));
#2064 = PCURVE('',#1289,#2065);
#2065 = DEFINITIONAL_REPRESENTATION('',(#2066),#2070);
#2066 = HYPERBOLA('',#2067,3.401161382733,3.375226862958);
#2067 = AXIS2_PLACEMENT_2D('',#2068,#2069);
#2068 = CARTESIAN_POINT('',(43.3,56.629860022865));
#2069 = DIRECTION('',(-1.110223024625E-16,-1.));
#2070 = ( GEOMETRIC_REPRESENTATION_CONTEXT(2) 
PARAMETRIC_REPRESENTATION_CONTEXT() REPRESENTATION_CONTEXT('2D SPACE',''
  ) );
#2071 = PCURVE('',#2072,#2077);
#2072 = CONICAL_SURFACE('',#2073,4.,0.785398163397);
#2073 = AXIS2_PLACEMENT_3D('',#2074,#2075,#2076);
#2074 = CARTESIAN_POINT('',(43.3,53.235686706561,2.301886930048));
#2075 = DIRECTION('',(-1.105998290831E-16,-0.996194698092,
    -8.715574274766E-02));
#2076 = DIRECTION('',(-9.676231232676E-18,-8.715574274766E-02,
    0.996194698092));
#2077 = DEFINITIONAL_REPRESENTATION('',(#2078),#2086);
#2078 = B_SPLINE_CURVE_WITH_KNOTS('',6,(#2079,#2080,#2081,#2082,#2083,
    #2084,#2085),.UNSPECIFIED.,.F.,.F.,(7,7),(0.,0.428167339808),
  .PIECEWISE_BEZIER_KNOTS.);
#2079 = CARTESIAN_POINT('',(0.,-0.31535031665));
#2080 = CARTESIAN_POINT('',(-6.53685800712E-02,-0.31535031665));
#2081 = CARTESIAN_POINT('',(-0.13073707987,-0.294645216939));
#2082 = CARTESIAN_POINT('',(-0.195555120491,-0.253235031666));
#2083 = CARTESIAN_POINT('',(-0.259269378294,-0.190803396377));
#2084 = CARTESIAN_POINT('',(-0.321412199292,-0.106717784371));
#2085 = CARTESIAN_POINT('',(-0.381627278757,-3.774758283726E-15));
#2086 = ( GEOMETRIC_REPRESENTATION_CONTEXT(2) 
PARAMETRIC_REPRESENTATION_CONTEXT() REPRESENTATION_CONTEXT('2D SPACE',''
  ) );
#2087 = ORIENTED_EDGE('',*,*,#2088,.F.);
#2088 = EDGE_CURVE('',#2089,#2056,#2091,.T.);
#2089 = VERTEX_POINT('',#2090);
#2090 = CARTESIAN_POINT('',(-43.3,53.228698640132,6.));
#2091 = SURFACE_CURVE('',#2092,(#2096,#2103),.PCURVE_S1.);
#2092 = LINE('',#2093,#2094);
#2093 = CARTESIAN_POINT('',(78.35,53.228698640132,6.));
#2094 = VECTOR('',#2095,1.);
#2095 = DIRECTION('',(1.,-1.080827407907E-16,0.));
#2096 = PCURVE('',#1289,#2097);
#2097 = DEFINITIONAL_REPRESENTATION('',(#2098),#2102);
#2098 = LINE('',#2099,#2100);
#2099 = CARTESIAN_POINT('',(78.35,53.228698640132));
#2100 = VECTOR('',#2101,1.);
#2101 = DIRECTION('',(1.,-1.080827407907E-16));
#2102 = ( GEOMETRIC_REPRESENTATION_CONTEXT(2) 
PARAMETRIC_REPRESENTATION_CONTEXT() REPRESENTATION_CONTEXT('2D SPACE',''
  ) );
#2103 = PCURVE('',#2104,#2109);
#2104 = PLANE('',#2105);
#2105 = AXIS2_PLACEMENT_3D('',#2106,#2107,#2108);
#2106 = CARTESIAN_POINT('',(-43.3,53.15790134578,6.059405983579));
#2107 = DIRECTION('',(-6.947424660125E-17,-0.642787609687,
    -0.766044443119));
#2108 = DIRECTION('',(-1.,1.098077463904E-16,-1.447451562408E-18));
#2109 = DEFINITIONAL_REPRESENTATION('',(#2110),#2114);
#2110 = LINE('',#2111,#2112);
#2111 = CARTESIAN_POINT('',(-121.65,9.24193041117E-02));
#2112 = VECTOR('',#2113,1.);
#2113 = DIRECTION('',(-1.,2.251834883864E-18));
#2114 = ( GEOMETRIC_REPRESENTATION_CONTEXT(2) 
PARAMETRIC_REPRESENTATION_CONTEXT() REPRESENTATION_CONTEXT('2D SPACE',''
  ) );
#2115 = ORIENTED_EDGE('',*,*,#2116,.F.);
#2116 = EDGE_CURVE('',#2117,#2089,#2119,.T.);
#2117 = VERTEX_POINT('',#2118);
#2118 = CARTESIAN_POINT('',(-44.78972469549,52.912143736503,6.));
#2119 = SURFACE_CURVE('',#2120,(#2125,#2132),.PCURVE_S1.);
#2120 = HYPERBOLA('',#2121,3.401161382733,3.375226862958);
#2121 = AXIS2_PLACEMENT_3D('',#2122,#2123,#2124);
#2122 = CARTESIAN_POINT('',(-43.3,56.629860022865,6.));
#2123 = DIRECTION('',(0.,0.,1.));
#2124 = DIRECTION('',(-1.110223024625E-16,-1.,0.));
#2125 = PCURVE('',#1289,#2126);
#2126 = DEFINITIONAL_REPRESENTATION('',(#2127),#2131);
#2127 = HYPERBOLA('',#2128,3.401161382733,3.375226862958);
#2128 = AXIS2_PLACEMENT_2D('',#2129,#2130);
#2129 = CARTESIAN_POINT('',(-43.3,56.629860022865));
#2130 = DIRECTION('',(-1.110223024625E-16,-1.));
#2131 = ( GEOMETRIC_REPRESENTATION_CONTEXT(2) 
PARAMETRIC_REPRESENTATION_CONTEXT() REPRESENTATION_CONTEXT('2D SPACE',''
  ) );
#2132 = PCURVE('',#2133,#2138);
#2133 = CONICAL_SURFACE('',#2134,4.,0.785398163397);
#2134 = AXIS2_PLACEMENT_3D('',#2135,#2136,#2137);
#2135 = CARTESIAN_POINT('',(-43.3,53.235686706561,2.301886930048));
#2136 = DIRECTION('',(-1.105998290831E-16,-0.996194698092,
    -8.715574274766E-02));
#2137 = DIRECTION('',(-1.,1.110223024625E-16,0.));
#2138 = DEFINITIONAL_REPRESENTATION('',(#2139),#2147);
#2139 = B_SPLINE_CURVE_WITH_KNOTS('',6,(#2140,#2141,#2142,#2143,#2144,
    #2145,#2146),.UNSPECIFIED.,.F.,.F.,(7,7),(-0.428167339808,0.),
  .PIECEWISE_BEZIER_KNOTS.);
#2140 = CARTESIAN_POINT('',(-1.189169048038,-3.552713678801E-15));
#2141 = CARTESIAN_POINT('',(-1.249384127503,-0.106717784371));
#2142 = CARTESIAN_POINT('',(-1.311526948501,-0.190803396377));
#2143 = CARTESIAN_POINT('',(-1.375241206304,-0.253235031666));
#2144 = CARTESIAN_POINT('',(-1.440059246925,-0.294645216939));
#2145 = CARTESIAN_POINT('',(-1.505427746724,-0.31535031665));
#2146 = CARTESIAN_POINT('',(-1.570796326795,-0.31535031665));
#2147 = ( GEOMETRIC_REPRESENTATION_CONTEXT(2) 
PARAMETRIC_REPRESENTATION_CONTEXT() REPRESENTATION_CONTEXT('2D SPACE',''
  ) );
#2148 = ORIENTED_EDGE('',*,*,#2149,.T.);
#2149 = EDGE_CURVE('',#2117,#2150,#2152,.T.);
#2150 = VERTEX_POINT('',#2151);
#2151 = CARTESIAN_POINT('',(-44.24315809747,50.904504061416,6.));
#2152 = SURFACE_CURVE('',#2153,(#2158,#2165),.PCURVE_S1.);
#2153 = ELLIPSE('',#2154,45.894852982679,4.);
#2154 = AXIS2_PLACEMENT_3D('',#2155,#2156,#2157);
#2155 = CARTESIAN_POINT('',(-43.3,95.505312517639,6.));
#2156 = DIRECTION('',(0.,-0.,1.));
#2157 = DIRECTION('',(1.110223024625E-16,1.,0.));
#2158 = PCURVE('',#1289,#2159);
#2159 = DEFINITIONAL_REPRESENTATION('',(#2160),#2164);
#2160 = ELLIPSE('',#2161,45.894852982679,4.);
#2161 = AXIS2_PLACEMENT_2D('',#2162,#2163);
#2162 = CARTESIAN_POINT('',(-43.3,95.505312517639));
#2163 = DIRECTION('',(1.110223024625E-16,1.));
#2164 = ( GEOMETRIC_REPRESENTATION_CONTEXT(2) 
PARAMETRIC_REPRESENTATION_CONTEXT() REPRESENTATION_CONTEXT('2D SPACE',''
  ) );
#2165 = PCURVE('',#2166,#2171);
#2166 = CYLINDRICAL_SURFACE('',#2167,4.);
#2167 = AXIS2_PLACEMENT_3D('',#2168,#2169,#2170);
#2168 = CARTESIAN_POINT('',(-43.3,51.243297310377,2.127575444553));
#2169 = DIRECTION('',(1.105998290831E-16,0.996194698092,
    8.715574274766E-02));
#2170 = DIRECTION('',(-1.,1.110223024625E-16,0.));
#2171 = DEFINITIONAL_REPRESENTATION('',(#2172),#2179);
#2172 = B_SPLINE_CURVE_WITH_KNOTS('',5,(#2173,#2174,#2175,#2176,#2177,
    #2178),.UNSPECIFIED.,.F.,.F.,(6,6),(2.759965339596,2.903561789552),
  .PIECEWISE_BEZIER_KNOTS.);
#2173 = CARTESIAN_POINT('',(1.189169012801,2.0000006));
#2174 = CARTESIAN_POINT('',(1.217888302792,1.510979079161));
#2175 = CARTESIAN_POINT('',(1.246607592783,1.06570387244));
#2176 = CARTESIAN_POINT('',(1.275326882775,0.665015355307));
#2177 = CARTESIAN_POINT('',(1.304046172766,0.309603222983));
#2178 = CARTESIAN_POINT('',(1.332765462757,-6.000000212225E-07));
#2179 = ( GEOMETRIC_REPRESENTATION_CONTEXT(2) 
PARAMETRIC_REPRESENTATION_CONTEXT() REPRESENTATION_CONTEXT('2D SPACE',''
  ) );
#2180 = ORIENTED_EDGE('',*,*,#2181,.F.);
#2181 = EDGE_CURVE('',#2182,#2150,#2184,.T.);
#2182 = VERTEX_POINT('',#2183);
#2183 = CARTESIAN_POINT('',(-47.3,50.904504061416,6.));
#2184 = SURFACE_CURVE('',#2185,(#2189,#2196),.PCURVE_S1.);
#2185 = LINE('',#2186,#2187);
#2186 = CARTESIAN_POINT('',(100.,50.904504061416,6.));
#2187 = VECTOR('',#2188,1.);
#2188 = DIRECTION('',(1.,-1.110223024625E-16,0.));
#2189 = PCURVE('',#1289,#2190);
#2190 = DEFINITIONAL_REPRESENTATION('',(#2191),#2195);
#2191 = LINE('',#2192,#2193);
#2192 = CARTESIAN_POINT('',(100.,50.904504061416));
#2193 = VECTOR('',#2194,1.);
#2194 = DIRECTION('',(1.,-1.110223024625E-16));
#2195 = ( GEOMETRIC_REPRESENTATION_CONTEXT(2) 
PARAMETRIC_REPRESENTATION_CONTEXT() REPRESENTATION_CONTEXT('2D SPACE',''
  ) );
#2196 = PCURVE('',#2197,#2202);
#2197 = PLANE('',#2198);
#2198 = AXIS2_PLACEMENT_3D('',#2199,#2200,#2201);
#2199 = CARTESIAN_POINT('',(6.595690260291E-15,51.764052873295,
    -3.824687876546));
#2200 = DIRECTION('',(1.105998290831E-16,0.996194698092,
    8.715574274766E-02));
#2201 = DIRECTION('',(-9.676231232676E-18,-8.715574274766E-02,
    0.996194698092));
#2202 = DEFINITIONAL_REPRESENTATION('',(#2203),#2207);
#2203 = LINE('',#2204,#2205);
#2204 = CARTESIAN_POINT('',(9.862216588148,100.));
#2205 = VECTOR('',#2206,1.);
#2206 = DIRECTION('',(0.,1.));
#2207 = ( GEOMETRIC_REPRESENTATION_CONTEXT(2) 
PARAMETRIC_REPRESENTATION_CONTEXT() REPRESENTATION_CONTEXT('2D SPACE',''
  ) );
#2208 = ORIENTED_EDGE('',*,*,#2209,.T.);
#2209 = EDGE_CURVE('',#2182,#2210,#2212,.T.);
#2210 = VERTEX_POINT('',#2211);
#2211 = CARTESIAN_POINT('',(-47.3,48.,6.));
#2212 = SURFACE_CURVE('',#2213,(#2217,#2224),.PCURVE_S1.);
#2213 = LINE('',#2214,#2215);
#2214 = CARTESIAN_POINT('',(-47.3,45.260350216423,6.));
#2215 = VECTOR('',#2216,1.);
#2216 = DIRECTION('',(-1.110223024625E-16,-1.,0.));
#2217 = PCURVE('',#1289,#2218);
#2218 = DEFINITIONAL_REPRESENTATION('',(#2219),#2223);
#2219 = LINE('',#2220,#2221);
#2220 = CARTESIAN_POINT('',(-47.3,45.260350216423));
#2221 = VECTOR('',#2222,1.);
#2222 = DIRECTION('',(-1.110223024625E-16,-1.));
#2223 = ( GEOMETRIC_REPRESENTATION_CONTEXT(2) 
PARAMETRIC_REPRESENTATION_CONTEXT() REPRESENTATION_CONTEXT('2D SPACE',''
  ) );
#2224 = PCURVE('',#2225,#2230);
#2225 = PLANE('',#2226);
#2226 = AXIS2_PLACEMENT_3D('',#2227,#2228,#2229);
#2227 = CARTESIAN_POINT('',(-47.3,42.520700432846,-24.38353173172));
#2228 = DIRECTION('',(1.,-1.110223024625E-16,0.));
#2229 = DIRECTION('',(-9.676231232676E-18,-8.715574274766E-02,
    0.996194698092));
#2230 = DEFINITIONAL_REPRESENTATION('',(#2231),#2235);
#2231 = LINE('',#2232,#2233);
#2232 = CARTESIAN_POINT('',(30.029137008691,-5.377323864403));
#2233 = VECTOR('',#2234,1.);
#2234 = DIRECTION('',(8.715574274766E-02,0.996194698092));
#2235 = ( GEOMETRIC_REPRESENTATION_CONTEXT(2) 
PARAMETRIC_REPRESENTATION_CONTEXT() REPRESENTATION_CONTEXT('2D SPACE',''
  ) );
#2236 = ORIENTED_EDGE('',*,*,#2237,.F.);
#2237 = EDGE_CURVE('',#1357,#2210,#2238,.T.);
#2238 = SURFACE_CURVE('',#2239,(#2243,#2250),.PCURVE_S1.);
#2239 = LINE('',#2240,#2241);
#2240 = CARTESIAN_POINT('',(200.,48.,6.));
#2241 = VECTOR('',#2242,1.);
#2242 = DIRECTION('',(-1.,1.110223024625E-16,0.));
#2243 = PCURVE('',#1289,#2244);
#2244 = DEFINITIONAL_REPRESENTATION('',(#2245),#2249);
#2245 = LINE('',#2246,#2247);
#2246 = CARTESIAN_POINT('',(200.,48.));
#2247 = VECTOR('',#2248,1.);
#2248 = DIRECTION('',(-1.,1.110223024625E-16));
#2249 = ( GEOMETRIC_REPRESENTATION_CONTEXT(2) 
PARAMETRIC_REPRESENTATION_CONTEXT() REPRESENTATION_CONTEXT('2D SPACE',''
  ) );
#2250 = PCURVE('',#1372,#2251);
#2251 = DEFINITIONAL_REPRESENTATION('',(#2252),#2256);
#2252 = LINE('',#2253,#2254);
#2253 = CARTESIAN_POINT('',(106.,0.));
#2254 = VECTOR('',#2255,1.);
#2255 = DIRECTION('',(0.,-1.));
#2256 = ( GEOMETRIC_REPRESENTATION_CONTEXT(2) 
PARAMETRIC_REPRESENTATION_CONTEXT() REPRESENTATION_CONTEXT('2D SPACE',''
  ) );
#2257 = ORIENTED_EDGE('',*,*,#1384,.T.);
#2258 = FACE_BOUND('',#2259,.T.);
#2259 = EDGE_LOOP('',(#2260));
#2260 = ORIENTED_EDGE('',*,*,#2261,.T.);
#2261 = EDGE_CURVE('',#2262,#2262,#2264,.T.);
#2262 = VERTEX_POINT('',#2263);
#2263 = CARTESIAN_POINT('',(-14.37766952966,-17.67766952966,6.));
#2264 = SURFACE_CURVE('',#2265,(#2270,#2281),.PCURVE_S1.);
#2265 = CIRCLE('',#2266,3.3);
#2266 = AXIS2_PLACEMENT_3D('',#2267,#2268,#2269);
#2267 = CARTESIAN_POINT('',(-17.67766952966,-17.67766952966,6.));
#2268 = DIRECTION('',(0.,0.,-1.));
#2269 = DIRECTION('',(1.,0.,0.));
#2270 = PCURVE('',#1289,#2271);
#2271 = DEFINITIONAL_REPRESENTATION('',(#2272),#2280);
#2272 = ( BOUNDED_CURVE() B_SPLINE_CURVE(2,(#2273,#2274,#2275,#2276,
#2277,#2278,#2279),.UNSPECIFIED.,.T.,.F.) B_SPLINE_CURVE_WITH_KNOTS((1,2
    ,2,2,2,1),(-2.094395102393,0.,2.094395102393,4.188790204786,
6.28318530718,8.377580409573),.UNSPECIFIED.) CURVE() 
GEOMETRIC_REPRESENTATION_ITEM() RATIONAL_B_SPLINE_CURVE((1.,0.5,1.,0.5,
1.,0.5,1.)) REPRESENTATION_ITEM('') );
#2273 = CARTESIAN_POINT('',(-14.37766952966,-17.67766952966));
#2274 = CARTESIAN_POINT('',(-14.37766952966,-23.39343719464));
#2275 = CARTESIAN_POINT('',(-19.32766952966,-20.53555336215));
#2276 = CARTESIAN_POINT('',(-24.27766952966,-17.67766952966));
#2277 = CARTESIAN_POINT('',(-19.32766952966,-14.81978569717));
#2278 = CARTESIAN_POINT('',(-14.37766952966,-11.96190186468));
#2279 = CARTESIAN_POINT('',(-14.37766952966,-17.67766952966));
#2280 = ( GEOMETRIC_REPRESENTATION_CONTEXT(2) 
PARAMETRIC_REPRESENTATION_CONTEXT() REPRESENTATION_CONTEXT('2D SPACE',''
  ) );
#2281 = PCURVE('',#1533,#2282);
#2282 = DEFINITIONAL_REPRESENTATION('',(#2283),#2287);
#2283 = LINE('',#2284,#2285);
#2284 = CARTESIAN_POINT('',(-6.28318530718,-26.));
#2285 = VECTOR('',#2286,1.);
#2286 = DIRECTION('',(1.,-0.));
#2287 = ( GEOMETRIC_REPRESENTATION_CONTEXT(2) 
PARAMETRIC_REPRESENTATION_CONTEXT() REPRESENTATION_CONTEXT('2D SPACE',''
  ) );
#2288 = FACE_BOUND('',#2289,.T.);
#2289 = EDGE_LOOP('',(#2290));
#2290 = ORIENTED_EDGE('',*,*,#2291,.T.);
#2291 = EDGE_CURVE('',#2292,#2292,#2294,.T.);
#2292 = VERTEX_POINT('',#2293);
#2293 = CARTESIAN_POINT('',(20.977669529664,-17.67766952966,6.));
#2294 = SURFACE_CURVE('',#2295,(#2300,#2311),.PCURVE_S1.);
#2295 = CIRCLE('',#2296,3.3);
#2296 = AXIS2_PLACEMENT_3D('',#2297,#2298,#2299);
#2297 = CARTESIAN_POINT('',(17.677669529664,-17.67766952966,6.));
#2298 = DIRECTION('',(0.,0.,-1.));
#2299 = DIRECTION('',(1.,0.,0.));
#2300 = PCURVE('',#1289,#2301);
#2301 = DEFINITIONAL_REPRESENTATION('',(#2302),#2310);
#2302 = ( BOUNDED_CURVE() B_SPLINE_CURVE(2,(#2303,#2304,#2305,#2306,
#2307,#2308,#2309),.UNSPECIFIED.,.T.,.F.) B_SPLINE_CURVE_WITH_KNOTS((1,2
    ,2,2,2,1),(-2.094395102393,0.,2.094395102393,4.188790204786,
6.28318530718,8.377580409573),.UNSPECIFIED.) CURVE() 
GEOMETRIC_REPRESENTATION_ITEM() RATIONAL_B_SPLINE_CURVE((1.,0.5,1.,0.5,
1.,0.5,1.)) REPRESENTATION_ITEM('') );
#2303 = CARTESIAN_POINT('',(20.977669529664,-17.67766952966));
#2304 = CARTESIAN_POINT('',(20.977669529664,-23.39343719464));
#2305 = CARTESIAN_POINT('',(16.027669529664,-20.53555336215));
#2306 = CARTESIAN_POINT('',(11.077669529664,-17.67766952966));
#2307 = CARTESIAN_POINT('',(16.027669529664,-14.81978569717));
#2308 = CARTESIAN_POINT('',(20.977669529664,-11.96190186468));
#2309 = CARTESIAN_POINT('',(20.977669529664,-17.67766952966));
#2310 = ( GEOMETRIC_REPRESENTATION_CONTEXT(2) 
PARAMETRIC_REPRESENTATION_CONTEXT() REPRESENTATION_CONTEXT('2D SPACE',''
  ) );
#2311 = PCURVE('',#1568,#2312);
#2312 = DEFINITIONAL_REPRESENTATION('',(#2313),#2317);
#2313 = LINE('',#2314,#2315);
#2314 = CARTESIAN_POINT('',(-6.28318530718,-26.));
#2315 = VECTOR('',#2316,1.);
#2316 = DIRECTION('',(1.,-0.));
#2317 = ( GEOMETRIC_REPRESENTATION_CONTEXT(2) 
PARAMETRIC_REPRESENTATION_CONTEXT() REPRESENTATION_CONTEXT('2D SPACE',''
  ) );
#2318 = FACE_BOUND('',#2319,.T.);
#2319 = EDGE_LOOP('',(#2320));
#2320 = ORIENTED_EDGE('',*,*,#2321,.T.);
#2321 = EDGE_CURVE('',#2322,#2322,#2324,.T.);
#2322 = VERTEX_POINT('',#2323);
#2323 = CARTESIAN_POINT('',(15.85,0.,6.));
#2324 = SURFACE_CURVE('',#2325,(#2330,#2341),.PCURVE_S1.);
#2325 = CIRCLE('',#2326,15.85);
#2326 = AXIS2_PLACEMENT_3D('',#2327,#2328,#2329);
#2327 = CARTESIAN_POINT('',(0.,0.,6.));
#2328 = DIRECTION('',(0.,0.,-1.));
#2329 = DIRECTION('',(1.,0.,0.));
#2330 = PCURVE('',#1289,#2331);
#2331 = DEFINITIONAL_REPRESENTATION('',(#2332),#2340);
#2332 = ( BOUNDED_CURVE() B_SPLINE_CURVE(2,(#2333,#2334,#2335,#2336,
#2337,#2338,#2339),.UNSPECIFIED.,.T.,.F.) B_SPLINE_CURVE_WITH_KNOTS((1,2
    ,2,2,2,1),(-2.094395102393,0.,2.094395102393,4.188790204786,
6.28318530718,8.377580409573),.UNSPECIFIED.) CURVE() 
GEOMETRIC_REPRESENTATION_ITEM() RATIONAL_B_SPLINE_CURVE((1.,0.5,1.,0.5,
1.,0.5,1.)) REPRESENTATION_ITEM('') );
#2333 = CARTESIAN_POINT('',(15.85,-1.492411923833E-15));
#2334 = CARTESIAN_POINT('',(15.85,-27.45300529996));
#2335 = CARTESIAN_POINT('',(-7.925,-13.72650264998));
#2336 = CARTESIAN_POINT('',(-31.7,-5.37454227713E-15));
#2337 = CARTESIAN_POINT('',(-7.925,13.726502649983));
#2338 = CARTESIAN_POINT('',(15.85,27.453005299967));
#2339 = CARTESIAN_POINT('',(15.85,-1.492411923833E-15));
#2340 = ( GEOMETRIC_REPRESENTATION_CONTEXT(2) 
PARAMETRIC_REPRESENTATION_CONTEXT() REPRESENTATION_CONTEXT('2D SPACE',''
  ) );
#2341 = PCURVE('',#2342,#2347);
#2342 = CYLINDRICAL_SURFACE('',#2343,15.85);
#2343 = AXIS2_PLACEMENT_3D('',#2344,#2345,#2346);
#2344 = CARTESIAN_POINT('',(0.,0.,2.));
#2345 = DIRECTION('',(-0.,-0.,-1.));
#2346 = DIRECTION('',(1.,0.,0.));
#2347 = DEFINITIONAL_REPRESENTATION('',(#2348),#2352);
#2348 = LINE('',#2349,#2350);
#2349 = CARTESIAN_POINT('',(-6.28318530718,-4.));
#2350 = VECTOR('',#2351,1.);
#2351 = DIRECTION('',(1.,-0.));
#2352 = ( GEOMETRIC_REPRESENTATION_CONTEXT(2) 
PARAMETRIC_REPRESENTATION_CONTEXT() REPRESENTATION_CONTEXT('2D SPACE',''
  ) );
#2353 = FACE_BOUND('',#2354,.T.);
#2354 = EDGE_LOOP('',(#2355));
#2355 = ORIENTED_EDGE('',*,*,#2356,.T.);
#2356 = EDGE_CURVE('',#2357,#2357,#2359,.T.);
#2357 = VERTEX_POINT('',#2358);
#2358 = CARTESIAN_POINT('',(-14.37766952966,17.677669529664,6.));
#2359 = SURFACE_CURVE('',#2360,(#2365,#2376),.PCURVE_S1.);
#2360 = CIRCLE('',#2361,3.3);
#2361 = AXIS2_PLACEMENT_3D('',#2362,#2363,#2364);
#2362 = CARTESIAN_POINT('',(-17.67766952966,17.677669529664,6.));
#2363 = DIRECTION('',(0.,0.,-1.));
#2364 = DIRECTION('',(1.,0.,0.));
#2365 = PCURVE('',#1289,#2366);
#2366 = DEFINITIONAL_REPRESENTATION('',(#2367),#2375);
#2367 = ( BOUNDED_CURVE() B_SPLINE_CURVE(2,(#2368,#2369,#2370,#2371,
#2372,#2373,#2374),.UNSPECIFIED.,.T.,.F.) B_SPLINE_CURVE_WITH_KNOTS((1,2
    ,2,2,2,1),(-2.094395102393,0.,2.094395102393,4.188790204786,
6.28318530718,8.377580409573),.UNSPECIFIED.) CURVE() 
GEOMETRIC_REPRESENTATION_ITEM() RATIONAL_B_SPLINE_CURVE((1.,0.5,1.,0.5,
1.,0.5,1.)) REPRESENTATION_ITEM('') );
#2368 = CARTESIAN_POINT('',(-14.37766952966,17.677669529664));
#2369 = CARTESIAN_POINT('',(-14.37766952966,11.961901864686));
#2370 = CARTESIAN_POINT('',(-19.32766952966,14.819785697175));
#2371 = CARTESIAN_POINT('',(-24.27766952966,17.677669529664));
#2372 = CARTESIAN_POINT('',(-19.32766952966,20.535553362152));
#2373 = CARTESIAN_POINT('',(-14.37766952966,23.393437194641));
#2374 = CARTESIAN_POINT('',(-14.37766952966,17.677669529664));
#2375 = ( GEOMETRIC_REPRESENTATION_CONTEXT(2) 
PARAMETRIC_REPRESENTATION_CONTEXT() REPRESENTATION_CONTEXT('2D SPACE',''
  ) );
#2376 = PCURVE('',#1634,#2377);
#2377 = DEFINITIONAL_REPRESENTATION('',(#2378),#2382);
#2378 = LINE('',#2379,#2380);
#2379 = CARTESIAN_POINT('',(-6.28318530718,-26.));
#2380 = VECTOR('',#2381,1.);
#2381 = DIRECTION('',(1.,-0.));
#2382 = ( GEOMETRIC_REPRESENTATION_CONTEXT(2) 
PARAMETRIC_REPRESENTATION_CONTEXT() REPRESENTATION_CONTEXT('2D SPACE',''
  ) );
#2383 = FACE_BOUND('',#2384,.T.);
#2384 = EDGE_LOOP('',(#2385,#2408,#2436,#2457));
#2385 = ORIENTED_EDGE('',*,*,#2386,.F.);
#2386 = EDGE_CURVE('',#2387,#2389,#2391,.T.);
#2387 = VERTEX_POINT('',#2388);
#2388 = CARTESIAN_POINT('',(-3.1,26.4,6.));
#2389 = VERTEX_POINT('',#2390);
#2390 = CARTESIAN_POINT('',(-3.1,23.6,6.));
#2391 = SURFACE_CURVE('',#2392,(#2396,#2402),.PCURVE_S1.);
#2392 = LINE('',#2393,#2394);
#2393 = CARTESIAN_POINT('',(-3.1,11.8,6.));
#2394 = VECTOR('',#2395,1.);
#2395 = DIRECTION('',(-1.110223024625E-16,-1.,0.));
#2396 = PCURVE('',#1289,#2397);
#2397 = DEFINITIONAL_REPRESENTATION('',(#2398),#2401);
#2398 = B_SPLINE_CURVE_WITH_KNOTS('',1,(#2399,#2400),.UNSPECIFIED.,.F.,
  .F.,(2,2),(-14.6,-11.8),.PIECEWISE_BEZIER_KNOTS.);
#2399 = CARTESIAN_POINT('',(-3.1,26.4));
#2400 = CARTESIAN_POINT('',(-3.1,23.6));
#2401 = ( GEOMETRIC_REPRESENTATION_CONTEXT(2) 
PARAMETRIC_REPRESENTATION_CONTEXT() REPRESENTATION_CONTEXT('2D SPACE',''
  ) );
#2402 = PCURVE('',#1665,#2403);
#2403 = DEFINITIONAL_REPRESENTATION('',(#2404),#2407);
#2404 = B_SPLINE_CURVE_WITH_KNOTS('',1,(#2405,#2406),.UNSPECIFIED.,.F.,
  .F.,(2,2),(-14.6,-11.8),.PIECEWISE_BEZIER_KNOTS.);
#2405 = CARTESIAN_POINT('',(2.8,-26.));
#2406 = CARTESIAN_POINT('',(0.,-26.));
#2407 = ( GEOMETRIC_REPRESENTATION_CONTEXT(2) 
PARAMETRIC_REPRESENTATION_CONTEXT() REPRESENTATION_CONTEXT('2D SPACE',''
  ) );
#2408 = ORIENTED_EDGE('',*,*,#2409,.T.);
#2409 = EDGE_CURVE('',#2387,#2410,#2412,.T.);
#2410 = VERTEX_POINT('',#2411);
#2411 = CARTESIAN_POINT('',(3.1,26.4,6.));
#2412 = SURFACE_CURVE('',#2413,(#2418,#2429),.PCURVE_S1.);
#2413 = CIRCLE('',#2414,3.1);
#2414 = AXIS2_PLACEMENT_3D('',#2415,#2416,#2417);
#2415 = CARTESIAN_POINT('',(1.964931133798E-15,26.4,6.));
#2416 = DIRECTION('',(-0.,0.,-1.));
#2417 = DIRECTION('',(-1.,-3.223228136009E-17,0.));
#2418 = PCURVE('',#1289,#2419);
#2419 = DEFINITIONAL_REPRESENTATION('',(#2420),#2428);
#2420 = ( BOUNDED_CURVE() B_SPLINE_CURVE(2,(#2421,#2422,#2423,#2424,
#2425,#2426,#2427),.UNSPECIFIED.,.T.,.F.) B_SPLINE_CURVE_WITH_KNOTS((1,2
    ,2,2,2,1),(-2.094395102393,0.,2.094395102393,4.188790204786,
6.28318530718,8.377580409573),.UNSPECIFIED.) CURVE() 
GEOMETRIC_REPRESENTATION_ITEM() RATIONAL_B_SPLINE_CURVE((1.,0.5,1.,0.5,
1.,0.5,1.)) REPRESENTATION_ITEM('') );
#2421 = CARTESIAN_POINT('',(-3.1,26.4));
#2422 = CARTESIAN_POINT('',(-3.1,31.769357503464));
#2423 = CARTESIAN_POINT('',(1.55,29.084678751732));
#2424 = CARTESIAN_POINT('',(6.2,26.4));
#2425 = CARTESIAN_POINT('',(1.55,23.715321248268));
#2426 = CARTESIAN_POINT('',(-3.1,21.030642496536));
#2427 = CARTESIAN_POINT('',(-3.1,26.4));
#2428 = ( GEOMETRIC_REPRESENTATION_CONTEXT(2) 
PARAMETRIC_REPRESENTATION_CONTEXT() REPRESENTATION_CONTEXT('2D SPACE',''
  ) );
#2429 = PCURVE('',#1697,#2430);
#2430 = DEFINITIONAL_REPRESENTATION('',(#2431),#2435);
#2431 = LINE('',#2432,#2433);
#2432 = CARTESIAN_POINT('',(0.,-26.));
#2433 = VECTOR('',#2434,1.);
#2434 = DIRECTION('',(1.,0.));
#2435 = ( GEOMETRIC_REPRESENTATION_CONTEXT(2) 
PARAMETRIC_REPRESENTATION_CONTEXT() REPRESENTATION_CONTEXT('2D SPACE',''
  ) );
#2436 = ORIENTED_EDGE('',*,*,#2437,.F.);
#2437 = EDGE_CURVE('',#2438,#2410,#2440,.T.);
#2438 = VERTEX_POINT('',#2439);
#2439 = CARTESIAN_POINT('',(3.1,23.6,6.));
#2440 = SURFACE_CURVE('',#2441,(#2445,#2451),.PCURVE_S1.);
#2441 = LINE('',#2442,#2443);
#2442 = CARTESIAN_POINT('',(3.1,13.2,6.));
#2443 = VECTOR('',#2444,1.);
#2444 = DIRECTION('',(1.110223024625E-16,1.,-0.));
#2445 = PCURVE('',#1289,#2446);
#2446 = DEFINITIONAL_REPRESENTATION('',(#2447),#2450);
#2447 = B_SPLINE_CURVE_WITH_KNOTS('',1,(#2448,#2449),.UNSPECIFIED.,.F.,
  .F.,(2,2),(10.4,13.2),.PIECEWISE_BEZIER_KNOTS.);
#2448 = CARTESIAN_POINT('',(3.1,23.6));
#2449 = CARTESIAN_POINT('',(3.1,26.4));
#2450 = ( GEOMETRIC_REPRESENTATION_CONTEXT(2) 
PARAMETRIC_REPRESENTATION_CONTEXT() REPRESENTATION_CONTEXT('2D SPACE',''
  ) );
#2451 = PCURVE('',#1724,#2452);
#2452 = DEFINITIONAL_REPRESENTATION('',(#2453),#2456);
#2453 = B_SPLINE_CURVE_WITH_KNOTS('',1,(#2454,#2455),.UNSPECIFIED.,.F.,
  .F.,(2,2),(10.4,13.2),.PIECEWISE_BEZIER_KNOTS.);
#2454 = CARTESIAN_POINT('',(2.8,-26.));
#2455 = CARTESIAN_POINT('',(0.,-26.));
#2456 = ( GEOMETRIC_REPRESENTATION_CONTEXT(2) 
PARAMETRIC_REPRESENTATION_CONTEXT() REPRESENTATION_CONTEXT('2D SPACE',''
  ) );
#2457 = ORIENTED_EDGE('',*,*,#2458,.T.);
#2458 = EDGE_CURVE('',#2438,#2389,#2459,.T.);
#2459 = SURFACE_CURVE('',#2460,(#2465,#2476),.PCURVE_S1.);
#2460 = CIRCLE('',#2461,3.1);
#2461 = AXIS2_PLACEMENT_3D('',#2462,#2463,#2464);
#2462 = CARTESIAN_POINT('',(1.09668586407E-15,23.6,6.));
#2463 = DIRECTION('',(0.,0.,-1.));
#2464 = DIRECTION('',(1.,3.223228136009E-17,0.));
#2465 = PCURVE('',#1289,#2466);
#2466 = DEFINITIONAL_REPRESENTATION('',(#2467),#2475);
#2467 = ( BOUNDED_CURVE() B_SPLINE_CURVE(2,(#2468,#2469,#2470,#2471,
#2472,#2473,#2474),.UNSPECIFIED.,.T.,.F.) B_SPLINE_CURVE_WITH_KNOTS((1,2
    ,2,2,2,1),(-2.094395102393,0.,2.094395102393,4.188790204786,
6.28318530718,8.377580409573),.UNSPECIFIED.) CURVE() 
GEOMETRIC_REPRESENTATION_ITEM() RATIONAL_B_SPLINE_CURVE((1.,0.5,1.,0.5,
1.,0.5,1.)) REPRESENTATION_ITEM('') );
#2468 = CARTESIAN_POINT('',(3.1,23.6));
#2469 = CARTESIAN_POINT('',(3.1,18.230642496536));
#2470 = CARTESIAN_POINT('',(-1.55,20.915321248268));
#2471 = CARTESIAN_POINT('',(-6.2,23.6));
#2472 = CARTESIAN_POINT('',(-1.55,26.284678751732));
#2473 = CARTESIAN_POINT('',(3.1,28.969357503464));
#2474 = CARTESIAN_POINT('',(3.1,23.6));
#2475 = ( GEOMETRIC_REPRESENTATION_CONTEXT(2) 
PARAMETRIC_REPRESENTATION_CONTEXT() REPRESENTATION_CONTEXT('2D SPACE',''
  ) );
#2476 = PCURVE('',#1754,#2477);
#2477 = DEFINITIONAL_REPRESENTATION('',(#2478),#2482);
#2478 = LINE('',#2479,#2480);
#2479 = CARTESIAN_POINT('',(0.,-26.));
#2480 = VECTOR('',#2481,1.);
#2481 = DIRECTION('',(1.,0.));
#2482 = ( GEOMETRIC_REPRESENTATION_CONTEXT(2) 
PARAMETRIC_REPRESENTATION_CONTEXT() REPRESENTATION_CONTEXT('2D SPACE',''
  ) );
#2483 = FACE_BOUND('',#2484,.T.);
#2484 = EDGE_LOOP('',(#2485));
#2485 = ORIENTED_EDGE('',*,*,#2486,.T.);
#2486 = EDGE_CURVE('',#2487,#2487,#2489,.T.);
#2487 = VERTEX_POINT('',#2488);
#2488 = CARTESIAN_POINT('',(20.977669529664,17.677669529664,6.));
#2489 = SURFACE_CURVE('',#2490,(#2495,#2506),.PCURVE_S1.);
#2490 = CIRCLE('',#2491,3.3);
#2491 = AXIS2_PLACEMENT_3D('',#2492,#2493,#2494);
#2492 = CARTESIAN_POINT('',(17.677669529664,17.677669529664,6.));
#2493 = DIRECTION('',(0.,0.,-1.));
#2494 = DIRECTION('',(1.,0.,0.));
#2495 = PCURVE('',#1289,#2496);
#2496 = DEFINITIONAL_REPRESENTATION('',(#2497),#2505);
#2497 = ( BOUNDED_CURVE() B_SPLINE_CURVE(2,(#2498,#2499,#2500,#2501,
#2502,#2503,#2504),.UNSPECIFIED.,.T.,.F.) B_SPLINE_CURVE_WITH_KNOTS((1,2
    ,2,2,2,1),(-2.094395102393,0.,2.094395102393,4.188790204786,
6.28318530718,8.377580409573),.UNSPECIFIED.) CURVE() 
GEOMETRIC_REPRESENTATION_ITEM() RATIONAL_B_SPLINE_CURVE((1.,0.5,1.,0.5,
1.,0.5,1.)) REPRESENTATION_ITEM('') );
#2498 = CARTESIAN_POINT('',(20.977669529664,17.677669529664));
#2499 = CARTESIAN_POINT('',(20.977669529664,11.961901864686));
#2500 = CARTESIAN_POINT('',(16.027669529664,14.819785697175));
#2501 = CARTESIAN_POINT('',(11.077669529664,17.677669529664));
#2502 = CARTESIAN_POINT('',(16.027669529664,20.535553362152));
#2503 = CARTESIAN_POINT('',(20.977669529664,23.393437194641));
#2504 = CARTESIAN_POINT('',(20.977669529664,17.677669529664));
#2505 = ( GEOMETRIC_REPRESENTATION_CONTEXT(2) 
PARAMETRIC_REPRESENTATION_CONTEXT() REPRESENTATION_CONTEXT('2D SPACE',''
  ) );
#2506 = PCURVE('',#1789,#2507);
#2507 = DEFINITIONAL_REPRESENTATION('',(#2508),#2512);
#2508 = LINE('',#2509,#2510);
#2509 = CARTESIAN_POINT('',(-6.28318530718,-26.));
#2510 = VECTOR('',#2511,1.);
#2511 = DIRECTION('',(1.,-0.));
#2512 = ( GEOMETRIC_REPRESENTATION_CONTEXT(2) 
PARAMETRIC_REPRESENTATION_CONTEXT() REPRESENTATION_CONTEXT('2D SPACE',''
  ) );
#2513 = ADVANCED_FACE('',(#2514,#2661),#1372,.F.);
#2514 = FACE_BOUND('',#2515,.F.);
#2515 = EDGE_LOOP('',(#2516,#2517,#2540,#2574,#2602,#2636,#2657,#2658,
    #2659,#2660));
#2516 = ORIENTED_EDGE('',*,*,#1806,.F.);
#2517 = ORIENTED_EDGE('',*,*,#2518,.T.);
#2518 = EDGE_CURVE('',#1807,#2519,#2521,.T.);
#2519 = VERTEX_POINT('',#2520);
#2520 = CARTESIAN_POINT('',(46.843754063721,48.,-21.75117319556));
#2521 = SURFACE_CURVE('',#2522,(#2526,#2533),.PCURVE_S1.);
#2522 = LINE('',#2523,#2524);
#2523 = CARTESIAN_POINT('',(46.843754063721,48.,-23.904));
#2524 = VECTOR('',#2525,1.);
#2525 = DIRECTION('',(0.,-0.,-1.));
#2526 = PCURVE('',#1372,#2527);
#2527 = DEFINITIONAL_REPRESENTATION('',(#2528),#2532);
#2528 = LINE('',#2529,#2530);
#2529 = CARTESIAN_POINT('',(76.096,-153.1562459362));
#2530 = VECTOR('',#2531,1.);
#2531 = DIRECTION('',(-1.,0.));
#2532 = ( GEOMETRIC_REPRESENTATION_CONTEXT(2) 
PARAMETRIC_REPRESENTATION_CONTEXT() REPRESENTATION_CONTEXT('2D SPACE',''
  ) );
#2533 = PCURVE('',#1846,#2534);
#2534 = DEFINITIONAL_REPRESENTATION('',(#2535),#2539);
#2535 = LINE('',#2536,#2537);
#2536 = CARTESIAN_POINT('',(-1.116030073275,0.));
#2537 = VECTOR('',#2538,1.);
#2538 = DIRECTION('',(-0.,1.));
#2539 = ( GEOMETRIC_REPRESENTATION_CONTEXT(2) 
PARAMETRIC_REPRESENTATION_CONTEXT() REPRESENTATION_CONTEXT('2D SPACE',''
  ) );
#2540 = ORIENTED_EDGE('',*,*,#2541,.T.);
#2541 = EDGE_CURVE('',#2519,#2542,#2544,.T.);
#2542 = VERTEX_POINT('',#2543);
#2543 = CARTESIAN_POINT('',(43.3,48.,-23.90415513553));
#2544 = SURFACE_CURVE('',#2545,(#2550,#2557),.PCURVE_S1.);
#2545 = ELLIPSE('',#2546,4.015279350173,4.);
#2546 = AXIS2_PLACEMENT_3D('',#2547,#2548,#2549);
#2547 = CARTESIAN_POINT('',(43.3,48.,-19.88887578536));
#2548 = DIRECTION('',(1.110223024625E-16,1.,-0.));
#2549 = DIRECTION('',(0.,0.,1.));
#2550 = PCURVE('',#1372,#2551);
#2551 = DEFINITIONAL_REPRESENTATION('',(#2552),#2556);
#2552 = ELLIPSE('',#2553,4.015279350173,4.);
#2553 = AXIS2_PLACEMENT_2D('',#2554,#2555);
#2554 = CARTESIAN_POINT('',(80.111124214637,-156.7));
#2555 = DIRECTION('',(1.,0.));
#2556 = ( GEOMETRIC_REPRESENTATION_CONTEXT(2) 
PARAMETRIC_REPRESENTATION_CONTEXT() REPRESENTATION_CONTEXT('2D SPACE',''
  ) );
#2557 = PCURVE('',#2558,#2563);
#2558 = CYLINDRICAL_SURFACE('',#2559,4.);
#2559 = AXIS2_PLACEMENT_3D('',#2560,#2561,#2562);
#2560 = CARTESIAN_POINT('',(43.3,42.172077461855,-20.39875293935));
#2561 = DIRECTION('',(1.105998290831E-16,0.996194698092,
    8.715574274766E-02));
#2562 = DIRECTION('',(9.676231232676E-18,8.715574274766E-02,
    -0.996194698092));
#2563 = DEFINITIONAL_REPRESENTATION('',(#2564),#2573);
#2564 = B_SPLINE_CURVE_WITH_KNOTS('',7,(#2565,#2566,#2567,#2568,#2569,
    #2570,#2571,#2572),.UNSPECIFIED.,.F.,.F.,(8,8),(1.570796326795,
    3.14159265359),.PIECEWISE_BEZIER_KNOTS.);
#2565 = CARTESIAN_POINT('',(-1.570796326795,5.850184255456));
#2566 = CARTESIAN_POINT('',(-1.346396851538,5.771654614712));
#2567 = CARTESIAN_POINT('',(-1.121997376282,5.693125292843));
#2568 = CARTESIAN_POINT('',(-0.897597901026,5.621052556519));
#2569 = CARTESIAN_POINT('',(-0.673198425769,5.561904733084));
#2570 = CARTESIAN_POINT('',(-0.448798950513,5.520788972755));
#2571 = CARTESIAN_POINT('',(-0.224399475256,5.500229601352));
#2572 = CARTESIAN_POINT('',(0.,5.500229601352));
#2573 = ( GEOMETRIC_REPRESENTATION_CONTEXT(2) 
PARAMETRIC_REPRESENTATION_CONTEXT() REPRESENTATION_CONTEXT('2D SPACE',''
  ) );
#2574 = ORIENTED_EDGE('',*,*,#2575,.T.);
#2575 = EDGE_CURVE('',#2542,#2576,#2578,.T.);
#2576 = VERTEX_POINT('',#2577);
#2577 = CARTESIAN_POINT('',(-43.3,48.,-23.90415513553));
#2578 = SURFACE_CURVE('',#2579,(#2583,#2590),.PCURVE_S1.);
#2579 = LINE('',#2580,#2581);
#2580 = CARTESIAN_POINT('',(123.65,48.,-23.90415513553));
#2581 = VECTOR('',#2582,1.);
#2582 = DIRECTION('',(-1.,1.110223024625E-16,0.));
#2583 = PCURVE('',#1372,#2584);
#2584 = DEFINITIONAL_REPRESENTATION('',(#2585),#2589);
#2585 = LINE('',#2586,#2587);
#2586 = CARTESIAN_POINT('',(76.095844864464,-76.35));
#2587 = VECTOR('',#2588,1.);
#2588 = DIRECTION('',(0.,-1.));
#2589 = ( GEOMETRIC_REPRESENTATION_CONTEXT(2) 
PARAMETRIC_REPRESENTATION_CONTEXT() REPRESENTATION_CONTEXT('2D SPACE',''
  ) );
#2590 = PCURVE('',#2591,#2596);
#2591 = PLANE('',#2592);
#2592 = AXIS2_PLACEMENT_3D('',#2593,#2594,#2595);
#2593 = CARTESIAN_POINT('',(47.3,42.520700432846,-24.38353173172));
#2594 = DIRECTION('',(-9.676231232676E-18,-8.715574274766E-02,
    0.996194698092));
#2595 = DIRECTION('',(-1.,1.110223024625E-16,0.));
#2596 = DEFINITIONAL_REPRESENTATION('',(#2597),#2601);
#2597 = LINE('',#2598,#2599);
#2598 = CARTESIAN_POINT('',(-76.35,-5.500229601352));
#2599 = VECTOR('',#2600,1.);
#2600 = DIRECTION('',(1.,0.));
#2601 = ( GEOMETRIC_REPRESENTATION_CONTEXT(2) 
PARAMETRIC_REPRESENTATION_CONTEXT() REPRESENTATION_CONTEXT('2D SPACE',''
  ) );
#2602 = ORIENTED_EDGE('',*,*,#2603,.T.);
#2603 = EDGE_CURVE('',#2576,#2604,#2606,.T.);
#2604 = VERTEX_POINT('',#2605);
#2605 = CARTESIAN_POINT('',(-47.3,48.,-19.88887578536));
#2606 = SURFACE_CURVE('',#2607,(#2612,#2619),.PCURVE_S1.);
#2607 = ELLIPSE('',#2608,4.015279350173,4.);
#2608 = AXIS2_PLACEMENT_3D('',#2609,#2610,#2611);
#2609 = CARTESIAN_POINT('',(-43.3,48.,-19.88887578536));
#2610 = DIRECTION('',(1.110223024625E-16,1.,-0.));
#2611 = DIRECTION('',(0.,0.,1.));
#2612 = PCURVE('',#1372,#2613);
#2613 = DEFINITIONAL_REPRESENTATION('',(#2614),#2618);
#2614 = ELLIPSE('',#2615,4.015279350173,4.);
#2615 = AXIS2_PLACEMENT_2D('',#2616,#2617);
#2616 = CARTESIAN_POINT('',(80.111124214637,-243.3));
#2617 = DIRECTION('',(1.,0.));
#2618 = ( GEOMETRIC_REPRESENTATION_CONTEXT(2) 
PARAMETRIC_REPRESENTATION_CONTEXT() REPRESENTATION_CONTEXT('2D SPACE',''
  ) );
#2619 = PCURVE('',#2620,#2625);
#2620 = CYLINDRICAL_SURFACE('',#2621,4.);
#2621 = AXIS2_PLACEMENT_3D('',#2622,#2623,#2624);
#2622 = CARTESIAN_POINT('',(-43.3,42.172077461855,-20.39875293935));
#2623 = DIRECTION('',(1.105998290831E-16,0.996194698092,
    8.715574274766E-02));
#2624 = DIRECTION('',(9.676231232676E-18,8.715574274766E-02,
    -0.996194698092));
#2625 = DEFINITIONAL_REPRESENTATION('',(#2626),#2635);
#2626 = B_SPLINE_CURVE_WITH_KNOTS('',7,(#2627,#2628,#2629,#2630,#2631,
    #2632,#2633,#2634),.UNSPECIFIED.,.F.,.F.,(8,8),(3.14159265359,
    4.712388980385),.PIECEWISE_BEZIER_KNOTS.);
#2627 = CARTESIAN_POINT('',(0.,5.500229601352));
#2628 = CARTESIAN_POINT('',(0.224399475256,5.500229601352));
#2629 = CARTESIAN_POINT('',(0.448798950513,5.520788972755));
#2630 = CARTESIAN_POINT('',(0.67319842577,5.561904733085));
#2631 = CARTESIAN_POINT('',(0.897597901025,5.621052556519));
#2632 = CARTESIAN_POINT('',(1.121997376282,5.693125292843));
#2633 = CARTESIAN_POINT('',(1.346396851538,5.771654614712));
#2634 = CARTESIAN_POINT('',(1.570796326795,5.850184255456));
#2635 = ( GEOMETRIC_REPRESENTATION_CONTEXT(2) 
PARAMETRIC_REPRESENTATION_CONTEXT() REPRESENTATION_CONTEXT('2D SPACE',''
  ) );
#2636 = ORIENTED_EDGE('',*,*,#2637,.T.);
#2637 = EDGE_CURVE('',#2604,#2210,#2638,.T.);
#2638 = SURFACE_CURVE('',#2639,(#2643,#2650),.PCURVE_S1.);
#2639 = LINE('',#2640,#2641);
#2640 = CARTESIAN_POINT('',(-47.3,48.,-62.19176586586));
#2641 = VECTOR('',#2642,1.);
#2642 = DIRECTION('',(0.,0.,1.));
#2643 = PCURVE('',#1372,#2644);
#2644 = DEFINITIONAL_REPRESENTATION('',(#2645),#2649);
#2645 = LINE('',#2646,#2647);
#2646 = CARTESIAN_POINT('',(37.808234134138,-247.3));
#2647 = VECTOR('',#2648,1.);
#2648 = DIRECTION('',(1.,0.));
#2649 = ( GEOMETRIC_REPRESENTATION_CONTEXT(2) 
PARAMETRIC_REPRESENTATION_CONTEXT() REPRESENTATION_CONTEXT('2D SPACE',''
  ) );
#2650 = PCURVE('',#2225,#2651);
#2651 = DEFINITIONAL_REPRESENTATION('',(#2652),#2656);
#2652 = LINE('',#2653,#2654);
#2653 = CARTESIAN_POINT('',(-38.14191481215,-2.163244450117));
#2654 = VECTOR('',#2655,1.);
#2655 = DIRECTION('',(0.996194698092,-8.715574274766E-02));
#2656 = ( GEOMETRIC_REPRESENTATION_CONTEXT(2) 
PARAMETRIC_REPRESENTATION_CONTEXT() REPRESENTATION_CONTEXT('2D SPACE',''
  ) );
#2657 = ORIENTED_EDGE('',*,*,#2237,.F.);
#2658 = ORIENTED_EDGE('',*,*,#1356,.T.);
#2659 = ORIENTED_EDGE('',*,*,#1435,.T.);
#2660 = ORIENTED_EDGE('',*,*,#1485,.T.);
#2661 = FACE_BOUND('',#2662,.F.);
#2662 = EDGE_LOOP('',(#2663));
#2663 = ORIENTED_EDGE('',*,*,#2664,.F.);
#2664 = EDGE_CURVE('',#2665,#2665,#2667,.T.);
#2665 = VERTEX_POINT('',#2666);
#2666 = CARTESIAN_POINT('',(3.773769083284E-15,48.,-5.032342189721));
#2667 = SURFACE_CURVE('',#2668,(#2673,#2680),.PCURVE_S1.);
#2668 = ELLIPSE('',#2669,6.3742559684,6.35);
#2669 = AXIS2_PLACEMENT_3D('',#2670,#2671,#2672);
#2670 = CARTESIAN_POINT('',(5.329070518201E-15,48.,-11.40659815812));
#2671 = DIRECTION('',(1.110223024625E-16,1.,-0.));
#2672 = DIRECTION('',(0.,0.,1.));
#2673 = PCURVE('',#1372,#2674);
#2674 = DEFINITIONAL_REPRESENTATION('',(#2675),#2679);
#2675 = ELLIPSE('',#2676,6.3742559684,6.35);
#2676 = AXIS2_PLACEMENT_2D('',#2677,#2678);
#2677 = CARTESIAN_POINT('',(88.593401841878,-200.));
#2678 = DIRECTION('',(1.,0.));
#2679 = ( GEOMETRIC_REPRESENTATION_CONTEXT(2) 
PARAMETRIC_REPRESENTATION_CONTEXT() REPRESENTATION_CONTEXT('2D SPACE',''
  ) );
#2680 = PCURVE('',#2681,#2686);
#2681 = CYLINDRICAL_SURFACE('',#2682,6.35);
#2682 = AXIS2_PLACEMENT_3D('',#2683,#2684,#2685);
#2683 = CARTESIAN_POINT('',(4.952979840473E-15,44.612476327852,
    -11.70296807686));
#2684 = DIRECTION('',(1.105998290831E-16,0.996194698092,
    8.715574274766E-02));
#2685 = DIRECTION('',(-9.676231232676E-18,-8.715574274766E-02,
    0.996194698092));
#2686 = DEFINITIONAL_REPRESENTATION('',(#2687),#2711);
#2687 = B_SPLINE_CURVE_WITH_KNOTS('',8,(#2688,#2689,#2690,#2691,#2692,
    #2693,#2694,#2695,#2696,#2697,#2698,#2699,#2700,#2701,#2702,#2703,
    #2704,#2705,#2706,#2707,#2708,#2709,#2710),.UNSPECIFIED.,.F.,.F.,(9,
    7,7,9),(0.,1.570796326795,3.926990816987,6.28318530718),
  .UNSPECIFIED.);
#2688 = CARTESIAN_POINT('',(0.,3.95601647564));
#2689 = CARTESIAN_POINT('',(0.196349540849,3.95601647564));
#2690 = CARTESIAN_POINT('',(0.392699081699,3.931537974063));
#2691 = CARTESIAN_POINT('',(0.589048622548,3.882583930085));
#2692 = CARTESIAN_POINT('',(0.785398163397,3.811158619164));
#2693 = CARTESIAN_POINT('',(0.981747704247,3.721304233471));
#2694 = CARTESIAN_POINT('',(1.178097245096,3.618628240781));
#2695 = CARTESIAN_POINT('',(1.374446785946,3.509546041347));
#2696 = CARTESIAN_POINT('',(1.865320638069,3.236839593605));
#2697 = CARTESIAN_POINT('',(2.15984494934,3.073215132035));
#2698 = CARTESIAN_POINT('',(2.454369260621,2.931223849629));
#2699 = CARTESIAN_POINT('',(2.748893571882,2.832468105796));
#2700 = CARTESIAN_POINT('',(3.043417883168,2.792653873186));
#2701 = CARTESIAN_POINT('',(3.337942194436,2.81517384756));
#2702 = CARTESIAN_POINT('',(3.632466505713,2.891928612091));
#2703 = CARTESIAN_POINT('',(4.221515128261,3.123327706256));
#2704 = CARTESIAN_POINT('',(4.516039439536,3.277972874413));
#2705 = CARTESIAN_POINT('',(4.810563750795,3.456258897354));
#2706 = CARTESIAN_POINT('',(5.105088062094,3.635734842252));
#2707 = CARTESIAN_POINT('',(5.399612373341,3.790796413813));
#2708 = CARTESIAN_POINT('',(5.694136684632,3.900939643045));
#2709 = CARTESIAN_POINT('',(5.988660995906,3.95601647564));
#2710 = CARTESIAN_POINT('',(6.28318530718,3.95601647564));
#2711 = ( GEOMETRIC_REPRESENTATION_CONTEXT(2) 
PARAMETRIC_REPRESENTATION_CONTEXT() REPRESENTATION_CONTEXT('2D SPACE',''
  ) );
#2712 = ADVANCED_FACE('',(#2713),#1533,.F.);
#2713 = FACE_BOUND('',#2714,.T.);
#2714 = EDGE_LOOP('',(#2715,#2716,#2737,#2738));
#2715 = ORIENTED_EDGE('',*,*,#1512,.T.);
#2716 = ORIENTED_EDGE('',*,*,#2717,.T.);
#2717 = EDGE_CURVE('',#1513,#2262,#2718,.T.);
#2718 = SEAM_CURVE('',#2719,(#2723,#2730),.PCURVE_S1.);
#2719 = LINE('',#2720,#2721);
#2720 = CARTESIAN_POINT('',(-14.37766952966,-17.67766952966,-20.));
#2721 = VECTOR('',#2722,1.);
#2722 = DIRECTION('',(0.,0.,1.));
#2723 = PCURVE('',#1533,#2724);
#2724 = DEFINITIONAL_REPRESENTATION('',(#2725),#2729);
#2725 = LINE('',#2726,#2727);
#2726 = CARTESIAN_POINT('',(-6.28318530718,0.));
#2727 = VECTOR('',#2728,1.);
#2728 = DIRECTION('',(-0.,-1.));
#2729 = ( GEOMETRIC_REPRESENTATION_CONTEXT(2) 
PARAMETRIC_REPRESENTATION_CONTEXT() REPRESENTATION_CONTEXT('2D SPACE',''
  ) );
#2730 = PCURVE('',#1533,#2731);
#2731 = DEFINITIONAL_REPRESENTATION('',(#2732),#2736);
#2732 = LINE('',#2733,#2734);
#2733 = CARTESIAN_POINT('',(-0.,0.));
#2734 = VECTOR('',#2735,1.);
#2735 = DIRECTION('',(-0.,-1.));
#2736 = ( GEOMETRIC_REPRESENTATION_CONTEXT(2) 
PARAMETRIC_REPRESENTATION_CONTEXT() REPRESENTATION_CONTEXT('2D SPACE',''
  ) );
#2737 = ORIENTED_EDGE('',*,*,#2261,.F.);
#2738 = ORIENTED_EDGE('',*,*,#2717,.F.);
#2739 = ADVANCED_FACE('',(#2740),#1568,.F.);
#2740 = FACE_BOUND('',#2741,.T.);
#2741 = EDGE_LOOP('',(#2742,#2743,#2764,#2765));
#2742 = ORIENTED_EDGE('',*,*,#1547,.T.);
#2743 = ORIENTED_EDGE('',*,*,#2744,.T.);
#2744 = EDGE_CURVE('',#1548,#2292,#2745,.T.);
#2745 = SEAM_CURVE('',#2746,(#2750,#2757),.PCURVE_S1.);
#2746 = LINE('',#2747,#2748);
#2747 = CARTESIAN_POINT('',(20.977669529664,-17.67766952966,-20.));
#2748 = VECTOR('',#2749,1.);
#2749 = DIRECTION('',(0.,0.,1.));
#2750 = PCURVE('',#1568,#2751);
#2751 = DEFINITIONAL_REPRESENTATION('',(#2752),#2756);
#2752 = LINE('',#2753,#2754);
#2753 = CARTESIAN_POINT('',(-6.28318530718,0.));
#2754 = VECTOR('',#2755,1.);
#2755 = DIRECTION('',(-0.,-1.));
#2756 = ( GEOMETRIC_REPRESENTATION_CONTEXT(2) 
PARAMETRIC_REPRESENTATION_CONTEXT() REPRESENTATION_CONTEXT('2D SPACE',''
  ) );
#2757 = PCURVE('',#1568,#2758);
#2758 = DEFINITIONAL_REPRESENTATION('',(#2759),#2763);
#2759 = LINE('',#2760,#2761);
#2760 = CARTESIAN_POINT('',(-0.,0.));
#2761 = VECTOR('',#2762,1.);
#2762 = DIRECTION('',(-0.,-1.));
#2763 = ( GEOMETRIC_REPRESENTATION_CONTEXT(2) 
PARAMETRIC_REPRESENTATION_CONTEXT() REPRESENTATION_CONTEXT('2D SPACE',''
  ) );
#2764 = ORIENTED_EDGE('',*,*,#2291,.F.);
#2765 = ORIENTED_EDGE('',*,*,#2744,.F.);
#2766 = ADVANCED_FACE('',(#2767),#1599,.T.);
#2767 = FACE_BOUND('',#2768,.F.);
#2768 = EDGE_LOOP('',(#2769,#2792,#2793,#2794));
#2769 = ORIENTED_EDGE('',*,*,#2770,.T.);
#2770 = EDGE_CURVE('',#2771,#1583,#2773,.T.);
#2771 = VERTEX_POINT('',#2772);
#2772 = CARTESIAN_POINT('',(15.65,0.,-3.2));
#2773 = SEAM_CURVE('',#2774,(#2778,#2785),.PCURVE_S1.);
#2774 = LINE('',#2775,#2776);
#2775 = CARTESIAN_POINT('',(15.65,0.,-4.));
#2776 = VECTOR('',#2777,1.);
#2777 = DIRECTION('',(0.,0.,1.));
#2778 = PCURVE('',#1599,#2779);
#2779 = DEFINITIONAL_REPRESENTATION('',(#2780),#2784);
#2780 = LINE('',#2781,#2782);
#2781 = CARTESIAN_POINT('',(-0.,0.));
#2782 = VECTOR('',#2783,1.);
#2783 = DIRECTION('',(-0.,-1.));
#2784 = ( GEOMETRIC_REPRESENTATION_CONTEXT(2) 
PARAMETRIC_REPRESENTATION_CONTEXT() REPRESENTATION_CONTEXT('2D SPACE',''
  ) );
#2785 = PCURVE('',#1599,#2786);
#2786 = DEFINITIONAL_REPRESENTATION('',(#2787),#2791);
#2787 = LINE('',#2788,#2789);
#2788 = CARTESIAN_POINT('',(-6.28318530718,0.));
#2789 = VECTOR('',#2790,1.);
#2790 = DIRECTION('',(-0.,-1.));
#2791 = ( GEOMETRIC_REPRESENTATION_CONTEXT(2) 
PARAMETRIC_REPRESENTATION_CONTEXT() REPRESENTATION_CONTEXT('2D SPACE',''
  ) );
#2792 = ORIENTED_EDGE('',*,*,#1582,.T.);
#2793 = ORIENTED_EDGE('',*,*,#2770,.F.);
#2794 = ORIENTED_EDGE('',*,*,#2795,.F.);
#2795 = EDGE_CURVE('',#2771,#2771,#2796,.T.);
#2796 = SURFACE_CURVE('',#2797,(#2802,#2809),.PCURVE_S1.);
#2797 = CIRCLE('',#2798,15.65);
#2798 = AXIS2_PLACEMENT_3D('',#2799,#2800,#2801);
#2799 = CARTESIAN_POINT('',(0.,0.,-3.2));
#2800 = DIRECTION('',(0.,0.,1.));
#2801 = DIRECTION('',(1.,0.,-0.));
#2802 = PCURVE('',#1599,#2803);
#2803 = DEFINITIONAL_REPRESENTATION('',(#2804),#2808);
#2804 = LINE('',#2805,#2806);
#2805 = CARTESIAN_POINT('',(-0.,-0.8));
#2806 = VECTOR('',#2807,1.);
#2807 = DIRECTION('',(-1.,0.));
#2808 = ( GEOMETRIC_REPRESENTATION_CONTEXT(2) 
PARAMETRIC_REPRESENTATION_CONTEXT() REPRESENTATION_CONTEXT('2D SPACE',''
  ) );
#2809 = PCURVE('',#2810,#2815);
#2810 = CONICAL_SURFACE('',#2811,15.65,0.785398163397);
#2811 = AXIS2_PLACEMENT_3D('',#2812,#2813,#2814);
#2812 = CARTESIAN_POINT('',(0.,0.,-3.2));
#2813 = DIRECTION('',(0.,0.,1.));
#2814 = DIRECTION('',(1.,0.,-0.));
#2815 = DEFINITIONAL_REPRESENTATION('',(#2816),#2820);
#2816 = LINE('',#2817,#2818);
#2817 = CARTESIAN_POINT('',(0.,-0.));
#2818 = VECTOR('',#2819,1.);
#2819 = DIRECTION('',(1.,-0.));
#2820 = ( GEOMETRIC_REPRESENTATION_CONTEXT(2) 
PARAMETRIC_REPRESENTATION_CONTEXT() REPRESENTATION_CONTEXT('2D SPACE',''
  ) );
#2821 = ADVANCED_FACE('',(#2822),#1634,.F.);
#2822 = FACE_BOUND('',#2823,.T.);
#2823 = EDGE_LOOP('',(#2824,#2825,#2846,#2847));
#2824 = ORIENTED_EDGE('',*,*,#1613,.T.);
#2825 = ORIENTED_EDGE('',*,*,#2826,.T.);
#2826 = EDGE_CURVE('',#1614,#2357,#2827,.T.);
#2827 = SEAM_CURVE('',#2828,(#2832,#2839),.PCURVE_S1.);
#2828 = LINE('',#2829,#2830);
#2829 = CARTESIAN_POINT('',(-14.37766952966,17.677669529664,-20.));
#2830 = VECTOR('',#2831,1.);
#2831 = DIRECTION('',(0.,0.,1.));
#2832 = PCURVE('',#1634,#2833);
#2833 = DEFINITIONAL_REPRESENTATION('',(#2834),#2838);
#2834 = LINE('',#2835,#2836);
#2835 = CARTESIAN_POINT('',(-6.28318530718,0.));
#2836 = VECTOR('',#2837,1.);
#2837 = DIRECTION('',(-0.,-1.));
#2838 = ( GEOMETRIC_REPRESENTATION_CONTEXT(2) 
PARAMETRIC_REPRESENTATION_CONTEXT() REPRESENTATION_CONTEXT('2D SPACE',''
  ) );
#2839 = PCURVE('',#1634,#2840);
#2840 = DEFINITIONAL_REPRESENTATION('',(#2841),#2845);
#2841 = LINE('',#2842,#2843);
#2842 = CARTESIAN_POINT('',(-0.,0.));
#2843 = VECTOR('',#2844,1.);
#2844 = DIRECTION('',(-0.,-1.));
#2845 = ( GEOMETRIC_REPRESENTATION_CONTEXT(2) 
PARAMETRIC_REPRESENTATION_CONTEXT() REPRESENTATION_CONTEXT('2D SPACE',''
  ) );
#2846 = ORIENTED_EDGE('',*,*,#2356,.F.);
#2847 = ORIENTED_EDGE('',*,*,#2826,.F.);
#2848 = ADVANCED_FACE('',(#2849),#1665,.F.);
#2849 = FACE_BOUND('',#2850,.F.);
#2850 = EDGE_LOOP('',(#2851,#2852,#2873,#2874));
#2851 = ORIENTED_EDGE('',*,*,#1648,.T.);
#2852 = ORIENTED_EDGE('',*,*,#2853,.T.);
#2853 = EDGE_CURVE('',#1651,#2389,#2854,.T.);
#2854 = SURFACE_CURVE('',#2855,(#2859,#2866),.PCURVE_S1.);
#2855 = LINE('',#2856,#2857);
#2856 = CARTESIAN_POINT('',(-3.1,23.6,-20.));
#2857 = VECTOR('',#2858,1.);
#2858 = DIRECTION('',(0.,0.,1.));
#2859 = PCURVE('',#1665,#2860);
#2860 = DEFINITIONAL_REPRESENTATION('',(#2861),#2865);
#2861 = LINE('',#2862,#2863);
#2862 = CARTESIAN_POINT('',(0.,0.));
#2863 = VECTOR('',#2864,1.);
#2864 = DIRECTION('',(0.,-1.));
#2865 = ( GEOMETRIC_REPRESENTATION_CONTEXT(2) 
PARAMETRIC_REPRESENTATION_CONTEXT() REPRESENTATION_CONTEXT('2D SPACE',''
  ) );
#2866 = PCURVE('',#1754,#2867);
#2867 = DEFINITIONAL_REPRESENTATION('',(#2868),#2872);
#2868 = LINE('',#2869,#2870);
#2869 = CARTESIAN_POINT('',(3.14159265359,0.));
#2870 = VECTOR('',#2871,1.);
#2871 = DIRECTION('',(0.,-1.));
#2872 = ( GEOMETRIC_REPRESENTATION_CONTEXT(2) 
PARAMETRIC_REPRESENTATION_CONTEXT() REPRESENTATION_CONTEXT('2D SPACE',''
  ) );
#2873 = ORIENTED_EDGE('',*,*,#2386,.F.);
#2874 = ORIENTED_EDGE('',*,*,#2875,.F.);
#2875 = EDGE_CURVE('',#1649,#2387,#2876,.T.);
#2876 = SURFACE_CURVE('',#2877,(#2881,#2888),.PCURVE_S1.);
#2877 = LINE('',#2878,#2879);
#2878 = CARTESIAN_POINT('',(-3.1,26.4,-20.));
#2879 = VECTOR('',#2880,1.);
#2880 = DIRECTION('',(0.,0.,1.));
#2881 = PCURVE('',#1665,#2882);
#2882 = DEFINITIONAL_REPRESENTATION('',(#2883),#2887);
#2883 = LINE('',#2884,#2885);
#2884 = CARTESIAN_POINT('',(2.8,0.));
#2885 = VECTOR('',#2886,1.);
#2886 = DIRECTION('',(0.,-1.));
#2887 = ( GEOMETRIC_REPRESENTATION_CONTEXT(2) 
PARAMETRIC_REPRESENTATION_CONTEXT() REPRESENTATION_CONTEXT('2D SPACE',''
  ) );
#2888 = PCURVE('',#1697,#2889);
#2889 = DEFINITIONAL_REPRESENTATION('',(#2890),#2894);
#2890 = LINE('',#2891,#2892);
#2891 = CARTESIAN_POINT('',(0.,0.));
#2892 = VECTOR('',#2893,1.);
#2893 = DIRECTION('',(0.,-1.));
#2894 = ( GEOMETRIC_REPRESENTATION_CONTEXT(2) 
PARAMETRIC_REPRESENTATION_CONTEXT() REPRESENTATION_CONTEXT('2D SPACE',''
  ) );
#2895 = ADVANCED_FACE('',(#2896),#1754,.F.);
#2896 = FACE_BOUND('',#2897,.F.);
#2897 = EDGE_LOOP('',(#2898,#2899,#2920,#2921));
#2898 = ORIENTED_EDGE('',*,*,#1735,.F.);
#2899 = ORIENTED_EDGE('',*,*,#2900,.T.);
#2900 = EDGE_CURVE('',#1710,#2438,#2901,.T.);
#2901 = SURFACE_CURVE('',#2902,(#2906,#2913),.PCURVE_S1.);
#2902 = LINE('',#2903,#2904);
#2903 = CARTESIAN_POINT('',(3.1,23.6,-20.));
#2904 = VECTOR('',#2905,1.);
#2905 = DIRECTION('',(0.,0.,1.));
#2906 = PCURVE('',#1754,#2907);
#2907 = DEFINITIONAL_REPRESENTATION('',(#2908),#2912);
#2908 = LINE('',#2909,#2910);
#2909 = CARTESIAN_POINT('',(0.,0.));
#2910 = VECTOR('',#2911,1.);
#2911 = DIRECTION('',(0.,-1.));
#2912 = ( GEOMETRIC_REPRESENTATION_CONTEXT(2) 
PARAMETRIC_REPRESENTATION_CONTEXT() REPRESENTATION_CONTEXT('2D SPACE',''
  ) );
#2913 = PCURVE('',#1724,#2914);
#2914 = DEFINITIONAL_REPRESENTATION('',(#2915),#2919);
#2915 = LINE('',#2916,#2917);
#2916 = CARTESIAN_POINT('',(2.8,0.));
#2917 = VECTOR('',#2918,1.);
#2918 = DIRECTION('',(0.,-1.));
#2919 = ( GEOMETRIC_REPRESENTATION_CONTEXT(2) 
PARAMETRIC_REPRESENTATION_CONTEXT() REPRESENTATION_CONTEXT('2D SPACE',''
  ) );
#2920 = ORIENTED_EDGE('',*,*,#2458,.T.);
#2921 = ORIENTED_EDGE('',*,*,#2853,.F.);
#2922 = ADVANCED_FACE('',(#2923),#1724,.F.);
#2923 = FACE_BOUND('',#2924,.F.);
#2924 = EDGE_LOOP('',(#2925,#2926,#2947,#2948));
#2925 = ORIENTED_EDGE('',*,*,#1709,.T.);
#2926 = ORIENTED_EDGE('',*,*,#2927,.T.);
#2927 = EDGE_CURVE('',#1677,#2410,#2928,.T.);
#2928 = SURFACE_CURVE('',#2929,(#2933,#2940),.PCURVE_S1.);
#2929 = LINE('',#2930,#2931);
#2930 = CARTESIAN_POINT('',(3.1,26.4,-20.));
#2931 = VECTOR('',#2932,1.);
#2932 = DIRECTION('',(0.,0.,1.));
#2933 = PCURVE('',#1724,#2934);
#2934 = DEFINITIONAL_REPRESENTATION('',(#2935),#2939);
#2935 = LINE('',#2936,#2937);
#2936 = CARTESIAN_POINT('',(0.,0.));
#2937 = VECTOR('',#2938,1.);
#2938 = DIRECTION('',(0.,-1.));
#2939 = ( GEOMETRIC_REPRESENTATION_CONTEXT(2) 
PARAMETRIC_REPRESENTATION_CONTEXT() REPRESENTATION_CONTEXT('2D SPACE',''
  ) );
#2940 = PCURVE('',#1697,#2941);
#2941 = DEFINITIONAL_REPRESENTATION('',(#2942),#2946);
#2942 = LINE('',#2943,#2944);
#2943 = CARTESIAN_POINT('',(3.14159265359,0.));
#2944 = VECTOR('',#2945,1.);
#2945 = DIRECTION('',(0.,-1.));
#2946 = ( GEOMETRIC_REPRESENTATION_CONTEXT(2) 
PARAMETRIC_REPRESENTATION_CONTEXT() REPRESENTATION_CONTEXT('2D SPACE',''
  ) );
#2947 = ORIENTED_EDGE('',*,*,#2437,.F.);
#2948 = ORIENTED_EDGE('',*,*,#2900,.F.);
#2949 = ADVANCED_FACE('',(#2950),#1697,.F.);
#2950 = FACE_BOUND('',#2951,.F.);
#2951 = EDGE_LOOP('',(#2952,#2953,#2954,#2955));
#2952 = ORIENTED_EDGE('',*,*,#1676,.F.);
#2953 = ORIENTED_EDGE('',*,*,#2875,.T.);
#2954 = ORIENTED_EDGE('',*,*,#2409,.T.);
#2955 = ORIENTED_EDGE('',*,*,#2927,.F.);
#2956 = ADVANCED_FACE('',(#2957),#1789,.F.);
#2957 = FACE_BOUND('',#2958,.T.);
#2958 = EDGE_LOOP('',(#2959,#2960,#2981,#2982));
#2959 = ORIENTED_EDGE('',*,*,#1768,.T.);
#2960 = ORIENTED_EDGE('',*,*,#2961,.T.);
#2961 = EDGE_CURVE('',#1769,#2487,#2962,.T.);
#2962 = SEAM_CURVE('',#2963,(#2967,#2974),.PCURVE_S1.);
#2963 = LINE('',#2964,#2965);
#2964 = CARTESIAN_POINT('',(20.977669529664,17.677669529664,-20.));
#2965 = VECTOR('',#2966,1.);
#2966 = DIRECTION('',(0.,0.,1.));
#2967 = PCURVE('',#1789,#2968);
#2968 = DEFINITIONAL_REPRESENTATION('',(#2969),#2973);
#2969 = LINE('',#2970,#2971);
#2970 = CARTESIAN_POINT('',(-6.28318530718,0.));
#2971 = VECTOR('',#2972,1.);
#2972 = DIRECTION('',(-0.,-1.));
#2973 = ( GEOMETRIC_REPRESENTATION_CONTEXT(2) 
PARAMETRIC_REPRESENTATION_CONTEXT() REPRESENTATION_CONTEXT('2D SPACE',''
  ) );
#2974 = PCURVE('',#1789,#2975);
#2975 = DEFINITIONAL_REPRESENTATION('',(#2976),#2980);
#2976 = LINE('',#2977,#2978);
#2977 = CARTESIAN_POINT('',(-0.,0.));
#2978 = VECTOR('',#2979,1.);
#2979 = DIRECTION('',(-0.,-1.));
#2980 = ( GEOMETRIC_REPRESENTATION_CONTEXT(2) 
PARAMETRIC_REPRESENTATION_CONTEXT() REPRESENTATION_CONTEXT('2D SPACE',''
  ) );
#2981 = ORIENTED_EDGE('',*,*,#2486,.F.);
#2982 = ORIENTED_EDGE('',*,*,#2961,.F.);
#2983 = ADVANCED_FACE('',(#2984),#1846,.T.);
#2984 = FACE_BOUND('',#2985,.F.);
#2985 = EDGE_LOOP('',(#2986,#3017,#3038,#3039,#3062,#3116,#3117,#3118));
#2986 = ORIENTED_EDGE('',*,*,#2987,.F.);
#2987 = EDGE_CURVE('',#2988,#2990,#2992,.T.);
#2988 = VERTEX_POINT('',#2989);
#2989 = CARTESIAN_POINT('',(49.15,50.379957716513,-23.904));
#2990 = VERTEX_POINT('',#2991);
#2991 = CARTESIAN_POINT('',(54.15,50.379957716513,-23.904));
#2992 = SURFACE_CURVE('',#2993,(#2998,#3005),.PCURVE_S1.);
#2993 = CIRCLE('',#2994,5.35);
#2994 = AXIS2_PLACEMENT_3D('',#2995,#2996,#2997);
#2995 = CARTESIAN_POINT('',(51.65,45.65,-23.904));
#2996 = DIRECTION('',(0.,-0.,1.));
#2997 = DIRECTION('',(1.110223024625E-16,1.,0.));
#2998 = PCURVE('',#1846,#2999);
#2999 = DEFINITIONAL_REPRESENTATION('',(#3000),#3004);
#3000 = LINE('',#3001,#3002);
#3001 = CARTESIAN_POINT('',(-0.,0.));
#3002 = VECTOR('',#3003,1.);
#3003 = DIRECTION('',(-1.,0.));
#3004 = ( GEOMETRIC_REPRESENTATION_CONTEXT(2) 
PARAMETRIC_REPRESENTATION_CONTEXT() REPRESENTATION_CONTEXT('2D SPACE',''
  ) );
#3005 = PCURVE('',#3006,#3011);
#3006 = PLANE('',#3007);
#3007 = AXIS2_PLACEMENT_3D('',#3008,#3009,#3010);
#3008 = CARTESIAN_POINT('',(51.65,45.65,-23.904));
#3009 = DIRECTION('',(0.,0.,1.));
#3010 = DIRECTION('',(1.110223024625E-16,1.,0.));
#3011 = DEFINITIONAL_REPRESENTATION('',(#3012),#3016);
#3012 = CIRCLE('',#3013,5.35);
#3013 = AXIS2_PLACEMENT_2D('',#3014,#3015);
#3014 = CARTESIAN_POINT('',(-7.105427357601E-15,-7.105427357601E-15));
#3015 = DIRECTION('',(1.,0.));
#3016 = ( GEOMETRIC_REPRESENTATION_CONTEXT(2) 
PARAMETRIC_REPRESENTATION_CONTEXT() REPRESENTATION_CONTEXT('2D SPACE',''
  ) );
#3017 = ORIENTED_EDGE('',*,*,#3018,.F.);
#3018 = EDGE_CURVE('',#1916,#2988,#3019,.T.);
#3019 = SURFACE_CURVE('',#3020,(#3024,#3031),.PCURVE_S1.);
#3020 = LINE('',#3021,#3022);
#3021 = CARTESIAN_POINT('',(49.15,50.379957716513,-23.904));
#3022 = VECTOR('',#3023,1.);
#3023 = DIRECTION('',(0.,-0.,-1.));
#3024 = PCURVE('',#1846,#3025);
#3025 = DEFINITIONAL_REPRESENTATION('',(#3026),#3030);
#3026 = LINE('',#3027,#3028);
#3027 = CARTESIAN_POINT('',(-0.486222719089,0.));
#3028 = VECTOR('',#3029,1.);
#3029 = DIRECTION('',(-0.,1.));
#3030 = ( GEOMETRIC_REPRESENTATION_CONTEXT(2) 
PARAMETRIC_REPRESENTATION_CONTEXT() REPRESENTATION_CONTEXT('2D SPACE',''
  ) );
#3031 = PCURVE('',#1931,#3032);
#3032 = DEFINITIONAL_REPRESENTATION('',(#3033),#3037);
#3033 = LINE('',#3034,#3035);
#3034 = CARTESIAN_POINT('',(1.620042283487,-1.));
#3035 = VECTOR('',#3036,1.);
#3036 = DIRECTION('',(-0.,1.));
#3037 = ( GEOMETRIC_REPRESENTATION_CONTEXT(2) 
PARAMETRIC_REPRESENTATION_CONTEXT() REPRESENTATION_CONTEXT('2D SPACE',''
  ) );
#3038 = ORIENTED_EDGE('',*,*,#1943,.T.);
#3039 = ORIENTED_EDGE('',*,*,#3040,.T.);
#3040 = EDGE_CURVE('',#1944,#3041,#3043,.T.);
#3041 = VERTEX_POINT('',#3042);
#3042 = CARTESIAN_POINT('',(47.3,48.76448230048,-19.8219922506));
#3043 = SURFACE_CURVE('',#3044,(#3048,#3055),.PCURVE_S1.);
#3044 = LINE('',#3045,#3046);
#3045 = CARTESIAN_POINT('',(47.3,48.764482300479,-23.904));
#3046 = VECTOR('',#3047,1.);
#3047 = DIRECTION('',(0.,-0.,-1.));
#3048 = PCURVE('',#1846,#3049);
#3049 = DEFINITIONAL_REPRESENTATION('',(#3050),#3054);
#3050 = LINE('',#3051,#3052);
#3051 = CARTESIAN_POINT('',(-0.949430513346,0.));
#3052 = VECTOR('',#3053,1.);
#3053 = DIRECTION('',(-0.,1.));
#3054 = ( GEOMETRIC_REPRESENTATION_CONTEXT(2) 
PARAMETRIC_REPRESENTATION_CONTEXT() REPRESENTATION_CONTEXT('2D SPACE',''
  ) );
#3055 = PCURVE('',#1983,#3056);
#3056 = DEFINITIONAL_REPRESENTATION('',(#3057),#3061);
#3057 = LINE('',#3058,#3059);
#3058 = CARTESIAN_POINT('',(39.416474477517,-6.261816336828));
#3059 = VECTOR('',#3060,1.);
#3060 = DIRECTION('',(0.996194698092,8.715574274766E-02));
#3061 = ( GEOMETRIC_REPRESENTATION_CONTEXT(2) 
PARAMETRIC_REPRESENTATION_CONTEXT() REPRESENTATION_CONTEXT('2D SPACE',''
  ) );
#3062 = ORIENTED_EDGE('',*,*,#3063,.T.);
#3063 = EDGE_CURVE('',#3041,#2519,#3064,.T.);
#3064 = SURFACE_CURVE('',#3065,(#3080,#3098),.PCURVE_S1.);
#3065 = B_SPLINE_CURVE_WITH_KNOTS('',7,(#3066,#3067,#3068,#3069,#3070,
    #3071,#3072,#3073,#3074,#3075,#3076,#3077,#3078,#3079),
  .UNSPECIFIED.,.F.,.F.,(8,6,8),(0.,0.590547803237,1.),.UNSPECIFIED.);
#3066 = CARTESIAN_POINT('',(47.3,48.764482300479,-19.8219922506));
#3067 = CARTESIAN_POINT('',(47.3,48.764482300479,-20.02674589028));
#3068 = CARTESIAN_POINT('',(47.287865053924,48.747533319595,
    -20.2311914234));
#3069 = CARTESIAN_POINT('',(47.263977142036,48.714169468449,
    -20.43300430356));
#3070 = CARTESIAN_POINT('',(47.229291924661,48.664844726627,
    -20.63006717739));
#3071 = CARTESIAN_POINT('',(47.185222597845,48.599932253388,
    -20.82062003253));
#3072 = CARTESIAN_POINT('',(47.133451043716,48.519779520298,
    -21.00329829155));
#3073 = CARTESIAN_POINT('',(47.035854770577,48.358892809722,
    -21.29754577876));
#3074 = CARTESIAN_POINT('',(46.993130055031,48.285965706196,
    -21.41357558137));
#3075 = CARTESIAN_POINT('',(46.948313122023,48.206222543397,
    -21.524698149));
#3076 = CARTESIAN_POINT('',(46.902120218254,48.119951390352,
    -21.63056708203));
#3077 = CARTESIAN_POINT('',(46.855282049726,48.027506790609,
    -21.7309326321));
#3078 = CARTESIAN_POINT('',(46.808513483996,47.92932379492,
    -21.82562799541));
#3079 = CARTESIAN_POINT('',(46.762483252424,47.825931993919,
    -21.91455560602));
#3080 = PCURVE('',#1846,#3081);
#3081 = DEFINITIONAL_REPRESENTATION('',(#3082),#3097);
#3082 = B_SPLINE_CURVE_WITH_KNOTS('',7,(#3083,#3084,#3085,#3086,#3087,
    #3088,#3089,#3090,#3091,#3092,#3093,#3094,#3095,#3096),
  .UNSPECIFIED.,.F.,.F.,(8,6,8),(0.,0.590547803237,1.),.UNSPECIFIED.);
#3083 = CARTESIAN_POINT('',(-0.949430513346,-4.082007749395));
#3084 = CARTESIAN_POINT('',(-0.949430513346,-3.87725410972));
#3085 = CARTESIAN_POINT('',(-0.95332682073,-3.672808576593));
#3086 = CARTESIAN_POINT('',(-0.960996715998,-3.47099569644));
#3087 = CARTESIAN_POINT('',(-0.97226716952,-3.2739328226));
#3088 = CARTESIAN_POINT('',(-0.986927737593,-3.083379967468));
#3089 = CARTESIAN_POINT('',(-1.004755933377,-2.900701708449));
#3090 = CARTESIAN_POINT('',(-1.03992869923,-2.606454221234));
#3091 = CARTESIAN_POINT('',(-1.055725249485,-2.490424418621));
#3092 = CARTESIAN_POINT('',(-1.072818443658,-2.379301850996));
#3093 = CARTESIAN_POINT('',(-1.091102471971,-2.27343291797));
#3094 = CARTESIAN_POINT('',(-1.110464540623,-2.173067367897));
#3095 = CARTESIAN_POINT('',(-1.130785357464,-2.078372004582));
#3096 = CARTESIAN_POINT('',(-1.151939617662,-1.989444393979));
#3097 = ( GEOMETRIC_REPRESENTATION_CONTEXT(2) 
PARAMETRIC_REPRESENTATION_CONTEXT() REPRESENTATION_CONTEXT('2D SPACE',''
  ) );
#3098 = PCURVE('',#2558,#3099);
#3099 = DEFINITIONAL_REPRESENTATION('',(#3100),#3115);
#3100 = B_SPLINE_CURVE_WITH_KNOTS('',7,(#3101,#3102,#3103,#3104,#3105,
    #3106,#3107,#3108,#3109,#3110,#3111,#3112,#3113,#3114),
  .UNSPECIFIED.,.F.,.F.,(8,6,8),(0.,0.590547803237,1.),.UNSPECIFIED.);
#3101 = CARTESIAN_POINT('',(-1.570796326795,6.617586754128));
#3102 = CARTESIAN_POINT('',(-1.51980270423,6.599741298582));
#3103 = CARTESIAN_POINT('',(-1.469255099632,6.565038211395));
#3104 = CARTESIAN_POINT('',(-1.419504329381,6.51421216831));
#3105 = CARTESIAN_POINT('',(-1.370867902356,6.447899960886));
#3106 = CARTESIAN_POINT('',(-1.323633350418,6.366626723582));
#3107 = CARTESIAN_POINT('',(-1.278063850388,6.270857536491));
#3108 = CARTESIAN_POINT('',(-1.204144569823,6.084937690123));
#3109 = CARTESIAN_POINT('',(-1.174841627227,6.002175432615));
#3110 = CARTESIAN_POINT('',(-1.14661394131,5.913050746709));
#3111 = CARTESIAN_POINT('',(-1.119564904091,5.817880795955));
#3112 = CARTESIAN_POINT('',(-1.09378909609,5.717040541761));
#3113 = CARTESIAN_POINT('',(-1.069371870275,5.610977917288));
#3114 = CARTESIAN_POINT('',(-1.046388936009,5.500229001352));
#3115 = ( GEOMETRIC_REPRESENTATION_CONTEXT(2) 
PARAMETRIC_REPRESENTATION_CONTEXT() REPRESENTATION_CONTEXT('2D SPACE',''
  ) );
#3116 = ORIENTED_EDGE('',*,*,#2518,.F.);
#3117 = ORIENTED_EDGE('',*,*,#1829,.T.);
#3118 = ORIENTED_EDGE('',*,*,#3119,.T.);
#3119 = EDGE_CURVE('',#1830,#2990,#3120,.T.);
#3120 = SURFACE_CURVE('',#3121,(#3125,#3132),.PCURVE_S1.);
#3121 = LINE('',#3122,#3123);
#3122 = CARTESIAN_POINT('',(54.15,50.379957716513,-23.904));
#3123 = VECTOR('',#3124,1.);
#3124 = DIRECTION('',(0.,-0.,-1.));
#3125 = PCURVE('',#1846,#3126);
#3126 = DEFINITIONAL_REPRESENTATION('',(#3127),#3131);
#3127 = LINE('',#3128,#3129);
#3128 = CARTESIAN_POINT('',(-5.796962588091,0.));
#3129 = VECTOR('',#3130,1.);
#3130 = DIRECTION('',(-0.,1.));
#3131 = ( GEOMETRIC_REPRESENTATION_CONTEXT(2) 
PARAMETRIC_REPRESENTATION_CONTEXT() REPRESENTATION_CONTEXT('2D SPACE',''
  ) );
#3132 = PCURVE('',#1874,#3133);
#3133 = DEFINITIONAL_REPRESENTATION('',(#3134),#3138);
#3134 = LINE('',#3135,#3136);
#3135 = CARTESIAN_POINT('',(4.729957716513,-1.));
#3136 = VECTOR('',#3137,1.);
#3137 = DIRECTION('',(0.,1.));
#3138 = ( GEOMETRIC_REPRESENTATION_CONTEXT(2) 
PARAMETRIC_REPRESENTATION_CONTEXT() REPRESENTATION_CONTEXT('2D SPACE',''
  ) );
#3139 = ADVANCED_FACE('',(#3140),#2225,.F.);
#3140 = FACE_BOUND('',#3141,.F.);
#3141 = EDGE_LOOP('',(#3142,#3143,#3166,#3194,#3217,#3238));
#3142 = ORIENTED_EDGE('',*,*,#2637,.F.);
#3143 = ORIENTED_EDGE('',*,*,#3144,.T.);
#3144 = EDGE_CURVE('',#2604,#3145,#3147,.T.);
#3145 = VERTEX_POINT('',#3146);
#3146 = CARTESIAN_POINT('',(-47.3,55.122608537048,-19.26572828363));
#3147 = SURFACE_CURVE('',#3148,(#3152,#3159),.PCURVE_S1.);
#3148 = LINE('',#3149,#3150);
#3149 = CARTESIAN_POINT('',(-47.3,42.172077461855,-20.39875293935));
#3150 = VECTOR('',#3151,1.);
#3151 = DIRECTION('',(1.105998290831E-16,0.996194698092,
    8.715574274766E-02));
#3152 = PCURVE('',#2225,#3153);
#3153 = DEFINITIONAL_REPRESENTATION('',(#3154),#3158);
#3154 = LINE('',#3155,#3156);
#3155 = CARTESIAN_POINT('',(4.,-4.28053110888E-17));
#3156 = VECTOR('',#3157,1.);
#3157 = DIRECTION('',(2.298214621924E-18,-1.));
#3158 = ( GEOMETRIC_REPRESENTATION_CONTEXT(2) 
PARAMETRIC_REPRESENTATION_CONTEXT() REPRESENTATION_CONTEXT('2D SPACE',''
  ) );
#3159 = PCURVE('',#2620,#3160);
#3160 = DEFINITIONAL_REPRESENTATION('',(#3161),#3165);
#3161 = LINE('',#3162,#3163);
#3162 = CARTESIAN_POINT('',(1.570796326795,0.));
#3163 = VECTOR('',#3164,1.);
#3164 = DIRECTION('',(0.,1.));
#3165 = ( GEOMETRIC_REPRESENTATION_CONTEXT(2) 
PARAMETRIC_REPRESENTATION_CONTEXT() REPRESENTATION_CONTEXT('2D SPACE',''
  ) );
#3166 = ORIENTED_EDGE('',*,*,#3167,.T.);
#3167 = EDGE_CURVE('',#3145,#3168,#3170,.T.);
#3168 = VERTEX_POINT('',#3169);
#3169 = CARTESIAN_POINT('',(-47.3,53.235686706561,2.301886930048));
#3170 = SURFACE_CURVE('',#3171,(#3175,#3182),.PCURVE_S1.);
#3171 = LINE('',#3172,#3173);
#3172 = CARTESIAN_POINT('',(-47.3,55.122608537048,-19.26572828363));
#3173 = VECTOR('',#3174,1.);
#3174 = DIRECTION('',(-9.676231232676E-18,-8.715574274766E-02,
    0.996194698092));
#3175 = PCURVE('',#2225,#3176);
#3176 = DEFINITIONAL_REPRESENTATION('',(#3177),#3181);
#3177 = LINE('',#3178,#3179);
#3178 = CARTESIAN_POINT('',(4.,-13.));
#3179 = VECTOR('',#3180,1.);
#3180 = DIRECTION('',(1.,-2.298214621924E-18));
#3181 = ( GEOMETRIC_REPRESENTATION_CONTEXT(2) 
PARAMETRIC_REPRESENTATION_CONTEXT() REPRESENTATION_CONTEXT('2D SPACE',''
  ) );
#3182 = PCURVE('',#3183,#3188);
#3183 = PLANE('',#3184);
#3184 = AXIS2_PLACEMENT_3D('',#3185,#3186,#3187);
#3185 = CARTESIAN_POINT('',(-47.05,55.371657211571,-19.24393934795));
#3186 = DIRECTION('',(0.707106781187,-0.704416026403,-6.162841671622E-02
    ));
#3187 = DIRECTION('',(8.340143197038E-18,8.715574274766E-02,
    -0.996194698092));
#3188 = DEFINITIONAL_REPRESENTATION('',(#3189),#3193);
#3189 = LINE('',#3190,#3191);
#3190 = CARTESIAN_POINT('',(-1.123589514108E-15,-0.353553390593));
#3191 = VECTOR('',#3192,1.);
#3192 = DIRECTION('',(-1.,6.053904699522E-18));
#3193 = ( GEOMETRIC_REPRESENTATION_CONTEXT(2) 
PARAMETRIC_REPRESENTATION_CONTEXT() REPRESENTATION_CONTEXT('2D SPACE',''
  ) );
#3194 = ORIENTED_EDGE('',*,*,#3195,.F.);
#3195 = EDGE_CURVE('',#3196,#3168,#3198,.T.);
#3196 = VERTEX_POINT('',#3197);
#3197 = CARTESIAN_POINT('',(-47.3,51.243297310377,2.127575444553));
#3198 = SURFACE_CURVE('',#3199,(#3203,#3210),.PCURVE_S1.);
#3199 = LINE('',#3200,#3201);
#3200 = CARTESIAN_POINT('',(-47.3,51.243297310377,2.127575444553));
#3201 = VECTOR('',#3202,1.);
#3202 = DIRECTION('',(1.105998290831E-16,0.996194698092,
    8.715574274766E-02));
#3203 = PCURVE('',#2225,#3204);
#3204 = DEFINITIONAL_REPRESENTATION('',(#3205),#3209);
#3205 = LINE('',#3206,#3207);
#3206 = CARTESIAN_POINT('',(25.65,-11.));
#3207 = VECTOR('',#3208,1.);
#3208 = DIRECTION('',(2.298214621924E-18,-1.));
#3209 = ( GEOMETRIC_REPRESENTATION_CONTEXT(2) 
PARAMETRIC_REPRESENTATION_CONTEXT() REPRESENTATION_CONTEXT('2D SPACE',''
  ) );
#3210 = PCURVE('',#2166,#3211);
#3211 = DEFINITIONAL_REPRESENTATION('',(#3212),#3216);
#3212 = LINE('',#3213,#3214);
#3213 = CARTESIAN_POINT('',(0.,0.));
#3214 = VECTOR('',#3215,1.);
#3215 = DIRECTION('',(0.,1.));
#3216 = ( GEOMETRIC_REPRESENTATION_CONTEXT(2) 
PARAMETRIC_REPRESENTATION_CONTEXT() REPRESENTATION_CONTEXT('2D SPACE',''
  ) );
#3217 = ORIENTED_EDGE('',*,*,#3218,.T.);
#3218 = EDGE_CURVE('',#3196,#2182,#3219,.T.);
#3219 = SURFACE_CURVE('',#3220,(#3224,#3231),.PCURVE_S1.);
#3220 = LINE('',#3221,#3222);
#3221 = CARTESIAN_POINT('',(-47.3,53.478842111855,-23.4248185615));
#3222 = VECTOR('',#3223,1.);
#3223 = DIRECTION('',(-9.676231232676E-18,-8.715574274766E-02,
    0.996194698092));
#3224 = PCURVE('',#2225,#3225);
#3225 = DEFINITIONAL_REPRESENTATION('',(#3226),#3230);
#3226 = LINE('',#3227,#3228);
#3227 = CARTESIAN_POINT('',(-3.482581081764E-16,-11.));
#3228 = VECTOR('',#3229,1.);
#3229 = DIRECTION('',(1.,-2.298214621924E-18));
#3230 = ( GEOMETRIC_REPRESENTATION_CONTEXT(2) 
PARAMETRIC_REPRESENTATION_CONTEXT() REPRESENTATION_CONTEXT('2D SPACE',''
  ) );
#3231 = PCURVE('',#2197,#3232);
#3232 = DEFINITIONAL_REPRESENTATION('',(#3233),#3237);
#3233 = LINE('',#3234,#3235);
#3234 = CARTESIAN_POINT('',(-19.675,-47.3));
#3235 = VECTOR('',#3236,1.);
#3236 = DIRECTION('',(1.,0.));
#3237 = ( GEOMETRIC_REPRESENTATION_CONTEXT(2) 
PARAMETRIC_REPRESENTATION_CONTEXT() REPRESENTATION_CONTEXT('2D SPACE',''
  ) );
#3238 = ORIENTED_EDGE('',*,*,#2209,.T.);
#3239 = ADVANCED_FACE('',(#3240),#1874,.T.);
#3240 = FACE_BOUND('',#3241,.T.);
#3241 = EDGE_LOOP('',(#3242,#3243,#3244,#3267));
#3242 = ORIENTED_EDGE('',*,*,#1858,.F.);
#3243 = ORIENTED_EDGE('',*,*,#3119,.T.);
#3244 = ORIENTED_EDGE('',*,*,#3245,.T.);
#3245 = EDGE_CURVE('',#2990,#3246,#3248,.T.);
#3246 = VERTEX_POINT('',#3247);
#3247 = CARTESIAN_POINT('',(54.15,47.879910312098,-23.904));
#3248 = SURFACE_CURVE('',#3249,(#3253,#3260),.PCURVE_S1.);
#3249 = LINE('',#3250,#3251);
#3250 = CARTESIAN_POINT('',(54.15,45.65,-23.904));
#3251 = VECTOR('',#3252,1.);
#3252 = DIRECTION('',(-1.110223024625E-16,-1.,0.));
#3253 = PCURVE('',#1874,#3254);
#3254 = DEFINITIONAL_REPRESENTATION('',(#3255),#3259);
#3255 = LINE('',#3256,#3257);
#3256 = CARTESIAN_POINT('',(7.105427357601E-15,-1.));
#3257 = VECTOR('',#3258,1.);
#3258 = DIRECTION('',(-1.,-0.));
#3259 = ( GEOMETRIC_REPRESENTATION_CONTEXT(2) 
PARAMETRIC_REPRESENTATION_CONTEXT() REPRESENTATION_CONTEXT('2D SPACE',''
  ) );
#3260 = PCURVE('',#3006,#3261);
#3261 = DEFINITIONAL_REPRESENTATION('',(#3262),#3266);
#3262 = LINE('',#3263,#3264);
#3263 = CARTESIAN_POINT('',(2.775557561563E-16,-2.5));
#3264 = VECTOR('',#3265,1.);
#3265 = DIRECTION('',(-1.,0.));
#3266 = ( GEOMETRIC_REPRESENTATION_CONTEXT(2) 
PARAMETRIC_REPRESENTATION_CONTEXT() REPRESENTATION_CONTEXT('2D SPACE',''
  ) );
#3267 = ORIENTED_EDGE('',*,*,#3268,.F.);
#3268 = EDGE_CURVE('',#1859,#3246,#3269,.T.);
#3269 = SURFACE_CURVE('',#3270,(#3274,#3281),.PCURVE_S1.);
#3270 = LINE('',#3271,#3272);
#3271 = CARTESIAN_POINT('',(54.15,47.879910312098,-23.904));
#3272 = VECTOR('',#3273,1.);
#3273 = DIRECTION('',(0.,-0.,-1.));
#3274 = PCURVE('',#1874,#3275);
#3275 = DEFINITIONAL_REPRESENTATION('',(#3276),#3280);
#3276 = LINE('',#3277,#3278);
#3277 = CARTESIAN_POINT('',(2.229910312098,-1.));
#3278 = VECTOR('',#3279,1.);
#3279 = DIRECTION('',(0.,1.));
#3280 = ( GEOMETRIC_REPRESENTATION_CONTEXT(2) 
PARAMETRIC_REPRESENTATION_CONTEXT() REPRESENTATION_CONTEXT('2D SPACE',''
  ) );
#3281 = PCURVE('',#1903,#3282);
#3282 = DEFINITIONAL_REPRESENTATION('',(#3283),#3287);
#3283 = LINE('',#3284,#3285);
#3284 = CARTESIAN_POINT('',(-5.440746590569,0.));
#3285 = VECTOR('',#3286,1.);
#3286 = DIRECTION('',(-0.,1.));
#3287 = ( GEOMETRIC_REPRESENTATION_CONTEXT(2) 
PARAMETRIC_REPRESENTATION_CONTEXT() REPRESENTATION_CONTEXT('2D SPACE',''
  ) );
#3288 = ADVANCED_FACE('',(#3289),#2197,.T.);
#3289 = FACE_BOUND('',#3290,.T.);
#3290 = EDGE_LOOP('',(#3291,#3292,#3293));
#3291 = ORIENTED_EDGE('',*,*,#3218,.T.);
#3292 = ORIENTED_EDGE('',*,*,#2181,.T.);
#3293 = ORIENTED_EDGE('',*,*,#3294,.F.);
#3294 = EDGE_CURVE('',#3196,#2150,#3295,.T.);
#3295 = SURFACE_CURVE('',#3296,(#3301,#3308),.PCURVE_S1.);
#3296 = CIRCLE('',#3297,4.);
#3297 = AXIS2_PLACEMENT_3D('',#3298,#3299,#3300);
#3298 = CARTESIAN_POINT('',(-43.3,51.243297310377,2.127575444553));
#3299 = DIRECTION('',(1.105998290831E-16,0.996194698092,
    8.715574274766E-02));
#3300 = DIRECTION('',(-9.676231232676E-18,-8.715574274766E-02,
    0.996194698092));
#3301 = PCURVE('',#2197,#3302);
#3302 = DEFINITIONAL_REPRESENTATION('',(#3303),#3307);
#3303 = CIRCLE('',#3304,4.);
#3304 = AXIS2_PLACEMENT_2D('',#3305,#3306);
#3305 = CARTESIAN_POINT('',(5.975,-43.3));
#3306 = DIRECTION('',(1.,0.));
#3307 = ( GEOMETRIC_REPRESENTATION_CONTEXT(2) 
PARAMETRIC_REPRESENTATION_CONTEXT() REPRESENTATION_CONTEXT('2D SPACE',''
  ) );
#3308 = PCURVE('',#2166,#3309);
#3309 = DEFINITIONAL_REPRESENTATION('',(#3310),#3314);
#3310 = LINE('',#3311,#3312);
#3311 = CARTESIAN_POINT('',(-4.712388980385,0.));
#3312 = VECTOR('',#3313,1.);
#3313 = DIRECTION('',(1.,0.));
#3314 = ( GEOMETRIC_REPRESENTATION_CONTEXT(2) 
PARAMETRIC_REPRESENTATION_CONTEXT() REPRESENTATION_CONTEXT('2D SPACE',''
  ) );
#3315 = ADVANCED_FACE('',(#3316),#1903,.F.);
#3316 = FACE_BOUND('',#3317,.T.);
#3317 = EDGE_LOOP('',(#3318,#3342,#3363,#3364));
#3318 = ORIENTED_EDGE('',*,*,#3319,.F.);
#3319 = EDGE_CURVE('',#3320,#3246,#3322,.T.);
#3320 = VERTEX_POINT('',#3321);
#3321 = CARTESIAN_POINT('',(49.15,47.879910312098,-23.904));
#3322 = SURFACE_CURVE('',#3323,(#3328,#3335),.PCURVE_S1.);
#3323 = CIRCLE('',#3324,3.35);
#3324 = AXIS2_PLACEMENT_3D('',#3325,#3326,#3327);
#3325 = CARTESIAN_POINT('',(51.65,45.65,-23.904));
#3326 = DIRECTION('',(0.,-0.,1.));
#3327 = DIRECTION('',(1.110223024625E-16,1.,0.));
#3328 = PCURVE('',#1903,#3329);
#3329 = DEFINITIONAL_REPRESENTATION('',(#3330),#3334);
#3330 = LINE('',#3331,#3332);
#3331 = CARTESIAN_POINT('',(-0.,0.));
#3332 = VECTOR('',#3333,1.);
#3333 = DIRECTION('',(-1.,0.));
#3334 = ( GEOMETRIC_REPRESENTATION_CONTEXT(2) 
PARAMETRIC_REPRESENTATION_CONTEXT() REPRESENTATION_CONTEXT('2D SPACE',''
  ) );
#3335 = PCURVE('',#3006,#3336);
#3336 = DEFINITIONAL_REPRESENTATION('',(#3337),#3341);
#3337 = CIRCLE('',#3338,3.35);
#3338 = AXIS2_PLACEMENT_2D('',#3339,#3340);
#3339 = CARTESIAN_POINT('',(2.13162820728E-14,-7.105427357601E-15));
#3340 = DIRECTION('',(1.,0.));
#3341 = ( GEOMETRIC_REPRESENTATION_CONTEXT(2) 
PARAMETRIC_REPRESENTATION_CONTEXT() REPRESENTATION_CONTEXT('2D SPACE',''
  ) );
#3342 = ORIENTED_EDGE('',*,*,#3343,.F.);
#3343 = EDGE_CURVE('',#1887,#3320,#3344,.T.);
#3344 = SURFACE_CURVE('',#3345,(#3349,#3356),.PCURVE_S1.);
#3345 = LINE('',#3346,#3347);
#3346 = CARTESIAN_POINT('',(49.15,47.879910312098,-23.904));
#3347 = VECTOR('',#3348,1.);
#3348 = DIRECTION('',(0.,-0.,-1.));
#3349 = PCURVE('',#1903,#3350);
#3350 = DEFINITIONAL_REPRESENTATION('',(#3351),#3355);
#3351 = LINE('',#3352,#3353);
#3352 = CARTESIAN_POINT('',(-0.842438716611,0.));
#3353 = VECTOR('',#3354,1.);
#3354 = DIRECTION('',(-0.,1.));
#3355 = ( GEOMETRIC_REPRESENTATION_CONTEXT(2) 
PARAMETRIC_REPRESENTATION_CONTEXT() REPRESENTATION_CONTEXT('2D SPACE',''
  ) );
#3356 = PCURVE('',#1931,#3357);
#3357 = DEFINITIONAL_REPRESENTATION('',(#3358),#3362);
#3358 = LINE('',#3359,#3360);
#3359 = CARTESIAN_POINT('',(4.120089687902,-1.));
#3360 = VECTOR('',#3361,1.);
#3361 = DIRECTION('',(-0.,1.));
#3362 = ( GEOMETRIC_REPRESENTATION_CONTEXT(2) 
PARAMETRIC_REPRESENTATION_CONTEXT() REPRESENTATION_CONTEXT('2D SPACE',''
  ) );
#3363 = ORIENTED_EDGE('',*,*,#1886,.T.);
#3364 = ORIENTED_EDGE('',*,*,#3268,.T.);
#3365 = ADVANCED_FACE('',(#3366),#2166,.T.);
#3366 = FACE_BOUND('',#3367,.T.);
#3367 = EDGE_LOOP('',(#3368,#3390,#3391,#3392));
#3368 = ORIENTED_EDGE('',*,*,#3369,.F.);
#3369 = EDGE_CURVE('',#3168,#2117,#3370,.T.);
#3370 = SURFACE_CURVE('',#3371,(#3376,#3383),.PCURVE_S1.);
#3371 = CIRCLE('',#3372,4.);
#3372 = AXIS2_PLACEMENT_3D('',#3373,#3374,#3375);
#3373 = CARTESIAN_POINT('',(-43.3,53.235686706561,2.301886930048));
#3374 = DIRECTION('',(1.105998290831E-16,0.996194698092,
    8.715574274766E-02));
#3375 = DIRECTION('',(-1.,1.110223024625E-16,0.));
#3376 = PCURVE('',#2166,#3377);
#3377 = DEFINITIONAL_REPRESENTATION('',(#3378),#3382);
#3378 = LINE('',#3379,#3380);
#3379 = CARTESIAN_POINT('',(0.,2.));
#3380 = VECTOR('',#3381,1.);
#3381 = DIRECTION('',(1.,0.));
#3382 = ( GEOMETRIC_REPRESENTATION_CONTEXT(2) 
PARAMETRIC_REPRESENTATION_CONTEXT() REPRESENTATION_CONTEXT('2D SPACE',''
  ) );
#3383 = PCURVE('',#2133,#3384);
#3384 = DEFINITIONAL_REPRESENTATION('',(#3385),#3389);
#3385 = LINE('',#3386,#3387);
#3386 = CARTESIAN_POINT('',(-0.,-0.));
#3387 = VECTOR('',#3388,1.);
#3388 = DIRECTION('',(-1.,-0.));
#3389 = ( GEOMETRIC_REPRESENTATION_CONTEXT(2) 
PARAMETRIC_REPRESENTATION_CONTEXT() REPRESENTATION_CONTEXT('2D SPACE',''
  ) );
#3390 = ORIENTED_EDGE('',*,*,#3195,.F.);
#3391 = ORIENTED_EDGE('',*,*,#3294,.T.);
#3392 = ORIENTED_EDGE('',*,*,#2149,.F.);
#3393 = ADVANCED_FACE('',(#3394),#1931,.T.);
#3394 = FACE_BOUND('',#3395,.T.);
#3395 = EDGE_LOOP('',(#3396,#3397,#3398,#3399));
#3396 = ORIENTED_EDGE('',*,*,#3018,.F.);
#3397 = ORIENTED_EDGE('',*,*,#1915,.F.);
#3398 = ORIENTED_EDGE('',*,*,#3343,.T.);
#3399 = ORIENTED_EDGE('',*,*,#3400,.T.);
#3400 = EDGE_CURVE('',#3320,#2988,#3401,.T.);
#3401 = SURFACE_CURVE('',#3402,(#3406,#3413),.PCURVE_S1.);
#3402 = LINE('',#3403,#3404);
#3403 = CARTESIAN_POINT('',(49.15,48.825,-23.904));
#3404 = VECTOR('',#3405,1.);
#3405 = DIRECTION('',(1.110223024625E-16,1.,0.));
#3406 = PCURVE('',#1931,#3407);
#3407 = DEFINITIONAL_REPRESENTATION('',(#3408),#3412);
#3408 = LINE('',#3409,#3410);
#3409 = CARTESIAN_POINT('',(3.175,-1.));
#3410 = VECTOR('',#3411,1.);
#3411 = DIRECTION('',(-1.,0.));
#3412 = ( GEOMETRIC_REPRESENTATION_CONTEXT(2) 
PARAMETRIC_REPRESENTATION_CONTEXT() REPRESENTATION_CONTEXT('2D SPACE',''
  ) );
#3413 = PCURVE('',#3006,#3414);
#3414 = DEFINITIONAL_REPRESENTATION('',(#3415),#3419);
#3415 = LINE('',#3416,#3417);
#3416 = CARTESIAN_POINT('',(3.175,2.5));
#3417 = VECTOR('',#3418,1.);
#3418 = DIRECTION('',(1.,0.));
#3419 = ( GEOMETRIC_REPRESENTATION_CONTEXT(2) 
PARAMETRIC_REPRESENTATION_CONTEXT() REPRESENTATION_CONTEXT('2D SPACE',''
  ) );
#3420 = ADVANCED_FACE('',(#3421),#2133,.T.);
#3421 = FACE_BOUND('',#3422,.T.);
#3422 = EDGE_LOOP('',(#3423,#3446,#3447,#3448,#3471));
#3423 = ORIENTED_EDGE('',*,*,#3424,.F.);
#3424 = EDGE_CURVE('',#3168,#3425,#3427,.T.);
#3425 = VERTEX_POINT('',#3426);
#3426 = CARTESIAN_POINT('',(-46.8,53.733784055607,2.345464801422));
#3427 = SURFACE_CURVE('',#3428,(#3432,#3439),.PCURVE_S1.);
#3428 = LINE('',#3429,#3430);
#3429 = CARTESIAN_POINT('',(-47.05,53.484735381084,2.323675865735));
#3430 = VECTOR('',#3431,1.);
#3431 = DIRECTION('',(0.707106781187,0.704416026403,6.162841671622E-02)
  );
#3432 = PCURVE('',#2133,#3433);
#3433 = DEFINITIONAL_REPRESENTATION('',(#3434),#3438);
#3434 = LINE('',#3435,#3436);
#3435 = CARTESIAN_POINT('',(-0.,-0.25));
#3436 = VECTOR('',#3437,1.);
#3437 = DIRECTION('',(-0.,-1.));
#3438 = ( GEOMETRIC_REPRESENTATION_CONTEXT(2) 
PARAMETRIC_REPRESENTATION_CONTEXT() REPRESENTATION_CONTEXT('2D SPACE',''
  ) );
#3439 = PCURVE('',#3183,#3440);
#3440 = DEFINITIONAL_REPRESENTATION('',(#3441),#3445);
#3441 = LINE('',#3442,#3443);
#3442 = CARTESIAN_POINT('',(-21.65,-4.185881536833E-15));
#3443 = VECTOR('',#3444,1.);
#3444 = DIRECTION('',(-6.053904699522E-18,1.));
#3445 = ( GEOMETRIC_REPRESENTATION_CONTEXT(2) 
PARAMETRIC_REPRESENTATION_CONTEXT() REPRESENTATION_CONTEXT('2D SPACE',''
  ) );
#3446 = ORIENTED_EDGE('',*,*,#3369,.T.);
#3447 = ORIENTED_EDGE('',*,*,#2116,.T.);
#3448 = ORIENTED_EDGE('',*,*,#3449,.T.);
#3449 = EDGE_CURVE('',#2089,#3450,#3452,.T.);
#3450 = VERTEX_POINT('',#3451);
#3451 = CARTESIAN_POINT('',(-43.3,53.42873895599,5.832146244743));
#3452 = SURFACE_CURVE('',#3453,(#3457,#3464),.PCURVE_S1.);
#3453 = LINE('',#3454,#3455);
#3454 = CARTESIAN_POINT('',(-43.3,52.88706373557,6.286665722415));
#3455 = VECTOR('',#3456,1.);
#3456 = DIRECTION('',(1.283458206755E-16,0.766044443119,-0.642787609687)
  );
#3457 = PCURVE('',#2133,#3458);
#3458 = DEFINITIONAL_REPRESENTATION('',(#3459),#3463);
#3459 = LINE('',#3460,#3461);
#3460 = CARTESIAN_POINT('',(-1.570796326795,-0.));
#3461 = VECTOR('',#3462,1.);
#3462 = DIRECTION('',(-0.,-1.));
#3463 = ( GEOMETRIC_REPRESENTATION_CONTEXT(2) 
PARAMETRIC_REPRESENTATION_CONTEXT() REPRESENTATION_CONTEXT('2D SPACE',''
  ) );
#3464 = PCURVE('',#2104,#3465);
#3465 = DEFINITIONAL_REPRESENTATION('',(#3466),#3470);
#3466 = LINE('',#3467,#3468);
#3467 = CARTESIAN_POINT('',(-3.006901507894E-17,-0.353553390593));
#3468 = VECTOR('',#3469,1.);
#3469 = DIRECTION('',(-4.329780281177E-17,1.));
#3470 = ( GEOMETRIC_REPRESENTATION_CONTEXT(2) 
PARAMETRIC_REPRESENTATION_CONTEXT() REPRESENTATION_CONTEXT('2D SPACE',''
  ) );
#3471 = ORIENTED_EDGE('',*,*,#3472,.F.);
#3472 = EDGE_CURVE('',#3425,#3450,#3473,.T.);
#3473 = SURFACE_CURVE('',#3474,(#3479,#3486),.PCURVE_S1.);
#3474 = CIRCLE('',#3475,3.5);
#3475 = AXIS2_PLACEMENT_3D('',#3476,#3477,#3478);
#3476 = CARTESIAN_POINT('',(-43.3,53.733784055607,2.345464801422));
#3477 = DIRECTION('',(1.105998290831E-16,0.996194698092,
    8.715574274766E-02));
#3478 = DIRECTION('',(-1.,1.110223024625E-16,0.));
#3479 = PCURVE('',#2133,#3480);
#3480 = DEFINITIONAL_REPRESENTATION('',(#3481),#3485);
#3481 = LINE('',#3482,#3483);
#3482 = CARTESIAN_POINT('',(-0.,-0.5));
#3483 = VECTOR('',#3484,1.);
#3484 = DIRECTION('',(-1.,-0.));
#3485 = ( GEOMETRIC_REPRESENTATION_CONTEXT(2) 
PARAMETRIC_REPRESENTATION_CONTEXT() REPRESENTATION_CONTEXT('2D SPACE',''
  ) );
#3486 = PCURVE('',#3487,#3492);
#3487 = PLANE('',#3488);
#3488 = AXIS2_PLACEMENT_3D('',#3489,#3490,#3491);
#3489 = CARTESIAN_POINT('',(5.155409019541E-15,54.67724497085,
    -8.438342805421));
#3490 = DIRECTION('',(1.105998290831E-16,0.996194698092,
    8.715574274766E-02));
#3491 = DIRECTION('',(-9.676231232676E-18,-8.715574274766E-02,
    0.996194698092));
#3492 = DEFINITIONAL_REPRESENTATION('',(#3493),#3497);
#3493 = CIRCLE('',#3494,3.5);
#3494 = AXIS2_PLACEMENT_2D('',#3495,#3496);
#3495 = CARTESIAN_POINT('',(10.825,-43.3));
#3496 = DIRECTION('',(2.54182144381E-34,-1.));
#3497 = ( GEOMETRIC_REPRESENTATION_CONTEXT(2) 
PARAMETRIC_REPRESENTATION_CONTEXT() REPRESENTATION_CONTEXT('2D SPACE',''
  ) );
#3498 = ADVANCED_FACE('',(#3499),#2104,.F.);
#3499 = FACE_BOUND('',#3500,.T.);
#3500 = EDGE_LOOP('',(#3501,#3502,#3503,#3526));
#3501 = ORIENTED_EDGE('',*,*,#3449,.F.);
#3502 = ORIENTED_EDGE('',*,*,#2088,.T.);
#3503 = ORIENTED_EDGE('',*,*,#3504,.T.);
#3504 = EDGE_CURVE('',#2056,#3505,#3507,.T.);
#3505 = VERTEX_POINT('',#3506);
#3506 = CARTESIAN_POINT('',(43.3,53.42873895599,5.832146244743));
#3507 = SURFACE_CURVE('',#3508,(#3512,#3519),.PCURVE_S1.);
#3508 = LINE('',#3509,#3510);
#3509 = CARTESIAN_POINT('',(43.3,53.15790134578,6.059405983579));
#3510 = VECTOR('',#3511,1.);
#3511 = DIRECTION('',(8.504801786368E-17,0.766044443119,-0.642787609687)
  );
#3512 = PCURVE('',#2104,#3513);
#3513 = DEFINITIONAL_REPRESENTATION('',(#3514),#3518);
#3514 = LINE('',#3515,#3516);
#3515 = CARTESIAN_POINT('',(-86.6,-5.233718189679E-15));
#3516 = VECTOR('',#3517,1.);
#3517 = DIRECTION('',(-2.814650688224E-33,1.));
#3518 = ( GEOMETRIC_REPRESENTATION_CONTEXT(2) 
PARAMETRIC_REPRESENTATION_CONTEXT() REPRESENTATION_CONTEXT('2D SPACE',''
  ) );
#3519 = PCURVE('',#2072,#3520);
#3520 = DEFINITIONAL_REPRESENTATION('',(#3521),#3525);
#3521 = LINE('',#3522,#3523);
#3522 = CARTESIAN_POINT('',(-0.,-0.25));
#3523 = VECTOR('',#3524,1.);
#3524 = DIRECTION('',(-0.,-1.));
#3525 = ( GEOMETRIC_REPRESENTATION_CONTEXT(2) 
PARAMETRIC_REPRESENTATION_CONTEXT() REPRESENTATION_CONTEXT('2D SPACE',''
  ) );
#3526 = ORIENTED_EDGE('',*,*,#3527,.F.);
#3527 = EDGE_CURVE('',#3450,#3505,#3528,.T.);
#3528 = SURFACE_CURVE('',#3529,(#3533,#3540),.PCURVE_S1.);
#3529 = LINE('',#3530,#3531);
#3530 = CARTESIAN_POINT('',(-43.3,53.42873895599,5.832146244743));
#3531 = VECTOR('',#3532,1.);
#3532 = DIRECTION('',(1.,-1.110223024625E-16,0.));
#3533 = PCURVE('',#2104,#3534);
#3534 = DEFINITIONAL_REPRESENTATION('',(#3535),#3539);
#3535 = LINE('',#3536,#3537);
#3536 = CARTESIAN_POINT('',(3.006901507894E-17,0.353553390593));
#3537 = VECTOR('',#3538,1.);
#3538 = DIRECTION('',(-1.,3.062243469299E-33));
#3539 = ( GEOMETRIC_REPRESENTATION_CONTEXT(2) 
PARAMETRIC_REPRESENTATION_CONTEXT() REPRESENTATION_CONTEXT('2D SPACE',''
  ) );
#3540 = PCURVE('',#3487,#3541);
#3541 = DEFINITIONAL_REPRESENTATION('',(#3542),#3546);
#3542 = LINE('',#3543,#3544);
#3543 = CARTESIAN_POINT('',(14.325,-43.3));
#3544 = VECTOR('',#3545,1.);
#3545 = DIRECTION('',(0.,1.));
#3546 = ( GEOMETRIC_REPRESENTATION_CONTEXT(2) 
PARAMETRIC_REPRESENTATION_CONTEXT() REPRESENTATION_CONTEXT('2D SPACE',''
  ) );
#3547 = ADVANCED_FACE('',(#3548),#1983,.F.);
#3548 = FACE_BOUND('',#3549,.F.);
#3549 = EDGE_LOOP('',(#3550,#3580,#3601,#3602,#3603,#3626));
#3550 = ORIENTED_EDGE('',*,*,#3551,.T.);
#3551 = EDGE_CURVE('',#3552,#3554,#3556,.T.);
#3552 = VERTEX_POINT('',#3553);
#3553 = CARTESIAN_POINT('',(47.3,53.235686706561,2.301886930048));
#3554 = VERTEX_POINT('',#3555);
#3555 = CARTESIAN_POINT('',(47.3,55.122608537048,-19.26572828363));
#3556 = SURFACE_CURVE('',#3557,(#3561,#3568),.PCURVE_S1.);
#3557 = LINE('',#3558,#3559);
#3558 = CARTESIAN_POINT('',(47.3,53.235686706561,2.301886930048));
#3559 = VECTOR('',#3560,1.);
#3560 = DIRECTION('',(9.676231232676E-18,8.715574274766E-02,
    -0.996194698092));
#3561 = PCURVE('',#1983,#3562);
#3562 = DEFINITIONAL_REPRESENTATION('',(#3563),#3567);
#3563 = LINE('',#3564,#3565);
#3564 = CARTESIAN_POINT('',(13.7,-13.));
#3565 = VECTOR('',#3566,1.);
#3566 = DIRECTION('',(1.,2.298214621924E-18));
#3567 = ( GEOMETRIC_REPRESENTATION_CONTEXT(2) 
PARAMETRIC_REPRESENTATION_CONTEXT() REPRESENTATION_CONTEXT('2D SPACE',''
  ) );
#3568 = PCURVE('',#3569,#3574);
#3569 = PLANE('',#3570);
#3570 = AXIS2_PLACEMENT_3D('',#3571,#3572,#3573);
#3571 = CARTESIAN_POINT('',(47.05,53.484735381084,2.323675865735));
#3572 = DIRECTION('',(-0.707106781187,-0.704416026403,
    -6.162841671622E-02));
#3573 = DIRECTION('',(-8.340143197038E-18,-8.715574274766E-02,
    0.996194698092));
#3574 = DEFINITIONAL_REPRESENTATION('',(#3575),#3579);
#3575 = LINE('',#3576,#3577);
#3576 = CARTESIAN_POINT('',(-6.529466451256E-16,-0.353553390593));
#3577 = VECTOR('',#3578,1.);
#3578 = DIRECTION('',(-1.,8.849892043856E-19));
#3579 = ( GEOMETRIC_REPRESENTATION_CONTEXT(2) 
PARAMETRIC_REPRESENTATION_CONTEXT() REPRESENTATION_CONTEXT('2D SPACE',''
  ) );
#3580 = ORIENTED_EDGE('',*,*,#3581,.T.);
#3581 = EDGE_CURVE('',#3554,#3041,#3582,.T.);
#3582 = SURFACE_CURVE('',#3583,(#3587,#3594),.PCURVE_S1.);
#3583 = LINE('',#3584,#3585);
#3584 = CARTESIAN_POINT('',(47.3,55.122608537048,-19.26572828363));
#3585 = VECTOR('',#3586,1.);
#3586 = DIRECTION('',(-1.105998290831E-16,-0.996194698092,
    -8.715574274766E-02));
#3587 = PCURVE('',#1983,#3588);
#3588 = DEFINITIONAL_REPRESENTATION('',(#3589),#3593);
#3589 = LINE('',#3590,#3591);
#3590 = CARTESIAN_POINT('',(35.35,-13.));
#3591 = VECTOR('',#3592,1.);
#3592 = DIRECTION('',(2.298214621924E-18,1.));
#3593 = ( GEOMETRIC_REPRESENTATION_CONTEXT(2) 
PARAMETRIC_REPRESENTATION_CONTEXT() REPRESENTATION_CONTEXT('2D SPACE',''
  ) );
#3594 = PCURVE('',#2558,#3595);
#3595 = DEFINITIONAL_REPRESENTATION('',(#3596),#3600);
#3596 = LINE('',#3597,#3598);
#3597 = CARTESIAN_POINT('',(-1.570796326795,13.));
#3598 = VECTOR('',#3599,1.);
#3599 = DIRECTION('',(-0.,-1.));
#3600 = ( GEOMETRIC_REPRESENTATION_CONTEXT(2) 
PARAMETRIC_REPRESENTATION_CONTEXT() REPRESENTATION_CONTEXT('2D SPACE',''
  ) );
#3601 = ORIENTED_EDGE('',*,*,#3040,.F.);
#3602 = ORIENTED_EDGE('',*,*,#1967,.T.);
#3603 = ORIENTED_EDGE('',*,*,#3604,.T.);
#3604 = EDGE_CURVE('',#1968,#3605,#3607,.T.);
#3605 = VERTEX_POINT('',#3606);
#3606 = CARTESIAN_POINT('',(47.3,51.243297310377,2.127575444553));
#3607 = SURFACE_CURVE('',#3608,(#3612,#3619),.PCURVE_S1.);
#3608 = LINE('',#3609,#3610);
#3609 = CARTESIAN_POINT('',(47.3,50.049263634734,15.775442808409));
#3610 = VECTOR('',#3611,1.);
#3611 = DIRECTION('',(9.676231232676E-18,8.715574274766E-02,
    -0.996194698092));
#3612 = PCURVE('',#1983,#3613);
#3613 = DEFINITIONAL_REPRESENTATION('',(#3614),#3618);
#3614 = LINE('',#3615,#3616);
#3615 = CARTESIAN_POINT('',(-3.190936422483E-15,-11.));
#3616 = VECTOR('',#3617,1.);
#3617 = DIRECTION('',(1.,2.298214621924E-18));
#3618 = ( GEOMETRIC_REPRESENTATION_CONTEXT(2) 
PARAMETRIC_REPRESENTATION_CONTEXT() REPRESENTATION_CONTEXT('2D SPACE',''
  ) );
#3619 = PCURVE('',#2011,#3620);
#3620 = DEFINITIONAL_REPRESENTATION('',(#3621),#3625);
#3621 = LINE('',#3622,#3623);
#3622 = CARTESIAN_POINT('',(19.675,47.3));
#3623 = VECTOR('',#3624,1.);
#3624 = DIRECTION('',(-1.,0.));
#3625 = ( GEOMETRIC_REPRESENTATION_CONTEXT(2) 
PARAMETRIC_REPRESENTATION_CONTEXT() REPRESENTATION_CONTEXT('2D SPACE',''
  ) );
#3626 = ORIENTED_EDGE('',*,*,#3627,.T.);
#3627 = EDGE_CURVE('',#3605,#3552,#3628,.T.);
#3628 = SURFACE_CURVE('',#3629,(#3633,#3640),.PCURVE_S1.);
#3629 = LINE('',#3630,#3631);
#3630 = CARTESIAN_POINT('',(47.3,51.243297310377,2.127575444553));
#3631 = VECTOR('',#3632,1.);
#3632 = DIRECTION('',(1.105998290831E-16,0.996194698092,
    8.715574274766E-02));
#3633 = PCURVE('',#1983,#3634);
#3634 = DEFINITIONAL_REPRESENTATION('',(#3635),#3639);
#3635 = LINE('',#3636,#3637);
#3636 = CARTESIAN_POINT('',(13.7,-11.));
#3637 = VECTOR('',#3638,1.);
#3638 = DIRECTION('',(-2.298214621924E-18,-1.));
#3639 = ( GEOMETRIC_REPRESENTATION_CONTEXT(2) 
PARAMETRIC_REPRESENTATION_CONTEXT() REPRESENTATION_CONTEXT('2D SPACE',''
  ) );
#3640 = PCURVE('',#2040,#3641);
#3641 = DEFINITIONAL_REPRESENTATION('',(#3642),#3646);
#3642 = LINE('',#3643,#3644);
#3643 = CARTESIAN_POINT('',(1.570796326795,0.));
#3644 = VECTOR('',#3645,1.);
#3645 = DIRECTION('',(0.,1.));
#3646 = ( GEOMETRIC_REPRESENTATION_CONTEXT(2) 
PARAMETRIC_REPRESENTATION_CONTEXT() REPRESENTATION_CONTEXT('2D SPACE',''
  ) );
#3647 = ADVANCED_FACE('',(#3648),#2072,.T.);
#3648 = FACE_BOUND('',#3649,.T.);
#3649 = EDGE_LOOP('',(#3650,#3651,#3652,#3674,#3697));
#3650 = ORIENTED_EDGE('',*,*,#3504,.F.);
#3651 = ORIENTED_EDGE('',*,*,#2055,.T.);
#3652 = ORIENTED_EDGE('',*,*,#3653,.T.);
#3653 = EDGE_CURVE('',#2024,#3552,#3654,.T.);
#3654 = SURFACE_CURVE('',#3655,(#3660,#3667),.PCURVE_S1.);
#3655 = CIRCLE('',#3656,4.);
#3656 = AXIS2_PLACEMENT_3D('',#3657,#3658,#3659);
#3657 = CARTESIAN_POINT('',(43.3,53.235686706561,2.301886930048));
#3658 = DIRECTION('',(1.105998290831E-16,0.996194698092,
    8.715574274766E-02));
#3659 = DIRECTION('',(-9.676231232676E-18,-8.715574274766E-02,
    0.996194698092));
#3660 = PCURVE('',#2072,#3661);
#3661 = DEFINITIONAL_REPRESENTATION('',(#3662),#3666);
#3662 = LINE('',#3663,#3664);
#3663 = CARTESIAN_POINT('',(-0.,-0.));
#3664 = VECTOR('',#3665,1.);
#3665 = DIRECTION('',(-1.,-0.));
#3666 = ( GEOMETRIC_REPRESENTATION_CONTEXT(2) 
PARAMETRIC_REPRESENTATION_CONTEXT() REPRESENTATION_CONTEXT('2D SPACE',''
  ) );
#3667 = PCURVE('',#2040,#3668);
#3668 = DEFINITIONAL_REPRESENTATION('',(#3669),#3673);
#3669 = LINE('',#3670,#3671);
#3670 = CARTESIAN_POINT('',(0.,2.));
#3671 = VECTOR('',#3672,1.);
#3672 = DIRECTION('',(1.,0.));
#3673 = ( GEOMETRIC_REPRESENTATION_CONTEXT(2) 
PARAMETRIC_REPRESENTATION_CONTEXT() REPRESENTATION_CONTEXT('2D SPACE',''
  ) );
#3674 = ORIENTED_EDGE('',*,*,#3675,.T.);
#3675 = EDGE_CURVE('',#3552,#3676,#3678,.T.);
#3676 = VERTEX_POINT('',#3677);
#3677 = CARTESIAN_POINT('',(46.8,53.733784055607,2.345464801422));
#3678 = SURFACE_CURVE('',#3679,(#3683,#3690),.PCURVE_S1.);
#3679 = LINE('',#3680,#3681);
#3680 = CARTESIAN_POINT('',(47.3,53.235686706561,2.301886930048));
#3681 = VECTOR('',#3682,1.);
#3682 = DIRECTION('',(-0.707106781187,0.704416026403,6.162841671622E-02)
  );
#3683 = PCURVE('',#2072,#3684);
#3684 = DEFINITIONAL_REPRESENTATION('',(#3685),#3689);
#3685 = LINE('',#3686,#3687);
#3686 = CARTESIAN_POINT('',(-1.570796326795,-0.));
#3687 = VECTOR('',#3688,1.);
#3688 = DIRECTION('',(-0.,-1.));
#3689 = ( GEOMETRIC_REPRESENTATION_CONTEXT(2) 
PARAMETRIC_REPRESENTATION_CONTEXT() REPRESENTATION_CONTEXT('2D SPACE',''
  ) );
#3690 = PCURVE('',#3569,#3691);
#3691 = DEFINITIONAL_REPRESENTATION('',(#3692),#3696);
#3692 = LINE('',#3693,#3694);
#3693 = CARTESIAN_POINT('',(-6.529466451256E-16,-0.353553390593));
#3694 = VECTOR('',#3695,1.);
#3695 = DIRECTION('',(-4.238632969676E-17,1.));
#3696 = ( GEOMETRIC_REPRESENTATION_CONTEXT(2) 
PARAMETRIC_REPRESENTATION_CONTEXT() REPRESENTATION_CONTEXT('2D SPACE',''
  ) );
#3697 = ORIENTED_EDGE('',*,*,#3698,.F.);
#3698 = EDGE_CURVE('',#3505,#3676,#3699,.T.);
#3699 = SURFACE_CURVE('',#3700,(#3705,#3712),.PCURVE_S1.);
#3700 = CIRCLE('',#3701,3.5);
#3701 = AXIS2_PLACEMENT_3D('',#3702,#3703,#3704);
#3702 = CARTESIAN_POINT('',(43.3,53.733784055607,2.345464801422));
#3703 = DIRECTION('',(1.105998290831E-16,0.996194698092,
    8.715574274766E-02));
#3704 = DIRECTION('',(-9.676231232676E-18,-8.715574274766E-02,
    0.996194698092));
#3705 = PCURVE('',#2072,#3706);
#3706 = DEFINITIONAL_REPRESENTATION('',(#3707),#3711);
#3707 = LINE('',#3708,#3709);
#3708 = CARTESIAN_POINT('',(-0.,-0.5));
#3709 = VECTOR('',#3710,1.);
#3710 = DIRECTION('',(-1.,-0.));
#3711 = ( GEOMETRIC_REPRESENTATION_CONTEXT(2) 
PARAMETRIC_REPRESENTATION_CONTEXT() REPRESENTATION_CONTEXT('2D SPACE',''
  ) );
#3712 = PCURVE('',#3487,#3713);
#3713 = DEFINITIONAL_REPRESENTATION('',(#3714),#3718);
#3714 = CIRCLE('',#3715,3.5);
#3715 = AXIS2_PLACEMENT_2D('',#3716,#3717);
#3716 = CARTESIAN_POINT('',(10.825,43.3));
#3717 = DIRECTION('',(1.,0.));
#3718 = ( GEOMETRIC_REPRESENTATION_CONTEXT(2) 
PARAMETRIC_REPRESENTATION_CONTEXT() REPRESENTATION_CONTEXT('2D SPACE',''
  ) );
#3719 = ADVANCED_FACE('',(#3720),#2011,.T.);
#3720 = FACE_BOUND('',#3721,.T.);
#3721 = EDGE_LOOP('',(#3722,#3723,#3724));
#3722 = ORIENTED_EDGE('',*,*,#1995,.T.);
#3723 = ORIENTED_EDGE('',*,*,#3604,.T.);
#3724 = ORIENTED_EDGE('',*,*,#3725,.F.);
#3725 = EDGE_CURVE('',#1996,#3605,#3726,.T.);
#3726 = SURFACE_CURVE('',#3727,(#3732,#3739),.PCURVE_S1.);
#3727 = CIRCLE('',#3728,4.);
#3728 = AXIS2_PLACEMENT_3D('',#3729,#3730,#3731);
#3729 = CARTESIAN_POINT('',(43.3,51.243297310377,2.127575444553));
#3730 = DIRECTION('',(1.105998290831E-16,0.996194698092,
    8.715574274766E-02));
#3731 = DIRECTION('',(-9.676231232676E-18,-8.715574274766E-02,
    0.996194698092));
#3732 = PCURVE('',#2011,#3733);
#3733 = DEFINITIONAL_REPRESENTATION('',(#3734),#3738);
#3734 = CIRCLE('',#3735,4.);
#3735 = AXIS2_PLACEMENT_2D('',#3736,#3737);
#3736 = CARTESIAN_POINT('',(5.975,43.3));
#3737 = DIRECTION('',(1.,0.));
#3738 = ( GEOMETRIC_REPRESENTATION_CONTEXT(2) 
PARAMETRIC_REPRESENTATION_CONTEXT() REPRESENTATION_CONTEXT('2D SPACE',''
  ) );
#3739 = PCURVE('',#2040,#3740);
#3740 = DEFINITIONAL_REPRESENTATION('',(#3741),#3745);
#3741 = LINE('',#3742,#3743);
#3742 = CARTESIAN_POINT('',(0.,0.));
#3743 = VECTOR('',#3744,1.);
#3744 = DIRECTION('',(1.,0.));
#3745 = ( GEOMETRIC_REPRESENTATION_CONTEXT(2) 
PARAMETRIC_REPRESENTATION_CONTEXT() REPRESENTATION_CONTEXT('2D SPACE',''
  ) );
#3746 = ADVANCED_FACE('',(#3747),#2040,.T.);
#3747 = FACE_BOUND('',#3748,.T.);
#3748 = EDGE_LOOP('',(#3749,#3750,#3751,#3752));
#3749 = ORIENTED_EDGE('',*,*,#3653,.F.);
#3750 = ORIENTED_EDGE('',*,*,#2023,.F.);
#3751 = ORIENTED_EDGE('',*,*,#3725,.T.);
#3752 = ORIENTED_EDGE('',*,*,#3627,.T.);
#3753 = ADVANCED_FACE('',(#3754),#2342,.F.);
#3754 = FACE_BOUND('',#3755,.T.);
#3755 = EDGE_LOOP('',(#3756,#3785,#3806,#3807));
#3756 = ORIENTED_EDGE('',*,*,#3757,.F.);
#3757 = EDGE_CURVE('',#3758,#3758,#3760,.T.);
#3758 = VERTEX_POINT('',#3759);
#3759 = CARTESIAN_POINT('',(15.85,0.,2.));
#3760 = SURFACE_CURVE('',#3761,(#3766,#3773),.PCURVE_S1.);
#3761 = CIRCLE('',#3762,15.85);
#3762 = AXIS2_PLACEMENT_3D('',#3763,#3764,#3765);
#3763 = CARTESIAN_POINT('',(0.,0.,2.));
#3764 = DIRECTION('',(0.,0.,1.));
#3765 = DIRECTION('',(1.,0.,0.));
#3766 = PCURVE('',#2342,#3767);
#3767 = DEFINITIONAL_REPRESENTATION('',(#3768),#3772);
#3768 = LINE('',#3769,#3770);
#3769 = CARTESIAN_POINT('',(-0.,0.));
#3770 = VECTOR('',#3771,1.);
#3771 = DIRECTION('',(-1.,0.));
#3772 = ( GEOMETRIC_REPRESENTATION_CONTEXT(2) 
PARAMETRIC_REPRESENTATION_CONTEXT() REPRESENTATION_CONTEXT('2D SPACE',''
  ) );
#3773 = PCURVE('',#3774,#3779);
#3774 = PLANE('',#3775);
#3775 = AXIS2_PLACEMENT_3D('',#3776,#3777,#3778);
#3776 = CARTESIAN_POINT('',(-6.901906031745E-16,1.423550083974E-15,2.));
#3777 = DIRECTION('',(0.,0.,1.));
#3778 = DIRECTION('',(1.,0.,-0.));
#3779 = DEFINITIONAL_REPRESENTATION('',(#3780),#3784);
#3780 = CIRCLE('',#3781,15.85);
#3781 = AXIS2_PLACEMENT_2D('',#3782,#3783);
#3782 = CARTESIAN_POINT('',(6.901906031745E-16,-1.423550083974E-15));
#3783 = DIRECTION('',(1.,0.));
#3784 = ( GEOMETRIC_REPRESENTATION_CONTEXT(2) 
PARAMETRIC_REPRESENTATION_CONTEXT() REPRESENTATION_CONTEXT('2D SPACE',''
  ) );
#3785 = ORIENTED_EDGE('',*,*,#3786,.T.);
#3786 = EDGE_CURVE('',#3758,#2322,#3787,.T.);
#3787 = SEAM_CURVE('',#3788,(#3792,#3799),.PCURVE_S1.);
#3788 = LINE('',#3789,#3790);
#3789 = CARTESIAN_POINT('',(15.85,0.,2.));
#3790 = VECTOR('',#3791,1.);
#3791 = DIRECTION('',(0.,0.,1.));
#3792 = PCURVE('',#2342,#3793);
#3793 = DEFINITIONAL_REPRESENTATION('',(#3794),#3798);
#3794 = LINE('',#3795,#3796);
#3795 = CARTESIAN_POINT('',(-6.28318530718,0.));
#3796 = VECTOR('',#3797,1.);
#3797 = DIRECTION('',(-0.,-1.));
#3798 = ( GEOMETRIC_REPRESENTATION_CONTEXT(2) 
PARAMETRIC_REPRESENTATION_CONTEXT() REPRESENTATION_CONTEXT('2D SPACE',''
  ) );
#3799 = PCURVE('',#2342,#3800);
#3800 = DEFINITIONAL_REPRESENTATION('',(#3801),#3805);
#3801 = LINE('',#3802,#3803);
#3802 = CARTESIAN_POINT('',(-0.,0.));
#3803 = VECTOR('',#3804,1.);
#3804 = DIRECTION('',(-0.,-1.));
#3805 = ( GEOMETRIC_REPRESENTATION_CONTEXT(2) 
PARAMETRIC_REPRESENTATION_CONTEXT() REPRESENTATION_CONTEXT('2D SPACE',''
  ) );
#3806 = ORIENTED_EDGE('',*,*,#2321,.F.);
#3807 = ORIENTED_EDGE('',*,*,#3786,.F.);
#3808 = ADVANCED_FACE('',(#3809),#2620,.T.);
#3809 = FACE_BOUND('',#3810,.T.);
#3810 = EDGE_LOOP('',(#3811,#3834,#3835,#3836));
#3811 = ORIENTED_EDGE('',*,*,#3812,.F.);
#3812 = EDGE_CURVE('',#2576,#3813,#3815,.T.);
#3813 = VERTEX_POINT('',#3814);
#3814 = CARTESIAN_POINT('',(-43.3,55.471231508038,-23.250507076));
#3815 = SURFACE_CURVE('',#3816,(#3820,#3827),.PCURVE_S1.);
#3816 = LINE('',#3817,#3818);
#3817 = CARTESIAN_POINT('',(-43.3,42.520700432846,-24.38353173172));
#3818 = VECTOR('',#3819,1.);
#3819 = DIRECTION('',(1.105998290831E-16,0.996194698092,
    8.715574274766E-02));
#3820 = PCURVE('',#2620,#3821);
#3821 = DEFINITIONAL_REPRESENTATION('',(#3822),#3826);
#3822 = LINE('',#3823,#3824);
#3823 = CARTESIAN_POINT('',(0.,0.));
#3824 = VECTOR('',#3825,1.);
#3825 = DIRECTION('',(0.,1.));
#3826 = ( GEOMETRIC_REPRESENTATION_CONTEXT(2) 
PARAMETRIC_REPRESENTATION_CONTEXT() REPRESENTATION_CONTEXT('2D SPACE',''
  ) );
#3827 = PCURVE('',#2591,#3828);
#3828 = DEFINITIONAL_REPRESENTATION('',(#3829),#3833);
#3829 = LINE('',#3830,#3831);
#3830 = CARTESIAN_POINT('',(90.6,-4.136433607708E-15));
#3831 = VECTOR('',#3832,1.);
#3832 = DIRECTION('',(0.,-1.));
#3833 = ( GEOMETRIC_REPRESENTATION_CONTEXT(2) 
PARAMETRIC_REPRESENTATION_CONTEXT() REPRESENTATION_CONTEXT('2D SPACE',''
  ) );
#3834 = ORIENTED_EDGE('',*,*,#2603,.T.);
#3835 = ORIENTED_EDGE('',*,*,#3144,.T.);
#3836 = ORIENTED_EDGE('',*,*,#3837,.F.);
#3837 = EDGE_CURVE('',#3813,#3145,#3838,.T.);
#3838 = SURFACE_CURVE('',#3839,(#3844,#3851),.PCURVE_S1.);
#3839 = CIRCLE('',#3840,4.);
#3840 = AXIS2_PLACEMENT_3D('',#3841,#3842,#3843);
#3841 = CARTESIAN_POINT('',(-43.3,55.122608537048,-19.26572828363));
#3842 = DIRECTION('',(1.105998290831E-16,0.996194698092,
    8.715574274766E-02));
#3843 = DIRECTION('',(9.676231232676E-18,8.715574274766E-02,
    -0.996194698092));
#3844 = PCURVE('',#2620,#3845);
#3845 = DEFINITIONAL_REPRESENTATION('',(#3846),#3850);
#3846 = LINE('',#3847,#3848);
#3847 = CARTESIAN_POINT('',(0.,13.));
#3848 = VECTOR('',#3849,1.);
#3849 = DIRECTION('',(1.,0.));
#3850 = ( GEOMETRIC_REPRESENTATION_CONTEXT(2) 
PARAMETRIC_REPRESENTATION_CONTEXT() REPRESENTATION_CONTEXT('2D SPACE',''
  ) );
#3851 = PCURVE('',#3852,#3857);
#3852 = CONICAL_SURFACE('',#3853,4.,0.785398163397);
#3853 = AXIS2_PLACEMENT_3D('',#3854,#3855,#3856);
#3854 = CARTESIAN_POINT('',(-43.3,55.122608537048,-19.26572828363));
#3855 = DIRECTION('',(-1.105998290831E-16,-0.996194698092,
    -8.715574274766E-02));
#3856 = DIRECTION('',(9.676231232676E-18,8.715574274766E-02,
    -0.996194698092));
#3857 = DEFINITIONAL_REPRESENTATION('',(#3858),#3862);
#3858 = LINE('',#3859,#3860);
#3859 = CARTESIAN_POINT('',(-0.,-0.));
#3860 = VECTOR('',#3861,1.);
#3861 = DIRECTION('',(-1.,-0.));
#3862 = ( GEOMETRIC_REPRESENTATION_CONTEXT(2) 
PARAMETRIC_REPRESENTATION_CONTEXT() REPRESENTATION_CONTEXT('2D SPACE',''
  ) );
#3863 = ADVANCED_FACE('',(#3864),#2591,.F.);
#3864 = FACE_BOUND('',#3865,.F.);
#3865 = EDGE_LOOP('',(#3866,#3867,#3890,#3916));
#3866 = ORIENTED_EDGE('',*,*,#2575,.F.);
#3867 = ORIENTED_EDGE('',*,*,#3868,.F.);
#3868 = EDGE_CURVE('',#3869,#2542,#3871,.T.);
#3869 = VERTEX_POINT('',#3870);
#3870 = CARTESIAN_POINT('',(43.3,55.471231508038,-23.250507076));
#3871 = SURFACE_CURVE('',#3872,(#3876,#3883),.PCURVE_S1.);
#3872 = LINE('',#3873,#3874);
#3873 = CARTESIAN_POINT('',(43.3,55.471231508038,-23.250507076));
#3874 = VECTOR('',#3875,1.);
#3875 = DIRECTION('',(-1.105998290831E-16,-0.996194698092,
    -8.715574274766E-02));
#3876 = PCURVE('',#2591,#3877);
#3877 = DEFINITIONAL_REPRESENTATION('',(#3878),#3882);
#3878 = LINE('',#3879,#3880);
#3879 = CARTESIAN_POINT('',(4.,-13.));
#3880 = VECTOR('',#3881,1.);
#3881 = DIRECTION('',(0.,1.));
#3882 = ( GEOMETRIC_REPRESENTATION_CONTEXT(2) 
PARAMETRIC_REPRESENTATION_CONTEXT() REPRESENTATION_CONTEXT('2D SPACE',''
  ) );
#3883 = PCURVE('',#2558,#3884);
#3884 = DEFINITIONAL_REPRESENTATION('',(#3885),#3889);
#3885 = LINE('',#3886,#3887);
#3886 = CARTESIAN_POINT('',(-0.,13.));
#3887 = VECTOR('',#3888,1.);
#3888 = DIRECTION('',(-0.,-1.));
#3889 = ( GEOMETRIC_REPRESENTATION_CONTEXT(2) 
PARAMETRIC_REPRESENTATION_CONTEXT() REPRESENTATION_CONTEXT('2D SPACE',''
  ) );
#3890 = ORIENTED_EDGE('',*,*,#3891,.T.);
#3891 = EDGE_CURVE('',#3869,#3813,#3892,.T.);
#3892 = SURFACE_CURVE('',#3893,(#3897,#3904),.PCURVE_S1.);
#3893 = LINE('',#3894,#3895);
#3894 = CARTESIAN_POINT('',(43.3,55.471231508038,-23.250507076));
#3895 = VECTOR('',#3896,1.);
#3896 = DIRECTION('',(-1.,1.110223024625E-16,0.));
#3897 = PCURVE('',#2591,#3898);
#3898 = DEFINITIONAL_REPRESENTATION('',(#3899),#3903);
#3899 = LINE('',#3900,#3901);
#3900 = CARTESIAN_POINT('',(4.,-13.));
#3901 = VECTOR('',#3902,1.);
#3902 = DIRECTION('',(1.,0.));
#3903 = ( GEOMETRIC_REPRESENTATION_CONTEXT(2) 
PARAMETRIC_REPRESENTATION_CONTEXT() REPRESENTATION_CONTEXT('2D SPACE',''
  ) );
#3904 = PCURVE('',#3905,#3910);
#3905 = PLANE('',#3906);
#3906 = AXIS2_PLACEMENT_3D('',#3907,#3908,#3909);
#3907 = CARTESIAN_POINT('',(43.3,55.698491246874,-22.97966946579));
#3908 = DIRECTION('',(-8.693753168421E-17,-0.766044443119,0.642787609687
    ));
#3909 = DIRECTION('',(1.,-1.124697540249E-16,1.214556072163E-18));
#3910 = DEFINITIONAL_REPRESENTATION('',(#3911),#3915);
#3911 = LINE('',#3912,#3913);
#3912 = CARTESIAN_POINT('',(2.52308994626E-17,-0.353553390593));
#3913 = VECTOR('',#3914,1.);
#3914 = DIRECTION('',(-1.,3.057072577619E-33));
#3915 = ( GEOMETRIC_REPRESENTATION_CONTEXT(2) 
PARAMETRIC_REPRESENTATION_CONTEXT() REPRESENTATION_CONTEXT('2D SPACE',''
  ) );
#3916 = ORIENTED_EDGE('',*,*,#3812,.F.);
#3917 = ADVANCED_FACE('',(#3918),#2558,.T.);
#3918 = FACE_BOUND('',#3919,.F.);
#3919 = EDGE_LOOP('',(#3920,#3947,#3948,#3949,#3950));
#3920 = ORIENTED_EDGE('',*,*,#3921,.T.);
#3921 = EDGE_CURVE('',#3554,#3869,#3922,.T.);
#3922 = SURFACE_CURVE('',#3923,(#3928,#3935),.PCURVE_S1.);
#3923 = CIRCLE('',#3924,4.);
#3924 = AXIS2_PLACEMENT_3D('',#3925,#3926,#3927);
#3925 = CARTESIAN_POINT('',(43.3,55.122608537048,-19.26572828363));
#3926 = DIRECTION('',(1.105998290831E-16,0.996194698092,
    8.715574274766E-02));
#3927 = DIRECTION('',(1.,-1.110223024625E-16,0.));
#3928 = PCURVE('',#2558,#3929);
#3929 = DEFINITIONAL_REPRESENTATION('',(#3930),#3934);
#3930 = LINE('',#3931,#3932);
#3931 = CARTESIAN_POINT('',(-1.570796326795,13.));
#3932 = VECTOR('',#3933,1.);
#3933 = DIRECTION('',(1.,-0.));
#3934 = ( GEOMETRIC_REPRESENTATION_CONTEXT(2) 
PARAMETRIC_REPRESENTATION_CONTEXT() REPRESENTATION_CONTEXT('2D SPACE',''
  ) );
#3935 = PCURVE('',#3936,#3941);
#3936 = CONICAL_SURFACE('',#3937,4.,0.785398163397);
#3937 = AXIS2_PLACEMENT_3D('',#3938,#3939,#3940);
#3938 = CARTESIAN_POINT('',(43.3,55.122608537048,-19.26572828363));
#3939 = DIRECTION('',(-1.105998290831E-16,-0.996194698092,
    -8.715574274766E-02));
#3940 = DIRECTION('',(1.,-1.110223024625E-16,0.));
#3941 = DEFINITIONAL_REPRESENTATION('',(#3942),#3946);
#3942 = LINE('',#3943,#3944);
#3943 = CARTESIAN_POINT('',(-0.,-0.));
#3944 = VECTOR('',#3945,1.);
#3945 = DIRECTION('',(-1.,-0.));
#3946 = ( GEOMETRIC_REPRESENTATION_CONTEXT(2) 
PARAMETRIC_REPRESENTATION_CONTEXT() REPRESENTATION_CONTEXT('2D SPACE',''
  ) );
#3947 = ORIENTED_EDGE('',*,*,#3868,.T.);
#3948 = ORIENTED_EDGE('',*,*,#2541,.F.);
#3949 = ORIENTED_EDGE('',*,*,#3063,.F.);
#3950 = ORIENTED_EDGE('',*,*,#3581,.F.);
#3951 = ADVANCED_FACE('',(#3952),#2681,.F.);
#3952 = FACE_BOUND('',#3953,.F.);
#3953 = EDGE_LOOP('',(#3954,#3977,#4004,#4005));
#3954 = ORIENTED_EDGE('',*,*,#3955,.T.);
#3955 = EDGE_CURVE('',#2665,#3956,#3958,.T.);
#3956 = VERTEX_POINT('',#3957);
#3957 = CARTESIAN_POINT('',(3.77863365356E-15,48.043816153771,
    -5.028508772987));
#3958 = SEAM_CURVE('',#3959,(#3963,#3970),.PCURVE_S1.);
#3959 = LINE('',#3960,#3961);
#3960 = CARTESIAN_POINT('',(3.336234337228E-15,44.059037361404,
    -5.377131743978));
#3961 = VECTOR('',#3962,1.);
#3962 = DIRECTION('',(1.105998290831E-16,0.996194698092,
    8.715574274766E-02));
#3963 = PCURVE('',#2681,#3964);
#3964 = DEFINITIONAL_REPRESENTATION('',(#3965),#3969);
#3965 = LINE('',#3966,#3967);
#3966 = CARTESIAN_POINT('',(6.28318530718,-0.));
#3967 = VECTOR('',#3968,1.);
#3968 = DIRECTION('',(0.,1.));
#3969 = ( GEOMETRIC_REPRESENTATION_CONTEXT(2) 
PARAMETRIC_REPRESENTATION_CONTEXT() REPRESENTATION_CONTEXT('2D SPACE',''
  ) );
#3970 = PCURVE('',#2681,#3971);
#3971 = DEFINITIONAL_REPRESENTATION('',(#3972),#3976);
#3972 = LINE('',#3973,#3974);
#3973 = CARTESIAN_POINT('',(0.,-0.));
#3974 = VECTOR('',#3975,1.);
#3975 = DIRECTION('',(0.,1.));
#3976 = ( GEOMETRIC_REPRESENTATION_CONTEXT(2) 
PARAMETRIC_REPRESENTATION_CONTEXT() REPRESENTATION_CONTEXT('2D SPACE',''
  ) );
#3977 = ORIENTED_EDGE('',*,*,#3978,.F.);
#3978 = EDGE_CURVE('',#3956,#3956,#3979,.T.);
#3979 = SURFACE_CURVE('',#3980,(#3985,#3992),.PCURVE_S1.);
#3980 = CIRCLE('',#3981,6.35);
#3981 = AXIS2_PLACEMENT_3D('',#3982,#3983,#3984);
#3982 = CARTESIAN_POINT('',(5.395379156805E-15,48.597255120219,
    -11.35434510587));
#3983 = DIRECTION('',(1.105998290831E-16,0.996194698092,
    8.715574274766E-02));
#3984 = DIRECTION('',(-9.676231232676E-18,-8.715574274766E-02,
    0.996194698092));
#3985 = PCURVE('',#2681,#3986);
#3986 = DEFINITIONAL_REPRESENTATION('',(#3987),#3991);
#3987 = LINE('',#3988,#3989);
#3988 = CARTESIAN_POINT('',(0.,4.));
#3989 = VECTOR('',#3990,1.);
#3990 = DIRECTION('',(1.,0.));
#3991 = ( GEOMETRIC_REPRESENTATION_CONTEXT(2) 
PARAMETRIC_REPRESENTATION_CONTEXT() REPRESENTATION_CONTEXT('2D SPACE',''
  ) );
#3992 = PCURVE('',#3993,#3998);
#3993 = CONICAL_SURFACE('',#3994,6.35,0.715584993318);
#3994 = AXIS2_PLACEMENT_3D('',#3995,#3996,#3997);
#3995 = CARTESIAN_POINT('',(5.395379156805E-15,48.597255120219,
    -11.35434510587));
#3996 = DIRECTION('',(-1.105998290831E-16,-0.996194698092,
    -8.715574274766E-02));
#3997 = DIRECTION('',(-9.676231232676E-18,-8.715574274766E-02,
    0.996194698092));
#3998 = DEFINITIONAL_REPRESENTATION('',(#3999),#4003);
#3999 = LINE('',#4000,#4001);
#4000 = CARTESIAN_POINT('',(-0.,-0.));
#4001 = VECTOR('',#4002,1.);
#4002 = DIRECTION('',(-1.,-0.));
#4003 = ( GEOMETRIC_REPRESENTATION_CONTEXT(2) 
PARAMETRIC_REPRESENTATION_CONTEXT() REPRESENTATION_CONTEXT('2D SPACE',''
  ) );
#4004 = ORIENTED_EDGE('',*,*,#3955,.F.);
#4005 = ORIENTED_EDGE('',*,*,#2664,.T.);
#4006 = ADVANCED_FACE('',(#4007),#2810,.T.);
#4007 = FACE_BOUND('',#4008,.F.);
#4008 = EDGE_LOOP('',(#4009,#4030,#4031,#4032));
#4009 = ORIENTED_EDGE('',*,*,#4010,.F.);
#4010 = EDGE_CURVE('',#2771,#4011,#4013,.T.);
#4011 = VERTEX_POINT('',#4012);
#4012 = CARTESIAN_POINT('',(14.85,0.,-4.));
#4013 = SEAM_CURVE('',#4014,(#4018,#4024),.PCURVE_S1.);
#4014 = LINE('',#4015,#4016);
#4015 = CARTESIAN_POINT('',(15.65,0.,-3.2));
#4016 = VECTOR('',#4017,1.);
#4017 = DIRECTION('',(-0.707106781187,-0.,-0.707106781187));
#4018 = PCURVE('',#2810,#4019);
#4019 = DEFINITIONAL_REPRESENTATION('',(#4020),#4023);
#4020 = B_SPLINE_CURVE_WITH_KNOTS('',1,(#4021,#4022),.UNSPECIFIED.,.F.,
  .F.,(2,2),(0.,1.131370849898),.PIECEWISE_BEZIER_KNOTS.);
#4021 = CARTESIAN_POINT('',(0.,0.));
#4022 = CARTESIAN_POINT('',(0.,-0.8));
#4023 = ( GEOMETRIC_REPRESENTATION_CONTEXT(2) 
PARAMETRIC_REPRESENTATION_CONTEXT() REPRESENTATION_CONTEXT('2D SPACE',''
  ) );
#4024 = PCURVE('',#2810,#4025);
#4025 = DEFINITIONAL_REPRESENTATION('',(#4026),#4029);
#4026 = B_SPLINE_CURVE_WITH_KNOTS('',1,(#4027,#4028),.UNSPECIFIED.,.F.,
  .F.,(2,2),(0.,1.131370849898),.PIECEWISE_BEZIER_KNOTS.);
#4027 = CARTESIAN_POINT('',(6.28318530718,0.));
#4028 = CARTESIAN_POINT('',(6.28318530718,-0.8));
#4029 = ( GEOMETRIC_REPRESENTATION_CONTEXT(2) 
PARAMETRIC_REPRESENTATION_CONTEXT() REPRESENTATION_CONTEXT('2D SPACE',''
  ) );
#4030 = ORIENTED_EDGE('',*,*,#2795,.T.);
#4031 = ORIENTED_EDGE('',*,*,#4010,.T.);
#4032 = ORIENTED_EDGE('',*,*,#4033,.F.);
#4033 = EDGE_CURVE('',#4011,#4011,#4034,.T.);
#4034 = SURFACE_CURVE('',#4035,(#4040,#4047),.PCURVE_S1.);
#4035 = CIRCLE('',#4036,14.85);
#4036 = AXIS2_PLACEMENT_3D('',#4037,#4038,#4039);
#4037 = CARTESIAN_POINT('',(0.,0.,-4.));
#4038 = DIRECTION('',(0.,0.,1.));
#4039 = DIRECTION('',(1.,0.,-0.));
#4040 = PCURVE('',#2810,#4041);
#4041 = DEFINITIONAL_REPRESENTATION('',(#4042),#4046);
#4042 = LINE('',#4043,#4044);
#4043 = CARTESIAN_POINT('',(0.,-0.8));
#4044 = VECTOR('',#4045,1.);
#4045 = DIRECTION('',(1.,-0.));
#4046 = ( GEOMETRIC_REPRESENTATION_CONTEXT(2) 
PARAMETRIC_REPRESENTATION_CONTEXT() REPRESENTATION_CONTEXT('2D SPACE',''
  ) );
#4047 = PCURVE('',#4048,#4053);
#4048 = PLANE('',#4049);
#4049 = AXIS2_PLACEMENT_3D('',#4050,#4051,#4052);
#4050 = CARTESIAN_POINT('',(-6.990109303716E-16,7.59164447188E-16,-4.));
#4051 = DIRECTION('',(0.,0.,1.));
#4052 = DIRECTION('',(1.,0.,-0.));
#4053 = DEFINITIONAL_REPRESENTATION('',(#4054),#4058);
#4054 = CIRCLE('',#4055,14.85);
#4055 = AXIS2_PLACEMENT_2D('',#4056,#4057);
#4056 = CARTESIAN_POINT('',(6.990109303716E-16,-7.59164447188E-16));
#4057 = DIRECTION('',(1.,0.));
#4058 = ( GEOMETRIC_REPRESENTATION_CONTEXT(2) 
PARAMETRIC_REPRESENTATION_CONTEXT() REPRESENTATION_CONTEXT('2D SPACE',''
  ) );
#4059 = ADVANCED_FACE('',(#4060),#3006,.F.);
#4060 = FACE_BOUND('',#4061,.F.);
#4061 = EDGE_LOOP('',(#4062,#4063,#4064,#4065));
#4062 = ORIENTED_EDGE('',*,*,#3400,.T.);
#4063 = ORIENTED_EDGE('',*,*,#2987,.T.);
#4064 = ORIENTED_EDGE('',*,*,#3245,.T.);
#4065 = ORIENTED_EDGE('',*,*,#3319,.F.);
#4066 = ADVANCED_FACE('',(#4067),#3183,.F.);
#4067 = FACE_BOUND('',#4068,.T.);
#4068 = EDGE_LOOP('',(#4069,#4092,#4093,#4094));
#4069 = ORIENTED_EDGE('',*,*,#4070,.F.);
#4070 = EDGE_CURVE('',#3145,#4071,#4073,.T.);
#4071 = VERTEX_POINT('',#4072);
#4072 = CARTESIAN_POINT('',(-46.8,55.620705886094,-19.22215041226));
#4073 = SURFACE_CURVE('',#4074,(#4078,#4085),.PCURVE_S1.);
#4074 = LINE('',#4075,#4076);
#4075 = CARTESIAN_POINT('',(-47.3,55.122608537048,-19.26572828363));
#4076 = VECTOR('',#4077,1.);
#4077 = DIRECTION('',(0.707106781187,0.704416026403,6.162841671622E-02)
  );
#4078 = PCURVE('',#3183,#4079);
#4079 = DEFINITIONAL_REPRESENTATION('',(#4080),#4084);
#4080 = LINE('',#4081,#4082);
#4081 = CARTESIAN_POINT('',(-1.123589514108E-15,-0.353553390593));
#4082 = VECTOR('',#4083,1.);
#4083 = DIRECTION('',(-4.750243601947E-17,1.));
#4084 = ( GEOMETRIC_REPRESENTATION_CONTEXT(2) 
PARAMETRIC_REPRESENTATION_CONTEXT() REPRESENTATION_CONTEXT('2D SPACE',''
  ) );
#4085 = PCURVE('',#3852,#4086);
#4086 = DEFINITIONAL_REPRESENTATION('',(#4087),#4091);
#4087 = LINE('',#4088,#4089);
#4088 = CARTESIAN_POINT('',(-1.570796326795,-0.));
#4089 = VECTOR('',#4090,1.);
#4090 = DIRECTION('',(-0.,-1.));
#4091 = ( GEOMETRIC_REPRESENTATION_CONTEXT(2) 
PARAMETRIC_REPRESENTATION_CONTEXT() REPRESENTATION_CONTEXT('2D SPACE',''
  ) );
#4092 = ORIENTED_EDGE('',*,*,#3167,.T.);
#4093 = ORIENTED_EDGE('',*,*,#3424,.T.);
#4094 = ORIENTED_EDGE('',*,*,#4095,.F.);
#4095 = EDGE_CURVE('',#4071,#3425,#4096,.T.);
#4096 = SURFACE_CURVE('',#4097,(#4101,#4108),.PCURVE_S1.);
#4097 = LINE('',#4098,#4099);
#4098 = CARTESIAN_POINT('',(-46.8,55.620705886094,-19.22215041226));
#4099 = VECTOR('',#4100,1.);
#4100 = DIRECTION('',(-9.676231232676E-18,-8.715574274766E-02,
    0.996194698092));
#4101 = PCURVE('',#3183,#4102);
#4102 = DEFINITIONAL_REPRESENTATION('',(#4103),#4107);
#4103 = LINE('',#4104,#4105);
#4104 = CARTESIAN_POINT('',(5.025585097082E-16,0.353553390593));
#4105 = VECTOR('',#4106,1.);
#4106 = DIRECTION('',(-1.,6.053904699522E-18));
#4107 = ( GEOMETRIC_REPRESENTATION_CONTEXT(2) 
PARAMETRIC_REPRESENTATION_CONTEXT() REPRESENTATION_CONTEXT('2D SPACE',''
  ) );
#4108 = PCURVE('',#3487,#4109);
#4109 = DEFINITIONAL_REPRESENTATION('',(#4110),#4114);
#4110 = LINE('',#4111,#4112);
#4111 = CARTESIAN_POINT('',(-10.825,-46.8));
#4112 = VECTOR('',#4113,1.);
#4113 = DIRECTION('',(1.,0.));
#4114 = ( GEOMETRIC_REPRESENTATION_CONTEXT(2) 
PARAMETRIC_REPRESENTATION_CONTEXT() REPRESENTATION_CONTEXT('2D SPACE',''
  ) );
#4115 = ADVANCED_FACE('',(#4116,#4346),#3487,.T.);
#4116 = FACE_BOUND('',#4117,.T.);
#4117 = EDGE_LOOP('',(#4118,#4149,#4177,#4206,#4234,#4263,#4291,#4320));
#4118 = ORIENTED_EDGE('',*,*,#4119,.F.);
#4119 = EDGE_CURVE('',#4120,#4122,#4124,.T.);
#4120 = VERTEX_POINT('',#4121);
#4121 = CARTESIAN_POINT('',(-43.3,55.882173114337,-22.21073450654));
#4122 = VERTEX_POINT('',#4123);
#4123 = CARTESIAN_POINT('',(-46.3,55.620705886094,-19.22215041226));
#4124 = SURFACE_CURVE('',#4125,(#4130,#4137),.PCURVE_S1.);
#4125 = CIRCLE('',#4126,3.);
#4126 = AXIS2_PLACEMENT_3D('',#4127,#4128,#4129);
#4127 = CARTESIAN_POINT('',(-43.3,55.620705886094,-19.22215041226));
#4128 = DIRECTION('',(1.105998290831E-16,0.996194698092,
    8.715574274766E-02));
#4129 = DIRECTION('',(9.676231232676E-18,8.715574274766E-02,
    -0.996194698092));
#4130 = PCURVE('',#3487,#4131);
#4131 = DEFINITIONAL_REPRESENTATION('',(#4132),#4136);
#4132 = CIRCLE('',#4133,3.);
#4133 = AXIS2_PLACEMENT_2D('',#4134,#4135);
#4134 = CARTESIAN_POINT('',(-10.825,-43.3));
#4135 = DIRECTION('',(-1.,0.));
#4136 = ( GEOMETRIC_REPRESENTATION_CONTEXT(2) 
PARAMETRIC_REPRESENTATION_CONTEXT() REPRESENTATION_CONTEXT('2D SPACE',''
  ) );
#4137 = PCURVE('',#4138,#4143);
#4138 = CONICAL_SURFACE('',#4139,2.,0.785398163397);
#4139 = AXIS2_PLACEMENT_3D('',#4140,#4141,#4142);
#4140 = CARTESIAN_POINT('',(-43.3,54.624511188002,-19.30930615501));
#4141 = DIRECTION('',(1.105998290831E-16,0.996194698092,
    8.715574274766E-02));
#4142 = DIRECTION('',(9.676231232676E-18,8.715574274766E-02,
    -0.996194698092));
#4143 = DEFINITIONAL_REPRESENTATION('',(#4144),#4148);
#4144 = LINE('',#4145,#4146);
#4145 = CARTESIAN_POINT('',(-0.,1.));
#4146 = VECTOR('',#4147,1.);
#4147 = DIRECTION('',(1.,-0.));
#4148 = ( GEOMETRIC_REPRESENTATION_CONTEXT(2) 
PARAMETRIC_REPRESENTATION_CONTEXT() REPRESENTATION_CONTEXT('2D SPACE',''
  ) );
#4149 = ORIENTED_EDGE('',*,*,#4150,.F.);
#4150 = EDGE_CURVE('',#4151,#4120,#4153,.T.);
#4151 = VERTEX_POINT('',#4152);
#4152 = CARTESIAN_POINT('',(43.3,55.882173114337,-22.21073450654));
#4153 = SURFACE_CURVE('',#4154,(#4158,#4165),.PCURVE_S1.);
#4154 = LINE('',#4155,#4156);
#4155 = CARTESIAN_POINT('',(43.3,55.882173114337,-22.21073450654));
#4156 = VECTOR('',#4157,1.);
#4157 = DIRECTION('',(-1.,1.110223024625E-16,0.));
#4158 = PCURVE('',#3487,#4159);
#4159 = DEFINITIONAL_REPRESENTATION('',(#4160),#4164);
#4160 = LINE('',#4161,#4162);
#4161 = CARTESIAN_POINT('',(-13.825,43.3));
#4162 = VECTOR('',#4163,1.);
#4163 = DIRECTION('',(0.,-1.));
#4164 = ( GEOMETRIC_REPRESENTATION_CONTEXT(2) 
PARAMETRIC_REPRESENTATION_CONTEXT() REPRESENTATION_CONTEXT('2D SPACE',''
  ) );
#4165 = PCURVE('',#4166,#4171);
#4166 = PLANE('',#4167);
#4167 = AXIS2_PLACEMENT_3D('',#4168,#4169,#4170);
#4168 = CARTESIAN_POINT('',(43.3,55.340497893917,-21.75621502886));
#4169 = DIRECTION('',(6.545205078779E-17,0.642787609687,0.766044443119)
  );
#4170 = DIRECTION('',(-1.,1.072223287577E-16,-4.528632314452E-18));
#4171 = DEFINITIONAL_REPRESENTATION('',(#4172),#4176);
#4172 = LINE('',#4173,#4174);
#4173 = CARTESIAN_POINT('',(6.013803015789E-17,-0.707106781187));
#4174 = VECTOR('',#4175,1.);
#4175 = DIRECTION('',(1.,1.41267976596E-33));
#4176 = ( GEOMETRIC_REPRESENTATION_CONTEXT(2) 
PARAMETRIC_REPRESENTATION_CONTEXT() REPRESENTATION_CONTEXT('2D SPACE',''
  ) );
#4177 = ORIENTED_EDGE('',*,*,#4178,.F.);
#4178 = EDGE_CURVE('',#4179,#4151,#4181,.T.);
#4179 = VERTEX_POINT('',#4180);
#4180 = CARTESIAN_POINT('',(46.3,55.620705886094,-19.22215041226));
#4181 = SURFACE_CURVE('',#4182,(#4187,#4194),.PCURVE_S1.);
#4182 = CIRCLE('',#4183,3.);
#4183 = AXIS2_PLACEMENT_3D('',#4184,#4185,#4186);
#4184 = CARTESIAN_POINT('',(43.3,55.620705886094,-19.22215041226));
#4185 = DIRECTION('',(1.105998290831E-16,0.996194698092,
    8.715574274766E-02));
#4186 = DIRECTION('',(1.,-1.110223024625E-16,0.));
#4187 = PCURVE('',#3487,#4188);
#4188 = DEFINITIONAL_REPRESENTATION('',(#4189),#4193);
#4189 = CIRCLE('',#4190,3.);
#4190 = AXIS2_PLACEMENT_2D('',#4191,#4192);
#4191 = CARTESIAN_POINT('',(-10.825,43.3));
#4192 = DIRECTION('',(-2.54182144381E-34,1.));
#4193 = ( GEOMETRIC_REPRESENTATION_CONTEXT(2) 
PARAMETRIC_REPRESENTATION_CONTEXT() REPRESENTATION_CONTEXT('2D SPACE',''
  ) );
#4194 = PCURVE('',#4195,#4200);
#4195 = CONICAL_SURFACE('',#4196,2.,0.785398163397);
#4196 = AXIS2_PLACEMENT_3D('',#4197,#4198,#4199);
#4197 = CARTESIAN_POINT('',(43.3,54.624511188002,-19.30930615501));
#4198 = DIRECTION('',(1.105998290831E-16,0.996194698092,
    8.715574274766E-02));
#4199 = DIRECTION('',(1.,-1.110223024625E-16,0.));
#4200 = DEFINITIONAL_REPRESENTATION('',(#4201),#4205);
#4201 = LINE('',#4202,#4203);
#4202 = CARTESIAN_POINT('',(-0.,1.));
#4203 = VECTOR('',#4204,1.);
#4204 = DIRECTION('',(1.,-0.));
#4205 = ( GEOMETRIC_REPRESENTATION_CONTEXT(2) 
PARAMETRIC_REPRESENTATION_CONTEXT() REPRESENTATION_CONTEXT('2D SPACE',''
  ) );
#4206 = ORIENTED_EDGE('',*,*,#4207,.F.);
#4207 = EDGE_CURVE('',#4208,#4179,#4210,.T.);
#4208 = VERTEX_POINT('',#4209);
#4209 = CARTESIAN_POINT('',(46.3,53.733784055607,2.345464801422));
#4210 = SURFACE_CURVE('',#4211,(#4215,#4222),.PCURVE_S1.);
#4211 = LINE('',#4212,#4213);
#4212 = CARTESIAN_POINT('',(46.3,53.733784055607,2.345464801422));
#4213 = VECTOR('',#4214,1.);
#4214 = DIRECTION('',(9.676231232676E-18,8.715574274766E-02,
    -0.996194698092));
#4215 = PCURVE('',#3487,#4216);
#4216 = DEFINITIONAL_REPRESENTATION('',(#4217),#4221);
#4217 = LINE('',#4218,#4219);
#4218 = CARTESIAN_POINT('',(10.825,46.3));
#4219 = VECTOR('',#4220,1.);
#4220 = DIRECTION('',(-1.,0.));
#4221 = ( GEOMETRIC_REPRESENTATION_CONTEXT(2) 
PARAMETRIC_REPRESENTATION_CONTEXT() REPRESENTATION_CONTEXT('2D SPACE',''
  ) );
#4222 = PCURVE('',#4223,#4228);
#4223 = PLANE('',#4224);
#4224 = AXIS2_PLACEMENT_3D('',#4225,#4226,#4227);
#4225 = CARTESIAN_POINT('',(45.8,53.235686706561,2.301886930048));
#4226 = DIRECTION('',(-0.707106781187,0.704416026403,6.162841671622E-02)
  );
#4227 = DIRECTION('',(5.496021262075E-18,8.715574274766E-02,
    -0.996194698092));
#4228 = DEFINITIONAL_REPRESENTATION('',(#4229),#4233);
#4229 = LINE('',#4230,#4231);
#4230 = CARTESIAN_POINT('',(-1.538575823693E-16,-0.707106781187));
#4231 = VECTOR('',#4232,1.);
#4232 = DIRECTION('',(1.,6.053904699522E-18));
#4233 = ( GEOMETRIC_REPRESENTATION_CONTEXT(2) 
PARAMETRIC_REPRESENTATION_CONTEXT() REPRESENTATION_CONTEXT('2D SPACE',''
  ) );
#4234 = ORIENTED_EDGE('',*,*,#4235,.F.);
#4235 = EDGE_CURVE('',#4236,#4208,#4238,.T.);
#4236 = VERTEX_POINT('',#4237);
#4237 = CARTESIAN_POINT('',(43.3,53.472316827364,5.334048895697));
#4238 = SURFACE_CURVE('',#4239,(#4244,#4251),.PCURVE_S1.);
#4239 = CIRCLE('',#4240,3.);
#4240 = AXIS2_PLACEMENT_3D('',#4241,#4242,#4243);
#4241 = CARTESIAN_POINT('',(43.3,53.733784055607,2.345464801422));
#4242 = DIRECTION('',(1.105998290831E-16,0.996194698092,
    8.715574274766E-02));
#4243 = DIRECTION('',(-9.676231232676E-18,-8.715574274766E-02,
    0.996194698092));
#4244 = PCURVE('',#3487,#4245);
#4245 = DEFINITIONAL_REPRESENTATION('',(#4246),#4250);
#4246 = CIRCLE('',#4247,3.);
#4247 = AXIS2_PLACEMENT_2D('',#4248,#4249);
#4248 = CARTESIAN_POINT('',(10.825,43.3));
#4249 = DIRECTION('',(1.,0.));
#4250 = ( GEOMETRIC_REPRESENTATION_CONTEXT(2) 
PARAMETRIC_REPRESENTATION_CONTEXT() REPRESENTATION_CONTEXT('2D SPACE',''
  ) );
#4251 = PCURVE('',#4252,#4257);
#4252 = CONICAL_SURFACE('',#4253,2.,0.785398163397);
#4253 = AXIS2_PLACEMENT_3D('',#4254,#4255,#4256);
#4254 = CARTESIAN_POINT('',(43.3,52.737589357515,2.258309058674));
#4255 = DIRECTION('',(1.105998290831E-16,0.996194698092,
    8.715574274766E-02));
#4256 = DIRECTION('',(-9.676231232676E-18,-8.715574274766E-02,
    0.996194698092));
#4257 = DEFINITIONAL_REPRESENTATION('',(#4258),#4262);
#4258 = LINE('',#4259,#4260);
#4259 = CARTESIAN_POINT('',(-0.,1.));
#4260 = VECTOR('',#4261,1.);
#4261 = DIRECTION('',(1.,-0.));
#4262 = ( GEOMETRIC_REPRESENTATION_CONTEXT(2) 
PARAMETRIC_REPRESENTATION_CONTEXT() REPRESENTATION_CONTEXT('2D SPACE',''
  ) );
#4263 = ORIENTED_EDGE('',*,*,#4264,.F.);
#4264 = EDGE_CURVE('',#4265,#4236,#4267,.T.);
#4265 = VERTEX_POINT('',#4266);
#4266 = CARTESIAN_POINT('',(-43.3,53.472316827364,5.334048895697));
#4267 = SURFACE_CURVE('',#4268,(#4272,#4279),.PCURVE_S1.);
#4268 = LINE('',#4269,#4270);
#4269 = CARTESIAN_POINT('',(-43.3,53.472316827364,5.334048895697));
#4270 = VECTOR('',#4271,1.);
#4271 = DIRECTION('',(1.,-1.110223024625E-16,0.));
#4272 = PCURVE('',#3487,#4273);
#4273 = DEFINITIONAL_REPRESENTATION('',(#4274),#4278);
#4274 = LINE('',#4275,#4276);
#4275 = CARTESIAN_POINT('',(13.825,-43.3));
#4276 = VECTOR('',#4277,1.);
#4277 = DIRECTION('',(0.,1.));
#4278 = ( GEOMETRIC_REPRESENTATION_CONTEXT(2) 
PARAMETRIC_REPRESENTATION_CONTEXT() REPRESENTATION_CONTEXT('2D SPACE',''
  ) );
#4279 = PCURVE('',#4280,#4285);
#4280 = PLANE('',#4281);
#4281 = AXIS2_PLACEMENT_3D('',#4282,#4283,#4284);
#4282 = CARTESIAN_POINT('',(-43.3,53.017797349692,4.792373675277));
#4283 = DIRECTION('',(9.095972749768E-17,0.766044443119,-0.642787609687)
  );
#4284 = DIRECTION('',(1.,-1.15550934777E-16,3.799973704794E-18));
#4285 = DEFINITIONAL_REPRESENTATION('',(#4286),#4290);
#4286 = LINE('',#4287,#4288);
#4287 = CARTESIAN_POINT('',(-5.046179892521E-17,-0.707106781187));
#4288 = VECTOR('',#4289,1.);
#4289 = DIRECTION('',(1.,1.154025373424E-33));
#4290 = ( GEOMETRIC_REPRESENTATION_CONTEXT(2) 
PARAMETRIC_REPRESENTATION_CONTEXT() REPRESENTATION_CONTEXT('2D SPACE',''
  ) );
#4291 = ORIENTED_EDGE('',*,*,#4292,.F.);
#4292 = EDGE_CURVE('',#4293,#4265,#4295,.T.);
#4293 = VERTEX_POINT('',#4294);
#4294 = CARTESIAN_POINT('',(-46.3,53.733784055607,2.345464801422));
#4295 = SURFACE_CURVE('',#4296,(#4301,#4308),.PCURVE_S1.);
#4296 = CIRCLE('',#4297,3.);
#4297 = AXIS2_PLACEMENT_3D('',#4298,#4299,#4300);
#4298 = CARTESIAN_POINT('',(-43.3,53.733784055607,2.345464801422));
#4299 = DIRECTION('',(1.105998290831E-16,0.996194698092,
    8.715574274766E-02));
#4300 = DIRECTION('',(-1.,1.110223024625E-16,0.));
#4301 = PCURVE('',#3487,#4302);
#4302 = DEFINITIONAL_REPRESENTATION('',(#4303),#4307);
#4303 = CIRCLE('',#4304,3.);
#4304 = AXIS2_PLACEMENT_2D('',#4305,#4306);
#4305 = CARTESIAN_POINT('',(10.825,-43.3));
#4306 = DIRECTION('',(2.54182144381E-34,-1.));
#4307 = ( GEOMETRIC_REPRESENTATION_CONTEXT(2) 
PARAMETRIC_REPRESENTATION_CONTEXT() REPRESENTATION_CONTEXT('2D SPACE',''
  ) );
#4308 = PCURVE('',#4309,#4314);
#4309 = CONICAL_SURFACE('',#4310,2.,0.785398163397);
#4310 = AXIS2_PLACEMENT_3D('',#4311,#4312,#4313);
#4311 = CARTESIAN_POINT('',(-43.3,52.737589357515,2.258309058674));
#4312 = DIRECTION('',(1.105998290831E-16,0.996194698092,
    8.715574274766E-02));
#4313 = DIRECTION('',(-1.,1.110223024625E-16,0.));
#4314 = DEFINITIONAL_REPRESENTATION('',(#4315),#4319);
#4315 = LINE('',#4316,#4317);
#4316 = CARTESIAN_POINT('',(-0.,1.));
#4317 = VECTOR('',#4318,1.);
#4318 = DIRECTION('',(1.,-0.));
#4319 = ( GEOMETRIC_REPRESENTATION_CONTEXT(2) 
PARAMETRIC_REPRESENTATION_CONTEXT() REPRESENTATION_CONTEXT('2D SPACE',''
  ) );
#4320 = ORIENTED_EDGE('',*,*,#4321,.F.);
#4321 = EDGE_CURVE('',#4122,#4293,#4322,.T.);
#4322 = SURFACE_CURVE('',#4323,(#4327,#4334),.PCURVE_S1.);
#4323 = LINE('',#4324,#4325);
#4324 = CARTESIAN_POINT('',(-46.3,55.620705886094,-19.22215041226));
#4325 = VECTOR('',#4326,1.);
#4326 = DIRECTION('',(-9.676231232676E-18,-8.715574274766E-02,
    0.996194698092));
#4327 = PCURVE('',#3487,#4328);
#4328 = DEFINITIONAL_REPRESENTATION('',(#4329),#4333);
#4329 = LINE('',#4330,#4331);
#4330 = CARTESIAN_POINT('',(-10.825,-46.3));
#4331 = VECTOR('',#4332,1.);
#4332 = DIRECTION('',(1.,0.));
#4333 = ( GEOMETRIC_REPRESENTATION_CONTEXT(2) 
PARAMETRIC_REPRESENTATION_CONTEXT() REPRESENTATION_CONTEXT('2D SPACE',''
  ) );
#4334 = PCURVE('',#4335,#4340);
#4335 = PLANE('',#4336);
#4336 = AXIS2_PLACEMENT_3D('',#4337,#4338,#4339);
#4337 = CARTESIAN_POINT('',(-45.8,55.122608537048,-19.26572828363));
#4338 = DIRECTION('',(0.707106781187,0.704416026403,6.162841671622E-02)
  );
#4339 = DIRECTION('',(-5.496021262075E-18,-8.715574274766E-02,
    0.996194698092));
#4340 = DEFINITIONAL_REPRESENTATION('',(#4341),#4345);
#4341 = LINE('',#4342,#4343);
#4342 = CARTESIAN_POINT('',(-1.61573968296E-15,-0.707106781187));
#4343 = VECTOR('',#4344,1.);
#4344 = DIRECTION('',(1.,8.849892043856E-19));
#4345 = ( GEOMETRIC_REPRESENTATION_CONTEXT(2) 
PARAMETRIC_REPRESENTATION_CONTEXT() REPRESENTATION_CONTEXT('2D SPACE',''
  ) );
#4346 = FACE_BOUND('',#4347,.T.);
#4347 = EDGE_LOOP('',(#4348,#4373,#4395,#4396,#4397,#4398,#4399,#4422));
#4348 = ORIENTED_EDGE('',*,*,#4349,.T.);
#4349 = EDGE_CURVE('',#4350,#4352,#4354,.T.);
#4350 = VERTEX_POINT('',#4351);
#4351 = CARTESIAN_POINT('',(43.3,55.92575098571,-22.70883185558));
#4352 = VERTEX_POINT('',#4353);
#4353 = CARTESIAN_POINT('',(-43.3,55.92575098571,-22.70883185558));
#4354 = SURFACE_CURVE('',#4355,(#4359,#4366),.PCURVE_S1.);
#4355 = LINE('',#4356,#4357);
#4356 = CARTESIAN_POINT('',(43.3,55.92575098571,-22.70883185558));
#4357 = VECTOR('',#4358,1.);
#4358 = DIRECTION('',(-1.,1.110223024625E-16,0.));
#4359 = PCURVE('',#3487,#4360);
#4360 = DEFINITIONAL_REPRESENTATION('',(#4361),#4365);
#4361 = LINE('',#4362,#4363);
#4362 = CARTESIAN_POINT('',(-14.325,43.3));
#4363 = VECTOR('',#4364,1.);
#4364 = DIRECTION('',(0.,-1.));
#4365 = ( GEOMETRIC_REPRESENTATION_CONTEXT(2) 
PARAMETRIC_REPRESENTATION_CONTEXT() REPRESENTATION_CONTEXT('2D SPACE',''
  ) );
#4366 = PCURVE('',#3905,#4367);
#4367 = DEFINITIONAL_REPRESENTATION('',(#4368),#4372);
#4368 = LINE('',#4369,#4370);
#4369 = CARTESIAN_POINT('',(-2.52308994626E-17,0.353553390593));
#4370 = VECTOR('',#4371,1.);
#4371 = DIRECTION('',(-1.,3.057072577619E-33));
#4372 = ( GEOMETRIC_REPRESENTATION_CONTEXT(2) 
PARAMETRIC_REPRESENTATION_CONTEXT() REPRESENTATION_CONTEXT('2D SPACE',''
  ) );
#4373 = ORIENTED_EDGE('',*,*,#4374,.T.);
#4374 = EDGE_CURVE('',#4352,#4071,#4375,.T.);
#4375 = SURFACE_CURVE('',#4376,(#4381,#4388),.PCURVE_S1.);
#4376 = CIRCLE('',#4377,3.5);
#4377 = AXIS2_PLACEMENT_3D('',#4378,#4379,#4380);
#4378 = CARTESIAN_POINT('',(-43.3,55.620705886094,-19.22215041226));
#4379 = DIRECTION('',(1.105998290831E-16,0.996194698092,
    8.715574274766E-02));
#4380 = DIRECTION('',(9.676231232676E-18,8.715574274766E-02,
    -0.996194698092));
#4381 = PCURVE('',#3487,#4382);
#4382 = DEFINITIONAL_REPRESENTATION('',(#4383),#4387);
#4383 = CIRCLE('',#4384,3.5);
#4384 = AXIS2_PLACEMENT_2D('',#4385,#4386);
#4385 = CARTESIAN_POINT('',(-10.825,-43.3));
#4386 = DIRECTION('',(-1.,0.));
#4387 = ( GEOMETRIC_REPRESENTATION_CONTEXT(2) 
PARAMETRIC_REPRESENTATION_CONTEXT() REPRESENTATION_CONTEXT('2D SPACE',''
  ) );
#4388 = PCURVE('',#3852,#4389);
#4389 = DEFINITIONAL_REPRESENTATION('',(#4390),#4394);
#4390 = LINE('',#4391,#4392);
#4391 = CARTESIAN_POINT('',(-0.,-0.5));
#4392 = VECTOR('',#4393,1.);
#4393 = DIRECTION('',(-1.,-0.));
#4394 = ( GEOMETRIC_REPRESENTATION_CONTEXT(2) 
PARAMETRIC_REPRESENTATION_CONTEXT() REPRESENTATION_CONTEXT('2D SPACE',''
  ) );
#4395 = ORIENTED_EDGE('',*,*,#4095,.T.);
#4396 = ORIENTED_EDGE('',*,*,#3472,.T.);
#4397 = ORIENTED_EDGE('',*,*,#3527,.T.);
#4398 = ORIENTED_EDGE('',*,*,#3698,.T.);
#4399 = ORIENTED_EDGE('',*,*,#4400,.T.);
#4400 = EDGE_CURVE('',#3676,#4401,#4403,.T.);
#4401 = VERTEX_POINT('',#4402);
#4402 = CARTESIAN_POINT('',(46.8,55.620705886094,-19.22215041226));
#4403 = SURFACE_CURVE('',#4404,(#4408,#4415),.PCURVE_S1.);
#4404 = LINE('',#4405,#4406);
#4405 = CARTESIAN_POINT('',(46.8,53.733784055607,2.345464801422));
#4406 = VECTOR('',#4407,1.);
#4407 = DIRECTION('',(9.676231232676E-18,8.715574274766E-02,
    -0.996194698092));
#4408 = PCURVE('',#3487,#4409);
#4409 = DEFINITIONAL_REPRESENTATION('',(#4410),#4414);
#4410 = LINE('',#4411,#4412);
#4411 = CARTESIAN_POINT('',(10.825,46.8));
#4412 = VECTOR('',#4413,1.);
#4413 = DIRECTION('',(-1.,0.));
#4414 = ( GEOMETRIC_REPRESENTATION_CONTEXT(2) 
PARAMETRIC_REPRESENTATION_CONTEXT() REPRESENTATION_CONTEXT('2D SPACE',''
  ) );
#4415 = PCURVE('',#3569,#4416);
#4416 = DEFINITIONAL_REPRESENTATION('',(#4417),#4421);
#4417 = LINE('',#4418,#4419);
#4418 = CARTESIAN_POINT('',(-4.956196158043E-16,0.353553390593));
#4419 = VECTOR('',#4420,1.);
#4420 = DIRECTION('',(-1.,8.849892043856E-19));
#4421 = ( GEOMETRIC_REPRESENTATION_CONTEXT(2) 
PARAMETRIC_REPRESENTATION_CONTEXT() REPRESENTATION_CONTEXT('2D SPACE',''
  ) );
#4422 = ORIENTED_EDGE('',*,*,#4423,.T.);
#4423 = EDGE_CURVE('',#4401,#4350,#4424,.T.);
#4424 = SURFACE_CURVE('',#4425,(#4430,#4437),.PCURVE_S1.);
#4425 = CIRCLE('',#4426,3.5);
#4426 = AXIS2_PLACEMENT_3D('',#4427,#4428,#4429);
#4427 = CARTESIAN_POINT('',(43.3,55.620705886094,-19.22215041226));
#4428 = DIRECTION('',(1.105998290831E-16,0.996194698092,
    8.715574274766E-02));
#4429 = DIRECTION('',(1.,-1.110223024625E-16,0.));
#4430 = PCURVE('',#3487,#4431);
#4431 = DEFINITIONAL_REPRESENTATION('',(#4432),#4436);
#4432 = CIRCLE('',#4433,3.5);
#4433 = AXIS2_PLACEMENT_2D('',#4434,#4435);
#4434 = CARTESIAN_POINT('',(-10.825,43.3));
#4435 = DIRECTION('',(-2.54182144381E-34,1.));
#4436 = ( GEOMETRIC_REPRESENTATION_CONTEXT(2) 
PARAMETRIC_REPRESENTATION_CONTEXT() REPRESENTATION_CONTEXT('2D SPACE',''
  ) );
#4437 = PCURVE('',#3936,#4438);
#4438 = DEFINITIONAL_REPRESENTATION('',(#4439),#4443);
#4439 = LINE('',#4440,#4441);
#4440 = CARTESIAN_POINT('',(-0.,-0.5));
#4441 = VECTOR('',#4442,1.);
#4442 = DIRECTION('',(-1.,-0.));
#4443 = ( GEOMETRIC_REPRESENTATION_CONTEXT(2) 
PARAMETRIC_REPRESENTATION_CONTEXT() REPRESENTATION_CONTEXT('2D SPACE',''
  ) );
#4444 = ADVANCED_FACE('',(#4445),#3569,.F.);
#4445 = FACE_BOUND('',#4446,.T.);
#4446 = EDGE_LOOP('',(#4447,#4448,#4449,#4470));
#4447 = ORIENTED_EDGE('',*,*,#3675,.F.);
#4448 = ORIENTED_EDGE('',*,*,#3551,.T.);
#4449 = ORIENTED_EDGE('',*,*,#4450,.T.);
#4450 = EDGE_CURVE('',#3554,#4401,#4451,.T.);
#4451 = SURFACE_CURVE('',#4452,(#4456,#4463),.PCURVE_S1.);
#4452 = LINE('',#4453,#4454);
#4453 = CARTESIAN_POINT('',(47.05,55.371657211571,-19.24393934795));
#4454 = VECTOR('',#4455,1.);
#4455 = DIRECTION('',(-0.707106781187,0.704416026403,6.162841671622E-02)
  );
#4456 = PCURVE('',#3569,#4457);
#4457 = DEFINITIONAL_REPRESENTATION('',(#4458),#4462);
#4458 = LINE('',#4459,#4460);
#4459 = CARTESIAN_POINT('',(-21.65,4.411022627613E-15));
#4460 = VECTOR('',#4461,1.);
#4461 = DIRECTION('',(-8.849892043856E-19,1.));
#4462 = ( GEOMETRIC_REPRESENTATION_CONTEXT(2) 
PARAMETRIC_REPRESENTATION_CONTEXT() REPRESENTATION_CONTEXT('2D SPACE',''
  ) );
#4463 = PCURVE('',#3936,#4464);
#4464 = DEFINITIONAL_REPRESENTATION('',(#4465),#4469);
#4465 = LINE('',#4466,#4467);
#4466 = CARTESIAN_POINT('',(-0.,-0.25));
#4467 = VECTOR('',#4468,1.);
#4468 = DIRECTION('',(-0.,-1.));
#4469 = ( GEOMETRIC_REPRESENTATION_CONTEXT(2) 
PARAMETRIC_REPRESENTATION_CONTEXT() REPRESENTATION_CONTEXT('2D SPACE',''
  ) );
#4470 = ORIENTED_EDGE('',*,*,#4400,.F.);
#4471 = ADVANCED_FACE('',(#4472,#4475),#3774,.T.);
#4472 = FACE_BOUND('',#4473,.T.);
#4473 = EDGE_LOOP('',(#4474));
#4474 = ORIENTED_EDGE('',*,*,#3757,.T.);
#4475 = FACE_BOUND('',#4476,.T.);
#4476 = EDGE_LOOP('',(#4477));
#4477 = ORIENTED_EDGE('',*,*,#4478,.T.);
#4478 = EDGE_CURVE('',#4479,#4479,#4481,.T.);
#4479 = VERTEX_POINT('',#4480);
#4480 = CARTESIAN_POINT('',(12.,8.498032742688E-17,2.));
#4481 = SURFACE_CURVE('',#4482,(#4487,#4498),.PCURVE_S1.);
#4482 = CIRCLE('',#4483,12.);
#4483 = AXIS2_PLACEMENT_3D('',#4484,#4485,#4486);
#4484 = CARTESIAN_POINT('',(0.,0.,2.));
#4485 = DIRECTION('',(0.,0.,-1.));
#4486 = DIRECTION('',(1.,0.,0.));
#4487 = PCURVE('',#3774,#4488);
#4488 = DEFINITIONAL_REPRESENTATION('',(#4489),#4497);
#4489 = ( BOUNDED_CURVE() B_SPLINE_CURVE(2,(#4490,#4491,#4492,#4493,
#4494,#4495,#4496),.UNSPECIFIED.,.T.,.F.) B_SPLINE_CURVE_WITH_KNOTS((1,2
    ,2,2,2,1),(-2.094395102393,0.,2.094395102393,4.188790204786,
6.28318530718,8.377580409573),.UNSPECIFIED.) CURVE() 
GEOMETRIC_REPRESENTATION_ITEM() RATIONAL_B_SPLINE_CURVE((1.,0.5,1.,0.5,
1.,0.5,1.)) REPRESENTATION_ITEM('') );
#4490 = CARTESIAN_POINT('',(12.,-1.423550083974E-15));
#4491 = CARTESIAN_POINT('',(12.,-20.78460969082));
#4492 = CARTESIAN_POINT('',(-6.,-10.39230484541));
#4493 = CARTESIAN_POINT('',(-24.,-4.362702401928E-15));
#4494 = CARTESIAN_POINT('',(-6.,10.392304845413));
#4495 = CARTESIAN_POINT('',(12.,20.784609690827));
#4496 = CARTESIAN_POINT('',(12.,-1.423550083974E-15));
#4497 = ( GEOMETRIC_REPRESENTATION_CONTEXT(2) 
PARAMETRIC_REPRESENTATION_CONTEXT() REPRESENTATION_CONTEXT('2D SPACE',''
  ) );
#4498 = PCURVE('',#4499,#4504);
#4499 = CYLINDRICAL_SURFACE('',#4500,12.);
#4500 = AXIS2_PLACEMENT_3D('',#4501,#4502,#4503);
#4501 = CARTESIAN_POINT('',(0.,0.,-20.));
#4502 = DIRECTION('',(-0.,-0.,-1.));
#4503 = DIRECTION('',(1.,0.,0.));
#4504 = DEFINITIONAL_REPRESENTATION('',(#4505),#4509);
#4505 = LINE('',#4506,#4507);
#4506 = CARTESIAN_POINT('',(-6.28318530718,-22.));
#4507 = VECTOR('',#4508,1.);
#4508 = DIRECTION('',(1.,-0.));
#4509 = ( GEOMETRIC_REPRESENTATION_CONTEXT(2) 
PARAMETRIC_REPRESENTATION_CONTEXT() REPRESENTATION_CONTEXT('2D SPACE',''
  ) );
#4510 = ADVANCED_FACE('',(#4511),#3852,.T.);
#4511 = FACE_BOUND('',#4512,.T.);
#4512 = EDGE_LOOP('',(#4513,#4534,#4535,#4536));
#4513 = ORIENTED_EDGE('',*,*,#4514,.F.);
#4514 = EDGE_CURVE('',#3813,#4352,#4515,.T.);
#4515 = SURFACE_CURVE('',#4516,(#4520,#4527),.PCURVE_S1.);
#4516 = LINE('',#4517,#4518);
#4517 = CARTESIAN_POINT('',(-43.3,55.698491246874,-22.97966946579));
#4518 = VECTOR('',#4519,1.);
#4519 = DIRECTION('',(7.136376042178E-17,0.642787609687,0.766044443119)
  );
#4520 = PCURVE('',#3852,#4521);
#4521 = DEFINITIONAL_REPRESENTATION('',(#4522),#4526);
#4522 = LINE('',#4523,#4524);
#4523 = CARTESIAN_POINT('',(-0.,-0.25));
#4524 = VECTOR('',#4525,1.);
#4525 = DIRECTION('',(-0.,-1.));
#4526 = ( GEOMETRIC_REPRESENTATION_CONTEXT(2) 
PARAMETRIC_REPRESENTATION_CONTEXT() REPRESENTATION_CONTEXT('2D SPACE',''
  ) );
#4527 = PCURVE('',#3905,#4528);
#4528 = DEFINITIONAL_REPRESENTATION('',(#4529),#4533);
#4529 = LINE('',#4530,#4531);
#4530 = CARTESIAN_POINT('',(-86.6,5.675996253099E-15));
#4531 = VECTOR('',#4532,1.);
#4532 = DIRECTION('',(-2.762002991272E-33,1.));
#4533 = ( GEOMETRIC_REPRESENTATION_CONTEXT(2) 
PARAMETRIC_REPRESENTATION_CONTEXT() REPRESENTATION_CONTEXT('2D SPACE',''
  ) );
#4534 = ORIENTED_EDGE('',*,*,#3837,.T.);
#4535 = ORIENTED_EDGE('',*,*,#4070,.T.);
#4536 = ORIENTED_EDGE('',*,*,#4374,.F.);
#4537 = ADVANCED_FACE('',(#4538),#3905,.F.);
#4538 = FACE_BOUND('',#4539,.T.);
#4539 = EDGE_LOOP('',(#4540,#4561,#4562,#4563));
#4540 = ORIENTED_EDGE('',*,*,#4541,.F.);
#4541 = EDGE_CURVE('',#3869,#4350,#4542,.T.);
#4542 = SURFACE_CURVE('',#4543,(#4547,#4554),.PCURVE_S1.);
#4543 = LINE('',#4544,#4545);
#4544 = CARTESIAN_POINT('',(43.3,55.698491246874,-22.97966946579));
#4545 = VECTOR('',#4546,1.);
#4546 = DIRECTION('',(7.136376042178E-17,0.642787609687,0.766044443119)
  );
#4547 = PCURVE('',#3905,#4548);
#4548 = DEFINITIONAL_REPRESENTATION('',(#4549),#4553);
#4549 = LINE('',#4550,#4551);
#4550 = CARTESIAN_POINT('',(-0.,0.));
#4551 = VECTOR('',#4552,1.);
#4552 = DIRECTION('',(-2.762002991272E-33,1.));
#4553 = ( GEOMETRIC_REPRESENTATION_CONTEXT(2) 
PARAMETRIC_REPRESENTATION_CONTEXT() REPRESENTATION_CONTEXT('2D SPACE',''
  ) );
#4554 = PCURVE('',#3936,#4555);
#4555 = DEFINITIONAL_REPRESENTATION('',(#4556),#4560);
#4556 = LINE('',#4557,#4558);
#4557 = CARTESIAN_POINT('',(-1.570796326795,-0.25));
#4558 = VECTOR('',#4559,1.);
#4559 = DIRECTION('',(-0.,-1.));
#4560 = ( GEOMETRIC_REPRESENTATION_CONTEXT(2) 
PARAMETRIC_REPRESENTATION_CONTEXT() REPRESENTATION_CONTEXT('2D SPACE',''
  ) );
#4561 = ORIENTED_EDGE('',*,*,#3891,.T.);
#4562 = ORIENTED_EDGE('',*,*,#4514,.T.);
#4563 = ORIENTED_EDGE('',*,*,#4349,.F.);
#4564 = ADVANCED_FACE('',(#4565),#3936,.T.);
#4565 = FACE_BOUND('',#4566,.T.);
#4566 = EDGE_LOOP('',(#4567,#4568,#4569,#4570));
#4567 = ORIENTED_EDGE('',*,*,#4450,.F.);
#4568 = ORIENTED_EDGE('',*,*,#3921,.T.);
#4569 = ORIENTED_EDGE('',*,*,#4541,.T.);
#4570 = ORIENTED_EDGE('',*,*,#4423,.F.);
#4571 = ADVANCED_FACE('',(#4572),#3993,.F.);
#4572 = FACE_BOUND('',#4573,.F.);
#4573 = EDGE_LOOP('',(#4574,#4575,#4598,#4627,#4649));
#4574 = ORIENTED_EDGE('',*,*,#3978,.T.);
#4575 = ORIENTED_EDGE('',*,*,#4576,.T.);
#4576 = EDGE_CURVE('',#3956,#4577,#4579,.T.);
#4577 = VERTEX_POINT('',#4578);
#4578 = CARTESIAN_POINT('',(4.943233881425E-15,51.804913438935,
    -7.761105902624));
#4579 = SEAM_CURVE('',#4580,(#4584,#4591),.PCURVE_S1.);
#4580 = LINE('',#4581,#4582);
#4581 = CARTESIAN_POINT('',(3.77863365356E-15,48.043816153771,
    -5.028508772987));
#4582 = VECTOR('',#4583,1.);
#4583 = DIRECTION('',(2.505070474278E-16,0.809016994375,-0.587785252292)
  );
#4584 = PCURVE('',#3993,#4585);
#4585 = DEFINITIONAL_REPRESENTATION('',(#4586),#4590);
#4586 = LINE('',#4587,#4588);
#4587 = CARTESIAN_POINT('',(0.,-0.));
#4588 = VECTOR('',#4589,1.);
#4589 = DIRECTION('',(-0.,-1.));
#4590 = ( GEOMETRIC_REPRESENTATION_CONTEXT(2) 
PARAMETRIC_REPRESENTATION_CONTEXT() REPRESENTATION_CONTEXT('2D SPACE',''
  ) );
#4591 = PCURVE('',#3993,#4592);
#4592 = DEFINITIONAL_REPRESENTATION('',(#4593),#4597);
#4593 = LINE('',#4594,#4595);
#4594 = CARTESIAN_POINT('',(-6.28318530718,0.));
#4595 = VECTOR('',#4596,1.);
#4596 = DIRECTION('',(-0.,-1.));
#4597 = ( GEOMETRIC_REPRESENTATION_CONTEXT(2) 
PARAMETRIC_REPRESENTATION_CONTEXT() REPRESENTATION_CONTEXT('2D SPACE',''
  ) );
#4598 = ORIENTED_EDGE('',*,*,#4599,.F.);
#4599 = EDGE_CURVE('',#4600,#4577,#4602,.T.);
#4600 = VERTEX_POINT('',#4601);
#4601 = CARTESIAN_POINT('',(-3.3,52.092527390003,-11.04854840632));
#4602 = SURFACE_CURVE('',#4603,(#4608,#4615),.PCURVE_S1.);
#4603 = CIRCLE('',#4604,3.3);
#4604 = AXIS2_PLACEMENT_3D('',#4605,#4606,#4607);
#4605 = CARTESIAN_POINT('',(5.78343233193E-15,52.092527390003,
    -11.04854840632));
#4606 = DIRECTION('',(1.105998290831E-16,0.996194698092,
    8.715574274766E-02));
#4607 = DIRECTION('',(-9.676231232676E-18,-8.715574274766E-02,
    0.996194698092));
#4608 = PCURVE('',#3993,#4609);
#4609 = DEFINITIONAL_REPRESENTATION('',(#4610),#4614);
#4610 = LINE('',#4611,#4612);
#4611 = CARTESIAN_POINT('',(-0.,-3.508623642024));
#4612 = VECTOR('',#4613,1.);
#4613 = DIRECTION('',(-1.,-0.));
#4614 = ( GEOMETRIC_REPRESENTATION_CONTEXT(2) 
PARAMETRIC_REPRESENTATION_CONTEXT() REPRESENTATION_CONTEXT('2D SPACE',''
  ) );
#4615 = PCURVE('',#4616,#4621);
#4616 = CYLINDRICAL_SURFACE('',#4617,3.3);
#4617 = AXIS2_PLACEMENT_3D('',#4618,#4619,#4620);
#4618 = CARTESIAN_POINT('',(5.284779327722E-15,47.601060422127,
    -11.44150084861));
#4619 = DIRECTION('',(-1.105998290831E-16,-0.996194698092,
    -8.715574274766E-02));
#4620 = DIRECTION('',(-1.,1.110223024625E-16,0.));
#4621 = DEFINITIONAL_REPRESENTATION('',(#4622),#4626);
#4622 = LINE('',#4623,#4624);
#4623 = CARTESIAN_POINT('',(4.712388980385,-4.508623642024));
#4624 = VECTOR('',#4625,1.);
#4625 = DIRECTION('',(-1.,0.));
#4626 = ( GEOMETRIC_REPRESENTATION_CONTEXT(2) 
PARAMETRIC_REPRESENTATION_CONTEXT() REPRESENTATION_CONTEXT('2D SPACE',''
  ) );
#4627 = ORIENTED_EDGE('',*,*,#4628,.F.);
#4628 = EDGE_CURVE('',#4577,#4600,#4629,.T.);
#4629 = SURFACE_CURVE('',#4630,(#4635,#4642),.PCURVE_S1.);
#4630 = CIRCLE('',#4631,3.3);
#4631 = AXIS2_PLACEMENT_3D('',#4632,#4633,#4634);
#4632 = CARTESIAN_POINT('',(5.78343233193E-15,52.092527390003,
    -11.04854840632));
#4633 = DIRECTION('',(1.105998290831E-16,0.996194698092,
    8.715574274766E-02));
#4634 = DIRECTION('',(-9.676231232676E-18,-8.715574274766E-02,
    0.996194698092));
#4635 = PCURVE('',#3993,#4636);
#4636 = DEFINITIONAL_REPRESENTATION('',(#4637),#4641);
#4637 = LINE('',#4638,#4639);
#4638 = CARTESIAN_POINT('',(-0.,-3.508623642024));
#4639 = VECTOR('',#4640,1.);
#4640 = DIRECTION('',(-1.,-0.));
#4641 = ( GEOMETRIC_REPRESENTATION_CONTEXT(2) 
PARAMETRIC_REPRESENTATION_CONTEXT() REPRESENTATION_CONTEXT('2D SPACE',''
  ) );
#4642 = PCURVE('',#4616,#4643);
#4643 = DEFINITIONAL_REPRESENTATION('',(#4644),#4648);
#4644 = LINE('',#4645,#4646);
#4645 = CARTESIAN_POINT('',(-1.570796326795,-4.508623642024));
#4646 = VECTOR('',#4647,1.);
#4647 = DIRECTION('',(-1.,0.));
#4648 = ( GEOMETRIC_REPRESENTATION_CONTEXT(2) 
PARAMETRIC_REPRESENTATION_CONTEXT() REPRESENTATION_CONTEXT('2D SPACE',''
  ) );
#4649 = ORIENTED_EDGE('',*,*,#4576,.F.);
#4650 = ADVANCED_FACE('',(#4651,#4654),#4048,.F.);
#4651 = FACE_BOUND('',#4652,.F.);
#4652 = EDGE_LOOP('',(#4653));
#4653 = ORIENTED_EDGE('',*,*,#4033,.T.);
#4654 = FACE_BOUND('',#4655,.F.);
#4655 = EDGE_LOOP('',(#4656));
#4656 = ORIENTED_EDGE('',*,*,#4657,.F.);
#4657 = EDGE_CURVE('',#4658,#4658,#4660,.T.);
#4658 = VERTEX_POINT('',#4659);
#4659 = CARTESIAN_POINT('',(12.,2.124508185672E-16,-4.));
#4660 = SURFACE_CURVE('',#4661,(#4666,#4673),.PCURVE_S1.);
#4661 = CIRCLE('',#4662,12.);
#4662 = AXIS2_PLACEMENT_3D('',#4663,#4664,#4665);
#4663 = CARTESIAN_POINT('',(7.555092137322E-14,2.124508185672E-16,-4.));
#4664 = DIRECTION('',(0.,0.,1.));
#4665 = DIRECTION('',(1.,0.,0.));
#4666 = PCURVE('',#4048,#4667);
#4667 = DEFINITIONAL_REPRESENTATION('',(#4668),#4672);
#4668 = CIRCLE('',#4669,12.);
#4669 = AXIS2_PLACEMENT_2D('',#4670,#4671);
#4670 = CARTESIAN_POINT('',(7.62499323036E-14,-5.467136286208E-16));
#4671 = DIRECTION('',(1.,0.));
#4672 = ( GEOMETRIC_REPRESENTATION_CONTEXT(2) 
PARAMETRIC_REPRESENTATION_CONTEXT() REPRESENTATION_CONTEXT('2D SPACE',''
  ) );
#4673 = PCURVE('',#4499,#4674);
#4674 = DEFINITIONAL_REPRESENTATION('',(#4675),#4679);
#4675 = LINE('',#4676,#4677);
#4676 = CARTESIAN_POINT('',(-0.,-16.));
#4677 = VECTOR('',#4678,1.);
#4678 = DIRECTION('',(-1.,0.));
#4679 = ( GEOMETRIC_REPRESENTATION_CONTEXT(2) 
PARAMETRIC_REPRESENTATION_CONTEXT() REPRESENTATION_CONTEXT('2D SPACE',''
  ) );
#4680 = ADVANCED_FACE('',(#4681),#4138,.F.);
#4681 = FACE_BOUND('',#4682,.T.);
#4682 = EDGE_LOOP('',(#4683,#4706,#4707,#4730));
#4683 = ORIENTED_EDGE('',*,*,#4684,.F.);
#4684 = EDGE_CURVE('',#4120,#4685,#4687,.T.);
#4685 = VERTEX_POINT('',#4686);
#4686 = CARTESIAN_POINT('',(-43.3,54.798822673497,-21.30169555119));
#4687 = SURFACE_CURVE('',#4688,(#4692,#4699),.PCURVE_S1.);
#4688 = LINE('',#4689,#4690);
#4689 = CARTESIAN_POINT('',(-43.3,54.798822673497,-21.30169555119));
#4690 = VECTOR('',#4691,1.);
#4691 = DIRECTION('',(-8.504801786368E-17,-0.766044443119,0.642787609687
    ));
#4692 = PCURVE('',#4138,#4693);
#4693 = DEFINITIONAL_REPRESENTATION('',(#4694),#4698);
#4694 = LINE('',#4695,#4696);
#4695 = CARTESIAN_POINT('',(0.,-0.));
#4696 = VECTOR('',#4697,1.);
#4697 = DIRECTION('',(0.,-1.));
#4698 = ( GEOMETRIC_REPRESENTATION_CONTEXT(2) 
PARAMETRIC_REPRESENTATION_CONTEXT() REPRESENTATION_CONTEXT('2D SPACE',''
  ) );
#4699 = PCURVE('',#4166,#4700);
#4700 = DEFINITIONAL_REPRESENTATION('',(#4701),#4705);
#4701 = LINE('',#4702,#4703);
#4702 = CARTESIAN_POINT('',(86.6,0.707106781187));
#4703 = VECTOR('',#4704,1.);
#4704 = DIRECTION('',(2.898236452412E-33,1.));
#4705 = ( GEOMETRIC_REPRESENTATION_CONTEXT(2) 
PARAMETRIC_REPRESENTATION_CONTEXT() REPRESENTATION_CONTEXT('2D SPACE',''
  ) );
#4706 = ORIENTED_EDGE('',*,*,#4119,.T.);
#4707 = ORIENTED_EDGE('',*,*,#4708,.T.);
#4708 = EDGE_CURVE('',#4122,#4709,#4711,.T.);
#4709 = VERTEX_POINT('',#4710);
#4710 = CARTESIAN_POINT('',(-45.3,54.624511188002,-19.30930615501));
#4711 = SURFACE_CURVE('',#4712,(#4716,#4723),.PCURVE_S1.);
#4712 = LINE('',#4713,#4714);
#4713 = CARTESIAN_POINT('',(-45.3,54.624511188002,-19.30930615501));
#4714 = VECTOR('',#4715,1.);
#4715 = DIRECTION('',(0.707106781187,-0.704416026403,-6.162841671622E-02
    ));
#4716 = PCURVE('',#4138,#4717);
#4717 = DEFINITIONAL_REPRESENTATION('',(#4718),#4722);
#4718 = LINE('',#4719,#4720);
#4719 = CARTESIAN_POINT('',(1.570796326795,-0.));
#4720 = VECTOR('',#4721,1.);
#4721 = DIRECTION('',(0.,-1.));
#4722 = ( GEOMETRIC_REPRESENTATION_CONTEXT(2) 
PARAMETRIC_REPRESENTATION_CONTEXT() REPRESENTATION_CONTEXT('2D SPACE',''
  ) );
#4723 = PCURVE('',#4335,#4724);
#4724 = DEFINITIONAL_REPRESENTATION('',(#4725),#4729);
#4725 = LINE('',#4726,#4727);
#4726 = CARTESIAN_POINT('',(-1.923454847699E-15,0.707106781187));
#4727 = VECTOR('',#4728,1.);
#4728 = DIRECTION('',(4.238632969676E-17,1.));
#4729 = ( GEOMETRIC_REPRESENTATION_CONTEXT(2) 
PARAMETRIC_REPRESENTATION_CONTEXT() REPRESENTATION_CONTEXT('2D SPACE',''
  ) );
#4730 = ORIENTED_EDGE('',*,*,#4731,.F.);
#4731 = EDGE_CURVE('',#4685,#4709,#4732,.T.);
#4732 = SURFACE_CURVE('',#4733,(#4738,#4745),.PCURVE_S1.);
#4733 = CIRCLE('',#4734,2.);
#4734 = AXIS2_PLACEMENT_3D('',#4735,#4736,#4737);
#4735 = CARTESIAN_POINT('',(-43.3,54.624511188002,-19.30930615501));
#4736 = DIRECTION('',(1.105998290831E-16,0.996194698092,
    8.715574274766E-02));
#4737 = DIRECTION('',(9.676231232676E-18,8.715574274766E-02,
    -0.996194698092));
#4738 = PCURVE('',#4138,#4739);
#4739 = DEFINITIONAL_REPRESENTATION('',(#4740),#4744);
#4740 = LINE('',#4741,#4742);
#4741 = CARTESIAN_POINT('',(0.,-0.));
#4742 = VECTOR('',#4743,1.);
#4743 = DIRECTION('',(1.,-0.));
#4744 = ( GEOMETRIC_REPRESENTATION_CONTEXT(2) 
PARAMETRIC_REPRESENTATION_CONTEXT() REPRESENTATION_CONTEXT('2D SPACE',''
  ) );
#4745 = PCURVE('',#4746,#4751);
#4746 = CYLINDRICAL_SURFACE('',#4747,2.);
#4747 = AXIS2_PLACEMENT_3D('',#4748,#4749,#4750);
#4748 = CARTESIAN_POINT('',(-43.3,52.134024442772,-19.52719551188));
#4749 = DIRECTION('',(1.105998290831E-16,0.996194698092,
    8.715574274766E-02));
#4750 = DIRECTION('',(9.676231232676E-18,8.715574274766E-02,
    -0.996194698092));
#4751 = DEFINITIONAL_REPRESENTATION('',(#4752),#4756);
#4752 = LINE('',#4753,#4754);
#4753 = CARTESIAN_POINT('',(0.,2.5));
#4754 = VECTOR('',#4755,1.);
#4755 = DIRECTION('',(1.,0.));
#4756 = ( GEOMETRIC_REPRESENTATION_CONTEXT(2) 
PARAMETRIC_REPRESENTATION_CONTEXT() REPRESENTATION_CONTEXT('2D SPACE',''
  ) );
#4757 = ADVANCED_FACE('',(#4758),#4166,.T.);
#4758 = FACE_BOUND('',#4759,.T.);
#4759 = EDGE_LOOP('',(#4760,#4783,#4784,#4785));
#4760 = ORIENTED_EDGE('',*,*,#4761,.F.);
#4761 = EDGE_CURVE('',#4151,#4762,#4764,.T.);
#4762 = VERTEX_POINT('',#4763);
#4763 = CARTESIAN_POINT('',(43.3,54.798822673497,-21.30169555119));
#4764 = SURFACE_CURVE('',#4765,(#4769,#4776),.PCURVE_S1.);
#4765 = LINE('',#4766,#4767);
#4766 = CARTESIAN_POINT('',(43.3,54.798822673497,-21.30169555119));
#4767 = VECTOR('',#4768,1.);
#4768 = DIRECTION('',(-1.283458206755E-16,-0.766044443119,0.642787609687
    ));
#4769 = PCURVE('',#4166,#4770);
#4770 = DEFINITIONAL_REPRESENTATION('',(#4771),#4775);
#4771 = LINE('',#4772,#4773);
#4772 = CARTESIAN_POINT('',(-6.013803015789E-17,0.707106781187));
#4773 = VECTOR('',#4774,1.);
#4774 = DIRECTION('',(4.329780281177E-17,1.));
#4775 = ( GEOMETRIC_REPRESENTATION_CONTEXT(2) 
PARAMETRIC_REPRESENTATION_CONTEXT() REPRESENTATION_CONTEXT('2D SPACE',''
  ) );
#4776 = PCURVE('',#4195,#4777);
#4777 = DEFINITIONAL_REPRESENTATION('',(#4778),#4782);
#4778 = LINE('',#4779,#4780);
#4779 = CARTESIAN_POINT('',(1.570796326795,-0.));
#4780 = VECTOR('',#4781,1.);
#4781 = DIRECTION('',(0.,-1.));
#4782 = ( GEOMETRIC_REPRESENTATION_CONTEXT(2) 
PARAMETRIC_REPRESENTATION_CONTEXT() REPRESENTATION_CONTEXT('2D SPACE',''
  ) );
#4783 = ORIENTED_EDGE('',*,*,#4150,.T.);
#4784 = ORIENTED_EDGE('',*,*,#4684,.T.);
#4785 = ORIENTED_EDGE('',*,*,#4786,.F.);
#4786 = EDGE_CURVE('',#4762,#4685,#4787,.T.);
#4787 = SURFACE_CURVE('',#4788,(#4792,#4799),.PCURVE_S1.);
#4788 = LINE('',#4789,#4790);
#4789 = CARTESIAN_POINT('',(43.3,54.798822673497,-21.30169555119));
#4790 = VECTOR('',#4791,1.);
#4791 = DIRECTION('',(-1.,1.110223024625E-16,0.));
#4792 = PCURVE('',#4166,#4793);
#4793 = DEFINITIONAL_REPRESENTATION('',(#4794),#4798);
#4794 = LINE('',#4795,#4796);
#4795 = CARTESIAN_POINT('',(-6.013803015789E-17,0.707106781187));
#4796 = VECTOR('',#4797,1.);
#4797 = DIRECTION('',(1.,1.41267976596E-33));
#4798 = ( GEOMETRIC_REPRESENTATION_CONTEXT(2) 
PARAMETRIC_REPRESENTATION_CONTEXT() REPRESENTATION_CONTEXT('2D SPACE',''
  ) );
#4799 = PCURVE('',#4800,#4805);
#4800 = PLANE('',#4801);
#4801 = AXIS2_PLACEMENT_3D('',#4802,#4803,#4804);
#4802 = CARTESIAN_POINT('',(45.3,52.308335928268,-21.51958490806));
#4803 = DIRECTION('',(-9.676231232676E-18,-8.715574274766E-02,
    0.996194698092));
#4804 = DIRECTION('',(-1.,1.110223024625E-16,0.));
#4805 = DEFINITIONAL_REPRESENTATION('',(#4806),#4810);
#4806 = LINE('',#4807,#4808);
#4807 = CARTESIAN_POINT('',(2.,-2.5));
#4808 = VECTOR('',#4809,1.);
#4809 = DIRECTION('',(1.,0.));
#4810 = ( GEOMETRIC_REPRESENTATION_CONTEXT(2) 
PARAMETRIC_REPRESENTATION_CONTEXT() REPRESENTATION_CONTEXT('2D SPACE',''
  ) );
#4811 = ADVANCED_FACE('',(#4812),#4335,.T.);
#4812 = FACE_BOUND('',#4813,.T.);
#4813 = EDGE_LOOP('',(#4814,#4815,#4816,#4839));
#4814 = ORIENTED_EDGE('',*,*,#4708,.F.);
#4815 = ORIENTED_EDGE('',*,*,#4321,.T.);
#4816 = ORIENTED_EDGE('',*,*,#4817,.T.);
#4817 = EDGE_CURVE('',#4293,#4818,#4820,.T.);
#4818 = VERTEX_POINT('',#4819);
#4819 = CARTESIAN_POINT('',(-45.3,52.737589357515,2.258309058674));
#4820 = SURFACE_CURVE('',#4821,(#4825,#4832),.PCURVE_S1.);
#4821 = LINE('',#4822,#4823);
#4822 = CARTESIAN_POINT('',(-45.8,53.235686706561,2.301886930048));
#4823 = VECTOR('',#4824,1.);
#4824 = DIRECTION('',(0.707106781187,-0.704416026403,-6.162841671622E-02
    ));
#4825 = PCURVE('',#4335,#4826);
#4826 = DEFINITIONAL_REPRESENTATION('',(#4827),#4831);
#4827 = LINE('',#4828,#4829);
#4828 = CARTESIAN_POINT('',(21.65,4.629970746684E-15));
#4829 = VECTOR('',#4830,1.);
#4830 = DIRECTION('',(8.849892043856E-19,1.));
#4831 = ( GEOMETRIC_REPRESENTATION_CONTEXT(2) 
PARAMETRIC_REPRESENTATION_CONTEXT() REPRESENTATION_CONTEXT('2D SPACE',''
  ) );
#4832 = PCURVE('',#4309,#4833);
#4833 = DEFINITIONAL_REPRESENTATION('',(#4834),#4838);
#4834 = LINE('',#4835,#4836);
#4835 = CARTESIAN_POINT('',(-0.,0.5));
#4836 = VECTOR('',#4837,1.);
#4837 = DIRECTION('',(0.,-1.));
#4838 = ( GEOMETRIC_REPRESENTATION_CONTEXT(2) 
PARAMETRIC_REPRESENTATION_CONTEXT() REPRESENTATION_CONTEXT('2D SPACE',''
  ) );
#4839 = ORIENTED_EDGE('',*,*,#4840,.F.);
#4840 = EDGE_CURVE('',#4709,#4818,#4841,.T.);
#4841 = SURFACE_CURVE('',#4842,(#4846,#4853),.PCURVE_S1.);
#4842 = LINE('',#4843,#4844);
#4843 = CARTESIAN_POINT('',(-45.3,54.624511188002,-19.30930615501));
#4844 = VECTOR('',#4845,1.);
#4845 = DIRECTION('',(-9.676231232676E-18,-8.715574274766E-02,
    0.996194698092));
#4846 = PCURVE('',#4335,#4847);
#4847 = DEFINITIONAL_REPRESENTATION('',(#4848),#4852);
#4848 = LINE('',#4849,#4850);
#4849 = CARTESIAN_POINT('',(-1.923454847699E-15,0.707106781187));
#4850 = VECTOR('',#4851,1.);
#4851 = DIRECTION('',(1.,8.849892043856E-19));
#4852 = ( GEOMETRIC_REPRESENTATION_CONTEXT(2) 
PARAMETRIC_REPRESENTATION_CONTEXT() REPRESENTATION_CONTEXT('2D SPACE',''
  ) );
#4853 = PCURVE('',#4854,#4859);
#4854 = PLANE('',#4855);
#4855 = AXIS2_PLACEMENT_3D('',#4856,#4857,#4858);
#4856 = CARTESIAN_POINT('',(-45.3,52.308335928268,-21.51958490806));
#4857 = DIRECTION('',(1.,-1.110223024625E-16,0.));
#4858 = DIRECTION('',(-9.676231232676E-18,-8.715574274766E-02,
    0.996194698092));
#4859 = DEFINITIONAL_REPRESENTATION('',(#4860),#4864);
#4860 = LINE('',#4861,#4862);
#4861 = CARTESIAN_POINT('',(2.,-2.5));
#4862 = VECTOR('',#4863,1.);
#4863 = DIRECTION('',(1.,-2.298214621924E-18));
#4864 = ( GEOMETRIC_REPRESENTATION_CONTEXT(2) 
PARAMETRIC_REPRESENTATION_CONTEXT() REPRESENTATION_CONTEXT('2D SPACE',''
  ) );
#4865 = ADVANCED_FACE('',(#4866),#4195,.F.);
#4866 = FACE_BOUND('',#4867,.T.);
#4867 = EDGE_LOOP('',(#4868,#4891,#4892,#4893));
#4868 = ORIENTED_EDGE('',*,*,#4869,.F.);
#4869 = EDGE_CURVE('',#4179,#4870,#4872,.T.);
#4870 = VERTEX_POINT('',#4871);
#4871 = CARTESIAN_POINT('',(45.3,54.624511188002,-19.30930615501));
#4872 = SURFACE_CURVE('',#4873,(#4877,#4884),.PCURVE_S1.);
#4873 = LINE('',#4874,#4875);
#4874 = CARTESIAN_POINT('',(45.8,55.122608537048,-19.26572828363));
#4875 = VECTOR('',#4876,1.);
#4876 = DIRECTION('',(-0.707106781187,-0.704416026403,
    -6.162841671622E-02));
#4877 = PCURVE('',#4195,#4878);
#4878 = DEFINITIONAL_REPRESENTATION('',(#4879),#4883);
#4879 = LINE('',#4880,#4881);
#4880 = CARTESIAN_POINT('',(-0.,0.5));
#4881 = VECTOR('',#4882,1.);
#4882 = DIRECTION('',(0.,-1.));
#4883 = ( GEOMETRIC_REPRESENTATION_CONTEXT(2) 
PARAMETRIC_REPRESENTATION_CONTEXT() REPRESENTATION_CONTEXT('2D SPACE',''
  ) );
#4884 = PCURVE('',#4223,#4885);
#4885 = DEFINITIONAL_REPRESENTATION('',(#4886),#4890);
#4886 = LINE('',#4887,#4888);
#4887 = CARTESIAN_POINT('',(21.65,-4.185881536833E-15));
#4888 = VECTOR('',#4889,1.);
#4889 = DIRECTION('',(6.053904699522E-18,1.));
#4890 = ( GEOMETRIC_REPRESENTATION_CONTEXT(2) 
PARAMETRIC_REPRESENTATION_CONTEXT() REPRESENTATION_CONTEXT('2D SPACE',''
  ) );
#4891 = ORIENTED_EDGE('',*,*,#4178,.T.);
#4892 = ORIENTED_EDGE('',*,*,#4761,.T.);
#4893 = ORIENTED_EDGE('',*,*,#4894,.F.);
#4894 = EDGE_CURVE('',#4870,#4762,#4895,.T.);
#4895 = SURFACE_CURVE('',#4896,(#4901,#4908),.PCURVE_S1.);
#4896 = CIRCLE('',#4897,2.);
#4897 = AXIS2_PLACEMENT_3D('',#4898,#4899,#4900);
#4898 = CARTESIAN_POINT('',(43.3,54.624511188002,-19.30930615501));
#4899 = DIRECTION('',(1.105998290831E-16,0.996194698092,
    8.715574274766E-02));
#4900 = DIRECTION('',(1.,-1.110223024625E-16,0.));
#4901 = PCURVE('',#4195,#4902);
#4902 = DEFINITIONAL_REPRESENTATION('',(#4903),#4907);
#4903 = LINE('',#4904,#4905);
#4904 = CARTESIAN_POINT('',(0.,-0.));
#4905 = VECTOR('',#4906,1.);
#4906 = DIRECTION('',(1.,-0.));
#4907 = ( GEOMETRIC_REPRESENTATION_CONTEXT(2) 
PARAMETRIC_REPRESENTATION_CONTEXT() REPRESENTATION_CONTEXT('2D SPACE',''
  ) );
#4908 = PCURVE('',#4909,#4914);
#4909 = CYLINDRICAL_SURFACE('',#4910,2.);
#4910 = AXIS2_PLACEMENT_3D('',#4911,#4912,#4913);
#4911 = CARTESIAN_POINT('',(43.3,52.134024442772,-19.52719551188));
#4912 = DIRECTION('',(1.105998290831E-16,0.996194698092,
    8.715574274766E-02));
#4913 = DIRECTION('',(9.676231232676E-18,8.715574274766E-02,
    -0.996194698092));
#4914 = DEFINITIONAL_REPRESENTATION('',(#4915),#4919);
#4915 = LINE('',#4916,#4917);
#4916 = CARTESIAN_POINT('',(-1.570796326795,2.5));
#4917 = VECTOR('',#4918,1.);
#4918 = DIRECTION('',(1.,-0.));
#4919 = ( GEOMETRIC_REPRESENTATION_CONTEXT(2) 
PARAMETRIC_REPRESENTATION_CONTEXT() REPRESENTATION_CONTEXT('2D SPACE',''
  ) );
#4920 = ADVANCED_FACE('',(#4921),#4309,.F.);
#4921 = FACE_BOUND('',#4922,.T.);
#4922 = EDGE_LOOP('',(#4923,#4924,#4925,#4948));
#4923 = ORIENTED_EDGE('',*,*,#4817,.F.);
#4924 = ORIENTED_EDGE('',*,*,#4292,.T.);
#4925 = ORIENTED_EDGE('',*,*,#4926,.T.);
#4926 = EDGE_CURVE('',#4265,#4927,#4929,.T.);
#4927 = VERTEX_POINT('',#4928);
#4928 = CARTESIAN_POINT('',(-43.3,52.56327787202,4.250698454858));
#4929 = SURFACE_CURVE('',#4930,(#4934,#4941),.PCURVE_S1.);
#4930 = LINE('',#4931,#4932);
#4931 = CARTESIAN_POINT('',(-43.3,52.56327787202,4.250698454858));
#4932 = VECTOR('',#4933,1.);
#4933 = DIRECTION('',(-2.806595761E-17,-0.642787609687,-0.766044443119)
  );
#4934 = PCURVE('',#4309,#4935);
#4935 = DEFINITIONAL_REPRESENTATION('',(#4936),#4940);
#4936 = LINE('',#4937,#4938);
#4937 = CARTESIAN_POINT('',(1.570796326795,-0.));
#4938 = VECTOR('',#4939,1.);
#4939 = DIRECTION('',(0.,-1.));
#4940 = ( GEOMETRIC_REPRESENTATION_CONTEXT(2) 
PARAMETRIC_REPRESENTATION_CONTEXT() REPRESENTATION_CONTEXT('2D SPACE',''
  ) );
#4941 = PCURVE('',#4280,#4942);
#4942 = DEFINITIONAL_REPRESENTATION('',(#4943),#4947);
#4943 = LINE('',#4944,#4945);
#4944 = CARTESIAN_POINT('',(5.046179892521E-17,0.707106781187));
#4945 = VECTOR('',#4946,1.);
#4946 = DIRECTION('',(4.329780281177E-17,1.));
#4947 = ( GEOMETRIC_REPRESENTATION_CONTEXT(2) 
PARAMETRIC_REPRESENTATION_CONTEXT() REPRESENTATION_CONTEXT('2D SPACE',''
  ) );
#4948 = ORIENTED_EDGE('',*,*,#4949,.F.);
#4949 = EDGE_CURVE('',#4818,#4927,#4950,.T.);
#4950 = SURFACE_CURVE('',#4951,(#4956,#4963),.PCURVE_S1.);
#4951 = CIRCLE('',#4952,2.);
#4952 = AXIS2_PLACEMENT_3D('',#4953,#4954,#4955);
#4953 = CARTESIAN_POINT('',(-43.3,52.737589357515,2.258309058674));
#4954 = DIRECTION('',(1.105998290831E-16,0.996194698092,
    8.715574274766E-02));
#4955 = DIRECTION('',(-1.,1.110223024625E-16,0.));
#4956 = PCURVE('',#4309,#4957);
#4957 = DEFINITIONAL_REPRESENTATION('',(#4958),#4962);
#4958 = LINE('',#4959,#4960);
#4959 = CARTESIAN_POINT('',(0.,-0.));
#4960 = VECTOR('',#4961,1.);
#4961 = DIRECTION('',(1.,-0.));
#4962 = ( GEOMETRIC_REPRESENTATION_CONTEXT(2) 
PARAMETRIC_REPRESENTATION_CONTEXT() REPRESENTATION_CONTEXT('2D SPACE',''
  ) );
#4963 = PCURVE('',#4964,#4969);
#4964 = CYLINDRICAL_SURFACE('',#4965,2.);
#4965 = AXIS2_PLACEMENT_3D('',#4966,#4967,#4968);
#4966 = CARTESIAN_POINT('',(-43.3,50.247102612286,2.040419701805));
#4967 = DIRECTION('',(1.105998290831E-16,0.996194698092,
    8.715574274766E-02));
#4968 = DIRECTION('',(-1.,1.110223024625E-16,0.));
#4969 = DEFINITIONAL_REPRESENTATION('',(#4970),#4974);
#4970 = LINE('',#4971,#4972);
#4971 = CARTESIAN_POINT('',(0.,2.5));
#4972 = VECTOR('',#4973,1.);
#4973 = DIRECTION('',(1.,0.));
#4974 = ( GEOMETRIC_REPRESENTATION_CONTEXT(2) 
PARAMETRIC_REPRESENTATION_CONTEXT() REPRESENTATION_CONTEXT('2D SPACE',''
  ) );
#4975 = ADVANCED_FACE('',(#4976),#4223,.T.);
#4976 = FACE_BOUND('',#4977,.T.);
#4977 = EDGE_LOOP('',(#4978,#5001,#5002,#5003));
#4978 = ORIENTED_EDGE('',*,*,#4979,.F.);
#4979 = EDGE_CURVE('',#4208,#4980,#4982,.T.);
#4980 = VERTEX_POINT('',#4981);
#4981 = CARTESIAN_POINT('',(45.3,52.737589357515,2.258309058674));
#4982 = SURFACE_CURVE('',#4983,(#4987,#4994),.PCURVE_S1.);
#4983 = LINE('',#4984,#4985);
#4984 = CARTESIAN_POINT('',(45.3,52.737589357515,2.258309058674));
#4985 = VECTOR('',#4986,1.);
#4986 = DIRECTION('',(-0.707106781187,-0.704416026403,
    -6.162841671622E-02));
#4987 = PCURVE('',#4223,#4988);
#4988 = DEFINITIONAL_REPRESENTATION('',(#4989),#4993);
#4989 = LINE('',#4990,#4991);
#4990 = CARTESIAN_POINT('',(1.538575823693E-16,0.707106781187));
#4991 = VECTOR('',#4992,1.);
#4992 = DIRECTION('',(4.750243601947E-17,1.));
#4993 = ( GEOMETRIC_REPRESENTATION_CONTEXT(2) 
PARAMETRIC_REPRESENTATION_CONTEXT() REPRESENTATION_CONTEXT('2D SPACE',''
  ) );
#4994 = PCURVE('',#4252,#4995);
#4995 = DEFINITIONAL_REPRESENTATION('',(#4996),#5000);
#4996 = LINE('',#4997,#4998);
#4997 = CARTESIAN_POINT('',(1.570796326795,-0.));
#4998 = VECTOR('',#4999,1.);
#4999 = DIRECTION('',(0.,-1.));
#5000 = ( GEOMETRIC_REPRESENTATION_CONTEXT(2) 
PARAMETRIC_REPRESENTATION_CONTEXT() REPRESENTATION_CONTEXT('2D SPACE',''
  ) );
#5001 = ORIENTED_EDGE('',*,*,#4207,.T.);
#5002 = ORIENTED_EDGE('',*,*,#4869,.T.);
#5003 = ORIENTED_EDGE('',*,*,#5004,.F.);
#5004 = EDGE_CURVE('',#4980,#4870,#5005,.T.);
#5005 = SURFACE_CURVE('',#5006,(#5010,#5017),.PCURVE_S1.);
#5006 = LINE('',#5007,#5008);
#5007 = CARTESIAN_POINT('',(45.3,52.737589357515,2.258309058674));
#5008 = VECTOR('',#5009,1.);
#5009 = DIRECTION('',(9.676231232676E-18,8.715574274766E-02,
    -0.996194698092));
#5010 = PCURVE('',#4223,#5011);
#5011 = DEFINITIONAL_REPRESENTATION('',(#5012),#5016);
#5012 = LINE('',#5013,#5014);
#5013 = CARTESIAN_POINT('',(1.538575823693E-16,0.707106781187));
#5014 = VECTOR('',#5015,1.);
#5015 = DIRECTION('',(1.,6.053904699522E-18));
#5016 = ( GEOMETRIC_REPRESENTATION_CONTEXT(2) 
PARAMETRIC_REPRESENTATION_CONTEXT() REPRESENTATION_CONTEXT('2D SPACE',''
  ) );
#5017 = PCURVE('',#5018,#5023);
#5018 = PLANE('',#5019);
#5019 = AXIS2_PLACEMENT_3D('',#5020,#5021,#5022);
#5020 = CARTESIAN_POINT('',(45.3,50.07279112679,4.032809097988));
#5021 = DIRECTION('',(-1.,1.110223024625E-16,0.));
#5022 = DIRECTION('',(9.676231232676E-18,8.715574274766E-02,
    -0.996194698092));
#5023 = DEFINITIONAL_REPRESENTATION('',(#5024),#5028);
#5024 = LINE('',#5025,#5026);
#5025 = CARTESIAN_POINT('',(2.,-2.5));
#5026 = VECTOR('',#5027,1.);
#5027 = DIRECTION('',(1.,2.298214621924E-18));
#5028 = ( GEOMETRIC_REPRESENTATION_CONTEXT(2) 
PARAMETRIC_REPRESENTATION_CONTEXT() REPRESENTATION_CONTEXT('2D SPACE',''
  ) );
#5029 = ADVANCED_FACE('',(#5030),#4280,.T.);
#5030 = FACE_BOUND('',#5031,.T.);
#5031 = EDGE_LOOP('',(#5032,#5033,#5034,#5057));
#5032 = ORIENTED_EDGE('',*,*,#4926,.F.);
#5033 = ORIENTED_EDGE('',*,*,#4264,.T.);
#5034 = ORIENTED_EDGE('',*,*,#5035,.T.);
#5035 = EDGE_CURVE('',#4236,#5036,#5038,.T.);
#5036 = VERTEX_POINT('',#5037);
#5037 = CARTESIAN_POINT('',(43.3,52.56327787202,4.250698454858));
#5038 = SURFACE_CURVE('',#5039,(#5043,#5050),.PCURVE_S1.);
#5039 = LINE('',#5040,#5041);
#5040 = CARTESIAN_POINT('',(43.3,53.017797349692,4.792373675277));
#5041 = VECTOR('',#5042,1.);
#5042 = DIRECTION('',(-7.136376042178E-17,-0.642787609687,
    -0.766044443119));
#5043 = PCURVE('',#4280,#5044);
#5044 = DEFINITIONAL_REPRESENTATION('',(#5045),#5049);
#5045 = LINE('',#5046,#5047);
#5046 = CARTESIAN_POINT('',(86.6,4.31522796728E-15));
#5047 = VECTOR('',#5048,1.);
#5048 = DIRECTION('',(2.924442891505E-33,1.));
#5049 = ( GEOMETRIC_REPRESENTATION_CONTEXT(2) 
PARAMETRIC_REPRESENTATION_CONTEXT() REPRESENTATION_CONTEXT('2D SPACE',''
  ) );
#5050 = PCURVE('',#4252,#5051);
#5051 = DEFINITIONAL_REPRESENTATION('',(#5052),#5056);
#5052 = LINE('',#5053,#5054);
#5053 = CARTESIAN_POINT('',(-0.,0.5));
#5054 = VECTOR('',#5055,1.);
#5055 = DIRECTION('',(0.,-1.));
#5056 = ( GEOMETRIC_REPRESENTATION_CONTEXT(2) 
PARAMETRIC_REPRESENTATION_CONTEXT() REPRESENTATION_CONTEXT('2D SPACE',''
  ) );
#5057 = ORIENTED_EDGE('',*,*,#5058,.F.);
#5058 = EDGE_CURVE('',#4927,#5036,#5059,.T.);
#5059 = SURFACE_CURVE('',#5060,(#5064,#5071),.PCURVE_S1.);
#5060 = LINE('',#5061,#5062);
#5061 = CARTESIAN_POINT('',(-43.3,52.56327787202,4.250698454858));
#5062 = VECTOR('',#5063,1.);
#5063 = DIRECTION('',(1.,-1.110223024625E-16,0.));
#5064 = PCURVE('',#4280,#5065);
#5065 = DEFINITIONAL_REPRESENTATION('',(#5066),#5070);
#5066 = LINE('',#5067,#5068);
#5067 = CARTESIAN_POINT('',(5.046179892521E-17,0.707106781187));
#5068 = VECTOR('',#5069,1.);
#5069 = DIRECTION('',(1.,1.154025373424E-33));
#5070 = ( GEOMETRIC_REPRESENTATION_CONTEXT(2) 
PARAMETRIC_REPRESENTATION_CONTEXT() REPRESENTATION_CONTEXT('2D SPACE',''
  ) );
#5071 = PCURVE('',#5072,#5077);
#5072 = PLANE('',#5073);
#5073 = AXIS2_PLACEMENT_3D('',#5074,#5075,#5076);
#5074 = CARTESIAN_POINT('',(-45.3,50.07279112679,4.032809097988));
#5075 = DIRECTION('',(9.676231232676E-18,8.715574274766E-02,
    -0.996194698092));
#5076 = DIRECTION('',(1.,-1.110223024625E-16,0.));
#5077 = DEFINITIONAL_REPRESENTATION('',(#5078),#5082);
#5078 = LINE('',#5079,#5080);
#5079 = CARTESIAN_POINT('',(2.,-2.5));
#5080 = VECTOR('',#5081,1.);
#5081 = DIRECTION('',(1.,0.));
#5082 = ( GEOMETRIC_REPRESENTATION_CONTEXT(2) 
PARAMETRIC_REPRESENTATION_CONTEXT() REPRESENTATION_CONTEXT('2D SPACE',''
  ) );
#5083 = ADVANCED_FACE('',(#5084),#4252,.F.);
#5084 = FACE_BOUND('',#5085,.T.);
#5085 = EDGE_LOOP('',(#5086,#5087,#5088,#5089));
#5086 = ORIENTED_EDGE('',*,*,#5035,.F.);
#5087 = ORIENTED_EDGE('',*,*,#4235,.T.);
#5088 = ORIENTED_EDGE('',*,*,#4979,.T.);
#5089 = ORIENTED_EDGE('',*,*,#5090,.F.);
#5090 = EDGE_CURVE('',#5036,#4980,#5091,.T.);
#5091 = SURFACE_CURVE('',#5092,(#5097,#5104),.PCURVE_S1.);
#5092 = CIRCLE('',#5093,2.);
#5093 = AXIS2_PLACEMENT_3D('',#5094,#5095,#5096);
#5094 = CARTESIAN_POINT('',(43.3,52.737589357515,2.258309058674));
#5095 = DIRECTION('',(1.105998290831E-16,0.996194698092,
    8.715574274766E-02));
#5096 = DIRECTION('',(-9.676231232676E-18,-8.715574274766E-02,
    0.996194698092));
#5097 = PCURVE('',#4252,#5098);
#5098 = DEFINITIONAL_REPRESENTATION('',(#5099),#5103);
#5099 = LINE('',#5100,#5101);
#5100 = CARTESIAN_POINT('',(0.,-0.));
#5101 = VECTOR('',#5102,1.);
#5102 = DIRECTION('',(1.,-0.));
#5103 = ( GEOMETRIC_REPRESENTATION_CONTEXT(2) 
PARAMETRIC_REPRESENTATION_CONTEXT() REPRESENTATION_CONTEXT('2D SPACE',''
  ) );
#5104 = PCURVE('',#5105,#5110);
#5105 = CYLINDRICAL_SURFACE('',#5106,2.);
#5106 = AXIS2_PLACEMENT_3D('',#5107,#5108,#5109);
#5107 = CARTESIAN_POINT('',(43.3,50.247102612286,2.040419701805));
#5108 = DIRECTION('',(1.105998290831E-16,0.996194698092,
    8.715574274766E-02));
#5109 = DIRECTION('',(-9.676231232676E-18,-8.715574274766E-02,
    0.996194698092));
#5110 = DEFINITIONAL_REPRESENTATION('',(#5111),#5115);
#5111 = LINE('',#5112,#5113);
#5112 = CARTESIAN_POINT('',(0.,2.5));
#5113 = VECTOR('',#5114,1.);
#5114 = DIRECTION('',(1.,0.));
#5115 = ( GEOMETRIC_REPRESENTATION_CONTEXT(2) 
PARAMETRIC_REPRESENTATION_CONTEXT() REPRESENTATION_CONTEXT('2D SPACE',''
  ) );
#5116 = ADVANCED_FACE('',(#5117),#4499,.F.);
#5117 = FACE_BOUND('',#5118,.T.);
#5118 = EDGE_LOOP('',(#5119,#5120,#5141,#5142));
#5119 = ORIENTED_EDGE('',*,*,#4478,.F.);
#5120 = ORIENTED_EDGE('',*,*,#5121,.T.);
#5121 = EDGE_CURVE('',#4479,#4658,#5122,.T.);
#5122 = SEAM_CURVE('',#5123,(#5127,#5134),.PCURVE_S1.);
#5123 = LINE('',#5124,#5125);
#5124 = CARTESIAN_POINT('',(12.,0.,6.));
#5125 = VECTOR('',#5126,1.);
#5126 = DIRECTION('',(7.638334409421E-15,2.124508185672E-17,-1.));
#5127 = PCURVE('',#4499,#5128);
#5128 = DEFINITIONAL_REPRESENTATION('',(#5129),#5133);
#5129 = LINE('',#5130,#5131);
#5130 = CARTESIAN_POINT('',(-0.,-26.));
#5131 = VECTOR('',#5132,1.);
#5132 = DIRECTION('',(0.,1.));
#5133 = ( GEOMETRIC_REPRESENTATION_CONTEXT(2) 
PARAMETRIC_REPRESENTATION_CONTEXT() REPRESENTATION_CONTEXT('2D SPACE',''
  ) );
#5134 = PCURVE('',#4499,#5135);
#5135 = DEFINITIONAL_REPRESENTATION('',(#5136),#5140);
#5136 = LINE('',#5137,#5138);
#5137 = CARTESIAN_POINT('',(-6.28318530718,-26.));
#5138 = VECTOR('',#5139,1.);
#5139 = DIRECTION('',(0.,1.));
#5140 = ( GEOMETRIC_REPRESENTATION_CONTEXT(2) 
PARAMETRIC_REPRESENTATION_CONTEXT() REPRESENTATION_CONTEXT('2D SPACE',''
  ) );
#5141 = ORIENTED_EDGE('',*,*,#4657,.F.);
#5142 = ORIENTED_EDGE('',*,*,#5121,.F.);
#5143 = ADVANCED_FACE('',(#5144),#4616,.F.);
#5144 = FACE_BOUND('',#5145,.T.);
#5145 = EDGE_LOOP('',(#5146,#5169,#5170,#5171,#5172));
#5146 = ORIENTED_EDGE('',*,*,#5147,.F.);
#5147 = EDGE_CURVE('',#4600,#5148,#5150,.T.);
#5148 = VERTEX_POINT('',#5149);
#5149 = CARTESIAN_POINT('',(-3.3,52.393753114646,-11.02219457025));
#5150 = SEAM_CURVE('',#5151,(#5155,#5162),.PCURVE_S1.);
#5151 = LINE('',#5152,#5153);
#5152 = CARTESIAN_POINT('',(-3.3,47.601060422127,-11.44150084861));
#5153 = VECTOR('',#5154,1.);
#5154 = DIRECTION('',(1.105998290831E-16,0.996194698092,
    8.715574274766E-02));
#5155 = PCURVE('',#4616,#5156);
#5156 = DEFINITIONAL_REPRESENTATION('',(#5157),#5161);
#5157 = LINE('',#5158,#5159);
#5158 = CARTESIAN_POINT('',(-6.28318530718,0.));
#5159 = VECTOR('',#5160,1.);
#5160 = DIRECTION('',(-0.,-1.));
#5161 = ( GEOMETRIC_REPRESENTATION_CONTEXT(2) 
PARAMETRIC_REPRESENTATION_CONTEXT() REPRESENTATION_CONTEXT('2D SPACE',''
  ) );
#5162 = PCURVE('',#4616,#5163);
#5163 = DEFINITIONAL_REPRESENTATION('',(#5164),#5168);
#5164 = LINE('',#5165,#5166);
#5165 = CARTESIAN_POINT('',(-0.,0.));
#5166 = VECTOR('',#5167,1.);
#5167 = DIRECTION('',(-0.,-1.));
#5168 = ( GEOMETRIC_REPRESENTATION_CONTEXT(2) 
PARAMETRIC_REPRESENTATION_CONTEXT() REPRESENTATION_CONTEXT('2D SPACE',''
  ) );
#5169 = ORIENTED_EDGE('',*,*,#4628,.F.);
#5170 = ORIENTED_EDGE('',*,*,#4599,.F.);
#5171 = ORIENTED_EDGE('',*,*,#5147,.T.);
#5172 = ORIENTED_EDGE('',*,*,#5173,.F.);
#5173 = EDGE_CURVE('',#5148,#5148,#5174,.T.);
#5174 = SURFACE_CURVE('',#5175,(#5180,#5187),.PCURVE_S1.);
#5175 = CIRCLE('',#5176,3.3);
#5176 = AXIS2_PLACEMENT_3D('',#5177,#5178,#5179);
#5177 = CARTESIAN_POINT('',(5.816875105441E-15,52.393753114646,
    -11.02219457025));
#5178 = DIRECTION('',(-1.105998290831E-16,-0.996194698092,
    -8.715574274766E-02));
#5179 = DIRECTION('',(-1.,1.110223024625E-16,0.));
#5180 = PCURVE('',#4616,#5181);
#5181 = DEFINITIONAL_REPRESENTATION('',(#5182),#5186);
#5182 = LINE('',#5183,#5184);
#5183 = CARTESIAN_POINT('',(-6.28318530718,-4.811));
#5184 = VECTOR('',#5185,1.);
#5185 = DIRECTION('',(1.,-0.));
#5186 = ( GEOMETRIC_REPRESENTATION_CONTEXT(2) 
PARAMETRIC_REPRESENTATION_CONTEXT() REPRESENTATION_CONTEXT('2D SPACE',''
  ) );
#5187 = PCURVE('',#5188,#5193);
#5188 = PLANE('',#5189);
#5189 = AXIS2_PLACEMENT_3D('',#5190,#5191,#5192);
#5190 = CARTESIAN_POINT('',(6.595690260291E-15,51.764052873295,
    -3.824687876546));
#5191 = DIRECTION('',(1.105998290831E-16,0.996194698092,
    8.715574274766E-02));
#5192 = DIRECTION('',(-9.676231232676E-18,-8.715574274766E-02,
    0.996194698092));
#5193 = DEFINITIONAL_REPRESENTATION('',(#5194),#5202);
#5194 = ( BOUNDED_CURVE() B_SPLINE_CURVE(2,(#5195,#5196,#5197,#5198,
#5199,#5200,#5201),.UNSPECIFIED.,.T.,.F.) B_SPLINE_CURVE_WITH_KNOTS((1,2
    ,2,2,2,1),(-2.094395102393,0.,2.094395102393,4.188790204786,
6.28318530718,8.377580409573),.UNSPECIFIED.) CURVE() 
GEOMETRIC_REPRESENTATION_ITEM() RATIONAL_B_SPLINE_CURVE((1.,0.5,1.,0.5,
1.,0.5,1.)) REPRESENTATION_ITEM('') );
#5195 = CARTESIAN_POINT('',(-7.225,-3.3));
#5196 = CARTESIAN_POINT('',(-12.94076766497,-3.3));
#5197 = CARTESIAN_POINT('',(-10.08288383248,1.65));
#5198 = CARTESIAN_POINT('',(-7.225,6.6));
#5199 = CARTESIAN_POINT('',(-4.367116167511,1.65));
#5200 = CARTESIAN_POINT('',(-1.509232335023,-3.3));
#5201 = CARTESIAN_POINT('',(-7.225,-3.3));
#5202 = ( GEOMETRIC_REPRESENTATION_CONTEXT(2) 
PARAMETRIC_REPRESENTATION_CONTEXT() REPRESENTATION_CONTEXT('2D SPACE',''
  ) );
#5203 = ADVANCED_FACE('',(#5204),#4746,.F.);
#5204 = FACE_BOUND('',#5205,.F.);
#5205 = EDGE_LOOP('',(#5206,#5229,#5253,#5274));
#5206 = ORIENTED_EDGE('',*,*,#5207,.F.);
#5207 = EDGE_CURVE('',#5208,#4685,#5210,.T.);
#5208 = VERTEX_POINT('',#5209);
#5209 = CARTESIAN_POINT('',(-43.3,53.30453062636,-21.43242916531));
#5210 = SURFACE_CURVE('',#5211,(#5215,#5222),.PCURVE_S1.);
#5211 = LINE('',#5212,#5213);
#5212 = CARTESIAN_POINT('',(-43.3,52.308335928268,-21.51958490806));
#5213 = VECTOR('',#5214,1.);
#5214 = DIRECTION('',(1.105998290831E-16,0.996194698092,
    8.715574274766E-02));
#5215 = PCURVE('',#4746,#5216);
#5216 = DEFINITIONAL_REPRESENTATION('',(#5217),#5221);
#5217 = LINE('',#5218,#5219);
#5218 = CARTESIAN_POINT('',(0.,0.));
#5219 = VECTOR('',#5220,1.);
#5220 = DIRECTION('',(0.,1.));
#5221 = ( GEOMETRIC_REPRESENTATION_CONTEXT(2) 
PARAMETRIC_REPRESENTATION_CONTEXT() REPRESENTATION_CONTEXT('2D SPACE',''
  ) );
#5222 = PCURVE('',#4800,#5223);
#5223 = DEFINITIONAL_REPRESENTATION('',(#5224),#5228);
#5224 = LINE('',#5225,#5226);
#5225 = CARTESIAN_POINT('',(88.6,-4.357633265874E-15));
#5226 = VECTOR('',#5227,1.);
#5227 = DIRECTION('',(0.,-1.));
#5228 = ( GEOMETRIC_REPRESENTATION_CONTEXT(2) 
PARAMETRIC_REPRESENTATION_CONTEXT() REPRESENTATION_CONTEXT('2D SPACE',''
  ) );
#5229 = ORIENTED_EDGE('',*,*,#5230,.T.);
#5230 = EDGE_CURVE('',#5208,#5231,#5233,.T.);
#5231 = VERTEX_POINT('',#5232);
#5232 = CARTESIAN_POINT('',(-45.3,53.130219140864,-19.44003976913));
#5233 = SURFACE_CURVE('',#5234,(#5239,#5246),.PCURVE_S1.);
#5234 = CIRCLE('',#5235,2.);
#5235 = AXIS2_PLACEMENT_3D('',#5236,#5237,#5238);
#5236 = CARTESIAN_POINT('',(-43.3,53.130219140864,-19.44003976913));
#5237 = DIRECTION('',(1.105998290831E-16,0.996194698092,
    8.715574274766E-02));
#5238 = DIRECTION('',(9.676231232676E-18,8.715574274766E-02,
    -0.996194698092));
#5239 = PCURVE('',#4746,#5240);
#5240 = DEFINITIONAL_REPRESENTATION('',(#5241),#5245);
#5241 = LINE('',#5242,#5243);
#5242 = CARTESIAN_POINT('',(0.,1.));
#5243 = VECTOR('',#5244,1.);
#5244 = DIRECTION('',(1.,0.));
#5245 = ( GEOMETRIC_REPRESENTATION_CONTEXT(2) 
PARAMETRIC_REPRESENTATION_CONTEXT() REPRESENTATION_CONTEXT('2D SPACE',''
  ) );
#5246 = PCURVE('',#5188,#5247);
#5247 = DEFINITIONAL_REPRESENTATION('',(#5248),#5252);
#5248 = CIRCLE('',#5249,2.);
#5249 = AXIS2_PLACEMENT_2D('',#5250,#5251);
#5250 = CARTESIAN_POINT('',(-15.675,-43.3));
#5251 = DIRECTION('',(-1.,0.));
#5252 = ( GEOMETRIC_REPRESENTATION_CONTEXT(2) 
PARAMETRIC_REPRESENTATION_CONTEXT() REPRESENTATION_CONTEXT('2D SPACE',''
  ) );
#5253 = ORIENTED_EDGE('',*,*,#5254,.T.);
#5254 = EDGE_CURVE('',#5231,#4709,#5255,.T.);
#5255 = SURFACE_CURVE('',#5256,(#5260,#5267),.PCURVE_S1.);
#5256 = LINE('',#5257,#5258);
#5257 = CARTESIAN_POINT('',(-45.3,52.134024442772,-19.52719551188));
#5258 = VECTOR('',#5259,1.);
#5259 = DIRECTION('',(1.105998290831E-16,0.996194698092,
    8.715574274766E-02));
#5260 = PCURVE('',#4746,#5261);
#5261 = DEFINITIONAL_REPRESENTATION('',(#5262),#5266);
#5262 = LINE('',#5263,#5264);
#5263 = CARTESIAN_POINT('',(1.570796326795,0.));
#5264 = VECTOR('',#5265,1.);
#5265 = DIRECTION('',(0.,1.));
#5266 = ( GEOMETRIC_REPRESENTATION_CONTEXT(2) 
PARAMETRIC_REPRESENTATION_CONTEXT() REPRESENTATION_CONTEXT('2D SPACE',''
  ) );
#5267 = PCURVE('',#4854,#5268);
#5268 = DEFINITIONAL_REPRESENTATION('',(#5269),#5273);
#5269 = LINE('',#5270,#5271);
#5270 = CARTESIAN_POINT('',(2.,-2.14026555444E-17));
#5271 = VECTOR('',#5272,1.);
#5272 = DIRECTION('',(2.298214621924E-18,-1.));
#5273 = ( GEOMETRIC_REPRESENTATION_CONTEXT(2) 
PARAMETRIC_REPRESENTATION_CONTEXT() REPRESENTATION_CONTEXT('2D SPACE',''
  ) );
#5274 = ORIENTED_EDGE('',*,*,#4731,.F.);
#5275 = ADVANCED_FACE('',(#5276),#4800,.T.);
#5276 = FACE_BOUND('',#5277,.T.);
#5277 = EDGE_LOOP('',(#5278,#5279,#5302,#5323));
#5278 = ORIENTED_EDGE('',*,*,#5207,.F.);
#5279 = ORIENTED_EDGE('',*,*,#5280,.T.);
#5280 = EDGE_CURVE('',#5208,#5281,#5283,.T.);
#5281 = VERTEX_POINT('',#5282);
#5282 = CARTESIAN_POINT('',(43.3,53.30453062636,-21.43242916531));
#5283 = SURFACE_CURVE('',#5284,(#5288,#5295),.PCURVE_S1.);
#5284 = LINE('',#5285,#5286);
#5285 = CARTESIAN_POINT('',(22.65,53.30453062636,-21.43242916531));
#5286 = VECTOR('',#5287,1.);
#5287 = DIRECTION('',(1.,-1.110223024625E-16,0.));
#5288 = PCURVE('',#4800,#5289);
#5289 = DEFINITIONAL_REPRESENTATION('',(#5290),#5294);
#5290 = LINE('',#5291,#5292);
#5291 = CARTESIAN_POINT('',(22.65,-1.));
#5292 = VECTOR('',#5293,1.);
#5293 = DIRECTION('',(-1.,0.));
#5294 = ( GEOMETRIC_REPRESENTATION_CONTEXT(2) 
PARAMETRIC_REPRESENTATION_CONTEXT() REPRESENTATION_CONTEXT('2D SPACE',''
  ) );
#5295 = PCURVE('',#5188,#5296);
#5296 = DEFINITIONAL_REPRESENTATION('',(#5297),#5301);
#5297 = LINE('',#5298,#5299);
#5298 = CARTESIAN_POINT('',(-17.675,22.65));
#5299 = VECTOR('',#5300,1.);
#5300 = DIRECTION('',(0.,1.));
#5301 = ( GEOMETRIC_REPRESENTATION_CONTEXT(2) 
PARAMETRIC_REPRESENTATION_CONTEXT() REPRESENTATION_CONTEXT('2D SPACE',''
  ) );
#5302 = ORIENTED_EDGE('',*,*,#5303,.T.);
#5303 = EDGE_CURVE('',#5281,#4762,#5304,.T.);
#5304 = SURFACE_CURVE('',#5305,(#5309,#5316),.PCURVE_S1.);
#5305 = LINE('',#5306,#5307);
#5306 = CARTESIAN_POINT('',(43.3,52.308335928268,-21.51958490806));
#5307 = VECTOR('',#5308,1.);
#5308 = DIRECTION('',(1.105998290831E-16,0.996194698092,
    8.715574274766E-02));
#5309 = PCURVE('',#4800,#5310);
#5310 = DEFINITIONAL_REPRESENTATION('',(#5311),#5315);
#5311 = LINE('',#5312,#5313);
#5312 = CARTESIAN_POINT('',(2.,2.211996581662E-16));
#5313 = VECTOR('',#5314,1.);
#5314 = DIRECTION('',(0.,-1.));
#5315 = ( GEOMETRIC_REPRESENTATION_CONTEXT(2) 
PARAMETRIC_REPRESENTATION_CONTEXT() REPRESENTATION_CONTEXT('2D SPACE',''
  ) );
#5316 = PCURVE('',#4909,#5317);
#5317 = DEFINITIONAL_REPRESENTATION('',(#5318),#5322);
#5318 = LINE('',#5319,#5320);
#5319 = CARTESIAN_POINT('',(-0.,0.));
#5320 = VECTOR('',#5321,1.);
#5321 = DIRECTION('',(-0.,1.));
#5322 = ( GEOMETRIC_REPRESENTATION_CONTEXT(2) 
PARAMETRIC_REPRESENTATION_CONTEXT() REPRESENTATION_CONTEXT('2D SPACE',''
  ) );
#5323 = ORIENTED_EDGE('',*,*,#4786,.T.);
#5324 = ADVANCED_FACE('',(#5325),#4854,.T.);
#5325 = FACE_BOUND('',#5326,.T.);
#5326 = EDGE_LOOP('',(#5327,#5350,#5371,#5372));
#5327 = ORIENTED_EDGE('',*,*,#5328,.F.);
#5328 = EDGE_CURVE('',#5329,#4818,#5331,.T.);
#5329 = VERTEX_POINT('',#5330);
#5330 = CARTESIAN_POINT('',(-45.3,51.243297310377,2.127575444553));
#5331 = SURFACE_CURVE('',#5332,(#5336,#5343),.PCURVE_S1.);
#5332 = LINE('',#5333,#5334);
#5333 = CARTESIAN_POINT('',(-45.3,50.247102612286,2.040419701805));
#5334 = VECTOR('',#5335,1.);
#5335 = DIRECTION('',(1.105998290831E-16,0.996194698092,
    8.715574274766E-02));
#5336 = PCURVE('',#4854,#5337);
#5337 = DEFINITIONAL_REPRESENTATION('',(#5338),#5342);
#5338 = LINE('',#5339,#5340);
#5339 = CARTESIAN_POINT('',(23.65,5.896920922899E-15));
#5340 = VECTOR('',#5341,1.);
#5341 = DIRECTION('',(2.298214621924E-18,-1.));
#5342 = ( GEOMETRIC_REPRESENTATION_CONTEXT(2) 
PARAMETRIC_REPRESENTATION_CONTEXT() REPRESENTATION_CONTEXT('2D SPACE',''
  ) );
#5343 = PCURVE('',#4964,#5344);
#5344 = DEFINITIONAL_REPRESENTATION('',(#5345),#5349);
#5345 = LINE('',#5346,#5347);
#5346 = CARTESIAN_POINT('',(0.,0.));
#5347 = VECTOR('',#5348,1.);
#5348 = DIRECTION('',(0.,1.));
#5349 = ( GEOMETRIC_REPRESENTATION_CONTEXT(2) 
PARAMETRIC_REPRESENTATION_CONTEXT() REPRESENTATION_CONTEXT('2D SPACE',''
  ) );
#5350 = ORIENTED_EDGE('',*,*,#5351,.T.);
#5351 = EDGE_CURVE('',#5329,#5231,#5352,.T.);
#5352 = SURFACE_CURVE('',#5353,(#5357,#5364),.PCURVE_S1.);
#5353 = LINE('',#5354,#5355);
#5354 = CARTESIAN_POINT('',(-45.3,52.74564442599,-15.0443306638));
#5355 = VECTOR('',#5356,1.);
#5356 = DIRECTION('',(9.676231232676E-18,8.715574274766E-02,
    -0.996194698092));
#5357 = PCURVE('',#4854,#5358);
#5358 = DEFINITIONAL_REPRESENTATION('',(#5359),#5363);
#5359 = LINE('',#5360,#5361);
#5360 = CARTESIAN_POINT('',(6.4125,-1.));
#5361 = VECTOR('',#5362,1.);
#5362 = DIRECTION('',(-1.,2.298214621924E-18));
#5363 = ( GEOMETRIC_REPRESENTATION_CONTEXT(2) 
PARAMETRIC_REPRESENTATION_CONTEXT() REPRESENTATION_CONTEXT('2D SPACE',''
  ) );
#5364 = PCURVE('',#5188,#5365);
#5365 = DEFINITIONAL_REPRESENTATION('',(#5366),#5370);
#5366 = LINE('',#5367,#5368);
#5367 = CARTESIAN_POINT('',(-11.2625,-45.3));
#5368 = VECTOR('',#5369,1.);
#5369 = DIRECTION('',(-1.,0.));
#5370 = ( GEOMETRIC_REPRESENTATION_CONTEXT(2) 
PARAMETRIC_REPRESENTATION_CONTEXT() REPRESENTATION_CONTEXT('2D SPACE',''
  ) );
#5371 = ORIENTED_EDGE('',*,*,#5254,.T.);
#5372 = ORIENTED_EDGE('',*,*,#4840,.T.);
#5373 = ADVANCED_FACE('',(#5374),#4909,.F.);
#5374 = FACE_BOUND('',#5375,.T.);
#5375 = EDGE_LOOP('',(#5376,#5377,#5401,#5422));
#5376 = ORIENTED_EDGE('',*,*,#5303,.F.);
#5377 = ORIENTED_EDGE('',*,*,#5378,.F.);
#5378 = EDGE_CURVE('',#5379,#5281,#5381,.T.);
#5379 = VERTEX_POINT('',#5380);
#5380 = CARTESIAN_POINT('',(45.3,53.130219140864,-19.44003976913));
#5381 = SURFACE_CURVE('',#5382,(#5387,#5394),.PCURVE_S1.);
#5382 = CIRCLE('',#5383,2.);
#5383 = AXIS2_PLACEMENT_3D('',#5384,#5385,#5386);
#5384 = CARTESIAN_POINT('',(43.3,53.130219140864,-19.44003976913));
#5385 = DIRECTION('',(1.105998290831E-16,0.996194698092,
    8.715574274766E-02));
#5386 = DIRECTION('',(9.676231232676E-18,8.715574274766E-02,
    -0.996194698092));
#5387 = PCURVE('',#4909,#5388);
#5388 = DEFINITIONAL_REPRESENTATION('',(#5389),#5393);
#5389 = LINE('',#5390,#5391);
#5390 = CARTESIAN_POINT('',(-6.28318530718,1.));
#5391 = VECTOR('',#5392,1.);
#5392 = DIRECTION('',(1.,-0.));
#5393 = ( GEOMETRIC_REPRESENTATION_CONTEXT(2) 
PARAMETRIC_REPRESENTATION_CONTEXT() REPRESENTATION_CONTEXT('2D SPACE',''
  ) );
#5394 = PCURVE('',#5188,#5395);
#5395 = DEFINITIONAL_REPRESENTATION('',(#5396),#5400);
#5396 = CIRCLE('',#5397,2.);
#5397 = AXIS2_PLACEMENT_2D('',#5398,#5399);
#5398 = CARTESIAN_POINT('',(-15.675,43.3));
#5399 = DIRECTION('',(-1.,0.));
#5400 = ( GEOMETRIC_REPRESENTATION_CONTEXT(2) 
PARAMETRIC_REPRESENTATION_CONTEXT() REPRESENTATION_CONTEXT('2D SPACE',''
  ) );
#5401 = ORIENTED_EDGE('',*,*,#5402,.T.);
#5402 = EDGE_CURVE('',#5379,#4870,#5403,.T.);
#5403 = SURFACE_CURVE('',#5404,(#5408,#5415),.PCURVE_S1.);
#5404 = LINE('',#5405,#5406);
#5405 = CARTESIAN_POINT('',(45.3,52.134024442772,-19.52719551188));
#5406 = VECTOR('',#5407,1.);
#5407 = DIRECTION('',(1.105998290831E-16,0.996194698092,
    8.715574274766E-02));
#5408 = PCURVE('',#4909,#5409);
#5409 = DEFINITIONAL_REPRESENTATION('',(#5410),#5414);
#5410 = LINE('',#5411,#5412);
#5411 = CARTESIAN_POINT('',(-1.570796326795,0.));
#5412 = VECTOR('',#5413,1.);
#5413 = DIRECTION('',(-0.,1.));
#5414 = ( GEOMETRIC_REPRESENTATION_CONTEXT(2) 
PARAMETRIC_REPRESENTATION_CONTEXT() REPRESENTATION_CONTEXT('2D SPACE',''
  ) );
#5415 = PCURVE('',#5018,#5416);
#5416 = DEFINITIONAL_REPRESENTATION('',(#5417),#5421);
#5417 = LINE('',#5418,#5419);
#5418 = CARTESIAN_POINT('',(23.65,-5.896920922899E-15));
#5419 = VECTOR('',#5420,1.);
#5420 = DIRECTION('',(-2.298214621924E-18,-1.));
#5421 = ( GEOMETRIC_REPRESENTATION_CONTEXT(2) 
PARAMETRIC_REPRESENTATION_CONTEXT() REPRESENTATION_CONTEXT('2D SPACE',''
  ) );
#5422 = ORIENTED_EDGE('',*,*,#4894,.T.);
#5423 = ADVANCED_FACE('',(#5424),#4964,.F.);
#5424 = FACE_BOUND('',#5425,.F.);
#5425 = EDGE_LOOP('',(#5426,#5427,#5451,#5472));
#5426 = ORIENTED_EDGE('',*,*,#5328,.F.);
#5427 = ORIENTED_EDGE('',*,*,#5428,.T.);
#5428 = EDGE_CURVE('',#5329,#5429,#5431,.T.);
#5429 = VERTEX_POINT('',#5430);
#5430 = CARTESIAN_POINT('',(-43.3,51.068985824882,4.119964840736));
#5431 = SURFACE_CURVE('',#5432,(#5437,#5444),.PCURVE_S1.);
#5432 = CIRCLE('',#5433,2.);
#5433 = AXIS2_PLACEMENT_3D('',#5434,#5435,#5436);
#5434 = CARTESIAN_POINT('',(-43.3,51.243297310377,2.127575444553));
#5435 = DIRECTION('',(1.105998290831E-16,0.996194698092,
    8.715574274766E-02));
#5436 = DIRECTION('',(-1.,1.110223024625E-16,0.));
#5437 = PCURVE('',#4964,#5438);
#5438 = DEFINITIONAL_REPRESENTATION('',(#5439),#5443);
#5439 = LINE('',#5440,#5441);
#5440 = CARTESIAN_POINT('',(0.,1.));
#5441 = VECTOR('',#5442,1.);
#5442 = DIRECTION('',(1.,0.));
#5443 = ( GEOMETRIC_REPRESENTATION_CONTEXT(2) 
PARAMETRIC_REPRESENTATION_CONTEXT() REPRESENTATION_CONTEXT('2D SPACE',''
  ) );
#5444 = PCURVE('',#5188,#5445);
#5445 = DEFINITIONAL_REPRESENTATION('',(#5446),#5450);
#5446 = CIRCLE('',#5447,2.);
#5447 = AXIS2_PLACEMENT_2D('',#5448,#5449);
#5448 = CARTESIAN_POINT('',(5.975,-43.3));
#5449 = DIRECTION('',(2.54182144381E-34,-1.));
#5450 = ( GEOMETRIC_REPRESENTATION_CONTEXT(2) 
PARAMETRIC_REPRESENTATION_CONTEXT() REPRESENTATION_CONTEXT('2D SPACE',''
  ) );
#5451 = ORIENTED_EDGE('',*,*,#5452,.T.);
#5452 = EDGE_CURVE('',#5429,#4927,#5453,.T.);
#5453 = SURFACE_CURVE('',#5454,(#5458,#5465),.PCURVE_S1.);
#5454 = LINE('',#5455,#5456);
#5455 = CARTESIAN_POINT('',(-43.3,50.07279112679,4.032809097988));
#5456 = VECTOR('',#5457,1.);
#5457 = DIRECTION('',(1.105998290831E-16,0.996194698092,
    8.715574274766E-02));
#5458 = PCURVE('',#4964,#5459);
#5459 = DEFINITIONAL_REPRESENTATION('',(#5460),#5464);
#5460 = LINE('',#5461,#5462);
#5461 = CARTESIAN_POINT('',(1.570796326795,0.));
#5462 = VECTOR('',#5463,1.);
#5463 = DIRECTION('',(0.,1.));
#5464 = ( GEOMETRIC_REPRESENTATION_CONTEXT(2) 
PARAMETRIC_REPRESENTATION_CONTEXT() REPRESENTATION_CONTEXT('2D SPACE',''
  ) );
#5465 = PCURVE('',#5072,#5466);
#5466 = DEFINITIONAL_REPRESENTATION('',(#5467),#5471);
#5467 = LINE('',#5468,#5469);
#5468 = CARTESIAN_POINT('',(2.,-2.211996581662E-16));
#5469 = VECTOR('',#5470,1.);
#5470 = DIRECTION('',(0.,-1.));
#5471 = ( GEOMETRIC_REPRESENTATION_CONTEXT(2) 
PARAMETRIC_REPRESENTATION_CONTEXT() REPRESENTATION_CONTEXT('2D SPACE',''
  ) );
#5472 = ORIENTED_EDGE('',*,*,#4949,.F.);
#5473 = ADVANCED_FACE('',(#5474),#5018,.T.);
#5474 = FACE_BOUND('',#5475,.T.);
#5475 = EDGE_LOOP('',(#5476,#5477,#5500,#5521));
#5476 = ORIENTED_EDGE('',*,*,#5402,.F.);
#5477 = ORIENTED_EDGE('',*,*,#5478,.T.);
#5478 = EDGE_CURVE('',#5379,#5479,#5481,.T.);
#5479 = VERTEX_POINT('',#5480);
#5480 = CARTESIAN_POINT('',(45.3,51.243297310377,2.127575444553));
#5481 = SURFACE_CURVE('',#5482,(#5486,#5493),.PCURVE_S1.);
#5482 = LINE('',#5483,#5484);
#5483 = CARTESIAN_POINT('',(45.3,51.627872025251,-2.268133660777));
#5484 = VECTOR('',#5485,1.);
#5485 = DIRECTION('',(-9.676231232676E-18,-8.715574274766E-02,
    0.996194698092));
#5486 = PCURVE('',#5018,#5487);
#5487 = DEFINITIONAL_REPRESENTATION('',(#5488),#5492);
#5488 = LINE('',#5489,#5490);
#5489 = CARTESIAN_POINT('',(6.4125,-1.));
#5490 = VECTOR('',#5491,1.);
#5491 = DIRECTION('',(-1.,-2.298214621924E-18));
#5492 = ( GEOMETRIC_REPRESENTATION_CONTEXT(2) 
PARAMETRIC_REPRESENTATION_CONTEXT() REPRESENTATION_CONTEXT('2D SPACE',''
  ) );
#5493 = PCURVE('',#5188,#5494);
#5494 = DEFINITIONAL_REPRESENTATION('',(#5495),#5499);
#5495 = LINE('',#5496,#5497);
#5496 = CARTESIAN_POINT('',(1.5625,45.3));
#5497 = VECTOR('',#5498,1.);
#5498 = DIRECTION('',(1.,0.));
#5499 = ( GEOMETRIC_REPRESENTATION_CONTEXT(2) 
PARAMETRIC_REPRESENTATION_CONTEXT() REPRESENTATION_CONTEXT('2D SPACE',''
  ) );
#5500 = ORIENTED_EDGE('',*,*,#5501,.T.);
#5501 = EDGE_CURVE('',#5479,#4980,#5502,.T.);
#5502 = SURFACE_CURVE('',#5503,(#5507,#5514),.PCURVE_S1.);
#5503 = LINE('',#5504,#5505);
#5504 = CARTESIAN_POINT('',(45.3,50.247102612286,2.040419701805));
#5505 = VECTOR('',#5506,1.);
#5506 = DIRECTION('',(1.105998290831E-16,0.996194698092,
    8.715574274766E-02));
#5507 = PCURVE('',#5018,#5508);
#5508 = DEFINITIONAL_REPRESENTATION('',(#5509),#5513);
#5509 = LINE('',#5510,#5511);
#5510 = CARTESIAN_POINT('',(2.,2.14026555444E-17));
#5511 = VECTOR('',#5512,1.);
#5512 = DIRECTION('',(-2.298214621924E-18,-1.));
#5513 = ( GEOMETRIC_REPRESENTATION_CONTEXT(2) 
PARAMETRIC_REPRESENTATION_CONTEXT() REPRESENTATION_CONTEXT('2D SPACE',''
  ) );
#5514 = PCURVE('',#5105,#5515);
#5515 = DEFINITIONAL_REPRESENTATION('',(#5516),#5520);
#5516 = LINE('',#5517,#5518);
#5517 = CARTESIAN_POINT('',(1.570796326795,0.));
#5518 = VECTOR('',#5519,1.);
#5519 = DIRECTION('',(0.,1.));
#5520 = ( GEOMETRIC_REPRESENTATION_CONTEXT(2) 
PARAMETRIC_REPRESENTATION_CONTEXT() REPRESENTATION_CONTEXT('2D SPACE',''
  ) );
#5521 = ORIENTED_EDGE('',*,*,#5004,.T.);
#5522 = ADVANCED_FACE('',(#5523),#5072,.T.);
#5523 = FACE_BOUND('',#5524,.T.);
#5524 = EDGE_LOOP('',(#5525,#5548,#5569,#5570));
#5525 = ORIENTED_EDGE('',*,*,#5526,.F.);
#5526 = EDGE_CURVE('',#5527,#5036,#5529,.T.);
#5527 = VERTEX_POINT('',#5528);
#5528 = CARTESIAN_POINT('',(43.3,51.068985824882,4.119964840736));
#5529 = SURFACE_CURVE('',#5530,(#5534,#5541),.PCURVE_S1.);
#5530 = LINE('',#5531,#5532);
#5531 = CARTESIAN_POINT('',(43.3,50.07279112679,4.032809097988));
#5532 = VECTOR('',#5533,1.);
#5533 = DIRECTION('',(1.105998290831E-16,0.996194698092,
    8.715574274766E-02));
#5534 = PCURVE('',#5072,#5535);
#5535 = DEFINITIONAL_REPRESENTATION('',(#5536),#5540);
#5536 = LINE('',#5537,#5538);
#5537 = CARTESIAN_POINT('',(88.6,4.357633265874E-15));
#5538 = VECTOR('',#5539,1.);
#5539 = DIRECTION('',(0.,-1.));
#5540 = ( GEOMETRIC_REPRESENTATION_CONTEXT(2) 
PARAMETRIC_REPRESENTATION_CONTEXT() REPRESENTATION_CONTEXT('2D SPACE',''
  ) );
#5541 = PCURVE('',#5105,#5542);
#5542 = DEFINITIONAL_REPRESENTATION('',(#5543),#5547);
#5543 = LINE('',#5544,#5545);
#5544 = CARTESIAN_POINT('',(0.,0.));
#5545 = VECTOR('',#5546,1.);
#5546 = DIRECTION('',(0.,1.));
#5547 = ( GEOMETRIC_REPRESENTATION_CONTEXT(2) 
PARAMETRIC_REPRESENTATION_CONTEXT() REPRESENTATION_CONTEXT('2D SPACE',''
  ) );
#5548 = ORIENTED_EDGE('',*,*,#5549,.T.);
#5549 = EDGE_CURVE('',#5527,#5429,#5550,.T.);
#5550 = SURFACE_CURVE('',#5551,(#5555,#5562),.PCURVE_S1.);
#5551 = LINE('',#5552,#5553);
#5552 = CARTESIAN_POINT('',(-22.65,51.068985824882,4.119964840736));
#5553 = VECTOR('',#5554,1.);
#5554 = DIRECTION('',(-1.,1.110223024625E-16,0.));
#5555 = PCURVE('',#5072,#5556);
#5556 = DEFINITIONAL_REPRESENTATION('',(#5557),#5561);
#5557 = LINE('',#5558,#5559);
#5558 = CARTESIAN_POINT('',(22.65,-1.));
#5559 = VECTOR('',#5560,1.);
#5560 = DIRECTION('',(-1.,0.));
#5561 = ( GEOMETRIC_REPRESENTATION_CONTEXT(2) 
PARAMETRIC_REPRESENTATION_CONTEXT() REPRESENTATION_CONTEXT('2D SPACE',''
  ) );
#5562 = PCURVE('',#5188,#5563);
#5563 = DEFINITIONAL_REPRESENTATION('',(#5564),#5568);
#5564 = LINE('',#5565,#5566);
#5565 = CARTESIAN_POINT('',(7.975,-22.65));
#5566 = VECTOR('',#5567,1.);
#5567 = DIRECTION('',(0.,-1.));
#5568 = ( GEOMETRIC_REPRESENTATION_CONTEXT(2) 
PARAMETRIC_REPRESENTATION_CONTEXT() REPRESENTATION_CONTEXT('2D SPACE',''
  ) );
#5569 = ORIENTED_EDGE('',*,*,#5452,.T.);
#5570 = ORIENTED_EDGE('',*,*,#5058,.T.);
#5571 = ADVANCED_FACE('',(#5572),#5105,.F.);
#5572 = FACE_BOUND('',#5573,.F.);
#5573 = EDGE_LOOP('',(#5574,#5575,#5597,#5598));
#5574 = ORIENTED_EDGE('',*,*,#5526,.F.);
#5575 = ORIENTED_EDGE('',*,*,#5576,.T.);
#5576 = EDGE_CURVE('',#5527,#5479,#5577,.T.);
#5577 = SURFACE_CURVE('',#5578,(#5583,#5590),.PCURVE_S1.);
#5578 = CIRCLE('',#5579,2.);
#5579 = AXIS2_PLACEMENT_3D('',#5580,#5581,#5582);
#5580 = CARTESIAN_POINT('',(43.3,51.243297310377,2.127575444553));
#5581 = DIRECTION('',(1.105998290831E-16,0.996194698092,
    8.715574274766E-02));
#5582 = DIRECTION('',(-9.676231232676E-18,-8.715574274766E-02,
    0.996194698092));
#5583 = PCURVE('',#5105,#5584);
#5584 = DEFINITIONAL_REPRESENTATION('',(#5585),#5589);
#5585 = LINE('',#5586,#5587);
#5586 = CARTESIAN_POINT('',(0.,1.));
#5587 = VECTOR('',#5588,1.);
#5588 = DIRECTION('',(1.,0.));
#5589 = ( GEOMETRIC_REPRESENTATION_CONTEXT(2) 
PARAMETRIC_REPRESENTATION_CONTEXT() REPRESENTATION_CONTEXT('2D SPACE',''
  ) );
#5590 = PCURVE('',#5188,#5591);
#5591 = DEFINITIONAL_REPRESENTATION('',(#5592),#5596);
#5592 = CIRCLE('',#5593,2.);
#5593 = AXIS2_PLACEMENT_2D('',#5594,#5595);
#5594 = CARTESIAN_POINT('',(5.975,43.3));
#5595 = DIRECTION('',(1.,0.));
#5596 = ( GEOMETRIC_REPRESENTATION_CONTEXT(2) 
PARAMETRIC_REPRESENTATION_CONTEXT() REPRESENTATION_CONTEXT('2D SPACE',''
  ) );
#5597 = ORIENTED_EDGE('',*,*,#5501,.T.);
#5598 = ORIENTED_EDGE('',*,*,#5090,.F.);
#5599 = ADVANCED_FACE('',(#5600,#5610),#5188,.T.);
#5600 = FACE_BOUND('',#5601,.T.);
#5601 = EDGE_LOOP('',(#5602,#5603,#5604,#5605,#5606,#5607,#5608,#5609));
#5602 = ORIENTED_EDGE('',*,*,#5280,.F.);
#5603 = ORIENTED_EDGE('',*,*,#5230,.T.);
#5604 = ORIENTED_EDGE('',*,*,#5351,.F.);
#5605 = ORIENTED_EDGE('',*,*,#5428,.T.);
#5606 = ORIENTED_EDGE('',*,*,#5549,.F.);
#5607 = ORIENTED_EDGE('',*,*,#5576,.T.);
#5608 = ORIENTED_EDGE('',*,*,#5478,.F.);
#5609 = ORIENTED_EDGE('',*,*,#5378,.T.);
#5610 = FACE_BOUND('',#5611,.T.);
#5611 = EDGE_LOOP('',(#5612));
#5612 = ORIENTED_EDGE('',*,*,#5173,.T.);
#5613 = ( GEOMETRIC_REPRESENTATION_CONTEXT(3) 
GLOBAL_UNCERTAINTY_ASSIGNED_CONTEXT((#5617)) 
GLOBAL_UNIT_ASSIGNED_CONTEXT((#5614,#5615,#5616)) REPRESENTATION_CONTEXT
('Context #1','3D Context with UNIT and UNCERTAINTY') );
#5614 = ( LENGTH_UNIT() NAMED_UNIT(*) SI_UNIT(.MILLI.,.METRE.) );
#5615 = ( NAMED_UNIT(*) PLANE_ANGLE_UNIT() SI_UNIT($,.RADIAN.) );
#5616 = ( NAMED_UNIT(*) SI_UNIT($,.STERADIAN.) SOLID_ANGLE_UNIT() );
#5617 = UNCERTAINTY_MEASURE_WITH_UNIT(LENGTH_MEASURE(1.E-07),#5614,
  'distance_accuracy_value','confusion accuracy');
#5618 = CONTEXT_DEPENDENT_SHAPE_REPRESENTATION(#5619,#5621);
#5619 = ( REPRESENTATION_RELATIONSHIP('','',#1041,#10) 
REPRESENTATION_RELATIONSHIP_WITH_TRANSFORMATION(#5620) 
SHAPE_REPRESENTATION_RELATIONSHIP() );
#5620 = ITEM_DEFINED_TRANSFORMATION('','',#11,#19);
#5621 = PRODUCT_DEFINITION_SHAPE('Placement','Placement of an item',
  #5622);
#5622 = NEXT_ASSEMBLY_USAGE_OCCURRENCE('2','bracket','',#5,#1036,$);
#5623 = PRODUCT_RELATED_PRODUCT_CATEGORY('part',$,(#1038));
#5624 = SHAPE_DEFINITION_REPRESENTATION(#5625,#5631);
#5625 = PRODUCT_DEFINITION_SHAPE('','',#5626);
#5626 = PRODUCT_DEFINITION('design','',#5627,#5630);
#5627 = PRODUCT_DEFINITION_FORMATION('','',#5628);
#5628 = PRODUCT('d435_envelope','d435_envelope','',(#5629));
#5629 = PRODUCT_CONTEXT('',#2,'mechanical');
#5630 = PRODUCT_DEFINITION_CONTEXT('part definition',#2,'design');
#5631 = ADVANCED_BREP_SHAPE_REPRESENTATION('',(#11,#5632),#8427);
#5632 = MANIFOLD_SOLID_BREP('',#5633);
#5633 = CLOSED_SHELL('',(#5634,#5926,#6009,#6092,#6148,#6226,#6281,#6314
    ,#6390,#6439,#6488,#6515,#6547,#6623,#6655,#6731,#7080,#7156,#7245,
    #7557,#7564,#7597,#7675,#7708,#7779,#7863,#7895,#7979,#8011,#8095,
    #8127,#8182,#8253,#8308,#8363,#8369,#8398,#8404,#8408,#8412,#8416,
    #8423));
#5634 = ADVANCED_FACE('',(#5635,#5812),#5649,.F.);
#5635 = FACE_BOUND('',#5636,.F.);
#5636 = EDGE_LOOP('',(#5637,#5672,#5701,#5729,#5758,#5786));
#5637 = ORIENTED_EDGE('',*,*,#5638,.T.);
#5638 = EDGE_CURVE('',#5639,#5641,#5643,.T.);
#5639 = VERTEX_POINT('',#5640);
#5640 = CARTESIAN_POINT('',(45.,56.914539724912,-16.80016899253));
#5641 = VERTEX_POINT('',#5642);
#5642 = CARTESIAN_POINT('',(45.,55.777157282055,-3.799828182435));
#5643 = SURFACE_CURVE('',#5644,(#5648,#5660),.PCURVE_S1.);
#5644 = LINE('',#5645,#5646);
#5645 = CARTESIAN_POINT('',(45.,56.914539724912,-16.80016899253));
#5646 = VECTOR('',#5647,1.);
#5647 = DIRECTION('',(-9.676231232676E-18,-8.715574274766E-02,
    0.996194698092));
#5648 = PCURVE('',#5649,#5654);
#5649 = PLANE('',#5650);
#5650 = AXIS2_PLACEMENT_3D('',#5651,#5652,#5653);
#5651 = CARTESIAN_POINT('',(45.,53.278383903535,-21.13357075589));
#5652 = DIRECTION('',(-1.,1.110223024625E-16,0.));
#5653 = DIRECTION('',(1.105998290831E-16,0.996194698092,
    8.715574274766E-02));
#5654 = DEFINITIONAL_REPRESENTATION('',(#5655),#5659);
#5655 = LINE('',#5656,#5657);
#5656 = CARTESIAN_POINT('',(4.,-4.));
#5657 = VECTOR('',#5658,1.);
#5658 = DIRECTION('',(2.298214621924E-18,-1.));
#5659 = ( GEOMETRIC_REPRESENTATION_CONTEXT(2) 
PARAMETRIC_REPRESENTATION_CONTEXT() REPRESENTATION_CONTEXT('2D SPACE',''
  ) );
#5660 = PCURVE('',#5661,#5666);
#5661 = CYLINDRICAL_SURFACE('',#5662,4.);
#5662 = AXIS2_PLACEMENT_3D('',#5663,#5664,#5665);
#5663 = CARTESIAN_POINT('',(41.,56.914539724912,-16.80016899253));
#5664 = DIRECTION('',(-9.676231232676E-18,-8.715574274766E-02,
    0.996194698092));
#5665 = DIRECTION('',(1.,-1.110223024625E-16,0.));
#5666 = DEFINITIONAL_REPRESENTATION('',(#5667),#5671);
#5667 = LINE('',#5668,#5669);
#5668 = CARTESIAN_POINT('',(-0.,0.));
#5669 = VECTOR('',#5670,1.);
#5670 = DIRECTION('',(-0.,1.));
#5671 = ( GEOMETRIC_REPRESENTATION_CONTEXT(2) 
PARAMETRIC_REPRESENTATION_CONTEXT() REPRESENTATION_CONTEXT('2D SPACE',''
  ) );
#5672 = ORIENTED_EDGE('',*,*,#5673,.T.);
#5673 = EDGE_CURVE('',#5641,#5674,#5676,.T.);
#5674 = VERTEX_POINT('',#5675);
#5675 = CARTESIAN_POINT('',(45.,59.413313103431,0.533573580923));
#5676 = SURFACE_CURVE('',#5677,(#5682,#5689),.PCURVE_S1.);
#5677 = CIRCLE('',#5678,4.);
#5678 = AXIS2_PLACEMENT_3D('',#5679,#5680,#5681);
#5679 = CARTESIAN_POINT('',(45.,59.761936074422,-3.451205211444));
#5680 = DIRECTION('',(-1.,1.110223024625E-16,3.020570461912E-34));
#5681 = DIRECTION('',(-1.105998290831E-16,-0.996194698092,
    -8.715574274766E-02));
#5682 = PCURVE('',#5649,#5683);
#5683 = DEFINITIONAL_REPRESENTATION('',(#5684),#5688);
#5684 = CIRCLE('',#5685,4.);
#5685 = AXIS2_PLACEMENT_2D('',#5686,#5687);
#5686 = CARTESIAN_POINT('',(8.,-17.05));
#5687 = DIRECTION('',(-1.,-1.083016144612E-16));
#5688 = ( GEOMETRIC_REPRESENTATION_CONTEXT(2) 
PARAMETRIC_REPRESENTATION_CONTEXT() REPRESENTATION_CONTEXT('2D SPACE',''
  ) );
#5689 = PCURVE('',#5690,#5695);
#5690 = TOROIDAL_SURFACE('',#5691,4.,4.);
#5691 = AXIS2_PLACEMENT_3D('',#5692,#5693,#5694);
#5692 = CARTESIAN_POINT('',(41.,59.761936074422,-3.451205211444));
#5693 = DIRECTION('',(-1.,1.110223024625E-16,0.));
#5694 = DIRECTION('',(-1.105998290831E-16,-0.996194698092,
    -8.715574274766E-02));
#5695 = DEFINITIONAL_REPRESENTATION('',(#5696),#5700);
#5696 = LINE('',#5697,#5698);
#5697 = CARTESIAN_POINT('',(0.,4.712388980385));
#5698 = VECTOR('',#5699,1.);
#5699 = DIRECTION('',(1.,0.));
#5700 = ( GEOMETRIC_REPRESENTATION_CONTEXT(2) 
PARAMETRIC_REPRESENTATION_CONTEXT() REPRESENTATION_CONTEXT('2D SPACE',''
  ) );
#5701 = ORIENTED_EDGE('',*,*,#5702,.T.);
#5702 = EDGE_CURVE('',#5674,#5703,#5705,.T.);
#5703 = VERTEX_POINT('',#5704);
#5704 = CARTESIAN_POINT('',(45.,68.379065386257,1.317975265652));
#5705 = SURFACE_CURVE('',#5706,(#5710,#5717),.PCURVE_S1.);
#5706 = LINE('',#5707,#5708);
#5707 = CARTESIAN_POINT('',(45.,59.413313103431,0.533573580923));
#5708 = VECTOR('',#5709,1.);
#5709 = DIRECTION('',(1.105998290831E-16,0.996194698092,
    8.715574274766E-02));
#5710 = PCURVE('',#5649,#5711);
#5711 = DEFINITIONAL_REPRESENTATION('',(#5712),#5716);
#5712 = LINE('',#5713,#5714);
#5713 = CARTESIAN_POINT('',(8.,-21.05));
#5714 = VECTOR('',#5715,1.);
#5715 = DIRECTION('',(1.,-2.298214621924E-18));
#5716 = ( GEOMETRIC_REPRESENTATION_CONTEXT(2) 
PARAMETRIC_REPRESENTATION_CONTEXT() REPRESENTATION_CONTEXT('2D SPACE',''
  ) );
#5717 = PCURVE('',#5718,#5723);
#5718 = CYLINDRICAL_SURFACE('',#5719,4.);
#5719 = AXIS2_PLACEMENT_3D('',#5720,#5721,#5722);
#5720 = CARTESIAN_POINT('',(41.,59.413313103431,0.533573580923));
#5721 = DIRECTION('',(1.105998290831E-16,0.996194698092,
    8.715574274766E-02));
#5722 = DIRECTION('',(1.,-1.110223024625E-16,0.));
#5723 = DEFINITIONAL_REPRESENTATION('',(#5724),#5728);
#5724 = LINE('',#5725,#5726);
#5725 = CARTESIAN_POINT('',(-0.,0.));
#5726 = VECTOR('',#5727,1.);
#5727 = DIRECTION('',(-0.,1.));
#5728 = ( GEOMETRIC_REPRESENTATION_CONTEXT(2) 
PARAMETRIC_REPRESENTATION_CONTEXT() REPRESENTATION_CONTEXT('2D SPACE',''
  ) );
#5729 = ORIENTED_EDGE('',*,*,#5730,.T.);
#5730 = EDGE_CURVE('',#5703,#5731,#5733,.T.);
#5731 = VERTEX_POINT('',#5732);
#5732 = CARTESIAN_POINT('',(45.,72.712467149614,-2.318180555725));
#5733 = SURFACE_CURVE('',#5734,(#5739,#5746),.PCURVE_S1.);
#5734 = CIRCLE('',#5735,4.);
#5735 = AXIS2_PLACEMENT_3D('',#5736,#5737,#5738);
#5736 = CARTESIAN_POINT('',(45.,68.727688357247,-2.666803526715));
#5737 = DIRECTION('',(-1.,1.110223024625E-16,-2.55153078879E-34));
#5738 = DIRECTION('',(-9.676231232676E-18,-8.715574274766E-02,
    0.996194698092));
#5739 = PCURVE('',#5649,#5740);
#5740 = DEFINITIONAL_REPRESENTATION('',(#5741),#5745);
#5741 = CIRCLE('',#5742,4.);
#5742 = AXIS2_PLACEMENT_2D('',#5743,#5744);
#5743 = CARTESIAN_POINT('',(17.,-17.05));
#5744 = DIRECTION('',(2.298214621924E-18,-1.));
#5745 = ( GEOMETRIC_REPRESENTATION_CONTEXT(2) 
PARAMETRIC_REPRESENTATION_CONTEXT() REPRESENTATION_CONTEXT('2D SPACE',''
  ) );
#5746 = PCURVE('',#5747,#5752);
#5747 = TOROIDAL_SURFACE('',#5748,4.,4.);
#5748 = AXIS2_PLACEMENT_3D('',#5749,#5750,#5751);
#5749 = CARTESIAN_POINT('',(41.,68.727688357247,-2.666803526715));
#5750 = DIRECTION('',(-1.,1.110223024625E-16,0.));
#5751 = DIRECTION('',(-9.676231232676E-18,-8.715574274766E-02,
    0.996194698092));
#5752 = DEFINITIONAL_REPRESENTATION('',(#5753),#5757);
#5753 = LINE('',#5754,#5755);
#5754 = CARTESIAN_POINT('',(0.,4.712388980385));
#5755 = VECTOR('',#5756,1.);
#5756 = DIRECTION('',(1.,0.));
#5757 = ( GEOMETRIC_REPRESENTATION_CONTEXT(2) 
PARAMETRIC_REPRESENTATION_CONTEXT() REPRESENTATION_CONTEXT('2D SPACE',''
  ) );
#5758 = ORIENTED_EDGE('',*,*,#5759,.T.);
#5759 = EDGE_CURVE('',#5731,#5760,#5762,.T.);
#5760 = VERTEX_POINT('',#5761);
#5761 = CARTESIAN_POINT('',(45.,73.849849592471,-15.31852136582));
#5762 = SURFACE_CURVE('',#5763,(#5767,#5774),.PCURVE_S1.);
#5763 = LINE('',#5764,#5765);
#5764 = CARTESIAN_POINT('',(45.,72.712467149614,-2.318180555725));
#5765 = VECTOR('',#5766,1.);
#5766 = DIRECTION('',(9.676231232676E-18,8.715574274766E-02,
    -0.996194698092));
#5767 = PCURVE('',#5649,#5768);
#5768 = DEFINITIONAL_REPRESENTATION('',(#5769),#5773);
#5769 = LINE('',#5770,#5771);
#5770 = CARTESIAN_POINT('',(21.,-17.05));
#5771 = VECTOR('',#5772,1.);
#5772 = DIRECTION('',(-2.298214621924E-18,1.));
#5773 = ( GEOMETRIC_REPRESENTATION_CONTEXT(2) 
PARAMETRIC_REPRESENTATION_CONTEXT() REPRESENTATION_CONTEXT('2D SPACE',''
  ) );
#5774 = PCURVE('',#5775,#5780);
#5775 = CYLINDRICAL_SURFACE('',#5776,4.);
#5776 = AXIS2_PLACEMENT_3D('',#5777,#5778,#5779);
#5777 = CARTESIAN_POINT('',(41.,72.712467149614,-2.318180555725));
#5778 = DIRECTION('',(9.676231232676E-18,8.715574274766E-02,
    -0.996194698092));
#5779 = DIRECTION('',(1.,-1.110223024625E-16,0.));
#5780 = DEFINITIONAL_REPRESENTATION('',(#5781),#5785);
#5781 = LINE('',#5782,#5783);
#5782 = CARTESIAN_POINT('',(-0.,0.));
#5783 = VECTOR('',#5784,1.);
#5784 = DIRECTION('',(-0.,1.));
#5785 = ( GEOMETRIC_REPRESENTATION_CONTEXT(2) 
PARAMETRIC_REPRESENTATION_CONTEXT() REPRESENTATION_CONTEXT('2D SPACE',''
  ) );
#5786 = ORIENTED_EDGE('',*,*,#5787,.T.);
#5787 = EDGE_CURVE('',#5760,#5639,#5788,.T.);
#5788 = SURFACE_CURVE('',#5789,(#5793,#5800),.PCURVE_S1.);
#5789 = LINE('',#5790,#5791);
#5790 = CARTESIAN_POINT('',(45.,73.849849592471,-15.31852136582));
#5791 = VECTOR('',#5792,1.);
#5792 = DIRECTION('',(-1.105998290831E-16,-0.996194698092,
    -8.715574274766E-02));
#5793 = PCURVE('',#5649,#5794);
#5794 = DEFINITIONAL_REPRESENTATION('',(#5795),#5799);
#5795 = LINE('',#5796,#5797);
#5796 = CARTESIAN_POINT('',(21.,-4.));
#5797 = VECTOR('',#5798,1.);
#5798 = DIRECTION('',(-1.,2.298214621924E-18));
#5799 = ( GEOMETRIC_REPRESENTATION_CONTEXT(2) 
PARAMETRIC_REPRESENTATION_CONTEXT() REPRESENTATION_CONTEXT('2D SPACE',''
  ) );
#5800 = PCURVE('',#5801,#5806);
#5801 = CYLINDRICAL_SURFACE('',#5802,4.);
#5802 = AXIS2_PLACEMENT_3D('',#5803,#5804,#5805);
#5803 = CARTESIAN_POINT('',(41.,73.849849592471,-15.31852136582));
#5804 = DIRECTION('',(-1.105998290831E-16,-0.996194698092,
    -8.715574274766E-02));
#5805 = DIRECTION('',(1.,-1.110223024625E-16,0.));
#5806 = DEFINITIONAL_REPRESENTATION('',(#5807),#5811);
#5807 = LINE('',#5808,#5809);
#5808 = CARTESIAN_POINT('',(-0.,0.));
#5809 = VECTOR('',#5810,1.);
#5810 = DIRECTION('',(-0.,1.));
#5811 = ( GEOMETRIC_REPRESENTATION_CONTEXT(2) 
PARAMETRIC_REPRESENTATION_CONTEXT() REPRESENTATION_CONTEXT('2D SPACE',''
  ) );
#5812 = FACE_BOUND('',#5813,.F.);
#5813 = EDGE_LOOP('',(#5814,#5844,#5872,#5900));
#5814 = ORIENTED_EDGE('',*,*,#5815,.T.);
#5815 = EDGE_CURVE('',#5816,#5818,#5820,.T.);
#5816 = VERTEX_POINT('',#5817);
#5817 = CARTESIAN_POINT('',(45.,60.016866621958,-6.365074703363));
#5818 = VERTEX_POINT('',#5819);
#5819 = CARTESIAN_POINT('',(45.,60.295764998751,-9.552897737256));
#5820 = SURFACE_CURVE('',#5821,(#5825,#5832),.PCURVE_S1.);
#5821 = LINE('',#5822,#5823);
#5822 = CARTESIAN_POINT('',(45.,60.632404055114,-13.40069975863));
#5823 = VECTOR('',#5824,1.);
#5824 = DIRECTION('',(9.676231232676E-18,8.715574274766E-02,
    -0.996194698092));
#5825 = PCURVE('',#5649,#5826);
#5826 = DEFINITIONAL_REPRESENTATION('',(#5827),#5831);
#5827 = LINE('',#5828,#5829);
#5828 = CARTESIAN_POINT('',(8.,-7.0625));
#5829 = VECTOR('',#5830,1.);
#5830 = DIRECTION('',(-2.298214621924E-18,1.));
#5831 = ( GEOMETRIC_REPRESENTATION_CONTEXT(2) 
PARAMETRIC_REPRESENTATION_CONTEXT() REPRESENTATION_CONTEXT('2D SPACE',''
  ) );
#5832 = PCURVE('',#5833,#5838);
#5833 = PLANE('',#5834);
#5834 = AXIS2_PLACEMENT_3D('',#5835,#5836,#5837);
#5835 = CARTESIAN_POINT('',(45.,60.016866621958,-6.365074703363));
#5836 = DIRECTION('',(1.105998290831E-16,0.996194698092,
    8.715574274766E-02));
#5837 = DIRECTION('',(9.676231232676E-18,8.715574274766E-02,
    -0.996194698092));
#5838 = DEFINITIONAL_REPRESENTATION('',(#5839),#5843);
#5839 = LINE('',#5840,#5841);
#5840 = CARTESIAN_POINT('',(7.0625,6.833838308077E-17));
#5841 = VECTOR('',#5842,1.);
#5842 = DIRECTION('',(1.,0.));
#5843 = ( GEOMETRIC_REPRESENTATION_CONTEXT(2) 
PARAMETRIC_REPRESENTATION_CONTEXT() REPRESENTATION_CONTEXT('2D SPACE',''
  ) );
#5844 = ORIENTED_EDGE('',*,*,#5845,.T.);
#5845 = EDGE_CURVE('',#5818,#5846,#5848,.T.);
#5846 = VERTEX_POINT('',#5847);
#5847 = CARTESIAN_POINT('',(45.,69.261517281577,-8.768496052527));
#5848 = SURFACE_CURVE('',#5849,(#5853,#5860),.PCURVE_S1.);
#5849 = LINE('',#5850,#5851);
#5850 = CARTESIAN_POINT('',(45.,56.310986206384,-9.901520708247));
#5851 = VECTOR('',#5852,1.);
#5852 = DIRECTION('',(1.105998290831E-16,0.996194698092,
    8.715574274766E-02));
#5853 = PCURVE('',#5649,#5854);
#5854 = DEFINITIONAL_REPRESENTATION('',(#5855),#5859);
#5855 = LINE('',#5856,#5857);
#5856 = CARTESIAN_POINT('',(4.,-10.925));
#5857 = VECTOR('',#5858,1.);
#5858 = DIRECTION('',(1.,-2.298214621924E-18));
#5859 = ( GEOMETRIC_REPRESENTATION_CONTEXT(2) 
PARAMETRIC_REPRESENTATION_CONTEXT() REPRESENTATION_CONTEXT('2D SPACE',''
  ) );
#5860 = PCURVE('',#5861,#5866);
#5861 = PLANE('',#5862);
#5862 = AXIS2_PLACEMENT_3D('',#5863,#5864,#5865);
#5863 = CARTESIAN_POINT('',(45.,60.295764998751,-9.552897737256));
#5864 = DIRECTION('',(-9.676231232676E-18,-8.715574274766E-02,
    0.996194698092));
#5865 = DIRECTION('',(1.105998290831E-16,0.996194698092,
    8.715574274766E-02));
#5866 = DEFINITIONAL_REPRESENTATION('',(#5867),#5871);
#5867 = LINE('',#5868,#5869);
#5868 = CARTESIAN_POINT('',(-4.,-4.423993163324E-16));
#5869 = VECTOR('',#5870,1.);
#5870 = DIRECTION('',(1.,0.));
#5871 = ( GEOMETRIC_REPRESENTATION_CONTEXT(2) 
PARAMETRIC_REPRESENTATION_CONTEXT() REPRESENTATION_CONTEXT('2D SPACE',''
  ) );
#5872 = ORIENTED_EDGE('',*,*,#5873,.T.);
#5873 = EDGE_CURVE('',#5846,#5874,#5876,.T.);
#5874 = VERTEX_POINT('',#5875);
#5875 = CARTESIAN_POINT('',(45.,68.982618904784,-5.580673018634));
#5876 = SURFACE_CURVE('',#5877,(#5881,#5888),.PCURVE_S1.);
#5877 = LINE('',#5878,#5879);
#5878 = CARTESIAN_POINT('',(45.,69.737605526336,-14.21020959085));
#5879 = VECTOR('',#5880,1.);
#5880 = DIRECTION('',(-9.676231232676E-18,-8.715574274766E-02,
    0.996194698092));
#5881 = PCURVE('',#5649,#5882);
#5882 = DEFINITIONAL_REPRESENTATION('',(#5883),#5887);
#5883 = LINE('',#5884,#5885);
#5884 = CARTESIAN_POINT('',(17.,-5.4625));
#5885 = VECTOR('',#5886,1.);
#5886 = DIRECTION('',(2.298214621924E-18,-1.));
#5887 = ( GEOMETRIC_REPRESENTATION_CONTEXT(2) 
PARAMETRIC_REPRESENTATION_CONTEXT() REPRESENTATION_CONTEXT('2D SPACE',''
  ) );
#5888 = PCURVE('',#5889,#5894);
#5889 = PLANE('',#5890);
#5890 = AXIS2_PLACEMENT_3D('',#5891,#5892,#5893);
#5891 = CARTESIAN_POINT('',(45.,69.261517281577,-8.768496052527));
#5892 = DIRECTION('',(-1.105998290831E-16,-0.996194698092,
    -8.715574274766E-02));
#5893 = DIRECTION('',(-9.676231232676E-18,-8.715574274766E-02,
    0.996194698092));
#5894 = DEFINITIONAL_REPRESENTATION('',(#5895),#5899);
#5895 = LINE('',#5896,#5897);
#5896 = CARTESIAN_POINT('',(-5.4625,5.285641310849E-17));
#5897 = VECTOR('',#5898,1.);
#5898 = DIRECTION('',(1.,0.));
#5899 = ( GEOMETRIC_REPRESENTATION_CONTEXT(2) 
PARAMETRIC_REPRESENTATION_CONTEXT() REPRESENTATION_CONTEXT('2D SPACE',''
  ) );
#5900 = ORIENTED_EDGE('',*,*,#5901,.T.);
#5901 = EDGE_CURVE('',#5874,#5816,#5902,.T.);
#5902 = SURFACE_CURVE('',#5903,(#5907,#5914),.PCURVE_S1.);
#5903 = LINE('',#5904,#5905);
#5904 = CARTESIAN_POINT('',(45.,60.514963971004,-6.321496831989));
#5905 = VECTOR('',#5906,1.);
#5906 = DIRECTION('',(-1.105998290831E-16,-0.996194698092,
    -8.715574274766E-02));
#5907 = PCURVE('',#5649,#5908);
#5908 = DEFINITIONAL_REPRESENTATION('',(#5909),#5913);
#5909 = LINE('',#5910,#5911);
#5910 = CARTESIAN_POINT('',(8.5,-14.125));
#5911 = VECTOR('',#5912,1.);
#5912 = DIRECTION('',(-1.,2.298214621924E-18));
#5913 = ( GEOMETRIC_REPRESENTATION_CONTEXT(2) 
PARAMETRIC_REPRESENTATION_CONTEXT() REPRESENTATION_CONTEXT('2D SPACE',''
  ) );
#5914 = PCURVE('',#5915,#5920);
#5915 = PLANE('',#5916);
#5916 = AXIS2_PLACEMENT_3D('',#5917,#5918,#5919);
#5917 = CARTESIAN_POINT('',(45.,68.982618904784,-5.580673018634));
#5918 = DIRECTION('',(9.676231232676E-18,8.715574274766E-02,
    -0.996194698092));
#5919 = DIRECTION('',(-1.105998290831E-16,-0.996194698092,
    -8.715574274766E-02));
#5920 = DEFINITIONAL_REPRESENTATION('',(#5921),#5925);
#5921 = LINE('',#5922,#5923);
#5922 = CARTESIAN_POINT('',(8.5,-9.400985472063E-16));
#5923 = VECTOR('',#5924,1.);
#5924 = DIRECTION('',(1.,0.));
#5925 = ( GEOMETRIC_REPRESENTATION_CONTEXT(2) 
PARAMETRIC_REPRESENTATION_CONTEXT() REPRESENTATION_CONTEXT('2D SPACE',''
  ) );
#5926 = ADVANCED_FACE('',(#5927),#5661,.T.);
#5927 = FACE_BOUND('',#5928,.F.);
#5928 = EDGE_LOOP('',(#5929,#5958,#5986,#6008));
#5929 = ORIENTED_EDGE('',*,*,#5930,.T.);
#5930 = EDGE_CURVE('',#5639,#5931,#5933,.T.);
#5931 = VERTEX_POINT('',#5932);
#5932 = CARTESIAN_POINT('',(41.,52.929760932545,-17.14879196352));
#5933 = SURFACE_CURVE('',#5934,(#5939,#5946),.PCURVE_S1.);
#5934 = CIRCLE('',#5935,4.);
#5935 = AXIS2_PLACEMENT_3D('',#5936,#5937,#5938);
#5936 = CARTESIAN_POINT('',(41.,56.914539724912,-16.80016899253));
#5937 = DIRECTION('',(9.676231232676E-18,8.715574274766E-02,
    -0.996194698092));
#5938 = DIRECTION('',(1.,-1.110223024625E-16,0.));
#5939 = PCURVE('',#5661,#5940);
#5940 = DEFINITIONAL_REPRESENTATION('',(#5941),#5945);
#5941 = LINE('',#5942,#5943);
#5942 = CARTESIAN_POINT('',(-0.,0.));
#5943 = VECTOR('',#5944,1.);
#5944 = DIRECTION('',(-1.,0.));
#5945 = ( GEOMETRIC_REPRESENTATION_CONTEXT(2) 
PARAMETRIC_REPRESENTATION_CONTEXT() REPRESENTATION_CONTEXT('2D SPACE',''
  ) );
#5946 = PCURVE('',#5947,#5952);
#5947 = SPHERICAL_SURFACE('',#5948,4.);
#5948 = AXIS2_PLACEMENT_3D('',#5949,#5950,#5951);
#5949 = CARTESIAN_POINT('',(41.,56.914539724912,-16.80016899253));
#5950 = DIRECTION('',(-1.,1.110223024625E-16,0.));
#5951 = DIRECTION('',(9.676231232676E-18,8.715574274766E-02,
    -0.996194698092));
#5952 = DEFINITIONAL_REPRESENTATION('',(#5953),#5957);
#5953 = LINE('',#5954,#5955);
#5954 = CARTESIAN_POINT('',(1.570796326795,-1.570796326795));
#5955 = VECTOR('',#5956,1.);
#5956 = DIRECTION('',(0.,1.));
#5957 = ( GEOMETRIC_REPRESENTATION_CONTEXT(2) 
PARAMETRIC_REPRESENTATION_CONTEXT() REPRESENTATION_CONTEXT('2D SPACE',''
  ) );
#5958 = ORIENTED_EDGE('',*,*,#5959,.T.);
#5959 = EDGE_CURVE('',#5931,#5960,#5962,.T.);
#5960 = VERTEX_POINT('',#5961);
#5961 = CARTESIAN_POINT('',(41.,51.792378489688,-4.148451153425));
#5962 = SURFACE_CURVE('',#5963,(#5967,#5974),.PCURVE_S1.);
#5963 = LINE('',#5964,#5965);
#5964 = CARTESIAN_POINT('',(41.,52.929760932545,-17.14879196352));
#5965 = VECTOR('',#5966,1.);
#5966 = DIRECTION('',(-9.676231232676E-18,-8.715574274766E-02,
    0.996194698092));
#5967 = PCURVE('',#5661,#5968);
#5968 = DEFINITIONAL_REPRESENTATION('',(#5969),#5973);
#5969 = LINE('',#5970,#5971);
#5970 = CARTESIAN_POINT('',(-1.570796326795,0.));
#5971 = VECTOR('',#5972,1.);
#5972 = DIRECTION('',(-0.,1.));
#5973 = ( GEOMETRIC_REPRESENTATION_CONTEXT(2) 
PARAMETRIC_REPRESENTATION_CONTEXT() REPRESENTATION_CONTEXT('2D SPACE',''
  ) );
#5974 = PCURVE('',#5975,#5980);
#5975 = PLANE('',#5976);
#5976 = AXIS2_PLACEMENT_3D('',#5977,#5978,#5979);
#5977 = CARTESIAN_POINT('',(-45.,53.278383903535,-21.13357075589));
#5978 = DIRECTION('',(1.105998290831E-16,0.996194698092,
    8.715574274766E-02));
#5979 = DIRECTION('',(1.,-1.110223024625E-16,0.));
#5980 = DEFINITIONAL_REPRESENTATION('',(#5981),#5985);
#5981 = LINE('',#5982,#5983);
#5982 = CARTESIAN_POINT('',(86.,-4.));
#5983 = VECTOR('',#5984,1.);
#5984 = DIRECTION('',(0.,-1.));
#5985 = ( GEOMETRIC_REPRESENTATION_CONTEXT(2) 
PARAMETRIC_REPRESENTATION_CONTEXT() REPRESENTATION_CONTEXT('2D SPACE',''
  ) );
#5986 = ORIENTED_EDGE('',*,*,#5987,.F.);
#5987 = EDGE_CURVE('',#5641,#5960,#5988,.T.);
#5988 = SURFACE_CURVE('',#5989,(#5994,#6001),.PCURVE_S1.);
#5989 = CIRCLE('',#5990,4.);
#5990 = AXIS2_PLACEMENT_3D('',#5991,#5992,#5993);
#5991 = CARTESIAN_POINT('',(41.,55.777157282055,-3.799828182435));
#5992 = DIRECTION('',(9.676231232676E-18,8.715574274766E-02,
    -0.996194698092));
#5993 = DIRECTION('',(1.,-1.110223024625E-16,0.));
#5994 = PCURVE('',#5661,#5995);
#5995 = DEFINITIONAL_REPRESENTATION('',(#5996),#6000);
#5996 = LINE('',#5997,#5998);
#5997 = CARTESIAN_POINT('',(-0.,13.05));
#5998 = VECTOR('',#5999,1.);
#5999 = DIRECTION('',(-1.,0.));
#6000 = ( GEOMETRIC_REPRESENTATION_CONTEXT(2) 
PARAMETRIC_REPRESENTATION_CONTEXT() REPRESENTATION_CONTEXT('2D SPACE',''
  ) );
#6001 = PCURVE('',#5690,#6002);
#6002 = DEFINITIONAL_REPRESENTATION('',(#6003),#6007);
#6003 = LINE('',#6004,#6005);
#6004 = CARTESIAN_POINT('',(0.,4.712388980385));
#6005 = VECTOR('',#6006,1.);
#6006 = DIRECTION('',(0.,1.));
#6007 = ( GEOMETRIC_REPRESENTATION_CONTEXT(2) 
PARAMETRIC_REPRESENTATION_CONTEXT() REPRESENTATION_CONTEXT('2D SPACE',''
  ) );
#6008 = ORIENTED_EDGE('',*,*,#5638,.F.);
#6009 = ADVANCED_FACE('',(#6010),#5801,.T.);
#6010 = FACE_BOUND('',#6011,.F.);
#6011 = EDGE_LOOP('',(#6012,#6041,#6069,#6091));
#6012 = ORIENTED_EDGE('',*,*,#6013,.T.);
#6013 = EDGE_CURVE('',#5760,#6014,#6016,.T.);
#6014 = VERTEX_POINT('',#6015);
#6015 = CARTESIAN_POINT('',(41.,74.198472563462,-19.30330015818));
#6016 = SURFACE_CURVE('',#6017,(#6022,#6029),.PCURVE_S1.);
#6017 = CIRCLE('',#6018,4.);
#6018 = AXIS2_PLACEMENT_3D('',#6019,#6020,#6021);
#6019 = CARTESIAN_POINT('',(41.,73.849849592471,-15.31852136582));
#6020 = DIRECTION('',(1.105998290831E-16,0.996194698092,
    8.715574274766E-02));
#6021 = DIRECTION('',(9.676231232676E-18,8.715574274766E-02,
    -0.996194698092));
#6022 = PCURVE('',#5801,#6023);
#6023 = DEFINITIONAL_REPRESENTATION('',(#6024),#6028);
#6024 = LINE('',#6025,#6026);
#6025 = CARTESIAN_POINT('',(4.712388980385,-0.));
#6026 = VECTOR('',#6027,1.);
#6027 = DIRECTION('',(-1.,0.));
#6028 = ( GEOMETRIC_REPRESENTATION_CONTEXT(2) 
PARAMETRIC_REPRESENTATION_CONTEXT() REPRESENTATION_CONTEXT('2D SPACE',''
  ) );
#6029 = PCURVE('',#6030,#6035);
#6030 = SPHERICAL_SURFACE('',#6031,4.);
#6031 = AXIS2_PLACEMENT_3D('',#6032,#6033,#6034);
#6032 = CARTESIAN_POINT('',(41.,73.849849592471,-15.31852136582));
#6033 = DIRECTION('',(-1.,1.110223024625E-16,0.));
#6034 = DIRECTION('',(1.105998290831E-16,0.996194698092,
    8.715574274766E-02));
#6035 = DEFINITIONAL_REPRESENTATION('',(#6036),#6040);
#6036 = LINE('',#6037,#6038);
#6037 = CARTESIAN_POINT('',(1.570796326795,-6.28318530718));
#6038 = VECTOR('',#6039,1.);
#6039 = DIRECTION('',(0.,1.));
#6040 = ( GEOMETRIC_REPRESENTATION_CONTEXT(2) 
PARAMETRIC_REPRESENTATION_CONTEXT() REPRESENTATION_CONTEXT('2D SPACE',''
  ) );
#6041 = ORIENTED_EDGE('',*,*,#6042,.T.);
#6042 = EDGE_CURVE('',#6014,#6043,#6045,.T.);
#6043 = VERTEX_POINT('',#6044);
#6044 = CARTESIAN_POINT('',(41.,57.263162695902,-20.78494778489));
#6045 = SURFACE_CURVE('',#6046,(#6050,#6057),.PCURVE_S1.);
#6046 = LINE('',#6047,#6048);
#6047 = CARTESIAN_POINT('',(41.,74.198472563462,-19.30330015818));
#6048 = VECTOR('',#6049,1.);
#6049 = DIRECTION('',(-1.105998290831E-16,-0.996194698092,
    -8.715574274766E-02));
#6050 = PCURVE('',#5801,#6051);
#6051 = DEFINITIONAL_REPRESENTATION('',(#6052),#6056);
#6052 = LINE('',#6053,#6054);
#6053 = CARTESIAN_POINT('',(-1.570796326795,0.));
#6054 = VECTOR('',#6055,1.);
#6055 = DIRECTION('',(-0.,1.));
#6056 = ( GEOMETRIC_REPRESENTATION_CONTEXT(2) 
PARAMETRIC_REPRESENTATION_CONTEXT() REPRESENTATION_CONTEXT('2D SPACE',''
  ) );
#6057 = PCURVE('',#6058,#6063);
#6058 = PLANE('',#6059);
#6059 = AXIS2_PLACEMENT_3D('',#6060,#6061,#6062);
#6060 = CARTESIAN_POINT('',(7.297586715991E-15,65.730817629682,
    -20.04412397154));
#6061 = DIRECTION('',(-9.676231232676E-18,-8.715574274766E-02,
    0.996194698092));
#6062 = DIRECTION('',(1.105998290831E-16,0.996194698092,
    8.715574274766E-02));
#6063 = DEFINITIONAL_REPRESENTATION('',(#6064),#6068);
#6064 = LINE('',#6065,#6066);
#6065 = CARTESIAN_POINT('',(8.5,-41.));
#6066 = VECTOR('',#6067,1.);
#6067 = DIRECTION('',(-1.,0.));
#6068 = ( GEOMETRIC_REPRESENTATION_CONTEXT(2) 
PARAMETRIC_REPRESENTATION_CONTEXT() REPRESENTATION_CONTEXT('2D SPACE',''
  ) );
#6069 = ORIENTED_EDGE('',*,*,#6070,.F.);
#6070 = EDGE_CURVE('',#5639,#6043,#6071,.T.);
#6071 = SURFACE_CURVE('',#6072,(#6077,#6084),.PCURVE_S1.);
#6072 = CIRCLE('',#6073,4.);
#6073 = AXIS2_PLACEMENT_3D('',#6074,#6075,#6076);
#6074 = CARTESIAN_POINT('',(41.,56.914539724912,-16.80016899253));
#6075 = DIRECTION('',(1.105998290831E-16,0.996194698092,
    8.715574274766E-02));
#6076 = DIRECTION('',(1.,-1.110223024625E-16,0.));
#6077 = PCURVE('',#5801,#6078);
#6078 = DEFINITIONAL_REPRESENTATION('',(#6079),#6083);
#6079 = LINE('',#6080,#6081);
#6080 = CARTESIAN_POINT('',(-0.,17.));
#6081 = VECTOR('',#6082,1.);
#6082 = DIRECTION('',(-1.,0.));
#6083 = ( GEOMETRIC_REPRESENTATION_CONTEXT(2) 
PARAMETRIC_REPRESENTATION_CONTEXT() REPRESENTATION_CONTEXT('2D SPACE',''
  ) );
#6084 = PCURVE('',#5947,#6085);
#6085 = DEFINITIONAL_REPRESENTATION('',(#6086),#6090);
#6086 = LINE('',#6087,#6088);
#6087 = CARTESIAN_POINT('',(0.,-1.570796326795));
#6088 = VECTOR('',#6089,1.);
#6089 = DIRECTION('',(0.,1.));
#6090 = ( GEOMETRIC_REPRESENTATION_CONTEXT(2) 
PARAMETRIC_REPRESENTATION_CONTEXT() REPRESENTATION_CONTEXT('2D SPACE',''
  ) );
#6091 = ORIENTED_EDGE('',*,*,#5787,.F.);
#6092 = ADVANCED_FACE('',(#6093),#5690,.T.);
#6093 = FACE_BOUND('',#6094,.T.);
#6094 = EDGE_LOOP('',(#6095,#6096,#6097,#6121));
#6095 = ORIENTED_EDGE('',*,*,#5987,.F.);
#6096 = ORIENTED_EDGE('',*,*,#5673,.T.);
#6097 = ORIENTED_EDGE('',*,*,#6098,.T.);
#6098 = EDGE_CURVE('',#5674,#6099,#6101,.T.);
#6099 = VERTEX_POINT('',#6100);
#6100 = CARTESIAN_POINT('',(41.,59.06469013244,4.51835237329));
#6101 = SURFACE_CURVE('',#6102,(#6107,#6114),.PCURVE_S1.);
#6102 = CIRCLE('',#6103,4.);
#6103 = AXIS2_PLACEMENT_3D('',#6104,#6105,#6106);
#6104 = CARTESIAN_POINT('',(41.,59.413313103431,0.533573580923));
#6105 = DIRECTION('',(-1.105998290831E-16,-0.996194698092,
    -8.715574274766E-02));
#6106 = DIRECTION('',(-9.676231232676E-18,-8.715574274766E-02,
    0.996194698092));
#6107 = PCURVE('',#5690,#6108);
#6108 = DEFINITIONAL_REPRESENTATION('',(#6109),#6113);
#6109 = LINE('',#6110,#6111);
#6110 = CARTESIAN_POINT('',(1.570796326795,0.));
#6111 = VECTOR('',#6112,1.);
#6112 = DIRECTION('',(0.,1.));
#6113 = ( GEOMETRIC_REPRESENTATION_CONTEXT(2) 
PARAMETRIC_REPRESENTATION_CONTEXT() REPRESENTATION_CONTEXT('2D SPACE',''
  ) );
#6114 = PCURVE('',#5718,#6115);
#6115 = DEFINITIONAL_REPRESENTATION('',(#6116),#6120);
#6116 = LINE('',#6117,#6118);
#6117 = CARTESIAN_POINT('',(4.712388980385,-0.));
#6118 = VECTOR('',#6119,1.);
#6119 = DIRECTION('',(-1.,0.));
#6120 = ( GEOMETRIC_REPRESENTATION_CONTEXT(2) 
PARAMETRIC_REPRESENTATION_CONTEXT() REPRESENTATION_CONTEXT('2D SPACE',''
  ) );
#6121 = ORIENTED_EDGE('',*,*,#6122,.F.);
#6122 = EDGE_CURVE('',#5960,#6099,#6123,.T.);
#6123 = SURFACE_CURVE('',#6124,(#6129,#6136),.PCURVE_S1.);
#6124 = CIRCLE('',#6125,8.);
#6125 = AXIS2_PLACEMENT_3D('',#6126,#6127,#6128);
#6126 = CARTESIAN_POINT('',(41.,59.761936074422,-3.451205211444));
#6127 = DIRECTION('',(-1.,1.110223024625E-16,3.020570461912E-34));
#6128 = DIRECTION('',(-1.105998290831E-16,-0.996194698092,
    -8.715574274766E-02));
#6129 = PCURVE('',#5690,#6130);
#6130 = DEFINITIONAL_REPRESENTATION('',(#6131),#6135);
#6131 = LINE('',#6132,#6133);
#6132 = CARTESIAN_POINT('',(0.,6.28318530718));
#6133 = VECTOR('',#6134,1.);
#6134 = DIRECTION('',(1.,0.));
#6135 = ( GEOMETRIC_REPRESENTATION_CONTEXT(2) 
PARAMETRIC_REPRESENTATION_CONTEXT() REPRESENTATION_CONTEXT('2D SPACE',''
  ) );
#6136 = PCURVE('',#6137,#6142);
#6137 = CYLINDRICAL_SURFACE('',#6138,8.);
#6138 = AXIS2_PLACEMENT_3D('',#6139,#6140,#6141);
#6139 = CARTESIAN_POINT('',(-45.,59.761936074422,-3.451205211444));
#6140 = DIRECTION('',(1.,-1.110223024625E-16,0.));
#6141 = DIRECTION('',(-1.105998290831E-16,-0.996194698092,
    -8.715574274766E-02));
#6142 = DEFINITIONAL_REPRESENTATION('',(#6143),#6147);
#6143 = LINE('',#6144,#6145);
#6144 = CARTESIAN_POINT('',(-0.,86.));
#6145 = VECTOR('',#6146,1.);
#6146 = DIRECTION('',(-1.,0.));
#6147 = ( GEOMETRIC_REPRESENTATION_CONTEXT(2) 
PARAMETRIC_REPRESENTATION_CONTEXT() REPRESENTATION_CONTEXT('2D SPACE',''
  ) );
#6148 = ADVANCED_FACE('',(#6149),#5775,.T.);
#6149 = FACE_BOUND('',#6150,.F.);
#6150 = EDGE_LOOP('',(#6151,#6175,#6203,#6225));
#6151 = ORIENTED_EDGE('',*,*,#6152,.T.);
#6152 = EDGE_CURVE('',#5731,#6153,#6155,.T.);
#6153 = VERTEX_POINT('',#6154);
#6154 = CARTESIAN_POINT('',(41.,76.697245941981,-1.969557584734));
#6155 = SURFACE_CURVE('',#6156,(#6161,#6168),.PCURVE_S1.);
#6156 = CIRCLE('',#6157,4.);
#6157 = AXIS2_PLACEMENT_3D('',#6158,#6159,#6160);
#6158 = CARTESIAN_POINT('',(41.,72.712467149614,-2.318180555725));
#6159 = DIRECTION('',(-9.676231232676E-18,-8.715574274766E-02,
    0.996194698092));
#6160 = DIRECTION('',(1.105998290831E-16,0.996194698092,
    8.715574274766E-02));
#6161 = PCURVE('',#5775,#6162);
#6162 = DEFINITIONAL_REPRESENTATION('',(#6163),#6167);
#6163 = LINE('',#6164,#6165);
#6164 = CARTESIAN_POINT('',(4.712388980385,-0.));
#6165 = VECTOR('',#6166,1.);
#6166 = DIRECTION('',(-1.,0.));
#6167 = ( GEOMETRIC_REPRESENTATION_CONTEXT(2) 
PARAMETRIC_REPRESENTATION_CONTEXT() REPRESENTATION_CONTEXT('2D SPACE',''
  ) );
#6168 = PCURVE('',#5747,#6169);
#6169 = DEFINITIONAL_REPRESENTATION('',(#6170),#6174);
#6170 = LINE('',#6171,#6172);
#6171 = CARTESIAN_POINT('',(1.570796326795,0.));
#6172 = VECTOR('',#6173,1.);
#6173 = DIRECTION('',(0.,1.));
#6174 = ( GEOMETRIC_REPRESENTATION_CONTEXT(2) 
PARAMETRIC_REPRESENTATION_CONTEXT() REPRESENTATION_CONTEXT('2D SPACE',''
  ) );
#6175 = ORIENTED_EDGE('',*,*,#6176,.T.);
#6176 = EDGE_CURVE('',#6153,#6177,#6179,.T.);
#6177 = VERTEX_POINT('',#6178);
#6178 = CARTESIAN_POINT('',(41.,77.834628384838,-14.96989839483));
#6179 = SURFACE_CURVE('',#6180,(#6184,#6191),.PCURVE_S1.);
#6180 = LINE('',#6181,#6182);
#6181 = CARTESIAN_POINT('',(41.,76.697245941981,-1.969557584734));
#6182 = VECTOR('',#6183,1.);
#6183 = DIRECTION('',(9.676231232676E-18,8.715574274766E-02,
    -0.996194698092));
#6184 = PCURVE('',#5775,#6185);
#6185 = DEFINITIONAL_REPRESENTATION('',(#6186),#6190);
#6186 = LINE('',#6187,#6188);
#6187 = CARTESIAN_POINT('',(-1.570796326795,0.));
#6188 = VECTOR('',#6189,1.);
#6189 = DIRECTION('',(-0.,1.));
#6190 = ( GEOMETRIC_REPRESENTATION_CONTEXT(2) 
PARAMETRIC_REPRESENTATION_CONTEXT() REPRESENTATION_CONTEXT('2D SPACE',''
  ) );
#6191 = PCURVE('',#6192,#6197);
#6192 = PLANE('',#6193);
#6193 = AXIS2_PLACEMENT_3D('',#6194,#6195,#6196);
#6194 = CARTESIAN_POINT('',(45.,78.183251355829,-18.95467718719));
#6195 = DIRECTION('',(-1.105998290831E-16,-0.996194698092,
    -8.715574274766E-02));
#6196 = DIRECTION('',(-1.,1.110223024625E-16,0.));
#6197 = DEFINITIONAL_REPRESENTATION('',(#6198),#6202);
#6198 = LINE('',#6199,#6200);
#6199 = CARTESIAN_POINT('',(4.,-17.05));
#6200 = VECTOR('',#6201,1.);
#6201 = DIRECTION('',(0.,1.));
#6202 = ( GEOMETRIC_REPRESENTATION_CONTEXT(2) 
PARAMETRIC_REPRESENTATION_CONTEXT() REPRESENTATION_CONTEXT('2D SPACE',''
  ) );
#6203 = ORIENTED_EDGE('',*,*,#6204,.F.);
#6204 = EDGE_CURVE('',#5760,#6177,#6205,.T.);
#6205 = SURFACE_CURVE('',#6206,(#6211,#6218),.PCURVE_S1.);
#6206 = CIRCLE('',#6207,4.);
#6207 = AXIS2_PLACEMENT_3D('',#6208,#6209,#6210);
#6208 = CARTESIAN_POINT('',(41.,73.849849592471,-15.31852136582));
#6209 = DIRECTION('',(-9.676231232676E-18,-8.715574274766E-02,
    0.996194698092));
#6210 = DIRECTION('',(1.,-1.110223024625E-16,0.));
#6211 = PCURVE('',#5775,#6212);
#6212 = DEFINITIONAL_REPRESENTATION('',(#6213),#6217);
#6213 = LINE('',#6214,#6215);
#6214 = CARTESIAN_POINT('',(-0.,13.05));
#6215 = VECTOR('',#6216,1.);
#6216 = DIRECTION('',(-1.,0.));
#6217 = ( GEOMETRIC_REPRESENTATION_CONTEXT(2) 
PARAMETRIC_REPRESENTATION_CONTEXT() REPRESENTATION_CONTEXT('2D SPACE',''
  ) );
#6218 = PCURVE('',#6030,#6219);
#6219 = DEFINITIONAL_REPRESENTATION('',(#6220),#6224);
#6220 = LINE('',#6221,#6222);
#6221 = CARTESIAN_POINT('',(0.,-1.570796326795));
#6222 = VECTOR('',#6223,1.);
#6223 = DIRECTION('',(0.,1.));
#6224 = ( GEOMETRIC_REPRESENTATION_CONTEXT(2) 
PARAMETRIC_REPRESENTATION_CONTEXT() REPRESENTATION_CONTEXT('2D SPACE',''
  ) );
#6225 = ORIENTED_EDGE('',*,*,#5759,.F.);
#6226 = ADVANCED_FACE('',(#6227),#5718,.T.);
#6227 = FACE_BOUND('',#6228,.F.);
#6228 = EDGE_LOOP('',(#6229,#6230,#6258,#6280));
#6229 = ORIENTED_EDGE('',*,*,#6098,.T.);
#6230 = ORIENTED_EDGE('',*,*,#6231,.T.);
#6231 = EDGE_CURVE('',#6099,#6232,#6234,.T.);
#6232 = VERTEX_POINT('',#6233);
#6233 = CARTESIAN_POINT('',(41.,68.030442415266,5.302754058019));
#6234 = SURFACE_CURVE('',#6235,(#6239,#6246),.PCURVE_S1.);
#6235 = LINE('',#6236,#6237);
#6236 = CARTESIAN_POINT('',(41.,59.06469013244,4.51835237329));
#6237 = VECTOR('',#6238,1.);
#6238 = DIRECTION('',(1.105998290831E-16,0.996194698092,
    8.715574274766E-02));
#6239 = PCURVE('',#5718,#6240);
#6240 = DEFINITIONAL_REPRESENTATION('',(#6241),#6245);
#6241 = LINE('',#6242,#6243);
#6242 = CARTESIAN_POINT('',(-1.570796326795,0.));
#6243 = VECTOR('',#6244,1.);
#6244 = DIRECTION('',(-0.,1.));
#6245 = ( GEOMETRIC_REPRESENTATION_CONTEXT(2) 
PARAMETRIC_REPRESENTATION_CONTEXT() REPRESENTATION_CONTEXT('2D SPACE',''
  ) );
#6246 = PCURVE('',#6247,#6252);
#6247 = PLANE('',#6248);
#6248 = AXIS2_PLACEMENT_3D('',#6249,#6250,#6251);
#6249 = CARTESIAN_POINT('',(7.055197123612E-15,63.547566273853,
    4.910553215654));
#6250 = DIRECTION('',(-9.676231232676E-18,-8.715574274766E-02,
    0.996194698092));
#6251 = DIRECTION('',(1.105998290831E-16,0.996194698092,
    8.715574274766E-02));
#6252 = DEFINITIONAL_REPRESENTATION('',(#6253),#6257);
#6253 = LINE('',#6254,#6255);
#6254 = CARTESIAN_POINT('',(-4.5,-41.));
#6255 = VECTOR('',#6256,1.);
#6256 = DIRECTION('',(1.,0.));
#6257 = ( GEOMETRIC_REPRESENTATION_CONTEXT(2) 
PARAMETRIC_REPRESENTATION_CONTEXT() REPRESENTATION_CONTEXT('2D SPACE',''
  ) );
#6258 = ORIENTED_EDGE('',*,*,#6259,.F.);
#6259 = EDGE_CURVE('',#5703,#6232,#6260,.T.);
#6260 = SURFACE_CURVE('',#6261,(#6266,#6273),.PCURVE_S1.);
#6261 = CIRCLE('',#6262,4.);
#6262 = AXIS2_PLACEMENT_3D('',#6263,#6264,#6265);
#6263 = CARTESIAN_POINT('',(41.,68.379065386257,1.317975265652));
#6264 = DIRECTION('',(-1.105998290831E-16,-0.996194698092,
    -8.715574274766E-02));
#6265 = DIRECTION('',(1.,-1.110223024625E-16,0.));
#6266 = PCURVE('',#5718,#6267);
#6267 = DEFINITIONAL_REPRESENTATION('',(#6268),#6272);
#6268 = LINE('',#6269,#6270);
#6269 = CARTESIAN_POINT('',(-0.,9.));
#6270 = VECTOR('',#6271,1.);
#6271 = DIRECTION('',(-1.,0.));
#6272 = ( GEOMETRIC_REPRESENTATION_CONTEXT(2) 
PARAMETRIC_REPRESENTATION_CONTEXT() REPRESENTATION_CONTEXT('2D SPACE',''
  ) );
#6273 = PCURVE('',#5747,#6274);
#6274 = DEFINITIONAL_REPRESENTATION('',(#6275),#6279);
#6275 = LINE('',#6276,#6277);
#6276 = CARTESIAN_POINT('',(0.,4.712388980385));
#6277 = VECTOR('',#6278,1.);
#6278 = DIRECTION('',(0.,1.));
#6279 = ( GEOMETRIC_REPRESENTATION_CONTEXT(2) 
PARAMETRIC_REPRESENTATION_CONTEXT() REPRESENTATION_CONTEXT('2D SPACE',''
  ) );
#6280 = ORIENTED_EDGE('',*,*,#5702,.F.);
#6281 = ADVANCED_FACE('',(#6282),#5747,.T.);
#6282 = FACE_BOUND('',#6283,.T.);
#6283 = EDGE_LOOP('',(#6284,#6285,#6286,#6287));
#6284 = ORIENTED_EDGE('',*,*,#6259,.F.);
#6285 = ORIENTED_EDGE('',*,*,#5730,.T.);
#6286 = ORIENTED_EDGE('',*,*,#6152,.T.);
#6287 = ORIENTED_EDGE('',*,*,#6288,.F.);
#6288 = EDGE_CURVE('',#6232,#6153,#6289,.T.);
#6289 = SURFACE_CURVE('',#6290,(#6295,#6302),.PCURVE_S1.);
#6290 = CIRCLE('',#6291,8.);
#6291 = AXIS2_PLACEMENT_3D('',#6292,#6293,#6294);
#6292 = CARTESIAN_POINT('',(41.,68.727688357247,-2.666803526715));
#6293 = DIRECTION('',(-1.,1.110223024625E-16,-2.55153078879E-34));
#6294 = DIRECTION('',(-9.676231232676E-18,-8.715574274766E-02,
    0.996194698092));
#6295 = PCURVE('',#5747,#6296);
#6296 = DEFINITIONAL_REPRESENTATION('',(#6297),#6301);
#6297 = LINE('',#6298,#6299);
#6298 = CARTESIAN_POINT('',(0.,6.28318530718));
#6299 = VECTOR('',#6300,1.);
#6300 = DIRECTION('',(1.,0.));
#6301 = ( GEOMETRIC_REPRESENTATION_CONTEXT(2) 
PARAMETRIC_REPRESENTATION_CONTEXT() REPRESENTATION_CONTEXT('2D SPACE',''
  ) );
#6302 = PCURVE('',#6303,#6308);
#6303 = CYLINDRICAL_SURFACE('',#6304,8.);
#6304 = AXIS2_PLACEMENT_3D('',#6305,#6306,#6307);
#6305 = CARTESIAN_POINT('',(45.,68.727688357247,-2.666803526715));
#6306 = DIRECTION('',(-1.,1.110223024625E-16,0.));
#6307 = DIRECTION('',(1.105998290831E-16,0.996194698092,
    8.715574274766E-02));
#6308 = DEFINITIONAL_REPRESENTATION('',(#6309),#6313);
#6309 = LINE('',#6310,#6311);
#6310 = CARTESIAN_POINT('',(-1.570796326795,4.));
#6311 = VECTOR('',#6312,1.);
#6312 = DIRECTION('',(1.,-0.));
#6313 = ( GEOMETRIC_REPRESENTATION_CONTEXT(2) 
PARAMETRIC_REPRESENTATION_CONTEXT() REPRESENTATION_CONTEXT('2D SPACE',''
  ) );
#6314 = ADVANCED_FACE('',(#6315),#5833,.T.);
#6315 = FACE_BOUND('',#6316,.T.);
#6316 = EDGE_LOOP('',(#6317,#6340,#6341,#6364));
#6317 = ORIENTED_EDGE('',*,*,#6318,.F.);
#6318 = EDGE_CURVE('',#5816,#6319,#6321,.T.);
#6319 = VERTEX_POINT('',#6320);
#6320 = CARTESIAN_POINT('',(43.5,60.016866621958,-6.365074703363));
#6321 = SURFACE_CURVE('',#6322,(#6326,#6333),.PCURVE_S1.);
#6322 = LINE('',#6323,#6324);
#6323 = CARTESIAN_POINT('',(46.5,60.016866621958,-6.365074703363));
#6324 = VECTOR('',#6325,1.);
#6325 = DIRECTION('',(-1.,1.110223024625E-16,0.));
#6326 = PCURVE('',#5833,#6327);
#6327 = DEFINITIONAL_REPRESENTATION('',(#6328),#6332);
#6328 = LINE('',#6329,#6330);
#6329 = CARTESIAN_POINT('',(1.451434684901E-17,-1.5));
#6330 = VECTOR('',#6331,1.);
#6331 = DIRECTION('',(0.,1.));
#6332 = ( GEOMETRIC_REPRESENTATION_CONTEXT(2) 
PARAMETRIC_REPRESENTATION_CONTEXT() REPRESENTATION_CONTEXT('2D SPACE',''
  ) );
#6333 = PCURVE('',#5915,#6334);
#6334 = DEFINITIONAL_REPRESENTATION('',(#6335),#6339);
#6335 = LINE('',#6336,#6337);
#6336 = CARTESIAN_POINT('',(9.,-1.5));
#6337 = VECTOR('',#6338,1.);
#6338 = DIRECTION('',(0.,1.));
#6339 = ( GEOMETRIC_REPRESENTATION_CONTEXT(2) 
PARAMETRIC_REPRESENTATION_CONTEXT() REPRESENTATION_CONTEXT('2D SPACE',''
  ) );
#6340 = ORIENTED_EDGE('',*,*,#5815,.T.);
#6341 = ORIENTED_EDGE('',*,*,#6342,.T.);
#6342 = EDGE_CURVE('',#5818,#6343,#6345,.T.);
#6343 = VERTEX_POINT('',#6344);
#6344 = CARTESIAN_POINT('',(43.5,60.295764998751,-9.552897737256));
#6345 = SURFACE_CURVE('',#6346,(#6350,#6357),.PCURVE_S1.);
#6346 = LINE('',#6347,#6348);
#6347 = CARTESIAN_POINT('',(46.5,60.295764998751,-9.552897737256));
#6348 = VECTOR('',#6349,1.);
#6349 = DIRECTION('',(-1.,1.110223024625E-16,0.));
#6350 = PCURVE('',#5833,#6351);
#6351 = DEFINITIONAL_REPRESENTATION('',(#6352),#6356);
#6352 = LINE('',#6353,#6354);
#6353 = CARTESIAN_POINT('',(3.2,-1.5));
#6354 = VECTOR('',#6355,1.);
#6355 = DIRECTION('',(0.,1.));
#6356 = ( GEOMETRIC_REPRESENTATION_CONTEXT(2) 
PARAMETRIC_REPRESENTATION_CONTEXT() REPRESENTATION_CONTEXT('2D SPACE',''
  ) );
#6357 = PCURVE('',#5861,#6358);
#6358 = DEFINITIONAL_REPRESENTATION('',(#6359),#6363);
#6359 = LINE('',#6360,#6361);
#6360 = CARTESIAN_POINT('',(1.658997436246E-16,-1.5));
#6361 = VECTOR('',#6362,1.);
#6362 = DIRECTION('',(0.,1.));
#6363 = ( GEOMETRIC_REPRESENTATION_CONTEXT(2) 
PARAMETRIC_REPRESENTATION_CONTEXT() REPRESENTATION_CONTEXT('2D SPACE',''
  ) );
#6364 = ORIENTED_EDGE('',*,*,#6365,.F.);
#6365 = EDGE_CURVE('',#6319,#6343,#6366,.T.);
#6366 = SURFACE_CURVE('',#6367,(#6371,#6378),.PCURVE_S1.);
#6367 = LINE('',#6368,#6369);
#6368 = CARTESIAN_POINT('',(43.5,60.016866621958,-6.365074703363));
#6369 = VECTOR('',#6370,1.);
#6370 = DIRECTION('',(9.676231232676E-18,8.715574274766E-02,
    -0.996194698092));
#6371 = PCURVE('',#5833,#6372);
#6372 = DEFINITIONAL_REPRESENTATION('',(#6373),#6377);
#6373 = LINE('',#6374,#6375);
#6374 = CARTESIAN_POINT('',(-1.451434684901E-17,1.5));
#6375 = VECTOR('',#6376,1.);
#6376 = DIRECTION('',(1.,0.));
#6377 = ( GEOMETRIC_REPRESENTATION_CONTEXT(2) 
PARAMETRIC_REPRESENTATION_CONTEXT() REPRESENTATION_CONTEXT('2D SPACE',''
  ) );
#6378 = PCURVE('',#6379,#6384);
#6379 = PLANE('',#6380);
#6380 = AXIS2_PLACEMENT_3D('',#6381,#6382,#6383);
#6381 = CARTESIAN_POINT('',(43.5,64.639191951768,-7.566785377945));
#6382 = DIRECTION('',(1.,-1.110223024625E-16,0.));
#6383 = DIRECTION('',(9.676231232676E-18,8.715574274766E-02,
    -0.996194698092));
#6384 = DEFINITIONAL_REPRESENTATION('',(#6385),#6389);
#6385 = LINE('',#6386,#6387);
#6386 = CARTESIAN_POINT('',(-1.6,-4.5));
#6387 = VECTOR('',#6388,1.);
#6388 = DIRECTION('',(1.,-2.298214621924E-18));
#6389 = ( GEOMETRIC_REPRESENTATION_CONTEXT(2) 
PARAMETRIC_REPRESENTATION_CONTEXT() REPRESENTATION_CONTEXT('2D SPACE',''
  ) );
#6390 = ADVANCED_FACE('',(#6391),#5915,.T.);
#6391 = FACE_BOUND('',#6392,.T.);
#6392 = EDGE_LOOP('',(#6393,#6416,#6417,#6418));
#6393 = ORIENTED_EDGE('',*,*,#6394,.T.);
#6394 = EDGE_CURVE('',#6395,#5874,#6397,.T.);
#6395 = VERTEX_POINT('',#6396);
#6396 = CARTESIAN_POINT('',(43.5,68.982618904784,-5.580673018634));
#6397 = SURFACE_CURVE('',#6398,(#6402,#6409),.PCURVE_S1.);
#6398 = LINE('',#6399,#6400);
#6399 = CARTESIAN_POINT('',(43.5,68.982618904784,-5.580673018634));
#6400 = VECTOR('',#6401,1.);
#6401 = DIRECTION('',(1.,-1.110223024625E-16,0.));
#6402 = PCURVE('',#5915,#6403);
#6403 = DEFINITIONAL_REPRESENTATION('',(#6404),#6408);
#6404 = LINE('',#6405,#6406);
#6405 = CARTESIAN_POINT('',(1.658997436246E-16,1.5));
#6406 = VECTOR('',#6407,1.);
#6407 = DIRECTION('',(0.,-1.));
#6408 = ( GEOMETRIC_REPRESENTATION_CONTEXT(2) 
PARAMETRIC_REPRESENTATION_CONTEXT() REPRESENTATION_CONTEXT('2D SPACE',''
  ) );
#6409 = PCURVE('',#5889,#6410);
#6410 = DEFINITIONAL_REPRESENTATION('',(#6411),#6415);
#6411 = LINE('',#6412,#6413);
#6412 = CARTESIAN_POINT('',(3.2,1.5));
#6413 = VECTOR('',#6414,1.);
#6414 = DIRECTION('',(0.,-1.));
#6415 = ( GEOMETRIC_REPRESENTATION_CONTEXT(2) 
PARAMETRIC_REPRESENTATION_CONTEXT() REPRESENTATION_CONTEXT('2D SPACE',''
  ) );
#6416 = ORIENTED_EDGE('',*,*,#5901,.T.);
#6417 = ORIENTED_EDGE('',*,*,#6318,.T.);
#6418 = ORIENTED_EDGE('',*,*,#6419,.F.);
#6419 = EDGE_CURVE('',#6395,#6319,#6420,.T.);
#6420 = SURFACE_CURVE('',#6421,(#6425,#6432),.PCURVE_S1.);
#6421 = LINE('',#6422,#6423);
#6422 = CARTESIAN_POINT('',(43.5,68.982618904784,-5.580673018634));
#6423 = VECTOR('',#6424,1.);
#6424 = DIRECTION('',(-1.105998290831E-16,-0.996194698092,
    -8.715574274766E-02));
#6425 = PCURVE('',#5915,#6426);
#6426 = DEFINITIONAL_REPRESENTATION('',(#6427),#6431);
#6427 = LINE('',#6428,#6429);
#6428 = CARTESIAN_POINT('',(1.658997436246E-16,1.5));
#6429 = VECTOR('',#6430,1.);
#6430 = DIRECTION('',(1.,0.));
#6431 = ( GEOMETRIC_REPRESENTATION_CONTEXT(2) 
PARAMETRIC_REPRESENTATION_CONTEXT() REPRESENTATION_CONTEXT('2D SPACE',''
  ) );
#6432 = PCURVE('',#6379,#6433);
#6433 = DEFINITIONAL_REPRESENTATION('',(#6434),#6438);
#6434 = LINE('',#6435,#6436);
#6435 = CARTESIAN_POINT('',(-1.6,4.5));
#6436 = VECTOR('',#6437,1.);
#6437 = DIRECTION('',(2.298214621924E-18,-1.));
#6438 = ( GEOMETRIC_REPRESENTATION_CONTEXT(2) 
PARAMETRIC_REPRESENTATION_CONTEXT() REPRESENTATION_CONTEXT('2D SPACE',''
  ) );
#6439 = ADVANCED_FACE('',(#6440),#5889,.T.);
#6440 = FACE_BOUND('',#6441,.T.);
#6441 = EDGE_LOOP('',(#6442,#6465,#6466,#6467));
#6442 = ORIENTED_EDGE('',*,*,#6443,.T.);
#6443 = EDGE_CURVE('',#6444,#5846,#6446,.T.);
#6444 = VERTEX_POINT('',#6445);
#6445 = CARTESIAN_POINT('',(43.5,69.261517281577,-8.768496052527));
#6446 = SURFACE_CURVE('',#6447,(#6451,#6458),.PCURVE_S1.);
#6447 = LINE('',#6448,#6449);
#6448 = CARTESIAN_POINT('',(43.5,69.261517281577,-8.768496052527));
#6449 = VECTOR('',#6450,1.);
#6450 = DIRECTION('',(1.,-1.110223024625E-16,0.));
#6451 = PCURVE('',#5889,#6452);
#6452 = DEFINITIONAL_REPRESENTATION('',(#6453),#6457);
#6453 = LINE('',#6454,#6455);
#6454 = CARTESIAN_POINT('',(1.451434684901E-17,1.5));
#6455 = VECTOR('',#6456,1.);
#6456 = DIRECTION('',(0.,-1.));
#6457 = ( GEOMETRIC_REPRESENTATION_CONTEXT(2) 
PARAMETRIC_REPRESENTATION_CONTEXT() REPRESENTATION_CONTEXT('2D SPACE',''
  ) );
#6458 = PCURVE('',#5861,#6459);
#6459 = DEFINITIONAL_REPRESENTATION('',(#6460),#6464);
#6460 = LINE('',#6461,#6462);
#6461 = CARTESIAN_POINT('',(9.,1.5));
#6462 = VECTOR('',#6463,1.);
#6463 = DIRECTION('',(0.,-1.));
#6464 = ( GEOMETRIC_REPRESENTATION_CONTEXT(2) 
PARAMETRIC_REPRESENTATION_CONTEXT() REPRESENTATION_CONTEXT('2D SPACE',''
  ) );
#6465 = ORIENTED_EDGE('',*,*,#5873,.T.);
#6466 = ORIENTED_EDGE('',*,*,#6394,.F.);
#6467 = ORIENTED_EDGE('',*,*,#6468,.F.);
#6468 = EDGE_CURVE('',#6444,#6395,#6469,.T.);
#6469 = SURFACE_CURVE('',#6470,(#6474,#6481),.PCURVE_S1.);
#6470 = LINE('',#6471,#6472);
#6471 = CARTESIAN_POINT('',(43.5,69.261517281577,-8.768496052527));
#6472 = VECTOR('',#6473,1.);
#6473 = DIRECTION('',(-9.676231232676E-18,-8.715574274766E-02,
    0.996194698092));
#6474 = PCURVE('',#5889,#6475);
#6475 = DEFINITIONAL_REPRESENTATION('',(#6476),#6480);
#6476 = LINE('',#6477,#6478);
#6477 = CARTESIAN_POINT('',(1.451434684901E-17,1.5));
#6478 = VECTOR('',#6479,1.);
#6479 = DIRECTION('',(1.,0.));
#6480 = ( GEOMETRIC_REPRESENTATION_CONTEXT(2) 
PARAMETRIC_REPRESENTATION_CONTEXT() REPRESENTATION_CONTEXT('2D SPACE',''
  ) );
#6481 = PCURVE('',#6379,#6482);
#6482 = DEFINITIONAL_REPRESENTATION('',(#6483),#6487);
#6483 = LINE('',#6484,#6485);
#6484 = CARTESIAN_POINT('',(1.6,4.5));
#6485 = VECTOR('',#6486,1.);
#6486 = DIRECTION('',(-1.,2.298214621924E-18));
#6487 = ( GEOMETRIC_REPRESENTATION_CONTEXT(2) 
PARAMETRIC_REPRESENTATION_CONTEXT() REPRESENTATION_CONTEXT('2D SPACE',''
  ) );
#6488 = ADVANCED_FACE('',(#6489),#5861,.T.);
#6489 = FACE_BOUND('',#6490,.T.);
#6490 = EDGE_LOOP('',(#6491,#6492,#6493,#6494));
#6491 = ORIENTED_EDGE('',*,*,#6342,.F.);
#6492 = ORIENTED_EDGE('',*,*,#5845,.T.);
#6493 = ORIENTED_EDGE('',*,*,#6443,.F.);
#6494 = ORIENTED_EDGE('',*,*,#6495,.F.);
#6495 = EDGE_CURVE('',#6343,#6444,#6496,.T.);
#6496 = SURFACE_CURVE('',#6497,(#6501,#6508),.PCURVE_S1.);
#6497 = LINE('',#6498,#6499);
#6498 = CARTESIAN_POINT('',(43.5,60.295764998751,-9.552897737256));
#6499 = VECTOR('',#6500,1.);
#6500 = DIRECTION('',(1.105998290831E-16,0.996194698092,
    8.715574274766E-02));
#6501 = PCURVE('',#5861,#6502);
#6502 = DEFINITIONAL_REPRESENTATION('',(#6503),#6507);
#6503 = LINE('',#6504,#6505);
#6504 = CARTESIAN_POINT('',(-1.658997436246E-16,1.5));
#6505 = VECTOR('',#6506,1.);
#6506 = DIRECTION('',(1.,0.));
#6507 = ( GEOMETRIC_REPRESENTATION_CONTEXT(2) 
PARAMETRIC_REPRESENTATION_CONTEXT() REPRESENTATION_CONTEXT('2D SPACE',''
  ) );
#6508 = PCURVE('',#6379,#6509);
#6509 = DEFINITIONAL_REPRESENTATION('',(#6510),#6514);
#6510 = LINE('',#6511,#6512);
#6511 = CARTESIAN_POINT('',(1.6,-4.5));
#6512 = VECTOR('',#6513,1.);
#6513 = DIRECTION('',(-2.298214621924E-18,1.));
#6514 = ( GEOMETRIC_REPRESENTATION_CONTEXT(2) 
PARAMETRIC_REPRESENTATION_CONTEXT() REPRESENTATION_CONTEXT('2D SPACE',''
  ) );
#6515 = ADVANCED_FACE('',(#6516),#5947,.T.);
#6516 = FACE_BOUND('',#6517,.T.);
#6517 = EDGE_LOOP('',(#6518,#6519,#6520));
#6518 = ORIENTED_EDGE('',*,*,#6070,.F.);
#6519 = ORIENTED_EDGE('',*,*,#5930,.T.);
#6520 = ORIENTED_EDGE('',*,*,#6521,.F.);
#6521 = EDGE_CURVE('',#6043,#5931,#6522,.T.);
#6522 = SURFACE_CURVE('',#6523,(#6528,#6535),.PCURVE_S1.);
#6523 = CIRCLE('',#6524,4.);
#6524 = AXIS2_PLACEMENT_3D('',#6525,#6526,#6527);
#6525 = CARTESIAN_POINT('',(41.,56.914539724912,-16.80016899253));
#6526 = DIRECTION('',(-1.,1.110223024625E-16,-2.55153078879E-34));
#6527 = DIRECTION('',(9.676231232676E-18,8.715574274766E-02,
    -0.996194698092));
#6528 = PCURVE('',#5947,#6529);
#6529 = DEFINITIONAL_REPRESENTATION('',(#6530),#6534);
#6530 = LINE('',#6531,#6532);
#6531 = CARTESIAN_POINT('',(0.,0.));
#6532 = VECTOR('',#6533,1.);
#6533 = DIRECTION('',(1.,0.));
#6534 = ( GEOMETRIC_REPRESENTATION_CONTEXT(2) 
PARAMETRIC_REPRESENTATION_CONTEXT() REPRESENTATION_CONTEXT('2D SPACE',''
  ) );
#6535 = PCURVE('',#6536,#6541);
#6536 = CYLINDRICAL_SURFACE('',#6537,4.);
#6537 = AXIS2_PLACEMENT_3D('',#6538,#6539,#6540);
#6538 = CARTESIAN_POINT('',(-45.,56.914539724912,-16.80016899253));
#6539 = DIRECTION('',(1.,-1.110223024625E-16,0.));
#6540 = DIRECTION('',(-1.105998290831E-16,-0.996194698092,
    -8.715574274766E-02));
#6541 = DEFINITIONAL_REPRESENTATION('',(#6542),#6546);
#6542 = LINE('',#6543,#6544);
#6543 = CARTESIAN_POINT('',(1.570796326795,86.));
#6544 = VECTOR('',#6545,1.);
#6545 = DIRECTION('',(-1.,-0.));
#6546 = ( GEOMETRIC_REPRESENTATION_CONTEXT(2) 
PARAMETRIC_REPRESENTATION_CONTEXT() REPRESENTATION_CONTEXT('2D SPACE',''
  ) );
#6547 = ADVANCED_FACE('',(#6548),#5975,.F.);
#6548 = FACE_BOUND('',#6549,.F.);
#6549 = EDGE_LOOP('',(#6550,#6573,#6601,#6622));
#6550 = ORIENTED_EDGE('',*,*,#6551,.F.);
#6551 = EDGE_CURVE('',#6552,#5931,#6554,.T.);
#6552 = VERTEX_POINT('',#6553);
#6553 = CARTESIAN_POINT('',(-41.,52.929760932545,-17.14879196352));
#6554 = SURFACE_CURVE('',#6555,(#6559,#6566),.PCURVE_S1.);
#6555 = LINE('',#6556,#6557);
#6556 = CARTESIAN_POINT('',(-45.,52.929760932545,-17.14879196352));
#6557 = VECTOR('',#6558,1.);
#6558 = DIRECTION('',(1.,-1.110223024625E-16,0.));
#6559 = PCURVE('',#5975,#6560);
#6560 = DEFINITIONAL_REPRESENTATION('',(#6561),#6565);
#6561 = LINE('',#6562,#6563);
#6562 = CARTESIAN_POINT('',(3.87049249307E-17,-4.));
#6563 = VECTOR('',#6564,1.);
#6564 = DIRECTION('',(1.,0.));
#6565 = ( GEOMETRIC_REPRESENTATION_CONTEXT(2) 
PARAMETRIC_REPRESENTATION_CONTEXT() REPRESENTATION_CONTEXT('2D SPACE',''
  ) );
#6566 = PCURVE('',#6536,#6567);
#6567 = DEFINITIONAL_REPRESENTATION('',(#6568),#6572);
#6568 = LINE('',#6569,#6570);
#6569 = CARTESIAN_POINT('',(0.,0.));
#6570 = VECTOR('',#6571,1.);
#6571 = DIRECTION('',(0.,1.));
#6572 = ( GEOMETRIC_REPRESENTATION_CONTEXT(2) 
PARAMETRIC_REPRESENTATION_CONTEXT() REPRESENTATION_CONTEXT('2D SPACE',''
  ) );
#6573 = ORIENTED_EDGE('',*,*,#6574,.T.);
#6574 = EDGE_CURVE('',#6552,#6575,#6577,.T.);
#6575 = VERTEX_POINT('',#6576);
#6576 = CARTESIAN_POINT('',(-41.,51.792378489688,-4.148451153425));
#6577 = SURFACE_CURVE('',#6578,(#6582,#6589),.PCURVE_S1.);
#6578 = LINE('',#6579,#6580);
#6579 = CARTESIAN_POINT('',(-41.,52.929760932545,-17.14879196352));
#6580 = VECTOR('',#6581,1.);
#6581 = DIRECTION('',(-9.676231232676E-18,-8.715574274766E-02,
    0.996194698092));
#6582 = PCURVE('',#5975,#6583);
#6583 = DEFINITIONAL_REPRESENTATION('',(#6584),#6588);
#6584 = LINE('',#6585,#6586);
#6585 = CARTESIAN_POINT('',(4.,-4.));
#6586 = VECTOR('',#6587,1.);
#6587 = DIRECTION('',(0.,-1.));
#6588 = ( GEOMETRIC_REPRESENTATION_CONTEXT(2) 
PARAMETRIC_REPRESENTATION_CONTEXT() REPRESENTATION_CONTEXT('2D SPACE',''
  ) );
#6589 = PCURVE('',#6590,#6595);
#6590 = CYLINDRICAL_SURFACE('',#6591,4.);
#6591 = AXIS2_PLACEMENT_3D('',#6592,#6593,#6594);
#6592 = CARTESIAN_POINT('',(-41.,56.914539724912,-16.80016899253));
#6593 = DIRECTION('',(-9.676231232676E-18,-8.715574274766E-02,
    0.996194698092));
#6594 = DIRECTION('',(-1.105998290831E-16,-0.996194698092,
    -8.715574274766E-02));
#6595 = DEFINITIONAL_REPRESENTATION('',(#6596),#6600);
#6596 = LINE('',#6597,#6598);
#6597 = CARTESIAN_POINT('',(-0.,0.));
#6598 = VECTOR('',#6599,1.);
#6599 = DIRECTION('',(-0.,1.));
#6600 = ( GEOMETRIC_REPRESENTATION_CONTEXT(2) 
PARAMETRIC_REPRESENTATION_CONTEXT() REPRESENTATION_CONTEXT('2D SPACE',''
  ) );
#6601 = ORIENTED_EDGE('',*,*,#6602,.T.);
#6602 = EDGE_CURVE('',#6575,#5960,#6603,.T.);
#6603 = SURFACE_CURVE('',#6604,(#6608,#6615),.PCURVE_S1.);
#6604 = LINE('',#6605,#6606);
#6605 = CARTESIAN_POINT('',(-45.,51.792378489688,-4.148451153425));
#6606 = VECTOR('',#6607,1.);
#6607 = DIRECTION('',(1.,-1.110223024625E-16,0.));
#6608 = PCURVE('',#5975,#6609);
#6609 = DEFINITIONAL_REPRESENTATION('',(#6610),#6614);
#6610 = LINE('',#6611,#6612);
#6611 = CARTESIAN_POINT('',(1.649797425171E-16,-17.05));
#6612 = VECTOR('',#6613,1.);
#6613 = DIRECTION('',(1.,0.));
#6614 = ( GEOMETRIC_REPRESENTATION_CONTEXT(2) 
PARAMETRIC_REPRESENTATION_CONTEXT() REPRESENTATION_CONTEXT('2D SPACE',''
  ) );
#6615 = PCURVE('',#6137,#6616);
#6616 = DEFINITIONAL_REPRESENTATION('',(#6617),#6621);
#6617 = LINE('',#6618,#6619);
#6618 = CARTESIAN_POINT('',(-0.,0.));
#6619 = VECTOR('',#6620,1.);
#6620 = DIRECTION('',(-0.,1.));
#6621 = ( GEOMETRIC_REPRESENTATION_CONTEXT(2) 
PARAMETRIC_REPRESENTATION_CONTEXT() REPRESENTATION_CONTEXT('2D SPACE',''
  ) );
#6622 = ORIENTED_EDGE('',*,*,#5959,.F.);
#6623 = ADVANCED_FACE('',(#6624),#6030,.T.);
#6624 = FACE_BOUND('',#6625,.T.);
#6625 = EDGE_LOOP('',(#6626,#6627,#6628));
#6626 = ORIENTED_EDGE('',*,*,#6204,.F.);
#6627 = ORIENTED_EDGE('',*,*,#6013,.T.);
#6628 = ORIENTED_EDGE('',*,*,#6629,.F.);
#6629 = EDGE_CURVE('',#6177,#6014,#6630,.T.);
#6630 = SURFACE_CURVE('',#6631,(#6636,#6643),.PCURVE_S1.);
#6631 = CIRCLE('',#6632,4.);
#6632 = AXIS2_PLACEMENT_3D('',#6633,#6634,#6635);
#6633 = CARTESIAN_POINT('',(41.,73.849849592471,-15.31852136582));
#6634 = DIRECTION('',(-1.,1.110223024625E-16,2.55153078879E-34));
#6635 = DIRECTION('',(1.105998290831E-16,0.996194698092,
    8.715574274766E-02));
#6636 = PCURVE('',#6030,#6637);
#6637 = DEFINITIONAL_REPRESENTATION('',(#6638),#6642);
#6638 = LINE('',#6639,#6640);
#6639 = CARTESIAN_POINT('',(0.,0.));
#6640 = VECTOR('',#6641,1.);
#6641 = DIRECTION('',(1.,0.));
#6642 = ( GEOMETRIC_REPRESENTATION_CONTEXT(2) 
PARAMETRIC_REPRESENTATION_CONTEXT() REPRESENTATION_CONTEXT('2D SPACE',''
  ) );
#6643 = PCURVE('',#6644,#6649);
#6644 = CYLINDRICAL_SURFACE('',#6645,4.);
#6645 = AXIS2_PLACEMENT_3D('',#6646,#6647,#6648);
#6646 = CARTESIAN_POINT('',(45.,73.849849592471,-15.31852136582));
#6647 = DIRECTION('',(-1.,1.110223024625E-16,0.));
#6648 = DIRECTION('',(9.676231232676E-18,8.715574274766E-02,
    -0.996194698092));
#6649 = DEFINITIONAL_REPRESENTATION('',(#6650),#6654);
#6650 = LINE('',#6651,#6652);
#6651 = CARTESIAN_POINT('',(-1.570796326795,4.));
#6652 = VECTOR('',#6653,1.);
#6653 = DIRECTION('',(1.,-0.));
#6654 = ( GEOMETRIC_REPRESENTATION_CONTEXT(2) 
PARAMETRIC_REPRESENTATION_CONTEXT() REPRESENTATION_CONTEXT('2D SPACE',''
  ) );
#6655 = ADVANCED_FACE('',(#6656),#6058,.F.);
#6656 = FACE_BOUND('',#6657,.F.);
#6657 = EDGE_LOOP('',(#6658,#6681,#6682,#6705));
#6658 = ORIENTED_EDGE('',*,*,#6659,.T.);
#6659 = EDGE_CURVE('',#6660,#6043,#6662,.T.);
#6660 = VERTEX_POINT('',#6661);
#6661 = CARTESIAN_POINT('',(-41.,57.263162695902,-20.78494778489));
#6662 = SURFACE_CURVE('',#6663,(#6667,#6674),.PCURVE_S1.);
#6663 = LINE('',#6664,#6665);
#6664 = CARTESIAN_POINT('',(-45.,57.263162695902,-20.78494778489));
#6665 = VECTOR('',#6666,1.);
#6666 = DIRECTION('',(1.,-1.110223024625E-16,0.));
#6667 = PCURVE('',#6058,#6668);
#6668 = DEFINITIONAL_REPRESENTATION('',(#6669),#6673);
#6669 = LINE('',#6670,#6671);
#6670 = CARTESIAN_POINT('',(-8.5,45.));
#6671 = VECTOR('',#6672,1.);
#6672 = DIRECTION('',(0.,-1.));
#6673 = ( GEOMETRIC_REPRESENTATION_CONTEXT(2) 
PARAMETRIC_REPRESENTATION_CONTEXT() REPRESENTATION_CONTEXT('2D SPACE',''
  ) );
#6674 = PCURVE('',#6536,#6675);
#6675 = DEFINITIONAL_REPRESENTATION('',(#6676),#6680);
#6676 = LINE('',#6677,#6678);
#6677 = CARTESIAN_POINT('',(1.570796326795,0.));
#6678 = VECTOR('',#6679,1.);
#6679 = DIRECTION('',(0.,1.));
#6680 = ( GEOMETRIC_REPRESENTATION_CONTEXT(2) 
PARAMETRIC_REPRESENTATION_CONTEXT() REPRESENTATION_CONTEXT('2D SPACE',''
  ) );
#6681 = ORIENTED_EDGE('',*,*,#6042,.F.);
#6682 = ORIENTED_EDGE('',*,*,#6683,.T.);
#6683 = EDGE_CURVE('',#6014,#6684,#6686,.T.);
#6684 = VERTEX_POINT('',#6685);
#6685 = CARTESIAN_POINT('',(-41.,74.198472563462,-19.30330015818));
#6686 = SURFACE_CURVE('',#6687,(#6691,#6698),.PCURVE_S1.);
#6687 = LINE('',#6688,#6689);
#6688 = CARTESIAN_POINT('',(45.,74.198472563462,-19.30330015818));
#6689 = VECTOR('',#6690,1.);
#6690 = DIRECTION('',(-1.,1.110223024625E-16,0.));
#6691 = PCURVE('',#6058,#6692);
#6692 = DEFINITIONAL_REPRESENTATION('',(#6693),#6697);
#6693 = LINE('',#6694,#6695);
#6694 = CARTESIAN_POINT('',(8.5,-45.));
#6695 = VECTOR('',#6696,1.);
#6696 = DIRECTION('',(0.,1.));
#6697 = ( GEOMETRIC_REPRESENTATION_CONTEXT(2) 
PARAMETRIC_REPRESENTATION_CONTEXT() REPRESENTATION_CONTEXT('2D SPACE',''
  ) );
#6698 = PCURVE('',#6644,#6699);
#6699 = DEFINITIONAL_REPRESENTATION('',(#6700),#6704);
#6700 = LINE('',#6701,#6702);
#6701 = CARTESIAN_POINT('',(-0.,0.));
#6702 = VECTOR('',#6703,1.);
#6703 = DIRECTION('',(-0.,1.));
#6704 = ( GEOMETRIC_REPRESENTATION_CONTEXT(2) 
PARAMETRIC_REPRESENTATION_CONTEXT() REPRESENTATION_CONTEXT('2D SPACE',''
  ) );
#6705 = ORIENTED_EDGE('',*,*,#6706,.T.);
#6706 = EDGE_CURVE('',#6684,#6660,#6707,.T.);
#6707 = SURFACE_CURVE('',#6708,(#6712,#6719),.PCURVE_S1.);
#6708 = LINE('',#6709,#6710);
#6709 = CARTESIAN_POINT('',(-41.,74.198472563462,-19.30330015818));
#6710 = VECTOR('',#6711,1.);
#6711 = DIRECTION('',(-1.105998290831E-16,-0.996194698092,
    -8.715574274766E-02));
#6712 = PCURVE('',#6058,#6713);
#6713 = DEFINITIONAL_REPRESENTATION('',(#6714),#6718);
#6714 = LINE('',#6715,#6716);
#6715 = CARTESIAN_POINT('',(8.5,41.));
#6716 = VECTOR('',#6717,1.);
#6717 = DIRECTION('',(-1.,0.));
#6718 = ( GEOMETRIC_REPRESENTATION_CONTEXT(2) 
PARAMETRIC_REPRESENTATION_CONTEXT() REPRESENTATION_CONTEXT('2D SPACE',''
  ) );
#6719 = PCURVE('',#6720,#6725);
#6720 = CYLINDRICAL_SURFACE('',#6721,4.);
#6721 = AXIS2_PLACEMENT_3D('',#6722,#6723,#6724);
#6722 = CARTESIAN_POINT('',(-41.,73.849849592471,-15.31852136582));
#6723 = DIRECTION('',(-1.105998290831E-16,-0.996194698092,
    -8.715574274766E-02));
#6724 = DIRECTION('',(9.676231232676E-18,8.715574274766E-02,
    -0.996194698092));
#6725 = DEFINITIONAL_REPRESENTATION('',(#6726),#6730);
#6726 = LINE('',#6727,#6728);
#6727 = CARTESIAN_POINT('',(-0.,0.));
#6728 = VECTOR('',#6729,1.);
#6729 = DIRECTION('',(-0.,1.));
#6730 = ( GEOMETRIC_REPRESENTATION_CONTEXT(2) 
PARAMETRIC_REPRESENTATION_CONTEXT() REPRESENTATION_CONTEXT('2D SPACE',''
  ) );
#6731 = ADVANCED_FACE('',(#6732),#6137,.T.);
#6732 = FACE_BOUND('',#6733,.F.);
#6733 = EDGE_LOOP('',(#6734,#6735,#6764,#6792,#6862,#6890,#6960,#6988,
    #7058,#7079));
#6734 = ORIENTED_EDGE('',*,*,#6602,.F.);
#6735 = ORIENTED_EDGE('',*,*,#6736,.T.);
#6736 = EDGE_CURVE('',#6575,#6737,#6739,.T.);
#6737 = VERTEX_POINT('',#6738);
#6738 = CARTESIAN_POINT('',(-41.,59.06469013244,4.51835237329));
#6739 = SURFACE_CURVE('',#6740,(#6745,#6752),.PCURVE_S1.);
#6740 = CIRCLE('',#6741,8.);
#6741 = AXIS2_PLACEMENT_3D('',#6742,#6743,#6744);
#6742 = CARTESIAN_POINT('',(-41.,59.761936074422,-3.451205211444));
#6743 = DIRECTION('',(-1.,1.110223024625E-16,3.020570461912E-34));
#6744 = DIRECTION('',(-1.105998290831E-16,-0.996194698092,
    -8.715574274766E-02));
#6745 = PCURVE('',#6137,#6746);
#6746 = DEFINITIONAL_REPRESENTATION('',(#6747),#6751);
#6747 = LINE('',#6748,#6749);
#6748 = CARTESIAN_POINT('',(-0.,4.));
#6749 = VECTOR('',#6750,1.);
#6750 = DIRECTION('',(-1.,0.));
#6751 = ( GEOMETRIC_REPRESENTATION_CONTEXT(2) 
PARAMETRIC_REPRESENTATION_CONTEXT() REPRESENTATION_CONTEXT('2D SPACE',''
  ) );
#6752 = PCURVE('',#6753,#6758);
#6753 = TOROIDAL_SURFACE('',#6754,4.,4.);
#6754 = AXIS2_PLACEMENT_3D('',#6755,#6756,#6757);
#6755 = CARTESIAN_POINT('',(-41.,59.761936074422,-3.451205211444));
#6756 = DIRECTION('',(-1.,1.110223024625E-16,0.));
#6757 = DIRECTION('',(-1.105998290831E-16,-0.996194698092,
    -8.715574274766E-02));
#6758 = DEFINITIONAL_REPRESENTATION('',(#6759),#6763);
#6759 = LINE('',#6760,#6761);
#6760 = CARTESIAN_POINT('',(0.,0.));
#6761 = VECTOR('',#6762,1.);
#6762 = DIRECTION('',(1.,0.));
#6763 = ( GEOMETRIC_REPRESENTATION_CONTEXT(2) 
PARAMETRIC_REPRESENTATION_CONTEXT() REPRESENTATION_CONTEXT('2D SPACE',''
  ) );
#6764 = ORIENTED_EDGE('',*,*,#6765,.T.);
#6765 = EDGE_CURVE('',#6737,#6766,#6768,.T.);
#6766 = VERTEX_POINT('',#6767);
#6767 = CARTESIAN_POINT('',(-34.67944947177,59.06469013244,4.51835237329
    ));
#6768 = SURFACE_CURVE('',#6769,(#6773,#6780),.PCURVE_S1.);
#6769 = LINE('',#6770,#6771);
#6770 = CARTESIAN_POINT('',(-45.,59.06469013244,4.51835237329));
#6771 = VECTOR('',#6772,1.);
#6772 = DIRECTION('',(1.,-1.110223024625E-16,0.));
#6773 = PCURVE('',#6137,#6774);
#6774 = DEFINITIONAL_REPRESENTATION('',(#6775),#6779);
#6775 = LINE('',#6776,#6777);
#6776 = CARTESIAN_POINT('',(-1.570796326795,0.));
#6777 = VECTOR('',#6778,1.);
#6778 = DIRECTION('',(-0.,1.));
#6779 = ( GEOMETRIC_REPRESENTATION_CONTEXT(2) 
PARAMETRIC_REPRESENTATION_CONTEXT() REPRESENTATION_CONTEXT('2D SPACE',''
  ) );
#6780 = PCURVE('',#6781,#6786);
#6781 = PLANE('',#6782);
#6782 = AXIS2_PLACEMENT_3D('',#6783,#6784,#6785);
#6783 = CARTESIAN_POINT('',(7.055197123612E-15,63.547566273853,
    4.910553215654));
#6784 = DIRECTION('',(-9.676231232676E-18,-8.715574274766E-02,
    0.996194698092));
#6785 = DIRECTION('',(1.105998290831E-16,0.996194698092,
    8.715574274766E-02));
#6786 = DEFINITIONAL_REPRESENTATION('',(#6787),#6791);
#6787 = LINE('',#6788,#6789);
#6788 = CARTESIAN_POINT('',(-4.5,45.));
#6789 = VECTOR('',#6790,1.);
#6790 = DIRECTION('',(0.,-1.));
#6791 = ( GEOMETRIC_REPRESENTATION_CONTEXT(2) 
PARAMETRIC_REPRESENTATION_CONTEXT() REPRESENTATION_CONTEXT('2D SPACE',''
  ) );
#6792 = ORIENTED_EDGE('',*,*,#6793,.T.);
#6793 = EDGE_CURVE('',#6766,#6794,#6796,.T.);
#6794 = VERTEX_POINT('',#6795);
#6795 = CARTESIAN_POINT('',(-30.32055052823,59.06469013244,4.51835237329
    ));
#6796 = SURFACE_CURVE('',#6797,(#6815,#6836),.PCURVE_S1.);
#6797 = B_SPLINE_CURVE_WITH_KNOTS('',6,(#6798,#6799,#6800,#6801,#6802,
    #6803,#6804,#6805,#6806,#6807,#6808,#6809,#6810,#6811,#6812,#6813,
    #6814),.UNSPECIFIED.,.F.,.F.,(7,5,5,7),(0.,0.123776071742,
    0.499981922582,1.),.UNSPECIFIED.);
#6798 = CARTESIAN_POINT('',(-34.67944947177,59.06469013244,4.51835237329
    ));
#6799 = CARTESIAN_POINT('',(-34.59298235021,59.022971552325,
    4.514702470471));
#6800 = CARTESIAN_POINT('',(-34.50596537141,58.983462651587,
    4.510981905675));
#6801 = CARTESIAN_POINT('',(-34.41844482104,58.946137072853,
    4.507240018678));
#6802 = CARTESIAN_POINT('',(-34.33046391538,58.910970415181,
    4.50352124948));
#6803 = CARTESIAN_POINT('',(-34.24206280142,58.87794023406,
    4.499865138306));
#6804 = CARTESIAN_POINT('',(-33.88342710782,58.75306522989,
    4.485489645593));
#6805 = CARTESIAN_POINT('',(-33.61001580365,58.678644752026,
    4.47557175753));
#6806 = CARTESIAN_POINT('',(-33.33411798584,58.623207318351,
    4.467533343986));
#6807 = CARTESIAN_POINT('',(-33.05662394928,58.586375358652,
    4.461973899553));
#6808 = CARTESIAN_POINT('',(-32.77832552302,58.56795592437,
    4.459193729272));
#6809 = CARTESIAN_POINT('',(-32.13007541587,58.56795592437,
    4.459193729272));
#6810 = CARTESIAN_POINT('',(-31.76026111926,58.600494532148,
    4.464104848883));
#6811 = CARTESIAN_POINT('',(-31.39232112452,58.66553395611,
    4.473922592775));
#6812 = CARTESIAN_POINT('',(-31.02808169262,58.763698914894,
    4.48771120069));
#6813 = CARTESIAN_POINT('',(-30.66980226109,58.896183466149,
    4.503609950261));
#6814 = CARTESIAN_POINT('',(-30.32055052823,59.06469013244,4.51835237329
    ));
#6815 = PCURVE('',#6137,#6816);
#6816 = DEFINITIONAL_REPRESENTATION('',(#6817),#6835);
#6817 = B_SPLINE_CURVE_WITH_KNOTS('',6,(#6818,#6819,#6820,#6821,#6822,
    #6823,#6824,#6825,#6826,#6827,#6828,#6829,#6830,#6831,#6832,#6833,
    #6834),.UNSPECIFIED.,.F.,.F.,(7,5,5,7),(0.,0.123776071742,
    0.499981922582,1.),.UNSPECIFIED.);
#6818 = CARTESIAN_POINT('',(-1.570796326795,10.32055052823));
#6819 = CARTESIAN_POINT('',(-1.565561584506,10.40701764979));
#6820 = CARTESIAN_POINT('',(-1.560601223059,10.494034628583));
#6821 = CARTESIAN_POINT('',(-1.555912264723,10.581555178959));
#6822 = CARTESIAN_POINT('',(-1.551492013779,10.669536084612));
#6823 = CARTESIAN_POINT('',(-1.547338056524,10.757937198579));
#6824 = CARTESIAN_POINT('',(-1.531625590605,11.116572892175));
#6825 = CARTESIAN_POINT('',(-1.522242279604,11.389984196343));
#6826 = CARTESIAN_POINT('',(-1.51524020499,11.665882014155));
#6827 = CARTESIAN_POINT('',(-1.51058407754,11.943376050715));
#6828 = CARTESIAN_POINT('',(-1.508255564998,12.221674476979));
#6829 = CARTESIAN_POINT('',(-1.508255564998,12.869924584124));
#6830 = CARTESIAN_POINT('',(-1.512369000344,13.239738880734));
#6831 = CARTESIAN_POINT('',(-1.520590836091,13.607678875476));
#6832 = CARTESIAN_POINT('',(-1.532981722865,13.971918307371));
#6833 = CARTESIAN_POINT('',(-1.549652534997,14.330197738901));
#6834 = CARTESIAN_POINT('',(-1.570796326795,14.67944947177));
#6835 = ( GEOMETRIC_REPRESENTATION_CONTEXT(2) 
PARAMETRIC_REPRESENTATION_CONTEXT() REPRESENTATION_CONTEXT('2D SPACE',''
  ) );
#6836 = PCURVE('',#6837,#6842);
#6837 = CYLINDRICAL_SURFACE('',#6838,5.);
#6838 = AXIS2_PLACEMENT_3D('',#6839,#6840,#6841);
#6839 = CARTESIAN_POINT('',(-32.5,63.591144145227,4.412455866608));
#6840 = DIRECTION('',(9.676231232676E-18,8.715574274766E-02,
    -0.996194698092));
#6841 = DIRECTION('',(1.105998290831E-16,0.996194698092,
    8.715574274766E-02));
#6842 = DEFINITIONAL_REPRESENTATION('',(#6843),#6861);
#6843 = B_SPLINE_CURVE_WITH_KNOTS('',6,(#6844,#6845,#6846,#6847,#6848,
    #6849,#6850,#6851,#6852,#6853,#6854,#6855,#6856,#6857,#6858,#6859,
    #6860),.UNSPECIFIED.,.F.,.F.,(7,5,5,7),(0.,0.123776071742,
    0.499981922582,1.),.UNSPECIFIED.);
#6844 = CARTESIAN_POINT('',(-2.690565841794,-0.5));
#6845 = CARTESIAN_POINT('',(-2.709780757696,-0.5));
#6846 = CARTESIAN_POINT('',(-2.728903306888,-0.499737020665));
#6847 = CARTESIAN_POINT('',(-2.747939768292,-0.499262511216));
#6848 = CARTESIAN_POINT('',(-2.766896351198,-0.498622869227));
#6849 = CARTESIAN_POINT('',(-2.785779195262,-0.497859440628));
#6850 = CARTESIAN_POINT('',(-2.861781344633,-0.494422224744));
#6851 = CARTESIAN_POINT('',(-2.918347770181,-0.491028249263));
#6852 = CARTESIAN_POINT('',(-2.974458645718,-0.487852115017));
#6853 = CARTESIAN_POINT('',(-3.030267847753,-0.485523942754));
#6854 = CARTESIAN_POINT('',(-3.085927548986,-0.484359711336));
#6855 = CARTESIAN_POINT('',(-3.215577570414,-0.484359711336));
#6856 = CARTESIAN_POINT('',(-3.289540549115,-0.486416216125));
#6857 = CARTESIAN_POINT('',(-3.363856938792,-0.490528041234));
#6858 = CARTESIAN_POINT('',(-3.438890972822,-0.495708539438));
#6859 = CARTESIAN_POINT('',(-3.515007969193,-0.5));
#6860 = CARTESIAN_POINT('',(-3.592619465386,-0.5));
#6861 = ( GEOMETRIC_REPRESENTATION_CONTEXT(2) 
PARAMETRIC_REPRESENTATION_CONTEXT() REPRESENTATION_CONTEXT('2D SPACE',''
  ) );
#6862 = ORIENTED_EDGE('',*,*,#6863,.T.);
#6863 = EDGE_CURVE('',#6794,#6864,#6866,.T.);
#6864 = VERTEX_POINT('',#6865);
#6865 = CARTESIAN_POINT('',(-2.17944947177,59.06469013244,4.51835237329)
  );
#6866 = SURFACE_CURVE('',#6867,(#6871,#6878),.PCURVE_S1.);
#6867 = LINE('',#6868,#6869);
#6868 = CARTESIAN_POINT('',(-45.,59.06469013244,4.51835237329));
#6869 = VECTOR('',#6870,1.);
#6870 = DIRECTION('',(1.,-1.110223024625E-16,0.));
#6871 = PCURVE('',#6137,#6872);
#6872 = DEFINITIONAL_REPRESENTATION('',(#6873),#6877);
#6873 = LINE('',#6874,#6875);
#6874 = CARTESIAN_POINT('',(-1.570796326795,0.));
#6875 = VECTOR('',#6876,1.);
#6876 = DIRECTION('',(-0.,1.));
#6877 = ( GEOMETRIC_REPRESENTATION_CONTEXT(2) 
PARAMETRIC_REPRESENTATION_CONTEXT() REPRESENTATION_CONTEXT('2D SPACE',''
  ) );
#6878 = PCURVE('',#6879,#6884);
#6879 = PLANE('',#6880);
#6880 = AXIS2_PLACEMENT_3D('',#6881,#6882,#6883);
#6881 = CARTESIAN_POINT('',(7.055197123612E-15,63.547566273853,
    4.910553215654));
#6882 = DIRECTION('',(-9.676231232676E-18,-8.715574274766E-02,
    0.996194698092));
#6883 = DIRECTION('',(1.105998290831E-16,0.996194698092,
    8.715574274766E-02));
#6884 = DEFINITIONAL_REPRESENTATION('',(#6885),#6889);
#6885 = LINE('',#6886,#6887);
#6886 = CARTESIAN_POINT('',(-4.5,45.));
#6887 = VECTOR('',#6888,1.);
#6888 = DIRECTION('',(0.,-1.));
#6889 = ( GEOMETRIC_REPRESENTATION_CONTEXT(2) 
PARAMETRIC_REPRESENTATION_CONTEXT() REPRESENTATION_CONTEXT('2D SPACE',''
  ) );
#6890 = ORIENTED_EDGE('',*,*,#6891,.T.);
#6891 = EDGE_CURVE('',#6864,#6892,#6894,.T.);
#6892 = VERTEX_POINT('',#6893);
#6893 = CARTESIAN_POINT('',(2.17944947177,59.06469013244,4.51835237329)
  );
#6894 = SURFACE_CURVE('',#6895,(#6913,#6934),.PCURVE_S1.);
#6895 = B_SPLINE_CURVE_WITH_KNOTS('',6,(#6896,#6897,#6898,#6899,#6900,
    #6901,#6902,#6903,#6904,#6905,#6906,#6907,#6908,#6909,#6910,#6911,
    #6912),.UNSPECIFIED.,.F.,.F.,(7,5,5,7),(0.,0.123776071742,
    0.499981922582,1.),.UNSPECIFIED.);
#6896 = CARTESIAN_POINT('',(-2.17944947177,59.06469013244,4.51835237329)
  );
#6897 = CARTESIAN_POINT('',(-2.09298235021,59.022971552325,
    4.514702470471));
#6898 = CARTESIAN_POINT('',(-2.005965371417,58.983462651587,
    4.510981905675));
#6899 = CARTESIAN_POINT('',(-1.918444821041,58.946137072853,
    4.507240018678));
#6900 = CARTESIAN_POINT('',(-1.830463915388,58.910970415181,
    4.50352124948));
#6901 = CARTESIAN_POINT('',(-1.742062801421,58.87794023406,
    4.499865138306));
#6902 = CARTESIAN_POINT('',(-1.383427107825,58.75306522989,
    4.485489645593));
#6903 = CARTESIAN_POINT('',(-1.110015803656,58.678644752026,
    4.47557175753));
#6904 = CARTESIAN_POINT('',(-0.834117985846,58.623207318351,
    4.467533343986));
#6905 = CARTESIAN_POINT('',(-0.556623949285,58.586375358652,
    4.461973899553));
#6906 = CARTESIAN_POINT('',(-0.278325523021,58.56795592437,
    4.459193729272));
#6907 = CARTESIAN_POINT('',(0.369924584124,58.56795592437,4.459193729272
    ));
#6908 = CARTESIAN_POINT('',(0.739738880735,58.600494532148,
    4.464104848883));
#6909 = CARTESIAN_POINT('',(1.107678875475,58.66553395611,4.473922592775
    ));
#6910 = CARTESIAN_POINT('',(1.471918307371,58.763698914894,4.48771120069
    ));
#6911 = CARTESIAN_POINT('',(1.830197738901,58.896183466149,
    4.503609950261));
#6912 = CARTESIAN_POINT('',(2.17944947177,59.06469013244,4.51835237329)
  );
#6913 = PCURVE('',#6137,#6914);
#6914 = DEFINITIONAL_REPRESENTATION('',(#6915),#6933);
#6915 = B_SPLINE_CURVE_WITH_KNOTS('',6,(#6916,#6917,#6918,#6919,#6920,
    #6921,#6922,#6923,#6924,#6925,#6926,#6927,#6928,#6929,#6930,#6931,
    #6932),.UNSPECIFIED.,.F.,.F.,(7,5,5,7),(0.,0.123776071742,
    0.499981922582,1.),.UNSPECIFIED.);
#6916 = CARTESIAN_POINT('',(-1.570796326795,42.82055052823));
#6917 = CARTESIAN_POINT('',(-1.565561584506,42.90701764979));
#6918 = CARTESIAN_POINT('',(-1.560601223059,42.994034628583));
#6919 = CARTESIAN_POINT('',(-1.555912264723,43.081555178959));
#6920 = CARTESIAN_POINT('',(-1.551492013779,43.169536084612));
#6921 = CARTESIAN_POINT('',(-1.547338056524,43.257937198579));
#6922 = CARTESIAN_POINT('',(-1.531625590605,43.616572892175));
#6923 = CARTESIAN_POINT('',(-1.522242279604,43.889984196344));
#6924 = CARTESIAN_POINT('',(-1.51524020499,44.165882014154));
#6925 = CARTESIAN_POINT('',(-1.51058407754,44.443376050715));
#6926 = CARTESIAN_POINT('',(-1.508255564998,44.721674476979));
#6927 = CARTESIAN_POINT('',(-1.508255564998,45.369924584124));
#6928 = CARTESIAN_POINT('',(-1.512369000344,45.739738880735));
#6929 = CARTESIAN_POINT('',(-1.520590836091,46.107678875475));
#6930 = CARTESIAN_POINT('',(-1.532981722865,46.471918307372));
#6931 = CARTESIAN_POINT('',(-1.549652534997,46.830197738901));
#6932 = CARTESIAN_POINT('',(-1.570796326795,47.17944947177));
#6933 = ( GEOMETRIC_REPRESENTATION_CONTEXT(2) 
PARAMETRIC_REPRESENTATION_CONTEXT() REPRESENTATION_CONTEXT('2D SPACE',''
  ) );
#6934 = PCURVE('',#6935,#6940);
#6935 = CYLINDRICAL_SURFACE('',#6936,5.);
#6936 = AXIS2_PLACEMENT_3D('',#6937,#6938,#6939);
#6937 = CARTESIAN_POINT('',(7.060035239229E-15,63.591144145227,
    4.412455866608));
#6938 = DIRECTION('',(9.676231232676E-18,8.715574274766E-02,
    -0.996194698092));
#6939 = DIRECTION('',(1.105998290831E-16,0.996194698092,
    8.715574274766E-02));
#6940 = DEFINITIONAL_REPRESENTATION('',(#6941),#6959);
#6941 = B_SPLINE_CURVE_WITH_KNOTS('',6,(#6942,#6943,#6944,#6945,#6946,
    #6947,#6948,#6949,#6950,#6951,#6952,#6953,#6954,#6955,#6956,#6957,
    #6958),.UNSPECIFIED.,.F.,.F.,(7,5,5,7),(0.,0.123776071742,
    0.499981922582,1.),.UNSPECIFIED.);
#6942 = CARTESIAN_POINT('',(-2.690565841794,-0.5));
#6943 = CARTESIAN_POINT('',(-2.709780757696,-0.5));
#6944 = CARTESIAN_POINT('',(-2.728903306888,-0.499737020665));
#6945 = CARTESIAN_POINT('',(-2.747939768292,-0.499262511216));
#6946 = CARTESIAN_POINT('',(-2.766896351198,-0.498622869227));
#6947 = CARTESIAN_POINT('',(-2.785779195262,-0.497859440628));
#6948 = CARTESIAN_POINT('',(-2.861781344633,-0.494422224744));
#6949 = CARTESIAN_POINT('',(-2.918347770181,-0.491028249263));
#6950 = CARTESIAN_POINT('',(-2.974458645718,-0.487852115017));
#6951 = CARTESIAN_POINT('',(-3.030267847753,-0.485523942754));
#6952 = CARTESIAN_POINT('',(-3.085927548986,-0.484359711336));
#6953 = CARTESIAN_POINT('',(-3.215577570414,-0.484359711336));
#6954 = CARTESIAN_POINT('',(-3.289540549115,-0.486416216125));
#6955 = CARTESIAN_POINT('',(-3.363856938792,-0.490528041234));
#6956 = CARTESIAN_POINT('',(-3.438890972822,-0.495708539438));
#6957 = CARTESIAN_POINT('',(-3.515007969193,-0.5));
#6958 = CARTESIAN_POINT('',(-3.592619465386,-0.5));
#6959 = ( GEOMETRIC_REPRESENTATION_CONTEXT(2) 
PARAMETRIC_REPRESENTATION_CONTEXT() REPRESENTATION_CONTEXT('2D SPACE',''
  ) );
#6960 = ORIENTED_EDGE('',*,*,#6961,.T.);
#6961 = EDGE_CURVE('',#6892,#6962,#6964,.T.);
#6962 = VERTEX_POINT('',#6963);
#6963 = CARTESIAN_POINT('',(15.32055052823,59.06469013244,4.51835237329)
  );
#6964 = SURFACE_CURVE('',#6965,(#6969,#6976),.PCURVE_S1.);
#6965 = LINE('',#6966,#6967);
#6966 = CARTESIAN_POINT('',(-45.,59.06469013244,4.51835237329));
#6967 = VECTOR('',#6968,1.);
#6968 = DIRECTION('',(1.,-1.110223024625E-16,0.));
#6969 = PCURVE('',#6137,#6970);
#6970 = DEFINITIONAL_REPRESENTATION('',(#6971),#6975);
#6971 = LINE('',#6972,#6973);
#6972 = CARTESIAN_POINT('',(-1.570796326795,0.));
#6973 = VECTOR('',#6974,1.);
#6974 = DIRECTION('',(-0.,1.));
#6975 = ( GEOMETRIC_REPRESENTATION_CONTEXT(2) 
PARAMETRIC_REPRESENTATION_CONTEXT() REPRESENTATION_CONTEXT('2D SPACE',''
  ) );
#6976 = PCURVE('',#6977,#6982);
#6977 = PLANE('',#6978);
#6978 = AXIS2_PLACEMENT_3D('',#6979,#6980,#6981);
#6979 = CARTESIAN_POINT('',(7.055197123612E-15,63.547566273853,
    4.910553215654));
#6980 = DIRECTION('',(-9.676231232676E-18,-8.715574274766E-02,
    0.996194698092));
#6981 = DIRECTION('',(1.105998290831E-16,0.996194698092,
    8.715574274766E-02));
#6982 = DEFINITIONAL_REPRESENTATION('',(#6983),#6987);
#6983 = LINE('',#6984,#6985);
#6984 = CARTESIAN_POINT('',(-4.5,45.));
#6985 = VECTOR('',#6986,1.);
#6986 = DIRECTION('',(0.,-1.));
#6987 = ( GEOMETRIC_REPRESENTATION_CONTEXT(2) 
PARAMETRIC_REPRESENTATION_CONTEXT() REPRESENTATION_CONTEXT('2D SPACE',''
  ) );
#6988 = ORIENTED_EDGE('',*,*,#6989,.T.);
#6989 = EDGE_CURVE('',#6962,#6990,#6992,.T.);
#6990 = VERTEX_POINT('',#6991);
#6991 = CARTESIAN_POINT('',(19.67944947177,59.06469013244,4.51835237329)
  );
#6992 = SURFACE_CURVE('',#6993,(#7011,#7032),.PCURVE_S1.);
#6993 = B_SPLINE_CURVE_WITH_KNOTS('',6,(#6994,#6995,#6996,#6997,#6998,
    #6999,#7000,#7001,#7002,#7003,#7004,#7005,#7006,#7007,#7008,#7009,
    #7010),.UNSPECIFIED.,.F.,.F.,(7,5,5,7),(0.,0.123776071742,
    0.499981922583,1.),.UNSPECIFIED.);
#6994 = CARTESIAN_POINT('',(15.32055052823,59.06469013244,4.51835237329)
  );
#6995 = CARTESIAN_POINT('',(15.40701764979,59.022971552325,
    4.514702470471));
#6996 = CARTESIAN_POINT('',(15.494034628583,58.983462651587,
    4.510981905675));
#6997 = CARTESIAN_POINT('',(15.581555178959,58.946137072853,
    4.507240018678));
#6998 = CARTESIAN_POINT('',(15.669536084612,58.910970415181,
    4.50352124948));
#6999 = CARTESIAN_POINT('',(15.757937198579,58.87794023406,
    4.499865138306));
#7000 = CARTESIAN_POINT('',(16.116572892175,58.75306522989,
    4.485489645593));
#7001 = CARTESIAN_POINT('',(16.389984196344,58.678644752026,
    4.47557175753));
#7002 = CARTESIAN_POINT('',(16.665882014154,58.623207318351,
    4.467533343986));
#7003 = CARTESIAN_POINT('',(16.943376050715,58.586375358652,
    4.461973899553));
#7004 = CARTESIAN_POINT('',(17.221674476979,58.56795592437,
    4.459193729272));
#7005 = CARTESIAN_POINT('',(17.869924584123,58.56795592437,
    4.459193729272));
#7006 = CARTESIAN_POINT('',(18.239738880735,58.600494532148,
    4.464104848883));
#7007 = CARTESIAN_POINT('',(18.607678875474,58.665533956109,
    4.473922592775));
#7008 = CARTESIAN_POINT('',(18.971918307372,58.763698914894,
    4.48771120069));
#7009 = CARTESIAN_POINT('',(19.330197738901,58.896183466149,
    4.503609950261));
#7010 = CARTESIAN_POINT('',(19.67944947177,59.06469013244,4.51835237329)
  );
#7011 = PCURVE('',#6137,#7012);
#7012 = DEFINITIONAL_REPRESENTATION('',(#7013),#7031);
#7013 = B_SPLINE_CURVE_WITH_KNOTS('',6,(#7014,#7015,#7016,#7017,#7018,
    #7019,#7020,#7021,#7022,#7023,#7024,#7025,#7026,#7027,#7028,#7029,
    #7030),.UNSPECIFIED.,.F.,.F.,(7,5,5,7),(0.,0.123776071742,
    0.499981922583,1.),.UNSPECIFIED.);
#7014 = CARTESIAN_POINT('',(-1.570796326795,60.32055052823));
#7015 = CARTESIAN_POINT('',(-1.565561584506,60.40701764979));
#7016 = CARTESIAN_POINT('',(-1.560601223059,60.494034628583));
#7017 = CARTESIAN_POINT('',(-1.555912264723,60.581555178959));
#7018 = CARTESIAN_POINT('',(-1.551492013779,60.669536084612));
#7019 = CARTESIAN_POINT('',(-1.547338056524,60.757937198579));
#7020 = CARTESIAN_POINT('',(-1.531625590605,61.116572892175));
#7021 = CARTESIAN_POINT('',(-1.522242279604,61.389984196344));
#7022 = CARTESIAN_POINT('',(-1.51524020499,61.665882014154));
#7023 = CARTESIAN_POINT('',(-1.51058407754,61.943376050715));
#7024 = CARTESIAN_POINT('',(-1.508255564998,62.221674476979));
#7025 = CARTESIAN_POINT('',(-1.508255564998,62.869924584123));
#7026 = CARTESIAN_POINT('',(-1.512369000344,63.239738880735));
#7027 = CARTESIAN_POINT('',(-1.520590836091,63.607678875474));
#7028 = CARTESIAN_POINT('',(-1.532981722865,63.971918307372));
#7029 = CARTESIAN_POINT('',(-1.549652534997,64.330197738901));
#7030 = CARTESIAN_POINT('',(-1.570796326795,64.67944947177));
#7031 = ( GEOMETRIC_REPRESENTATION_CONTEXT(2) 
PARAMETRIC_REPRESENTATION_CONTEXT() REPRESENTATION_CONTEXT('2D SPACE',''
  ) );
#7032 = PCURVE('',#7033,#7038);
#7033 = CYLINDRICAL_SURFACE('',#7034,5.);
#7034 = AXIS2_PLACEMENT_3D('',#7035,#7036,#7037);
#7035 = CARTESIAN_POINT('',(17.5,63.591144145227,4.412455866608));
#7036 = DIRECTION('',(9.676231232676E-18,8.715574274766E-02,
    -0.996194698092));
#7037 = DIRECTION('',(1.105998290831E-16,0.996194698092,
    8.715574274766E-02));
#7038 = DEFINITIONAL_REPRESENTATION('',(#7039),#7057);
#7039 = B_SPLINE_CURVE_WITH_KNOTS('',6,(#7040,#7041,#7042,#7043,#7044,
    #7045,#7046,#7047,#7048,#7049,#7050,#7051,#7052,#7053,#7054,#7055,
    #7056),.UNSPECIFIED.,.F.,.F.,(7,5,5,7),(0.,0.123776071742,
    0.499981922583,1.),.UNSPECIFIED.);
#7040 = CARTESIAN_POINT('',(-2.690565841794,-0.5));
#7041 = CARTESIAN_POINT('',(-2.709780757696,-0.5));
#7042 = CARTESIAN_POINT('',(-2.728903306888,-0.499737020665));
#7043 = CARTESIAN_POINT('',(-2.747939768292,-0.499262511216));
#7044 = CARTESIAN_POINT('',(-2.766896351198,-0.498622869227));
#7045 = CARTESIAN_POINT('',(-2.785779195262,-0.497859440628));
#7046 = CARTESIAN_POINT('',(-2.861781344633,-0.494422224744));
#7047 = CARTESIAN_POINT('',(-2.918347770181,-0.491028249263));
#7048 = CARTESIAN_POINT('',(-2.974458645718,-0.487852115017));
#7049 = CARTESIAN_POINT('',(-3.030267847753,-0.485523942754));
#7050 = CARTESIAN_POINT('',(-3.085927548986,-0.484359711336));
#7051 = CARTESIAN_POINT('',(-3.215577570414,-0.484359711336));
#7052 = CARTESIAN_POINT('',(-3.289540549115,-0.486416216125));
#7053 = CARTESIAN_POINT('',(-3.363856938792,-0.490528041234));
#7054 = CARTESIAN_POINT('',(-3.438890972822,-0.495708539438));
#7055 = CARTESIAN_POINT('',(-3.515007969193,-0.5));
#7056 = CARTESIAN_POINT('',(-3.592619465386,-0.5));
#7057 = ( GEOMETRIC_REPRESENTATION_CONTEXT(2) 
PARAMETRIC_REPRESENTATION_CONTEXT() REPRESENTATION_CONTEXT('2D SPACE',''
  ) );
#7058 = ORIENTED_EDGE('',*,*,#7059,.T.);
#7059 = EDGE_CURVE('',#6990,#6099,#7060,.T.);
#7060 = SURFACE_CURVE('',#7061,(#7065,#7072),.PCURVE_S1.);
#7061 = LINE('',#7062,#7063);
#7062 = CARTESIAN_POINT('',(-45.,59.06469013244,4.51835237329));
#7063 = VECTOR('',#7064,1.);
#7064 = DIRECTION('',(1.,-1.110223024625E-16,0.));
#7065 = PCURVE('',#6137,#7066);
#7066 = DEFINITIONAL_REPRESENTATION('',(#7067),#7071);
#7067 = LINE('',#7068,#7069);
#7068 = CARTESIAN_POINT('',(-1.570796326795,0.));
#7069 = VECTOR('',#7070,1.);
#7070 = DIRECTION('',(-0.,1.));
#7071 = ( GEOMETRIC_REPRESENTATION_CONTEXT(2) 
PARAMETRIC_REPRESENTATION_CONTEXT() REPRESENTATION_CONTEXT('2D SPACE',''
  ) );
#7072 = PCURVE('',#6247,#7073);
#7073 = DEFINITIONAL_REPRESENTATION('',(#7074),#7078);
#7074 = LINE('',#7075,#7076);
#7075 = CARTESIAN_POINT('',(-4.5,45.));
#7076 = VECTOR('',#7077,1.);
#7077 = DIRECTION('',(0.,-1.));
#7078 = ( GEOMETRIC_REPRESENTATION_CONTEXT(2) 
PARAMETRIC_REPRESENTATION_CONTEXT() REPRESENTATION_CONTEXT('2D SPACE',''
  ) );
#7079 = ORIENTED_EDGE('',*,*,#6122,.F.);
#7080 = ADVANCED_FACE('',(#7081),#6192,.F.);
#7081 = FACE_BOUND('',#7082,.F.);
#7082 = EDGE_LOOP('',(#7083,#7106,#7107,#7130));
#7083 = ORIENTED_EDGE('',*,*,#7084,.F.);
#7084 = EDGE_CURVE('',#6177,#7085,#7087,.T.);
#7085 = VERTEX_POINT('',#7086);
#7086 = CARTESIAN_POINT('',(-41.,77.834628384838,-14.96989839483));
#7087 = SURFACE_CURVE('',#7088,(#7092,#7099),.PCURVE_S1.);
#7088 = LINE('',#7089,#7090);
#7089 = CARTESIAN_POINT('',(45.,77.834628384838,-14.96989839483));
#7090 = VECTOR('',#7091,1.);
#7091 = DIRECTION('',(-1.,1.110223024625E-16,0.));
#7092 = PCURVE('',#6192,#7093);
#7093 = DEFINITIONAL_REPRESENTATION('',(#7094),#7098);
#7094 = LINE('',#7095,#7096);
#7095 = CARTESIAN_POINT('',(-3.87049249307E-17,-4.));
#7096 = VECTOR('',#7097,1.);
#7097 = DIRECTION('',(1.,0.));
#7098 = ( GEOMETRIC_REPRESENTATION_CONTEXT(2) 
PARAMETRIC_REPRESENTATION_CONTEXT() REPRESENTATION_CONTEXT('2D SPACE',''
  ) );
#7099 = PCURVE('',#6644,#7100);
#7100 = DEFINITIONAL_REPRESENTATION('',(#7101),#7105);
#7101 = LINE('',#7102,#7103);
#7102 = CARTESIAN_POINT('',(-1.570796326795,0.));
#7103 = VECTOR('',#7104,1.);
#7104 = DIRECTION('',(-0.,1.));
#7105 = ( GEOMETRIC_REPRESENTATION_CONTEXT(2) 
PARAMETRIC_REPRESENTATION_CONTEXT() REPRESENTATION_CONTEXT('2D SPACE',''
  ) );
#7106 = ORIENTED_EDGE('',*,*,#6176,.F.);
#7107 = ORIENTED_EDGE('',*,*,#7108,.T.);
#7108 = EDGE_CURVE('',#6153,#7109,#7111,.T.);
#7109 = VERTEX_POINT('',#7110);
#7110 = CARTESIAN_POINT('',(-41.,76.697245941981,-1.969557584734));
#7111 = SURFACE_CURVE('',#7112,(#7116,#7123),.PCURVE_S1.);
#7112 = LINE('',#7113,#7114);
#7113 = CARTESIAN_POINT('',(45.,76.697245941981,-1.969557584734));
#7114 = VECTOR('',#7115,1.);
#7115 = DIRECTION('',(-1.,1.110223024625E-16,0.));
#7116 = PCURVE('',#6192,#7117);
#7117 = DEFINITIONAL_REPRESENTATION('',(#7118),#7122);
#7118 = LINE('',#7119,#7120);
#7119 = CARTESIAN_POINT('',(-1.649797425171E-16,-17.05));
#7120 = VECTOR('',#7121,1.);
#7121 = DIRECTION('',(1.,0.));
#7122 = ( GEOMETRIC_REPRESENTATION_CONTEXT(2) 
PARAMETRIC_REPRESENTATION_CONTEXT() REPRESENTATION_CONTEXT('2D SPACE',''
  ) );
#7123 = PCURVE('',#6303,#7124);
#7124 = DEFINITIONAL_REPRESENTATION('',(#7125),#7129);
#7125 = LINE('',#7126,#7127);
#7126 = CARTESIAN_POINT('',(-0.,0.));
#7127 = VECTOR('',#7128,1.);
#7128 = DIRECTION('',(-0.,1.));
#7129 = ( GEOMETRIC_REPRESENTATION_CONTEXT(2) 
PARAMETRIC_REPRESENTATION_CONTEXT() REPRESENTATION_CONTEXT('2D SPACE',''
  ) );
#7130 = ORIENTED_EDGE('',*,*,#7131,.T.);
#7131 = EDGE_CURVE('',#7109,#7085,#7132,.T.);
#7132 = SURFACE_CURVE('',#7133,(#7137,#7144),.PCURVE_S1.);
#7133 = LINE('',#7134,#7135);
#7134 = CARTESIAN_POINT('',(-41.,76.697245941981,-1.969557584734));
#7135 = VECTOR('',#7136,1.);
#7136 = DIRECTION('',(9.676231232676E-18,8.715574274766E-02,
    -0.996194698092));
#7137 = PCURVE('',#6192,#7138);
#7138 = DEFINITIONAL_REPRESENTATION('',(#7139),#7143);
#7139 = LINE('',#7140,#7141);
#7140 = CARTESIAN_POINT('',(86.,-17.05));
#7141 = VECTOR('',#7142,1.);
#7142 = DIRECTION('',(0.,1.));
#7143 = ( GEOMETRIC_REPRESENTATION_CONTEXT(2) 
PARAMETRIC_REPRESENTATION_CONTEXT() REPRESENTATION_CONTEXT('2D SPACE',''
  ) );
#7144 = PCURVE('',#7145,#7150);
#7145 = CYLINDRICAL_SURFACE('',#7146,4.);
#7146 = AXIS2_PLACEMENT_3D('',#7147,#7148,#7149);
#7147 = CARTESIAN_POINT('',(-41.,72.712467149614,-2.318180555725));
#7148 = DIRECTION('',(9.676231232676E-18,8.715574274766E-02,
    -0.996194698092));
#7149 = DIRECTION('',(1.105998290831E-16,0.996194698092,
    8.715574274766E-02));
#7150 = DEFINITIONAL_REPRESENTATION('',(#7151),#7155);
#7151 = LINE('',#7152,#7153);
#7152 = CARTESIAN_POINT('',(-0.,0.));
#7153 = VECTOR('',#7154,1.);
#7154 = DIRECTION('',(-0.,1.));
#7155 = ( GEOMETRIC_REPRESENTATION_CONTEXT(2) 
PARAMETRIC_REPRESENTATION_CONTEXT() REPRESENTATION_CONTEXT('2D SPACE',''
  ) );
#7156 = ADVANCED_FACE('',(#7157,#7210),#6247,.T.);
#7157 = FACE_BOUND('',#7158,.T.);
#7158 = EDGE_LOOP('',(#7159,#7187,#7188,#7189));
#7159 = ORIENTED_EDGE('',*,*,#7160,.T.);
#7160 = EDGE_CURVE('',#7161,#6990,#7163,.T.);
#7161 = VERTEX_POINT('',#7162);
#7162 = CARTESIAN_POINT('',(19.67944947177,68.030442415266,
    5.302754058019));
#7163 = SURFACE_CURVE('',#7164,(#7169,#7180),.PCURVE_S1.);
#7164 = CIRCLE('',#7165,5.);
#7165 = AXIS2_PLACEMENT_3D('',#7166,#7167,#7168);
#7166 = CARTESIAN_POINT('',(17.5,63.547566273853,4.910553215654));
#7167 = DIRECTION('',(9.676231232676E-18,8.715574274766E-02,
    -0.996194698092));
#7168 = DIRECTION('',(1.105998290831E-16,0.996194698092,
    8.715574274766E-02));
#7169 = PCURVE('',#6247,#7170);
#7170 = DEFINITIONAL_REPRESENTATION('',(#7171),#7179);
#7171 = ( BOUNDED_CURVE() B_SPLINE_CURVE(2,(#7172,#7173,#7174,#7175,
#7176,#7177,#7178),.UNSPECIFIED.,.T.,.F.) B_SPLINE_CURVE_WITH_KNOTS((1,2
    ,2,2,2,1),(-2.094395102393,0.,2.094395102393,4.188790204786,
6.28318530718,8.377580409573),.UNSPECIFIED.) CURVE() 
GEOMETRIC_REPRESENTATION_ITEM() RATIONAL_B_SPLINE_CURVE((1.,0.5,1.,0.5,
1.,0.5,1.)) REPRESENTATION_ITEM('') );
#7172 = CARTESIAN_POINT('',(5.,-17.5));
#7173 = CARTESIAN_POINT('',(5.,-26.16025403784));
#7174 = CARTESIAN_POINT('',(-2.5,-21.83012701892));
#7175 = CARTESIAN_POINT('',(-10.,-17.5));
#7176 = CARTESIAN_POINT('',(-2.5,-13.16987298107));
#7177 = CARTESIAN_POINT('',(5.,-8.839745962156));
#7178 = CARTESIAN_POINT('',(5.,-17.5));
#7179 = ( GEOMETRIC_REPRESENTATION_CONTEXT(2) 
PARAMETRIC_REPRESENTATION_CONTEXT() REPRESENTATION_CONTEXT('2D SPACE',''
  ) );
#7180 = PCURVE('',#7033,#7181);
#7181 = DEFINITIONAL_REPRESENTATION('',(#7182),#7186);
#7182 = LINE('',#7183,#7184);
#7183 = CARTESIAN_POINT('',(-6.28318530718,-0.5));
#7184 = VECTOR('',#7185,1.);
#7185 = DIRECTION('',(1.,-0.));
#7186 = ( GEOMETRIC_REPRESENTATION_CONTEXT(2) 
PARAMETRIC_REPRESENTATION_CONTEXT() REPRESENTATION_CONTEXT('2D SPACE',''
  ) );
#7187 = ORIENTED_EDGE('',*,*,#7059,.T.);
#7188 = ORIENTED_EDGE('',*,*,#6231,.T.);
#7189 = ORIENTED_EDGE('',*,*,#7190,.T.);
#7190 = EDGE_CURVE('',#6232,#7161,#7191,.T.);
#7191 = SURFACE_CURVE('',#7192,(#7196,#7203),.PCURVE_S1.);
#7192 = LINE('',#7193,#7194);
#7193 = CARTESIAN_POINT('',(45.,68.030442415266,5.302754058019));
#7194 = VECTOR('',#7195,1.);
#7195 = DIRECTION('',(-1.,1.110223024625E-16,0.));
#7196 = PCURVE('',#6247,#7197);
#7197 = DEFINITIONAL_REPRESENTATION('',(#7198),#7202);
#7198 = LINE('',#7199,#7200);
#7199 = CARTESIAN_POINT('',(4.5,-45.));
#7200 = VECTOR('',#7201,1.);
#7201 = DIRECTION('',(0.,1.));
#7202 = ( GEOMETRIC_REPRESENTATION_CONTEXT(2) 
PARAMETRIC_REPRESENTATION_CONTEXT() REPRESENTATION_CONTEXT('2D SPACE',''
  ) );
#7203 = PCURVE('',#6303,#7204);
#7204 = DEFINITIONAL_REPRESENTATION('',(#7205),#7209);
#7205 = LINE('',#7206,#7207);
#7206 = CARTESIAN_POINT('',(-1.570796326795,0.));
#7207 = VECTOR('',#7208,1.);
#7208 = DIRECTION('',(-0.,1.));
#7209 = ( GEOMETRIC_REPRESENTATION_CONTEXT(2) 
PARAMETRIC_REPRESENTATION_CONTEXT() REPRESENTATION_CONTEXT('2D SPACE',''
  ) );
#7210 = FACE_BOUND('',#7211,.T.);
#7211 = EDGE_LOOP('',(#7212));
#7212 = ORIENTED_EDGE('',*,*,#7213,.T.);
#7213 = EDGE_CURVE('',#7214,#7214,#7216,.T.);
#7214 = VERTEX_POINT('',#7215);
#7215 = CARTESIAN_POINT('',(32.5,67.53234506622,5.259176186645));
#7216 = SURFACE_CURVE('',#7217,(#7222,#7233),.PCURVE_S1.);
#7217 = CIRCLE('',#7218,4.);
#7218 = AXIS2_PLACEMENT_3D('',#7219,#7220,#7221);
#7219 = CARTESIAN_POINT('',(32.5,63.547566273853,4.910553215654));
#7220 = DIRECTION('',(9.676231232676E-18,8.715574274766E-02,
    -0.996194698092));
#7221 = DIRECTION('',(1.105998290831E-16,0.996194698092,
    8.715574274766E-02));
#7222 = PCURVE('',#6247,#7223);
#7223 = DEFINITIONAL_REPRESENTATION('',(#7224),#7232);
#7224 = ( BOUNDED_CURVE() B_SPLINE_CURVE(2,(#7225,#7226,#7227,#7228,
#7229,#7230,#7231),.UNSPECIFIED.,.T.,.F.) B_SPLINE_CURVE_WITH_KNOTS((1,2
    ,2,2,2,1),(-2.094395102393,0.,2.094395102393,4.188790204786,
6.28318530718,8.377580409573),.UNSPECIFIED.) CURVE() 
GEOMETRIC_REPRESENTATION_ITEM() RATIONAL_B_SPLINE_CURVE((1.,0.5,1.,0.5,
1.,0.5,1.)) REPRESENTATION_ITEM('') );
#7225 = CARTESIAN_POINT('',(4.,-32.5));
#7226 = CARTESIAN_POINT('',(4.,-39.42820323027));
#7227 = CARTESIAN_POINT('',(-2.,-35.96410161513));
#7228 = CARTESIAN_POINT('',(-8.,-32.5));
#7229 = CARTESIAN_POINT('',(-2.,-29.03589838486));
#7230 = CARTESIAN_POINT('',(4.,-25.57179676972));
#7231 = CARTESIAN_POINT('',(4.,-32.5));
#7232 = ( GEOMETRIC_REPRESENTATION_CONTEXT(2) 
PARAMETRIC_REPRESENTATION_CONTEXT() REPRESENTATION_CONTEXT('2D SPACE',''
  ) );
#7233 = PCURVE('',#7234,#7239);
#7234 = CYLINDRICAL_SURFACE('',#7235,4.);
#7235 = AXIS2_PLACEMENT_3D('',#7236,#7237,#7238);
#7236 = CARTESIAN_POINT('',(32.5,63.591144145227,4.412455866608));
#7237 = DIRECTION('',(9.676231232676E-18,8.715574274766E-02,
    -0.996194698092));
#7238 = DIRECTION('',(1.105998290831E-16,0.996194698092,
    8.715574274766E-02));
#7239 = DEFINITIONAL_REPRESENTATION('',(#7240),#7244);
#7240 = LINE('',#7241,#7242);
#7241 = CARTESIAN_POINT('',(-6.28318530718,-0.5));
#7242 = VECTOR('',#7243,1.);
#7243 = DIRECTION('',(1.,-0.));
#7244 = ( GEOMETRIC_REPRESENTATION_CONTEXT(2) 
PARAMETRIC_REPRESENTATION_CONTEXT() REPRESENTATION_CONTEXT('2D SPACE',''
  ) );
#7245 = ADVANCED_FACE('',(#7246),#6303,.T.);
#7246 = FACE_BOUND('',#7247,.F.);
#7247 = EDGE_LOOP('',(#7248,#7249,#7250,#7251,#7286,#7321,#7344,#7379,
    #7414,#7437,#7472,#7507,#7530));
#7248 = ORIENTED_EDGE('',*,*,#7108,.F.);
#7249 = ORIENTED_EDGE('',*,*,#6288,.F.);
#7250 = ORIENTED_EDGE('',*,*,#7190,.T.);
#7251 = ORIENTED_EDGE('',*,*,#7252,.T.);
#7252 = EDGE_CURVE('',#7161,#7253,#7255,.T.);
#7253 = VERTEX_POINT('',#7254);
#7254 = CARTESIAN_POINT('',(17.5,68.529902905287,5.330751156749));
#7255 = SURFACE_CURVE('',#7256,(#7264,#7275),.PCURVE_S1.);
#7256 = B_SPLINE_CURVE_WITH_KNOTS('',6,(#7257,#7258,#7259,#7260,#7261,
    #7262,#7263),.UNSPECIFIED.,.F.,.F.,(7,7),(0.,1.),
  .PIECEWISE_BEZIER_KNOTS.);
#7257 = CARTESIAN_POINT('',(19.67944947177,68.030442415266,
    5.302754058019));
#7258 = CARTESIAN_POINT('',(19.330197765469,68.198949068739,
    5.317496479926));
#7259 = CARTESIAN_POINT('',(18.971918330948,68.332181678486,
    5.324844970428));
#7260 = CARTESIAN_POINT('',(18.60767887749,68.431249665864,
    5.328312008133));
#7261 = CARTESIAN_POINT('',(18.239738862647,68.49700582888,
    5.329937395703));
#7262 = CARTESIAN_POINT('',(17.869924563621,68.529902905287,
    5.330751156749));
#7263 = CARTESIAN_POINT('',(17.5,68.529902905287,5.330751156749));
#7264 = PCURVE('',#6303,#7265);
#7265 = DEFINITIONAL_REPRESENTATION('',(#7266),#7274);
#7266 = B_SPLINE_CURVE_WITH_KNOTS('',6,(#7267,#7268,#7269,#7270,#7271,
    #7272,#7273),.UNSPECIFIED.,.F.,.F.,(7,7),(0.,1.),
  .PIECEWISE_BEZIER_KNOTS.);
#7267 = CARTESIAN_POINT('',(-1.570796326795,25.32055052823));
#7268 = CARTESIAN_POINT('',(-1.549652536606,25.669802234531));
#7269 = CARTESIAN_POINT('',(-1.532981723484,26.028081669052));
#7270 = CARTESIAN_POINT('',(-1.520590835756,26.39232112251));
#7271 = CARTESIAN_POINT('',(-1.512368999846,26.760261137353));
#7272 = CARTESIAN_POINT('',(-1.508255564998,27.130075436379));
#7273 = CARTESIAN_POINT('',(-1.508255564998,27.5));
#7274 = ( GEOMETRIC_REPRESENTATION_CONTEXT(2) 
PARAMETRIC_REPRESENTATION_CONTEXT() REPRESENTATION_CONTEXT('2D SPACE',''
  ) );
#7275 = PCURVE('',#7033,#7276);
#7276 = DEFINITIONAL_REPRESENTATION('',(#7277),#7285);
#7277 = B_SPLINE_CURVE_WITH_KNOTS('',6,(#7278,#7279,#7280,#7281,#7282,
    #7283,#7284),.UNSPECIFIED.,.F.,.F.,(7,7),(0.,1.),
  .PIECEWISE_BEZIER_KNOTS.);
#7278 = CARTESIAN_POINT('',(-5.832158495383,-0.5));
#7279 = CARTESIAN_POINT('',(-5.909769985673,-0.5));
#7280 = CARTESIAN_POINT('',(-5.985886983313,-0.495708540216));
#7281 = CARTESIAN_POINT('',(-6.060921021582,-0.490528040773));
#7282 = CARTESIAN_POINT('',(-6.135237415336,-0.486416216025));
#7283 = CARTESIAN_POINT('',(-6.209200394455,-0.484359711336));
#7284 = CARTESIAN_POINT('',(-6.28318530718,-0.484359711336));
#7285 = ( GEOMETRIC_REPRESENTATION_CONTEXT(2) 
PARAMETRIC_REPRESENTATION_CONTEXT() REPRESENTATION_CONTEXT('2D SPACE',''
  ) );
#7286 = ORIENTED_EDGE('',*,*,#7287,.T.);
#7287 = EDGE_CURVE('',#7253,#7288,#7290,.T.);
#7288 = VERTEX_POINT('',#7289);
#7289 = CARTESIAN_POINT('',(15.32055052823,68.030442415266,
    5.302754058019));
#7290 = SURFACE_CURVE('',#7291,(#7299,#7310),.PCURVE_S1.);
#7291 = B_SPLINE_CURVE_WITH_KNOTS('',6,(#7292,#7293,#7294,#7295,#7296,
    #7297,#7298),.UNSPECIFIED.,.F.,.F.,(7,7),(0.,1.),
  .PIECEWISE_BEZIER_KNOTS.);
#7292 = CARTESIAN_POINT('',(17.5,68.529902905287,5.330751156749));
#7293 = CARTESIAN_POINT('',(17.130075415876,68.529902905287,
    5.330751156749));
#7294 = CARTESIAN_POINT('',(16.760261119266,68.497005825105,
    5.329937395473));
#7295 = CARTESIAN_POINT('',(16.392321124524,68.4312496628,5.328312008328
    ));
#7296 = CARTESIAN_POINT('',(16.028081692629,68.332181683678,
    5.324844970101));
#7297 = CARTESIAN_POINT('',(15.669802261098,68.198949081557,
    5.317496481048));
#7298 = CARTESIAN_POINT('',(15.32055052823,68.030442415266,
    5.302754058019));
#7299 = PCURVE('',#6303,#7300);
#7300 = DEFINITIONAL_REPRESENTATION('',(#7301),#7309);
#7301 = B_SPLINE_CURVE_WITH_KNOTS('',6,(#7302,#7303,#7304,#7305,#7306,
    #7307,#7308),.UNSPECIFIED.,.F.,.F.,(7,7),(0.,1.),
  .PIECEWISE_BEZIER_KNOTS.);
#7302 = CARTESIAN_POINT('',(-1.508255564998,27.5));
#7303 = CARTESIAN_POINT('',(-1.508255564998,27.869924584124));
#7304 = CARTESIAN_POINT('',(-1.512369000344,28.239738880734));
#7305 = CARTESIAN_POINT('',(-1.520590836091,28.607678875476));
#7306 = CARTESIAN_POINT('',(-1.532981722865,28.971918307371));
#7307 = CARTESIAN_POINT('',(-1.549652534997,29.330197738902));
#7308 = CARTESIAN_POINT('',(-1.570796326795,29.67944947177));
#7309 = ( GEOMETRIC_REPRESENTATION_CONTEXT(2) 
PARAMETRIC_REPRESENTATION_CONTEXT() REPRESENTATION_CONTEXT('2D SPACE',''
  ) );
#7310 = PCURVE('',#7033,#7311);
#7311 = DEFINITIONAL_REPRESENTATION('',(#7312),#7320);
#7312 = B_SPLINE_CURVE_WITH_KNOTS('',6,(#7313,#7314,#7315,#7316,#7317,
    #7318,#7319),.UNSPECIFIED.,.F.,.F.,(7,7),(0.,1.),
  .PIECEWISE_BEZIER_KNOTS.);
#7313 = CARTESIAN_POINT('',(0.,-0.484359711336));
#7314 = CARTESIAN_POINT('',(-7.398491682476E-02,-0.484359711336));
#7315 = CARTESIAN_POINT('',(-0.147947895525,-0.486416216125));
#7316 = CARTESIAN_POINT('',(-0.222264285203,-0.490528041234));
#7317 = CARTESIAN_POINT('',(-0.297298319232,-0.495708539438));
#7318 = CARTESIAN_POINT('',(-0.373415315603,-0.5));
#7319 = CARTESIAN_POINT('',(-0.451026811796,-0.5));
#7320 = ( GEOMETRIC_REPRESENTATION_CONTEXT(2) 
PARAMETRIC_REPRESENTATION_CONTEXT() REPRESENTATION_CONTEXT('2D SPACE',''
  ) );
#7321 = ORIENTED_EDGE('',*,*,#7322,.T.);
#7322 = EDGE_CURVE('',#7288,#7323,#7325,.T.);
#7323 = VERTEX_POINT('',#7324);
#7324 = CARTESIAN_POINT('',(2.17944947177,68.030442415266,5.302754058019
    ));
#7325 = SURFACE_CURVE('',#7326,(#7330,#7337),.PCURVE_S1.);
#7326 = LINE('',#7327,#7328);
#7327 = CARTESIAN_POINT('',(45.,68.030442415266,5.302754058019));
#7328 = VECTOR('',#7329,1.);
#7329 = DIRECTION('',(-1.,1.110223024625E-16,0.));
#7330 = PCURVE('',#6303,#7331);
#7331 = DEFINITIONAL_REPRESENTATION('',(#7332),#7336);
#7332 = LINE('',#7333,#7334);
#7333 = CARTESIAN_POINT('',(-1.570796326795,0.));
#7334 = VECTOR('',#7335,1.);
#7335 = DIRECTION('',(-0.,1.));
#7336 = ( GEOMETRIC_REPRESENTATION_CONTEXT(2) 
PARAMETRIC_REPRESENTATION_CONTEXT() REPRESENTATION_CONTEXT('2D SPACE',''
  ) );
#7337 = PCURVE('',#6977,#7338);
#7338 = DEFINITIONAL_REPRESENTATION('',(#7339),#7343);
#7339 = LINE('',#7340,#7341);
#7340 = CARTESIAN_POINT('',(4.5,-45.));
#7341 = VECTOR('',#7342,1.);
#7342 = DIRECTION('',(0.,1.));
#7343 = ( GEOMETRIC_REPRESENTATION_CONTEXT(2) 
PARAMETRIC_REPRESENTATION_CONTEXT() REPRESENTATION_CONTEXT('2D SPACE',''
  ) );
#7344 = ORIENTED_EDGE('',*,*,#7345,.T.);
#7345 = EDGE_CURVE('',#7323,#7346,#7348,.T.);
#7346 = VERTEX_POINT('',#7347);
#7347 = CARTESIAN_POINT('',(7.608347608078E-15,68.529902905287,
    5.330751156749));
#7348 = SURFACE_CURVE('',#7349,(#7357,#7368),.PCURVE_S1.);
#7349 = B_SPLINE_CURVE_WITH_KNOTS('',6,(#7350,#7351,#7352,#7353,#7354,
    #7355,#7356),.UNSPECIFIED.,.F.,.F.,(7,7),(0.,1.),
  .PIECEWISE_BEZIER_KNOTS.);
#7350 = CARTESIAN_POINT('',(2.17944947177,68.030442415266,5.302754058019
    ));
#7351 = CARTESIAN_POINT('',(1.830197765469,68.198949068739,
    5.317496479926));
#7352 = CARTESIAN_POINT('',(1.471918330948,68.332181678486,
    5.324844970428));
#7353 = CARTESIAN_POINT('',(1.10767887749,68.431249665864,5.328312008133
    ));
#7354 = CARTESIAN_POINT('',(0.739738862647,68.49700582888,5.329937395703
    ));
#7355 = CARTESIAN_POINT('',(0.369924563621,68.529902905287,
    5.330751156749));
#7356 = CARTESIAN_POINT('',(8.052436817928E-15,68.529902905287,
    5.330751156749));
#7357 = PCURVE('',#6303,#7358);
#7358 = DEFINITIONAL_REPRESENTATION('',(#7359),#7367);
#7359 = B_SPLINE_CURVE_WITH_KNOTS('',6,(#7360,#7361,#7362,#7363,#7364,
    #7365,#7366),.UNSPECIFIED.,.F.,.F.,(7,7),(0.,1.),
  .PIECEWISE_BEZIER_KNOTS.);
#7360 = CARTESIAN_POINT('',(-1.570796326795,42.82055052823));
#7361 = CARTESIAN_POINT('',(-1.549652536606,43.169802234531));
#7362 = CARTESIAN_POINT('',(-1.532981723484,43.528081669052));
#7363 = CARTESIAN_POINT('',(-1.520590835756,43.89232112251));
#7364 = CARTESIAN_POINT('',(-1.512368999846,44.260261137353));
#7365 = CARTESIAN_POINT('',(-1.508255564998,44.630075436379));
#7366 = CARTESIAN_POINT('',(-1.508255564998,45.));
#7367 = ( GEOMETRIC_REPRESENTATION_CONTEXT(2) 
PARAMETRIC_REPRESENTATION_CONTEXT() REPRESENTATION_CONTEXT('2D SPACE',''
  ) );
#7368 = PCURVE('',#6935,#7369);
#7369 = DEFINITIONAL_REPRESENTATION('',(#7370),#7378);
#7370 = B_SPLINE_CURVE_WITH_KNOTS('',6,(#7371,#7372,#7373,#7374,#7375,
    #7376,#7377),.UNSPECIFIED.,.F.,.F.,(7,7),(0.,1.),
  .PIECEWISE_BEZIER_KNOTS.);
#7371 = CARTESIAN_POINT('',(-5.832158495383,-0.5));
#7372 = CARTESIAN_POINT('',(-5.909769985673,-0.5));
#7373 = CARTESIAN_POINT('',(-5.985886983313,-0.495708540216));
#7374 = CARTESIAN_POINT('',(-6.060921021582,-0.490528040773));
#7375 = CARTESIAN_POINT('',(-6.135237415336,-0.486416216025));
#7376 = CARTESIAN_POINT('',(-6.209200394455,-0.484359711336));
#7377 = CARTESIAN_POINT('',(-6.28318530718,-0.484359711336));
#7378 = ( GEOMETRIC_REPRESENTATION_CONTEXT(2) 
PARAMETRIC_REPRESENTATION_CONTEXT() REPRESENTATION_CONTEXT('2D SPACE',''
  ) );
#7379 = ORIENTED_EDGE('',*,*,#7380,.T.);
#7380 = EDGE_CURVE('',#7346,#7381,#7383,.T.);
#7381 = VERTEX_POINT('',#7382);
#7382 = CARTESIAN_POINT('',(-2.17944947177,68.030442415266,
    5.302754058019));
#7383 = SURFACE_CURVE('',#7384,(#7392,#7403),.PCURVE_S1.);
#7384 = B_SPLINE_CURVE_WITH_KNOTS('',6,(#7385,#7386,#7387,#7388,#7389,
    #7390,#7391),.UNSPECIFIED.,.F.,.F.,(7,7),(0.,1.),
  .PIECEWISE_BEZIER_KNOTS.);
#7385 = CARTESIAN_POINT('',(8.220671007651E-15,68.529902905287,
    5.330751156749));
#7386 = CARTESIAN_POINT('',(-0.369924584124,68.529902905287,
    5.330751156749));
#7387 = CARTESIAN_POINT('',(-0.739738880734,68.497005825105,
    5.329937395473));
#7388 = CARTESIAN_POINT('',(-1.107678875476,68.4312496628,5.328312008328
    ));
#7389 = CARTESIAN_POINT('',(-1.47191830737,68.332181683678,
    5.324844970101));
#7390 = CARTESIAN_POINT('',(-1.830197738902,68.198949081557,
    5.317496481048));
#7391 = CARTESIAN_POINT('',(-2.17944947177,68.030442415266,
    5.302754058019));
#7392 = PCURVE('',#6303,#7393);
#7393 = DEFINITIONAL_REPRESENTATION('',(#7394),#7402);
#7394 = B_SPLINE_CURVE_WITH_KNOTS('',6,(#7395,#7396,#7397,#7398,#7399,
    #7400,#7401),.UNSPECIFIED.,.F.,.F.,(7,7),(0.,1.),
  .PIECEWISE_BEZIER_KNOTS.);
#7395 = CARTESIAN_POINT('',(-1.508255564998,45.));
#7396 = CARTESIAN_POINT('',(-1.508255564998,45.369924584124));
#7397 = CARTESIAN_POINT('',(-1.512369000344,45.739738880734));
#7398 = CARTESIAN_POINT('',(-1.520590836091,46.107678875476));
#7399 = CARTESIAN_POINT('',(-1.532981722865,46.47191830737));
#7400 = CARTESIAN_POINT('',(-1.549652534997,46.830197738902));
#7401 = CARTESIAN_POINT('',(-1.570796326795,47.17944947177));
#7402 = ( GEOMETRIC_REPRESENTATION_CONTEXT(2) 
PARAMETRIC_REPRESENTATION_CONTEXT() REPRESENTATION_CONTEXT('2D SPACE',''
  ) );
#7403 = PCURVE('',#6935,#7404);
#7404 = DEFINITIONAL_REPRESENTATION('',(#7405),#7413);
#7405 = B_SPLINE_CURVE_WITH_KNOTS('',6,(#7406,#7407,#7408,#7409,#7410,
    #7411,#7412),.UNSPECIFIED.,.F.,.F.,(7,7),(0.,1.),
  .PIECEWISE_BEZIER_KNOTS.);
#7406 = CARTESIAN_POINT('',(0.,-0.484359711336));
#7407 = CARTESIAN_POINT('',(-7.398491682477E-02,-0.484359711336));
#7408 = CARTESIAN_POINT('',(-0.147947895525,-0.486416216125));
#7409 = CARTESIAN_POINT('',(-0.222264285203,-0.490528041234));
#7410 = CARTESIAN_POINT('',(-0.297298319232,-0.495708539438));
#7411 = CARTESIAN_POINT('',(-0.373415315603,-0.5));
#7412 = CARTESIAN_POINT('',(-0.451026811796,-0.5));
#7413 = ( GEOMETRIC_REPRESENTATION_CONTEXT(2) 
PARAMETRIC_REPRESENTATION_CONTEXT() REPRESENTATION_CONTEXT('2D SPACE',''
  ) );
#7414 = ORIENTED_EDGE('',*,*,#7415,.T.);
#7415 = EDGE_CURVE('',#7381,#7416,#7418,.T.);
#7416 = VERTEX_POINT('',#7417);
#7417 = CARTESIAN_POINT('',(-30.32055052823,68.030442415266,
    5.302754058019));
#7418 = SURFACE_CURVE('',#7419,(#7423,#7430),.PCURVE_S1.);
#7419 = LINE('',#7420,#7421);
#7420 = CARTESIAN_POINT('',(45.,68.030442415266,5.302754058019));
#7421 = VECTOR('',#7422,1.);
#7422 = DIRECTION('',(-1.,1.110223024625E-16,0.));
#7423 = PCURVE('',#6303,#7424);
#7424 = DEFINITIONAL_REPRESENTATION('',(#7425),#7429);
#7425 = LINE('',#7426,#7427);
#7426 = CARTESIAN_POINT('',(-1.570796326795,0.));
#7427 = VECTOR('',#7428,1.);
#7428 = DIRECTION('',(-0.,1.));
#7429 = ( GEOMETRIC_REPRESENTATION_CONTEXT(2) 
PARAMETRIC_REPRESENTATION_CONTEXT() REPRESENTATION_CONTEXT('2D SPACE',''
  ) );
#7430 = PCURVE('',#6879,#7431);
#7431 = DEFINITIONAL_REPRESENTATION('',(#7432),#7436);
#7432 = LINE('',#7433,#7434);
#7433 = CARTESIAN_POINT('',(4.5,-45.));
#7434 = VECTOR('',#7435,1.);
#7435 = DIRECTION('',(0.,1.));
#7436 = ( GEOMETRIC_REPRESENTATION_CONTEXT(2) 
PARAMETRIC_REPRESENTATION_CONTEXT() REPRESENTATION_CONTEXT('2D SPACE',''
  ) );
#7437 = ORIENTED_EDGE('',*,*,#7438,.T.);
#7438 = EDGE_CURVE('',#7416,#7439,#7441,.T.);
#7439 = VERTEX_POINT('',#7440);
#7440 = CARTESIAN_POINT('',(-32.5,68.529902905287,5.330751156749));
#7441 = SURFACE_CURVE('',#7442,(#7450,#7461),.PCURVE_S1.);
#7442 = B_SPLINE_CURVE_WITH_KNOTS('',6,(#7443,#7444,#7445,#7446,#7447,
    #7448,#7449),.UNSPECIFIED.,.F.,.F.,(7,7),(0.,1.),
  .PIECEWISE_BEZIER_KNOTS.);
#7443 = CARTESIAN_POINT('',(-30.32055052823,68.030442415266,
    5.302754058019));
#7444 = CARTESIAN_POINT('',(-30.66980223453,68.198949068739,
    5.317496479926));
#7445 = CARTESIAN_POINT('',(-31.02808166905,68.332181678486,
    5.324844970428));
#7446 = CARTESIAN_POINT('',(-31.39232112251,68.431249665864,
    5.328312008133));
#7447 = CARTESIAN_POINT('',(-31.76026113735,68.49700582888,
    5.329937395703));
#7448 = CARTESIAN_POINT('',(-32.13007543637,68.529902905287,
    5.330751156749));
#7449 = CARTESIAN_POINT('',(-32.5,68.529902905287,5.330751156749));
#7450 = PCURVE('',#6303,#7451);
#7451 = DEFINITIONAL_REPRESENTATION('',(#7452),#7460);
#7452 = B_SPLINE_CURVE_WITH_KNOTS('',6,(#7453,#7454,#7455,#7456,#7457,
    #7458,#7459),.UNSPECIFIED.,.F.,.F.,(7,7),(0.,1.),
  .PIECEWISE_BEZIER_KNOTS.);
#7453 = CARTESIAN_POINT('',(-1.570796326795,75.32055052823));
#7454 = CARTESIAN_POINT('',(-1.549652536606,75.669802234532));
#7455 = CARTESIAN_POINT('',(-1.532981723484,76.028081669052));
#7456 = CARTESIAN_POINT('',(-1.520590835756,76.39232112251));
#7457 = CARTESIAN_POINT('',(-1.512368999846,76.760261137353));
#7458 = CARTESIAN_POINT('',(-1.508255564998,77.130075436379));
#7459 = CARTESIAN_POINT('',(-1.508255564998,77.5));
#7460 = ( GEOMETRIC_REPRESENTATION_CONTEXT(2) 
PARAMETRIC_REPRESENTATION_CONTEXT() REPRESENTATION_CONTEXT('2D SPACE',''
  ) );
#7461 = PCURVE('',#6837,#7462);
#7462 = DEFINITIONAL_REPRESENTATION('',(#7463),#7471);
#7463 = B_SPLINE_CURVE_WITH_KNOTS('',6,(#7464,#7465,#7466,#7467,#7468,
    #7469,#7470),.UNSPECIFIED.,.F.,.F.,(7,7),(0.,1.),
  .PIECEWISE_BEZIER_KNOTS.);
#7464 = CARTESIAN_POINT('',(-5.832158495383,-0.5));
#7465 = CARTESIAN_POINT('',(-5.909769985673,-0.5));
#7466 = CARTESIAN_POINT('',(-5.985886983313,-0.495708540216));
#7467 = CARTESIAN_POINT('',(-6.060921021582,-0.490528040773));
#7468 = CARTESIAN_POINT('',(-6.135237415336,-0.486416216025));
#7469 = CARTESIAN_POINT('',(-6.209200394455,-0.484359711336));
#7470 = CARTESIAN_POINT('',(-6.28318530718,-0.484359711336));
#7471 = ( GEOMETRIC_REPRESENTATION_CONTEXT(2) 
PARAMETRIC_REPRESENTATION_CONTEXT() REPRESENTATION_CONTEXT('2D SPACE',''
  ) );
#7472 = ORIENTED_EDGE('',*,*,#7473,.T.);
#7473 = EDGE_CURVE('',#7439,#7474,#7476,.T.);
#7474 = VERTEX_POINT('',#7475);
#7475 = CARTESIAN_POINT('',(-34.67944947177,68.030442415266,
    5.302754058019));
#7476 = SURFACE_CURVE('',#7477,(#7485,#7496),.PCURVE_S1.);
#7477 = B_SPLINE_CURVE_WITH_KNOTS('',6,(#7478,#7479,#7480,#7481,#7482,
    #7483,#7484),.UNSPECIFIED.,.F.,.F.,(7,7),(0.,1.),
  .PIECEWISE_BEZIER_KNOTS.);
#7478 = CARTESIAN_POINT('',(-32.5,68.529902905287,5.330751156749));
#7479 = CARTESIAN_POINT('',(-32.86992458412,68.529902905287,
    5.330751156749));
#7480 = CARTESIAN_POINT('',(-33.23973888073,68.497005825105,
    5.329937395473));
#7481 = CARTESIAN_POINT('',(-33.60767887547,68.4312496628,5.328312008328
    ));
#7482 = CARTESIAN_POINT('',(-33.97191830737,68.332181683678,
    5.324844970101));
#7483 = CARTESIAN_POINT('',(-34.3301977389,68.198949081557,
    5.317496481048));
#7484 = CARTESIAN_POINT('',(-34.67944947177,68.030442415266,
    5.302754058019));
#7485 = PCURVE('',#6303,#7486);
#7486 = DEFINITIONAL_REPRESENTATION('',(#7487),#7495);
#7487 = B_SPLINE_CURVE_WITH_KNOTS('',6,(#7488,#7489,#7490,#7491,#7492,
    #7493,#7494),.UNSPECIFIED.,.F.,.F.,(7,7),(0.,1.),
  .PIECEWISE_BEZIER_KNOTS.);
#7488 = CARTESIAN_POINT('',(-1.508255564998,77.5));
#7489 = CARTESIAN_POINT('',(-1.508255564998,77.869924584124));
#7490 = CARTESIAN_POINT('',(-1.512369000344,78.239738880734));
#7491 = CARTESIAN_POINT('',(-1.520590836091,78.607678875476));
#7492 = CARTESIAN_POINT('',(-1.532981722865,78.971918307371));
#7493 = CARTESIAN_POINT('',(-1.549652534997,79.330197738901));
#7494 = CARTESIAN_POINT('',(-1.570796326795,79.67944947177));
#7495 = ( GEOMETRIC_REPRESENTATION_CONTEXT(2) 
PARAMETRIC_REPRESENTATION_CONTEXT() REPRESENTATION_CONTEXT('2D SPACE',''
  ) );
#7496 = PCURVE('',#6837,#7497);
#7497 = DEFINITIONAL_REPRESENTATION('',(#7498),#7506);
#7498 = B_SPLINE_CURVE_WITH_KNOTS('',6,(#7499,#7500,#7501,#7502,#7503,
    #7504,#7505),.UNSPECIFIED.,.F.,.F.,(7,7),(0.,1.),
  .PIECEWISE_BEZIER_KNOTS.);
#7499 = CARTESIAN_POINT('',(0.,-0.484359711336));
#7500 = CARTESIAN_POINT('',(-7.39849168247E-02,-0.484359711336));
#7501 = CARTESIAN_POINT('',(-0.147947895525,-0.486416216125));
#7502 = CARTESIAN_POINT('',(-0.222264285203,-0.490528041234));
#7503 = CARTESIAN_POINT('',(-0.297298319232,-0.495708539438));
#7504 = CARTESIAN_POINT('',(-0.373415315603,-0.5));
#7505 = CARTESIAN_POINT('',(-0.451026811796,-0.5));
#7506 = ( GEOMETRIC_REPRESENTATION_CONTEXT(2) 
PARAMETRIC_REPRESENTATION_CONTEXT() REPRESENTATION_CONTEXT('2D SPACE',''
  ) );
#7507 = ORIENTED_EDGE('',*,*,#7508,.T.);
#7508 = EDGE_CURVE('',#7474,#7509,#7511,.T.);
#7509 = VERTEX_POINT('',#7510);
#7510 = CARTESIAN_POINT('',(-41.,68.030442415266,5.302754058019));
#7511 = SURFACE_CURVE('',#7512,(#7516,#7523),.PCURVE_S1.);
#7512 = LINE('',#7513,#7514);
#7513 = CARTESIAN_POINT('',(45.,68.030442415266,5.302754058019));
#7514 = VECTOR('',#7515,1.);
#7515 = DIRECTION('',(-1.,1.110223024625E-16,0.));
#7516 = PCURVE('',#6303,#7517);
#7517 = DEFINITIONAL_REPRESENTATION('',(#7518),#7522);
#7518 = LINE('',#7519,#7520);
#7519 = CARTESIAN_POINT('',(-1.570796326795,0.));
#7520 = VECTOR('',#7521,1.);
#7521 = DIRECTION('',(-0.,1.));
#7522 = ( GEOMETRIC_REPRESENTATION_CONTEXT(2) 
PARAMETRIC_REPRESENTATION_CONTEXT() REPRESENTATION_CONTEXT('2D SPACE',''
  ) );
#7523 = PCURVE('',#6781,#7524);
#7524 = DEFINITIONAL_REPRESENTATION('',(#7525),#7529);
#7525 = LINE('',#7526,#7527);
#7526 = CARTESIAN_POINT('',(4.5,-45.));
#7527 = VECTOR('',#7528,1.);
#7528 = DIRECTION('',(0.,1.));
#7529 = ( GEOMETRIC_REPRESENTATION_CONTEXT(2) 
PARAMETRIC_REPRESENTATION_CONTEXT() REPRESENTATION_CONTEXT('2D SPACE',''
  ) );
#7530 = ORIENTED_EDGE('',*,*,#7531,.T.);
#7531 = EDGE_CURVE('',#7509,#7109,#7532,.T.);
#7532 = SURFACE_CURVE('',#7533,(#7538,#7545),.PCURVE_S1.);
#7533 = CIRCLE('',#7534,8.);
#7534 = AXIS2_PLACEMENT_3D('',#7535,#7536,#7537);
#7535 = CARTESIAN_POINT('',(-41.,68.727688357247,-2.666803526715));
#7536 = DIRECTION('',(-1.,1.110223024625E-16,-2.55153078879E-34));
#7537 = DIRECTION('',(-9.676231232676E-18,-8.715574274766E-02,
    0.996194698092));
#7538 = PCURVE('',#6303,#7539);
#7539 = DEFINITIONAL_REPRESENTATION('',(#7540),#7544);
#7540 = LINE('',#7541,#7542);
#7541 = CARTESIAN_POINT('',(-1.570796326795,86.));
#7542 = VECTOR('',#7543,1.);
#7543 = DIRECTION('',(1.,-0.));
#7544 = ( GEOMETRIC_REPRESENTATION_CONTEXT(2) 
PARAMETRIC_REPRESENTATION_CONTEXT() REPRESENTATION_CONTEXT('2D SPACE',''
  ) );
#7545 = PCURVE('',#7546,#7551);
#7546 = TOROIDAL_SURFACE('',#7547,4.,4.);
#7547 = AXIS2_PLACEMENT_3D('',#7548,#7549,#7550);
#7548 = CARTESIAN_POINT('',(-41.,68.727688357247,-2.666803526715));
#7549 = DIRECTION('',(-1.,1.110223024625E-16,0.));
#7550 = DIRECTION('',(-9.676231232676E-18,-8.715574274766E-02,
    0.996194698092));
#7551 = DEFINITIONAL_REPRESENTATION('',(#7552),#7556);
#7552 = LINE('',#7553,#7554);
#7553 = CARTESIAN_POINT('',(0.,0.));
#7554 = VECTOR('',#7555,1.);
#7555 = DIRECTION('',(1.,0.));
#7556 = ( GEOMETRIC_REPRESENTATION_CONTEXT(2) 
PARAMETRIC_REPRESENTATION_CONTEXT() REPRESENTATION_CONTEXT('2D SPACE',''
  ) );
#7557 = ADVANCED_FACE('',(#7558),#6379,.T.);
#7558 = FACE_BOUND('',#7559,.T.);
#7559 = EDGE_LOOP('',(#7560,#7561,#7562,#7563));
#7560 = ORIENTED_EDGE('',*,*,#6495,.T.);
#7561 = ORIENTED_EDGE('',*,*,#6468,.T.);
#7562 = ORIENTED_EDGE('',*,*,#6419,.T.);
#7563 = ORIENTED_EDGE('',*,*,#6365,.T.);
#7564 = ADVANCED_FACE('',(#7565),#6536,.T.);
#7565 = FACE_BOUND('',#7566,.T.);
#7566 = EDGE_LOOP('',(#7567,#7568,#7595,#7596));
#7567 = ORIENTED_EDGE('',*,*,#6551,.F.);
#7568 = ORIENTED_EDGE('',*,*,#7569,.F.);
#7569 = EDGE_CURVE('',#6660,#6552,#7570,.T.);
#7570 = SURFACE_CURVE('',#7571,(#7576,#7583),.PCURVE_S1.);
#7571 = CIRCLE('',#7572,4.);
#7572 = AXIS2_PLACEMENT_3D('',#7573,#7574,#7575);
#7573 = CARTESIAN_POINT('',(-41.,56.914539724912,-16.80016899253));
#7574 = DIRECTION('',(-1.,1.110223024625E-16,-2.55153078879E-34));
#7575 = DIRECTION('',(9.676231232676E-18,8.715574274766E-02,
    -0.996194698092));
#7576 = PCURVE('',#6536,#7577);
#7577 = DEFINITIONAL_REPRESENTATION('',(#7578),#7582);
#7578 = LINE('',#7579,#7580);
#7579 = CARTESIAN_POINT('',(1.570796326795,4.));
#7580 = VECTOR('',#7581,1.);
#7581 = DIRECTION('',(-1.,-0.));
#7582 = ( GEOMETRIC_REPRESENTATION_CONTEXT(2) 
PARAMETRIC_REPRESENTATION_CONTEXT() REPRESENTATION_CONTEXT('2D SPACE',''
  ) );
#7583 = PCURVE('',#7584,#7589);
#7584 = SPHERICAL_SURFACE('',#7585,4.);
#7585 = AXIS2_PLACEMENT_3D('',#7586,#7587,#7588);
#7586 = CARTESIAN_POINT('',(-41.,56.914539724912,-16.80016899253));
#7587 = DIRECTION('',(-1.,1.110223024625E-16,0.));
#7588 = DIRECTION('',(9.676231232676E-18,8.715574274766E-02,
    -0.996194698092));
#7589 = DEFINITIONAL_REPRESENTATION('',(#7590),#7594);
#7590 = LINE('',#7591,#7592);
#7591 = CARTESIAN_POINT('',(0.,0.));
#7592 = VECTOR('',#7593,1.);
#7593 = DIRECTION('',(1.,0.));
#7594 = ( GEOMETRIC_REPRESENTATION_CONTEXT(2) 
PARAMETRIC_REPRESENTATION_CONTEXT() REPRESENTATION_CONTEXT('2D SPACE',''
  ) );
#7595 = ORIENTED_EDGE('',*,*,#6659,.T.);
#7596 = ORIENTED_EDGE('',*,*,#6521,.T.);
#7597 = ADVANCED_FACE('',(#7598),#6590,.T.);
#7598 = FACE_BOUND('',#7599,.F.);
#7599 = EDGE_LOOP('',(#7600,#7624,#7652,#7674));
#7600 = ORIENTED_EDGE('',*,*,#7601,.T.);
#7601 = EDGE_CURVE('',#6552,#7602,#7604,.T.);
#7602 = VERTEX_POINT('',#7603);
#7603 = CARTESIAN_POINT('',(-45.,56.914539724912,-16.80016899253));
#7604 = SURFACE_CURVE('',#7605,(#7610,#7617),.PCURVE_S1.);
#7605 = CIRCLE('',#7606,4.);
#7606 = AXIS2_PLACEMENT_3D('',#7607,#7608,#7609);
#7607 = CARTESIAN_POINT('',(-41.,56.914539724912,-16.80016899253));
#7608 = DIRECTION('',(9.676231232676E-18,8.715574274766E-02,
    -0.996194698092));
#7609 = DIRECTION('',(-1.105998290831E-16,-0.996194698092,
    -8.715574274766E-02));
#7610 = PCURVE('',#6590,#7611);
#7611 = DEFINITIONAL_REPRESENTATION('',(#7612),#7616);
#7612 = LINE('',#7613,#7614);
#7613 = CARTESIAN_POINT('',(-0.,0.));
#7614 = VECTOR('',#7615,1.);
#7615 = DIRECTION('',(-1.,0.));
#7616 = ( GEOMETRIC_REPRESENTATION_CONTEXT(2) 
PARAMETRIC_REPRESENTATION_CONTEXT() REPRESENTATION_CONTEXT('2D SPACE',''
  ) );
#7617 = PCURVE('',#7584,#7618);
#7618 = DEFINITIONAL_REPRESENTATION('',(#7619),#7623);
#7619 = LINE('',#7620,#7621);
#7620 = CARTESIAN_POINT('',(1.570796326795,0.));
#7621 = VECTOR('',#7622,1.);
#7622 = DIRECTION('',(0.,1.));
#7623 = ( GEOMETRIC_REPRESENTATION_CONTEXT(2) 
PARAMETRIC_REPRESENTATION_CONTEXT() REPRESENTATION_CONTEXT('2D SPACE',''
  ) );
#7624 = ORIENTED_EDGE('',*,*,#7625,.T.);
#7625 = EDGE_CURVE('',#7602,#7626,#7628,.T.);
#7626 = VERTEX_POINT('',#7627);
#7627 = CARTESIAN_POINT('',(-45.,55.777157282055,-3.799828182435));
#7628 = SURFACE_CURVE('',#7629,(#7633,#7640),.PCURVE_S1.);
#7629 = LINE('',#7630,#7631);
#7630 = CARTESIAN_POINT('',(-45.,56.914539724912,-16.80016899253));
#7631 = VECTOR('',#7632,1.);
#7632 = DIRECTION('',(-9.676231232676E-18,-8.715574274766E-02,
    0.996194698092));
#7633 = PCURVE('',#6590,#7634);
#7634 = DEFINITIONAL_REPRESENTATION('',(#7635),#7639);
#7635 = LINE('',#7636,#7637);
#7636 = CARTESIAN_POINT('',(-1.570796326795,0.));
#7637 = VECTOR('',#7638,1.);
#7638 = DIRECTION('',(-0.,1.));
#7639 = ( GEOMETRIC_REPRESENTATION_CONTEXT(2) 
PARAMETRIC_REPRESENTATION_CONTEXT() REPRESENTATION_CONTEXT('2D SPACE',''
  ) );
#7640 = PCURVE('',#7641,#7646);
#7641 = PLANE('',#7642);
#7642 = AXIS2_PLACEMENT_3D('',#7643,#7644,#7645);
#7643 = CARTESIAN_POINT('',(-45.,78.183251355829,-18.95467718719));
#7644 = DIRECTION('',(1.,-1.110223024625E-16,0.));
#7645 = DIRECTION('',(-1.105998290831E-16,-0.996194698092,
    -8.715574274766E-02));
#7646 = DEFINITIONAL_REPRESENTATION('',(#7647),#7651);
#7647 = LINE('',#7648,#7649);
#7648 = CARTESIAN_POINT('',(21.,-4.));
#7649 = VECTOR('',#7650,1.);
#7650 = DIRECTION('',(-2.298214621924E-18,-1.));
#7651 = ( GEOMETRIC_REPRESENTATION_CONTEXT(2) 
PARAMETRIC_REPRESENTATION_CONTEXT() REPRESENTATION_CONTEXT('2D SPACE',''
  ) );
#7652 = ORIENTED_EDGE('',*,*,#7653,.F.);
#7653 = EDGE_CURVE('',#6575,#7626,#7654,.T.);
#7654 = SURFACE_CURVE('',#7655,(#7660,#7667),.PCURVE_S1.);
#7655 = CIRCLE('',#7656,4.);
#7656 = AXIS2_PLACEMENT_3D('',#7657,#7658,#7659);
#7657 = CARTESIAN_POINT('',(-41.,55.777157282055,-3.799828182435));
#7658 = DIRECTION('',(9.676231232676E-18,8.715574274766E-02,
    -0.996194698092));
#7659 = DIRECTION('',(-1.105998290831E-16,-0.996194698092,
    -8.715574274766E-02));
#7660 = PCURVE('',#6590,#7661);
#7661 = DEFINITIONAL_REPRESENTATION('',(#7662),#7666);
#7662 = LINE('',#7663,#7664);
#7663 = CARTESIAN_POINT('',(-0.,13.05));
#7664 = VECTOR('',#7665,1.);
#7665 = DIRECTION('',(-1.,0.));
#7666 = ( GEOMETRIC_REPRESENTATION_CONTEXT(2) 
PARAMETRIC_REPRESENTATION_CONTEXT() REPRESENTATION_CONTEXT('2D SPACE',''
  ) );
#7667 = PCURVE('',#6753,#7668);
#7668 = DEFINITIONAL_REPRESENTATION('',(#7669),#7673);
#7669 = LINE('',#7670,#7671);
#7670 = CARTESIAN_POINT('',(0.,0.));
#7671 = VECTOR('',#7672,1.);
#7672 = DIRECTION('',(0.,1.));
#7673 = ( GEOMETRIC_REPRESENTATION_CONTEXT(2) 
PARAMETRIC_REPRESENTATION_CONTEXT() REPRESENTATION_CONTEXT('2D SPACE',''
  ) );
#7674 = ORIENTED_EDGE('',*,*,#6574,.F.);
#7675 = ADVANCED_FACE('',(#7676),#6644,.T.);
#7676 = FACE_BOUND('',#7677,.F.);
#7677 = EDGE_LOOP('',(#7678,#7679,#7680,#7681));
#7678 = ORIENTED_EDGE('',*,*,#6683,.F.);
#7679 = ORIENTED_EDGE('',*,*,#6629,.F.);
#7680 = ORIENTED_EDGE('',*,*,#7084,.T.);
#7681 = ORIENTED_EDGE('',*,*,#7682,.T.);
#7682 = EDGE_CURVE('',#7085,#6684,#7683,.T.);
#7683 = SURFACE_CURVE('',#7684,(#7689,#7696),.PCURVE_S1.);
#7684 = CIRCLE('',#7685,4.);
#7685 = AXIS2_PLACEMENT_3D('',#7686,#7687,#7688);
#7686 = CARTESIAN_POINT('',(-41.,73.849849592471,-15.31852136582));
#7687 = DIRECTION('',(-1.,1.110223024625E-16,2.55153078879E-34));
#7688 = DIRECTION('',(1.105998290831E-16,0.996194698092,
    8.715574274766E-02));
#7689 = PCURVE('',#6644,#7690);
#7690 = DEFINITIONAL_REPRESENTATION('',(#7691),#7695);
#7691 = LINE('',#7692,#7693);
#7692 = CARTESIAN_POINT('',(-1.570796326795,86.));
#7693 = VECTOR('',#7694,1.);
#7694 = DIRECTION('',(1.,-0.));
#7695 = ( GEOMETRIC_REPRESENTATION_CONTEXT(2) 
PARAMETRIC_REPRESENTATION_CONTEXT() REPRESENTATION_CONTEXT('2D SPACE',''
  ) );
#7696 = PCURVE('',#7697,#7702);
#7697 = SPHERICAL_SURFACE('',#7698,4.);
#7698 = AXIS2_PLACEMENT_3D('',#7699,#7700,#7701);
#7699 = CARTESIAN_POINT('',(-41.,73.849849592471,-15.31852136582));
#7700 = DIRECTION('',(-1.,1.110223024625E-16,0.));
#7701 = DIRECTION('',(1.105998290831E-16,0.996194698092,
    8.715574274766E-02));
#7702 = DEFINITIONAL_REPRESENTATION('',(#7703),#7707);
#7703 = LINE('',#7704,#7705);
#7704 = CARTESIAN_POINT('',(0.,0.));
#7705 = VECTOR('',#7706,1.);
#7706 = DIRECTION('',(1.,0.));
#7707 = ( GEOMETRIC_REPRESENTATION_CONTEXT(2) 
PARAMETRIC_REPRESENTATION_CONTEXT() REPRESENTATION_CONTEXT('2D SPACE',''
  ) );
#7708 = ADVANCED_FACE('',(#7709),#6720,.T.);
#7709 = FACE_BOUND('',#7710,.F.);
#7710 = EDGE_LOOP('',(#7711,#7735,#7756,#7778));
#7711 = ORIENTED_EDGE('',*,*,#7712,.T.);
#7712 = EDGE_CURVE('',#6684,#7713,#7715,.T.);
#7713 = VERTEX_POINT('',#7714);
#7714 = CARTESIAN_POINT('',(-45.,73.849849592471,-15.31852136582));
#7715 = SURFACE_CURVE('',#7716,(#7721,#7728),.PCURVE_S1.);
#7716 = CIRCLE('',#7717,4.);
#7717 = AXIS2_PLACEMENT_3D('',#7718,#7719,#7720);
#7718 = CARTESIAN_POINT('',(-41.,73.849849592471,-15.31852136582));
#7719 = DIRECTION('',(1.105998290831E-16,0.996194698092,
    8.715574274766E-02));
#7720 = DIRECTION('',(9.676231232676E-18,8.715574274766E-02,
    -0.996194698092));
#7721 = PCURVE('',#6720,#7722);
#7722 = DEFINITIONAL_REPRESENTATION('',(#7723),#7727);
#7723 = LINE('',#7724,#7725);
#7724 = CARTESIAN_POINT('',(-0.,0.));
#7725 = VECTOR('',#7726,1.);
#7726 = DIRECTION('',(-1.,0.));
#7727 = ( GEOMETRIC_REPRESENTATION_CONTEXT(2) 
PARAMETRIC_REPRESENTATION_CONTEXT() REPRESENTATION_CONTEXT('2D SPACE',''
  ) );
#7728 = PCURVE('',#7697,#7729);
#7729 = DEFINITIONAL_REPRESENTATION('',(#7730),#7734);
#7730 = LINE('',#7731,#7732);
#7731 = CARTESIAN_POINT('',(1.570796326795,0.));
#7732 = VECTOR('',#7733,1.);
#7733 = DIRECTION('',(0.,1.));
#7734 = ( GEOMETRIC_REPRESENTATION_CONTEXT(2) 
PARAMETRIC_REPRESENTATION_CONTEXT() REPRESENTATION_CONTEXT('2D SPACE',''
  ) );
#7735 = ORIENTED_EDGE('',*,*,#7736,.T.);
#7736 = EDGE_CURVE('',#7713,#7602,#7737,.T.);
#7737 = SURFACE_CURVE('',#7738,(#7742,#7749),.PCURVE_S1.);
#7738 = LINE('',#7739,#7740);
#7739 = CARTESIAN_POINT('',(-45.,73.849849592471,-15.31852136582));
#7740 = VECTOR('',#7741,1.);
#7741 = DIRECTION('',(-1.105998290831E-16,-0.996194698092,
    -8.715574274766E-02));
#7742 = PCURVE('',#6720,#7743);
#7743 = DEFINITIONAL_REPRESENTATION('',(#7744),#7748);
#7744 = LINE('',#7745,#7746);
#7745 = CARTESIAN_POINT('',(-1.570796326795,0.));
#7746 = VECTOR('',#7747,1.);
#7747 = DIRECTION('',(-0.,1.));
#7748 = ( GEOMETRIC_REPRESENTATION_CONTEXT(2) 
PARAMETRIC_REPRESENTATION_CONTEXT() REPRESENTATION_CONTEXT('2D SPACE',''
  ) );
#7749 = PCURVE('',#7641,#7750);
#7750 = DEFINITIONAL_REPRESENTATION('',(#7751),#7755);
#7751 = LINE('',#7752,#7753);
#7752 = CARTESIAN_POINT('',(4.,-4.));
#7753 = VECTOR('',#7754,1.);
#7754 = DIRECTION('',(1.,2.298214621924E-18));
#7755 = ( GEOMETRIC_REPRESENTATION_CONTEXT(2) 
PARAMETRIC_REPRESENTATION_CONTEXT() REPRESENTATION_CONTEXT('2D SPACE',''
  ) );
#7756 = ORIENTED_EDGE('',*,*,#7757,.F.);
#7757 = EDGE_CURVE('',#6660,#7602,#7758,.T.);
#7758 = SURFACE_CURVE('',#7759,(#7764,#7771),.PCURVE_S1.);
#7759 = CIRCLE('',#7760,4.);
#7760 = AXIS2_PLACEMENT_3D('',#7761,#7762,#7763);
#7761 = CARTESIAN_POINT('',(-41.,56.914539724912,-16.80016899253));
#7762 = DIRECTION('',(1.105998290831E-16,0.996194698092,
    8.715574274766E-02));
#7763 = DIRECTION('',(9.676231232676E-18,8.715574274766E-02,
    -0.996194698092));
#7764 = PCURVE('',#6720,#7765);
#7765 = DEFINITIONAL_REPRESENTATION('',(#7766),#7770);
#7766 = LINE('',#7767,#7768);
#7767 = CARTESIAN_POINT('',(-0.,17.));
#7768 = VECTOR('',#7769,1.);
#7769 = DIRECTION('',(-1.,0.));
#7770 = ( GEOMETRIC_REPRESENTATION_CONTEXT(2) 
PARAMETRIC_REPRESENTATION_CONTEXT() REPRESENTATION_CONTEXT('2D SPACE',''
  ) );
#7771 = PCURVE('',#7584,#7772);
#7772 = DEFINITIONAL_REPRESENTATION('',(#7773),#7777);
#7773 = LINE('',#7774,#7775);
#7774 = CARTESIAN_POINT('',(0.,0.));
#7775 = VECTOR('',#7776,1.);
#7776 = DIRECTION('',(0.,1.));
#7777 = ( GEOMETRIC_REPRESENTATION_CONTEXT(2) 
PARAMETRIC_REPRESENTATION_CONTEXT() REPRESENTATION_CONTEXT('2D SPACE',''
  ) );
#7778 = ORIENTED_EDGE('',*,*,#6706,.F.);
#7779 = ADVANCED_FACE('',(#7780),#7033,.F.);
#7780 = FACE_BOUND('',#7781,.T.);
#7781 = EDGE_LOOP('',(#7782,#7811,#7832,#7833,#7859,#7860,#7861,#7862));
#7782 = ORIENTED_EDGE('',*,*,#7783,.F.);
#7783 = EDGE_CURVE('',#7784,#7784,#7786,.T.);
#7784 = VERTEX_POINT('',#7785);
#7785 = CARTESIAN_POINT('',(17.5,68.572117635686,4.848234580347));
#7786 = SURFACE_CURVE('',#7787,(#7792,#7799),.PCURVE_S1.);
#7787 = CIRCLE('',#7788,5.);
#7788 = AXIS2_PLACEMENT_3D('',#7789,#7790,#7791);
#7789 = CARTESIAN_POINT('',(17.5,63.591144145227,4.412455866608));
#7790 = DIRECTION('',(-9.676231232676E-18,-8.715574274766E-02,
    0.996194698092));
#7791 = DIRECTION('',(1.105998290831E-16,0.996194698092,
    8.715574274766E-02));
#7792 = PCURVE('',#7033,#7793);
#7793 = DEFINITIONAL_REPRESENTATION('',(#7794),#7798);
#7794 = LINE('',#7795,#7796);
#7795 = CARTESIAN_POINT('',(-0.,0.));
#7796 = VECTOR('',#7797,1.);
#7797 = DIRECTION('',(-1.,0.));
#7798 = ( GEOMETRIC_REPRESENTATION_CONTEXT(2) 
PARAMETRIC_REPRESENTATION_CONTEXT() REPRESENTATION_CONTEXT('2D SPACE',''
  ) );
#7799 = PCURVE('',#7800,#7805);
#7800 = PLANE('',#7801);
#7801 = AXIS2_PLACEMENT_3D('',#7802,#7803,#7804);
#7802 = CARTESIAN_POINT('',(17.5,63.591144145227,4.412455866608));
#7803 = DIRECTION('',(-9.676231232676E-18,-8.715574274766E-02,
    0.996194698092));
#7804 = DIRECTION('',(1.105998290831E-16,0.996194698092,
    8.715574274766E-02));
#7805 = DEFINITIONAL_REPRESENTATION('',(#7806),#7810);
#7806 = CIRCLE('',#7807,5.);
#7807 = AXIS2_PLACEMENT_2D('',#7808,#7809);
#7808 = CARTESIAN_POINT('',(3.929295256565E-31,-3.552713678801E-15));
#7809 = DIRECTION('',(1.,0.));
#7810 = ( GEOMETRIC_REPRESENTATION_CONTEXT(2) 
PARAMETRIC_REPRESENTATION_CONTEXT() REPRESENTATION_CONTEXT('2D SPACE',''
  ) );
#7811 = ORIENTED_EDGE('',*,*,#7812,.T.);
#7812 = EDGE_CURVE('',#7784,#7253,#7813,.T.);
#7813 = SEAM_CURVE('',#7814,(#7818,#7825),.PCURVE_S1.);
#7814 = LINE('',#7815,#7816);
#7815 = CARTESIAN_POINT('',(17.5,68.572117635686,4.848234580347));
#7816 = VECTOR('',#7817,1.);
#7817 = DIRECTION('',(-9.676231232676E-18,-8.715574274766E-02,
    0.996194698092));
#7818 = PCURVE('',#7033,#7819);
#7819 = DEFINITIONAL_REPRESENTATION('',(#7820),#7824);
#7820 = LINE('',#7821,#7822);
#7821 = CARTESIAN_POINT('',(-6.28318530718,0.));
#7822 = VECTOR('',#7823,1.);
#7823 = DIRECTION('',(-0.,-1.));
#7824 = ( GEOMETRIC_REPRESENTATION_CONTEXT(2) 
PARAMETRIC_REPRESENTATION_CONTEXT() REPRESENTATION_CONTEXT('2D SPACE',''
  ) );
#7825 = PCURVE('',#7033,#7826);
#7826 = DEFINITIONAL_REPRESENTATION('',(#7827),#7831);
#7827 = LINE('',#7828,#7829);
#7828 = CARTESIAN_POINT('',(-0.,0.));
#7829 = VECTOR('',#7830,1.);
#7830 = DIRECTION('',(-0.,-1.));
#7831 = ( GEOMETRIC_REPRESENTATION_CONTEXT(2) 
PARAMETRIC_REPRESENTATION_CONTEXT() REPRESENTATION_CONTEXT('2D SPACE',''
  ) );
#7832 = ORIENTED_EDGE('',*,*,#7287,.T.);
#7833 = ORIENTED_EDGE('',*,*,#7834,.F.);
#7834 = EDGE_CURVE('',#6962,#7288,#7835,.T.);
#7835 = SURFACE_CURVE('',#7836,(#7841,#7848),.PCURVE_S1.);
#7836 = CIRCLE('',#7837,5.);
#7837 = AXIS2_PLACEMENT_3D('',#7838,#7839,#7840);
#7838 = CARTESIAN_POINT('',(17.5,63.547566273853,4.910553215654));
#7839 = DIRECTION('',(9.676231232676E-18,8.715574274766E-02,
    -0.996194698092));
#7840 = DIRECTION('',(1.105998290831E-16,0.996194698092,
    8.715574274766E-02));
#7841 = PCURVE('',#7033,#7842);
#7842 = DEFINITIONAL_REPRESENTATION('',(#7843),#7847);
#7843 = LINE('',#7844,#7845);
#7844 = CARTESIAN_POINT('',(-6.28318530718,-0.5));
#7845 = VECTOR('',#7846,1.);
#7846 = DIRECTION('',(1.,-0.));
#7847 = ( GEOMETRIC_REPRESENTATION_CONTEXT(2) 
PARAMETRIC_REPRESENTATION_CONTEXT() REPRESENTATION_CONTEXT('2D SPACE',''
  ) );
#7848 = PCURVE('',#6977,#7849);
#7849 = DEFINITIONAL_REPRESENTATION('',(#7850),#7858);
#7850 = ( BOUNDED_CURVE() B_SPLINE_CURVE(2,(#7851,#7852,#7853,#7854,
#7855,#7856,#7857),.UNSPECIFIED.,.T.,.F.) B_SPLINE_CURVE_WITH_KNOTS((1,2
    ,2,2,2,1),(-2.094395102393,0.,2.094395102393,4.188790204786,
6.28318530718,8.377580409573),.UNSPECIFIED.) CURVE() 
GEOMETRIC_REPRESENTATION_ITEM() RATIONAL_B_SPLINE_CURVE((1.,0.5,1.,0.5,
1.,0.5,1.)) REPRESENTATION_ITEM('') );
#7851 = CARTESIAN_POINT('',(5.,-17.5));
#7852 = CARTESIAN_POINT('',(5.,-26.16025403784));
#7853 = CARTESIAN_POINT('',(-2.5,-21.83012701892));
#7854 = CARTESIAN_POINT('',(-10.,-17.5));
#7855 = CARTESIAN_POINT('',(-2.5,-13.16987298107));
#7856 = CARTESIAN_POINT('',(5.,-8.839745962156));
#7857 = CARTESIAN_POINT('',(5.,-17.5));
#7858 = ( GEOMETRIC_REPRESENTATION_CONTEXT(2) 
PARAMETRIC_REPRESENTATION_CONTEXT() REPRESENTATION_CONTEXT('2D SPACE',''
  ) );
#7859 = ORIENTED_EDGE('',*,*,#6989,.T.);
#7860 = ORIENTED_EDGE('',*,*,#7160,.F.);
#7861 = ORIENTED_EDGE('',*,*,#7252,.T.);
#7862 = ORIENTED_EDGE('',*,*,#7812,.F.);
#7863 = ADVANCED_FACE('',(#7864),#6977,.T.);
#7864 = FACE_BOUND('',#7865,.T.);
#7865 = EDGE_LOOP('',(#7866,#7867,#7893,#7894));
#7866 = ORIENTED_EDGE('',*,*,#7322,.T.);
#7867 = ORIENTED_EDGE('',*,*,#7868,.T.);
#7868 = EDGE_CURVE('',#7323,#6892,#7869,.T.);
#7869 = SURFACE_CURVE('',#7870,(#7875,#7886),.PCURVE_S1.);
#7870 = CIRCLE('',#7871,5.);
#7871 = AXIS2_PLACEMENT_3D('',#7872,#7873,#7874);
#7872 = CARTESIAN_POINT('',(7.055197123612E-15,63.547566273853,
    4.910553215654));
#7873 = DIRECTION('',(9.676231232676E-18,8.715574274766E-02,
    -0.996194698092));
#7874 = DIRECTION('',(1.105998290831E-16,0.996194698092,
    8.715574274766E-02));
#7875 = PCURVE('',#6977,#7876);
#7876 = DEFINITIONAL_REPRESENTATION('',(#7877),#7885);
#7877 = ( BOUNDED_CURVE() B_SPLINE_CURVE(2,(#7878,#7879,#7880,#7881,
#7882,#7883,#7884),.UNSPECIFIED.,.T.,.F.) B_SPLINE_CURVE_WITH_KNOTS((1,2
    ,2,2,2,1),(-2.094395102393,0.,2.094395102393,4.188790204786,
6.28318530718,8.377580409573),.UNSPECIFIED.) CURVE() 
GEOMETRIC_REPRESENTATION_ITEM() RATIONAL_B_SPLINE_CURVE((1.,0.5,1.,0.5,
1.,0.5,1.)) REPRESENTATION_ITEM('') );
#7878 = CARTESIAN_POINT('',(5.,0.));
#7879 = CARTESIAN_POINT('',(5.,-8.660254037844));
#7880 = CARTESIAN_POINT('',(-2.5,-4.330127018922));
#7881 = CARTESIAN_POINT('',(-10.,-1.224646799147E-15));
#7882 = CARTESIAN_POINT('',(-2.5,4.330127018922));
#7883 = CARTESIAN_POINT('',(5.,8.660254037844));
#7884 = CARTESIAN_POINT('',(5.,0.));
#7885 = ( GEOMETRIC_REPRESENTATION_CONTEXT(2) 
PARAMETRIC_REPRESENTATION_CONTEXT() REPRESENTATION_CONTEXT('2D SPACE',''
  ) );
#7886 = PCURVE('',#6935,#7887);
#7887 = DEFINITIONAL_REPRESENTATION('',(#7888),#7892);
#7888 = LINE('',#7889,#7890);
#7889 = CARTESIAN_POINT('',(-6.28318530718,-0.5));
#7890 = VECTOR('',#7891,1.);
#7891 = DIRECTION('',(1.,-0.));
#7892 = ( GEOMETRIC_REPRESENTATION_CONTEXT(2) 
PARAMETRIC_REPRESENTATION_CONTEXT() REPRESENTATION_CONTEXT('2D SPACE',''
  ) );
#7893 = ORIENTED_EDGE('',*,*,#6961,.T.);
#7894 = ORIENTED_EDGE('',*,*,#7834,.T.);
#7895 = ADVANCED_FACE('',(#7896),#6935,.F.);
#7896 = FACE_BOUND('',#7897,.T.);
#7897 = EDGE_LOOP('',(#7898,#7927,#7948,#7949,#7975,#7976,#7977,#7978));
#7898 = ORIENTED_EDGE('',*,*,#7899,.F.);
#7899 = EDGE_CURVE('',#7900,#7900,#7902,.T.);
#7900 = VERTEX_POINT('',#7901);
#7901 = CARTESIAN_POINT('',(7.613034384644E-15,68.572117635686,
    4.848234580347));
#7902 = SURFACE_CURVE('',#7903,(#7908,#7915),.PCURVE_S1.);
#7903 = CIRCLE('',#7904,5.);
#7904 = AXIS2_PLACEMENT_3D('',#7905,#7906,#7907);
#7905 = CARTESIAN_POINT('',(7.060035239229E-15,63.591144145227,
    4.412455866608));
#7906 = DIRECTION('',(-9.676231232676E-18,-8.715574274766E-02,
    0.996194698092));
#7907 = DIRECTION('',(1.105998290831E-16,0.996194698092,
    8.715574274766E-02));
#7908 = PCURVE('',#6935,#7909);
#7909 = DEFINITIONAL_REPRESENTATION('',(#7910),#7914);
#7910 = LINE('',#7911,#7912);
#7911 = CARTESIAN_POINT('',(-0.,0.));
#7912 = VECTOR('',#7913,1.);
#7913 = DIRECTION('',(-1.,0.));
#7914 = ( GEOMETRIC_REPRESENTATION_CONTEXT(2) 
PARAMETRIC_REPRESENTATION_CONTEXT() REPRESENTATION_CONTEXT('2D SPACE',''
  ) );
#7915 = PCURVE('',#7916,#7921);
#7916 = PLANE('',#7917);
#7917 = AXIS2_PLACEMENT_3D('',#7918,#7919,#7920);
#7918 = CARTESIAN_POINT('',(6.717166986071E-15,63.591144145227,
    4.412455866608));
#7919 = DIRECTION('',(-9.676231232676E-18,-8.715574274766E-02,
    0.996194698092));
#7920 = DIRECTION('',(1.105998290831E-16,0.996194698092,
    8.715574274766E-02));
#7921 = DEFINITIONAL_REPRESENTATION('',(#7922),#7926);
#7922 = CIRCLE('',#7923,5.);
#7923 = AXIS2_PLACEMENT_2D('',#7924,#7925);
#7924 = CARTESIAN_POINT('',(3.792117019728E-32,-3.428682531579E-16));
#7925 = DIRECTION('',(1.,0.));
#7926 = ( GEOMETRIC_REPRESENTATION_CONTEXT(2) 
PARAMETRIC_REPRESENTATION_CONTEXT() REPRESENTATION_CONTEXT('2D SPACE',''
  ) );
#7927 = ORIENTED_EDGE('',*,*,#7928,.T.);
#7928 = EDGE_CURVE('',#7900,#7346,#7929,.T.);
#7929 = SEAM_CURVE('',#7930,(#7934,#7941),.PCURVE_S1.);
#7930 = LINE('',#7931,#7932);
#7931 = CARTESIAN_POINT('',(7.613034384644E-15,68.572117635686,
    4.848234580347));
#7932 = VECTOR('',#7933,1.);
#7933 = DIRECTION('',(-9.676231232676E-18,-8.715574274766E-02,
    0.996194698092));
#7934 = PCURVE('',#6935,#7935);
#7935 = DEFINITIONAL_REPRESENTATION('',(#7936),#7940);
#7936 = LINE('',#7937,#7938);
#7937 = CARTESIAN_POINT('',(-6.28318530718,0.));
#7938 = VECTOR('',#7939,1.);
#7939 = DIRECTION('',(-0.,-1.));
#7940 = ( GEOMETRIC_REPRESENTATION_CONTEXT(2) 
PARAMETRIC_REPRESENTATION_CONTEXT() REPRESENTATION_CONTEXT('2D SPACE',''
  ) );
#7941 = PCURVE('',#6935,#7942);
#7942 = DEFINITIONAL_REPRESENTATION('',(#7943),#7947);
#7943 = LINE('',#7944,#7945);
#7944 = CARTESIAN_POINT('',(-0.,0.));
#7945 = VECTOR('',#7946,1.);
#7946 = DIRECTION('',(-0.,-1.));
#7947 = ( GEOMETRIC_REPRESENTATION_CONTEXT(2) 
PARAMETRIC_REPRESENTATION_CONTEXT() REPRESENTATION_CONTEXT('2D SPACE',''
  ) );
#7948 = ORIENTED_EDGE('',*,*,#7380,.T.);
#7949 = ORIENTED_EDGE('',*,*,#7950,.F.);
#7950 = EDGE_CURVE('',#6864,#7381,#7951,.T.);
#7951 = SURFACE_CURVE('',#7952,(#7957,#7964),.PCURVE_S1.);
#7952 = CIRCLE('',#7953,5.);
#7953 = AXIS2_PLACEMENT_3D('',#7954,#7955,#7956);
#7954 = CARTESIAN_POINT('',(7.055197123612E-15,63.547566273853,
    4.910553215654));
#7955 = DIRECTION('',(9.676231232676E-18,8.715574274766E-02,
    -0.996194698092));
#7956 = DIRECTION('',(1.105998290831E-16,0.996194698092,
    8.715574274766E-02));
#7957 = PCURVE('',#6935,#7958);
#7958 = DEFINITIONAL_REPRESENTATION('',(#7959),#7963);
#7959 = LINE('',#7960,#7961);
#7960 = CARTESIAN_POINT('',(-6.28318530718,-0.5));
#7961 = VECTOR('',#7962,1.);
#7962 = DIRECTION('',(1.,-0.));
#7963 = ( GEOMETRIC_REPRESENTATION_CONTEXT(2) 
PARAMETRIC_REPRESENTATION_CONTEXT() REPRESENTATION_CONTEXT('2D SPACE',''
  ) );
#7964 = PCURVE('',#6879,#7965);
#7965 = DEFINITIONAL_REPRESENTATION('',(#7966),#7974);
#7966 = ( BOUNDED_CURVE() B_SPLINE_CURVE(2,(#7967,#7968,#7969,#7970,
#7971,#7972,#7973),.UNSPECIFIED.,.T.,.F.) B_SPLINE_CURVE_WITH_KNOTS((1,2
    ,2,2,2,1),(-2.094395102393,0.,2.094395102393,4.188790204786,
6.28318530718,8.377580409573),.UNSPECIFIED.) CURVE() 
GEOMETRIC_REPRESENTATION_ITEM() RATIONAL_B_SPLINE_CURVE((1.,0.5,1.,0.5,
1.,0.5,1.)) REPRESENTATION_ITEM('') );
#7967 = CARTESIAN_POINT('',(5.,0.));
#7968 = CARTESIAN_POINT('',(5.,-8.660254037844));
#7969 = CARTESIAN_POINT('',(-2.5,-4.330127018922));
#7970 = CARTESIAN_POINT('',(-10.,-1.224646799147E-15));
#7971 = CARTESIAN_POINT('',(-2.5,4.330127018922));
#7972 = CARTESIAN_POINT('',(5.,8.660254037844));
#7973 = CARTESIAN_POINT('',(5.,0.));
#7974 = ( GEOMETRIC_REPRESENTATION_CONTEXT(2) 
PARAMETRIC_REPRESENTATION_CONTEXT() REPRESENTATION_CONTEXT('2D SPACE',''
  ) );
#7975 = ORIENTED_EDGE('',*,*,#6891,.T.);
#7976 = ORIENTED_EDGE('',*,*,#7868,.F.);
#7977 = ORIENTED_EDGE('',*,*,#7345,.T.);
#7978 = ORIENTED_EDGE('',*,*,#7928,.F.);
#7979 = ADVANCED_FACE('',(#7980),#6879,.T.);
#7980 = FACE_BOUND('',#7981,.T.);
#7981 = EDGE_LOOP('',(#7982,#7983,#8009,#8010));
#7982 = ORIENTED_EDGE('',*,*,#7415,.T.);
#7983 = ORIENTED_EDGE('',*,*,#7984,.T.);
#7984 = EDGE_CURVE('',#7416,#6794,#7985,.T.);
#7985 = SURFACE_CURVE('',#7986,(#7991,#8002),.PCURVE_S1.);
#7986 = CIRCLE('',#7987,5.);
#7987 = AXIS2_PLACEMENT_3D('',#7988,#7989,#7990);
#7988 = CARTESIAN_POINT('',(-32.5,63.547566273853,4.910553215654));
#7989 = DIRECTION('',(9.676231232676E-18,8.715574274766E-02,
    -0.996194698092));
#7990 = DIRECTION('',(1.105998290831E-16,0.996194698092,
    8.715574274766E-02));
#7991 = PCURVE('',#6879,#7992);
#7992 = DEFINITIONAL_REPRESENTATION('',(#7993),#8001);
#7993 = ( BOUNDED_CURVE() B_SPLINE_CURVE(2,(#7994,#7995,#7996,#7997,
#7998,#7999,#8000),.UNSPECIFIED.,.T.,.F.) B_SPLINE_CURVE_WITH_KNOTS((1,2
    ,2,2,2,1),(-2.094395102393,0.,2.094395102393,4.188790204786,
6.28318530718,8.377580409573),.UNSPECIFIED.) CURVE() 
GEOMETRIC_REPRESENTATION_ITEM() RATIONAL_B_SPLINE_CURVE((1.,0.5,1.,0.5,
1.,0.5,1.)) REPRESENTATION_ITEM('') );
#7994 = CARTESIAN_POINT('',(5.,32.5));
#7995 = CARTESIAN_POINT('',(5.,23.839745962156));
#7996 = CARTESIAN_POINT('',(-2.5,28.169872981078));
#7997 = CARTESIAN_POINT('',(-10.,32.5));
#7998 = CARTESIAN_POINT('',(-2.5,36.830127018922));
#7999 = CARTESIAN_POINT('',(5.,41.160254037844));
#8000 = CARTESIAN_POINT('',(5.,32.5));
#8001 = ( GEOMETRIC_REPRESENTATION_CONTEXT(2) 
PARAMETRIC_REPRESENTATION_CONTEXT() REPRESENTATION_CONTEXT('2D SPACE',''
  ) );
#8002 = PCURVE('',#6837,#8003);
#8003 = DEFINITIONAL_REPRESENTATION('',(#8004),#8008);
#8004 = LINE('',#8005,#8006);
#8005 = CARTESIAN_POINT('',(-6.28318530718,-0.5));
#8006 = VECTOR('',#8007,1.);
#8007 = DIRECTION('',(1.,-0.));
#8008 = ( GEOMETRIC_REPRESENTATION_CONTEXT(2) 
PARAMETRIC_REPRESENTATION_CONTEXT() REPRESENTATION_CONTEXT('2D SPACE',''
  ) );
#8009 = ORIENTED_EDGE('',*,*,#6863,.T.);
#8010 = ORIENTED_EDGE('',*,*,#7950,.T.);
#8011 = ADVANCED_FACE('',(#8012),#6837,.F.);
#8012 = FACE_BOUND('',#8013,.T.);
#8013 = EDGE_LOOP('',(#8014,#8043,#8064,#8065,#8091,#8092,#8093,#8094));
#8014 = ORIENTED_EDGE('',*,*,#8015,.F.);
#8015 = EDGE_CURVE('',#8016,#8016,#8018,.T.);
#8016 = VERTEX_POINT('',#8017);
#8017 = CARTESIAN_POINT('',(-32.5,68.572117635686,4.848234580347));
#8018 = SURFACE_CURVE('',#8019,(#8024,#8031),.PCURVE_S1.);
#8019 = CIRCLE('',#8020,5.);
#8020 = AXIS2_PLACEMENT_3D('',#8021,#8022,#8023);
#8021 = CARTESIAN_POINT('',(-32.5,63.591144145227,4.412455866608));
#8022 = DIRECTION('',(-9.676231232676E-18,-8.715574274766E-02,
    0.996194698092));
#8023 = DIRECTION('',(1.105998290831E-16,0.996194698092,
    8.715574274766E-02));
#8024 = PCURVE('',#6837,#8025);
#8025 = DEFINITIONAL_REPRESENTATION('',(#8026),#8030);
#8026 = LINE('',#8027,#8028);
#8027 = CARTESIAN_POINT('',(-0.,0.));
#8028 = VECTOR('',#8029,1.);
#8029 = DIRECTION('',(-1.,0.));
#8030 = ( GEOMETRIC_REPRESENTATION_CONTEXT(2) 
PARAMETRIC_REPRESENTATION_CONTEXT() REPRESENTATION_CONTEXT('2D SPACE',''
  ) );
#8031 = PCURVE('',#8032,#8037);
#8032 = PLANE('',#8033);
#8033 = AXIS2_PLACEMENT_3D('',#8034,#8035,#8036);
#8034 = CARTESIAN_POINT('',(-32.5,63.591144145227,4.412455866608));
#8035 = DIRECTION('',(-9.676231232676E-18,-8.715574274766E-02,
    0.996194698092));
#8036 = DIRECTION('',(1.105998290831E-16,0.996194698092,
    8.715574274766E-02));
#8037 = DEFINITIONAL_REPRESENTATION('',(#8038),#8042);
#8038 = CIRCLE('',#8039,5.);
#8039 = AXIS2_PLACEMENT_2D('',#8040,#8041);
#8040 = CARTESIAN_POINT('',(0.,0.));
#8041 = DIRECTION('',(1.,0.));
#8042 = ( GEOMETRIC_REPRESENTATION_CONTEXT(2) 
PARAMETRIC_REPRESENTATION_CONTEXT() REPRESENTATION_CONTEXT('2D SPACE',''
  ) );
#8043 = ORIENTED_EDGE('',*,*,#8044,.T.);
#8044 = EDGE_CURVE('',#8016,#7439,#8045,.T.);
#8045 = SEAM_CURVE('',#8046,(#8050,#8057),.PCURVE_S1.);
#8046 = LINE('',#8047,#8048);
#8047 = CARTESIAN_POINT('',(-32.5,68.572117635686,4.848234580347));
#8048 = VECTOR('',#8049,1.);
#8049 = DIRECTION('',(-9.676231232676E-18,-8.715574274766E-02,
    0.996194698092));
#8050 = PCURVE('',#6837,#8051);
#8051 = DEFINITIONAL_REPRESENTATION('',(#8052),#8056);
#8052 = LINE('',#8053,#8054);
#8053 = CARTESIAN_POINT('',(-6.28318530718,0.));
#8054 = VECTOR('',#8055,1.);
#8055 = DIRECTION('',(-0.,-1.));
#8056 = ( GEOMETRIC_REPRESENTATION_CONTEXT(2) 
PARAMETRIC_REPRESENTATION_CONTEXT() REPRESENTATION_CONTEXT('2D SPACE',''
  ) );
#8057 = PCURVE('',#6837,#8058);
#8058 = DEFINITIONAL_REPRESENTATION('',(#8059),#8063);
#8059 = LINE('',#8060,#8061);
#8060 = CARTESIAN_POINT('',(-0.,0.));
#8061 = VECTOR('',#8062,1.);
#8062 = DIRECTION('',(-0.,-1.));
#8063 = ( GEOMETRIC_REPRESENTATION_CONTEXT(2) 
PARAMETRIC_REPRESENTATION_CONTEXT() REPRESENTATION_CONTEXT('2D SPACE',''
  ) );
#8064 = ORIENTED_EDGE('',*,*,#7473,.T.);
#8065 = ORIENTED_EDGE('',*,*,#8066,.F.);
#8066 = EDGE_CURVE('',#6766,#7474,#8067,.T.);
#8067 = SURFACE_CURVE('',#8068,(#8073,#8080),.PCURVE_S1.);
#8068 = CIRCLE('',#8069,5.);
#8069 = AXIS2_PLACEMENT_3D('',#8070,#8071,#8072);
#8070 = CARTESIAN_POINT('',(-32.5,63.547566273853,4.910553215654));
#8071 = DIRECTION('',(9.676231232676E-18,8.715574274766E-02,
    -0.996194698092));
#8072 = DIRECTION('',(1.105998290831E-16,0.996194698092,
    8.715574274766E-02));
#8073 = PCURVE('',#6837,#8074);
#8074 = DEFINITIONAL_REPRESENTATION('',(#8075),#8079);
#8075 = LINE('',#8076,#8077);
#8076 = CARTESIAN_POINT('',(-6.28318530718,-0.5));
#8077 = VECTOR('',#8078,1.);
#8078 = DIRECTION('',(1.,-0.));
#8079 = ( GEOMETRIC_REPRESENTATION_CONTEXT(2) 
PARAMETRIC_REPRESENTATION_CONTEXT() REPRESENTATION_CONTEXT('2D SPACE',''
  ) );
#8080 = PCURVE('',#6781,#8081);
#8081 = DEFINITIONAL_REPRESENTATION('',(#8082),#8090);
#8082 = ( BOUNDED_CURVE() B_SPLINE_CURVE(2,(#8083,#8084,#8085,#8086,
#8087,#8088,#8089),.UNSPECIFIED.,.T.,.F.) B_SPLINE_CURVE_WITH_KNOTS((1,2
    ,2,2,2,1),(-2.094395102393,0.,2.094395102393,4.188790204786,
6.28318530718,8.377580409573),.UNSPECIFIED.) CURVE() 
GEOMETRIC_REPRESENTATION_ITEM() RATIONAL_B_SPLINE_CURVE((1.,0.5,1.,0.5,
1.,0.5,1.)) REPRESENTATION_ITEM('') );
#8083 = CARTESIAN_POINT('',(5.,32.5));
#8084 = CARTESIAN_POINT('',(5.,23.839745962156));
#8085 = CARTESIAN_POINT('',(-2.5,28.169872981078));
#8086 = CARTESIAN_POINT('',(-10.,32.5));
#8087 = CARTESIAN_POINT('',(-2.5,36.830127018922));
#8088 = CARTESIAN_POINT('',(5.,41.160254037844));
#8089 = CARTESIAN_POINT('',(5.,32.5));
#8090 = ( GEOMETRIC_REPRESENTATION_CONTEXT(2) 
PARAMETRIC_REPRESENTATION_CONTEXT() REPRESENTATION_CONTEXT('2D SPACE',''
  ) );
#8091 = ORIENTED_EDGE('',*,*,#6793,.T.);
#8092 = ORIENTED_EDGE('',*,*,#7984,.F.);
#8093 = ORIENTED_EDGE('',*,*,#7438,.T.);
#8094 = ORIENTED_EDGE('',*,*,#8044,.F.);
#8095 = ADVANCED_FACE('',(#8096),#6781,.T.);
#8096 = FACE_BOUND('',#8097,.T.);
#8097 = EDGE_LOOP('',(#8098,#8124,#8125,#8126));
#8098 = ORIENTED_EDGE('',*,*,#8099,.F.);
#8099 = EDGE_CURVE('',#6737,#7509,#8100,.T.);
#8100 = SURFACE_CURVE('',#8101,(#8105,#8112),.PCURVE_S1.);
#8101 = LINE('',#8102,#8103);
#8102 = CARTESIAN_POINT('',(-41.,59.06469013244,4.51835237329));
#8103 = VECTOR('',#8104,1.);
#8104 = DIRECTION('',(1.105998290831E-16,0.996194698092,
    8.715574274766E-02));
#8105 = PCURVE('',#6781,#8106);
#8106 = DEFINITIONAL_REPRESENTATION('',(#8107),#8111);
#8107 = LINE('',#8108,#8109);
#8108 = CARTESIAN_POINT('',(-4.5,41.));
#8109 = VECTOR('',#8110,1.);
#8110 = DIRECTION('',(1.,0.));
#8111 = ( GEOMETRIC_REPRESENTATION_CONTEXT(2) 
PARAMETRIC_REPRESENTATION_CONTEXT() REPRESENTATION_CONTEXT('2D SPACE',''
  ) );
#8112 = PCURVE('',#8113,#8118);
#8113 = CYLINDRICAL_SURFACE('',#8114,4.);
#8114 = AXIS2_PLACEMENT_3D('',#8115,#8116,#8117);
#8115 = CARTESIAN_POINT('',(-41.,59.413313103431,0.533573580923));
#8116 = DIRECTION('',(1.105998290831E-16,0.996194698092,
    8.715574274766E-02));
#8117 = DIRECTION('',(-9.676231232676E-18,-8.715574274766E-02,
    0.996194698092));
#8118 = DEFINITIONAL_REPRESENTATION('',(#8119),#8123);
#8119 = LINE('',#8120,#8121);
#8120 = CARTESIAN_POINT('',(-0.,0.));
#8121 = VECTOR('',#8122,1.);
#8122 = DIRECTION('',(-0.,1.));
#8123 = ( GEOMETRIC_REPRESENTATION_CONTEXT(2) 
PARAMETRIC_REPRESENTATION_CONTEXT() REPRESENTATION_CONTEXT('2D SPACE',''
  ) );
#8124 = ORIENTED_EDGE('',*,*,#6765,.T.);
#8125 = ORIENTED_EDGE('',*,*,#8066,.T.);
#8126 = ORIENTED_EDGE('',*,*,#7508,.T.);
#8127 = ADVANCED_FACE('',(#8128),#6753,.T.);
#8128 = FACE_BOUND('',#8129,.T.);
#8129 = EDGE_LOOP('',(#8130,#8131,#8132,#8156));
#8130 = ORIENTED_EDGE('',*,*,#7653,.F.);
#8131 = ORIENTED_EDGE('',*,*,#6736,.T.);
#8132 = ORIENTED_EDGE('',*,*,#8133,.T.);
#8133 = EDGE_CURVE('',#6737,#8134,#8136,.T.);
#8134 = VERTEX_POINT('',#8135);
#8135 = CARTESIAN_POINT('',(-45.,59.413313103431,0.533573580923));
#8136 = SURFACE_CURVE('',#8137,(#8142,#8149),.PCURVE_S1.);
#8137 = CIRCLE('',#8138,4.);
#8138 = AXIS2_PLACEMENT_3D('',#8139,#8140,#8141);
#8139 = CARTESIAN_POINT('',(-41.,59.413313103431,0.533573580923));
#8140 = DIRECTION('',(-1.105998290831E-16,-0.996194698092,
    -8.715574274766E-02));
#8141 = DIRECTION('',(-9.676231232676E-18,-8.715574274766E-02,
    0.996194698092));
#8142 = PCURVE('',#6753,#8143);
#8143 = DEFINITIONAL_REPRESENTATION('',(#8144),#8148);
#8144 = LINE('',#8145,#8146);
#8145 = CARTESIAN_POINT('',(1.570796326795,0.));
#8146 = VECTOR('',#8147,1.);
#8147 = DIRECTION('',(0.,1.));
#8148 = ( GEOMETRIC_REPRESENTATION_CONTEXT(2) 
PARAMETRIC_REPRESENTATION_CONTEXT() REPRESENTATION_CONTEXT('2D SPACE',''
  ) );
#8149 = PCURVE('',#8113,#8150);
#8150 = DEFINITIONAL_REPRESENTATION('',(#8151),#8155);
#8151 = LINE('',#8152,#8153);
#8152 = CARTESIAN_POINT('',(-0.,0.));
#8153 = VECTOR('',#8154,1.);
#8154 = DIRECTION('',(-1.,0.));
#8155 = ( GEOMETRIC_REPRESENTATION_CONTEXT(2) 
PARAMETRIC_REPRESENTATION_CONTEXT() REPRESENTATION_CONTEXT('2D SPACE',''
  ) );
#8156 = ORIENTED_EDGE('',*,*,#8157,.F.);
#8157 = EDGE_CURVE('',#7626,#8134,#8158,.T.);
#8158 = SURFACE_CURVE('',#8159,(#8164,#8171),.PCURVE_S1.);
#8159 = CIRCLE('',#8160,4.);
#8160 = AXIS2_PLACEMENT_3D('',#8161,#8162,#8163);
#8161 = CARTESIAN_POINT('',(-45.,59.761936074422,-3.451205211444));
#8162 = DIRECTION('',(-1.,1.110223024625E-16,3.020570461912E-34));
#8163 = DIRECTION('',(-1.105998290831E-16,-0.996194698092,
    -8.715574274766E-02));
#8164 = PCURVE('',#6753,#8165);
#8165 = DEFINITIONAL_REPRESENTATION('',(#8166),#8170);
#8166 = LINE('',#8167,#8168);
#8167 = CARTESIAN_POINT('',(0.,1.570796326795));
#8168 = VECTOR('',#8169,1.);
#8169 = DIRECTION('',(1.,0.));
#8170 = ( GEOMETRIC_REPRESENTATION_CONTEXT(2) 
PARAMETRIC_REPRESENTATION_CONTEXT() REPRESENTATION_CONTEXT('2D SPACE',''
  ) );
#8171 = PCURVE('',#7641,#8172);
#8172 = DEFINITIONAL_REPRESENTATION('',(#8173),#8181);
#8173 = ( BOUNDED_CURVE() B_SPLINE_CURVE(2,(#8174,#8175,#8176,#8177,
#8178,#8179,#8180),.UNSPECIFIED.,.T.,.F.) B_SPLINE_CURVE_WITH_KNOTS((1,2
    ,2,2,2,1),(-2.094395102393,0.,2.094395102393,4.188790204786,
6.28318530718,8.377580409573),.UNSPECIFIED.) CURVE() 
GEOMETRIC_REPRESENTATION_ITEM() RATIONAL_B_SPLINE_CURVE((1.,0.5,1.,0.5,
1.,0.5,1.)) REPRESENTATION_ITEM('') );
#8174 = CARTESIAN_POINT('',(21.,-17.05));
#8175 = CARTESIAN_POINT('',(21.,-23.97820323027));
#8176 = CARTESIAN_POINT('',(15.,-20.51410161513));
#8177 = CARTESIAN_POINT('',(9.,-17.05));
#8178 = CARTESIAN_POINT('',(15.,-13.58589838486));
#8179 = CARTESIAN_POINT('',(21.,-10.12179676972));
#8180 = CARTESIAN_POINT('',(21.,-17.05));
#8181 = ( GEOMETRIC_REPRESENTATION_CONTEXT(2) 
PARAMETRIC_REPRESENTATION_CONTEXT() REPRESENTATION_CONTEXT('2D SPACE',''
  ) );
#8182 = ADVANCED_FACE('',(#8183),#7145,.T.);
#8183 = FACE_BOUND('',#8184,.F.);
#8184 = EDGE_LOOP('',(#8185,#8209,#8230,#8252));
#8185 = ORIENTED_EDGE('',*,*,#8186,.T.);
#8186 = EDGE_CURVE('',#7109,#8187,#8189,.T.);
#8187 = VERTEX_POINT('',#8188);
#8188 = CARTESIAN_POINT('',(-45.,72.712467149614,-2.318180555725));
#8189 = SURFACE_CURVE('',#8190,(#8195,#8202),.PCURVE_S1.);
#8190 = CIRCLE('',#8191,4.);
#8191 = AXIS2_PLACEMENT_3D('',#8192,#8193,#8194);
#8192 = CARTESIAN_POINT('',(-41.,72.712467149614,-2.318180555725));
#8193 = DIRECTION('',(-9.676231232676E-18,-8.715574274766E-02,
    0.996194698092));
#8194 = DIRECTION('',(1.105998290831E-16,0.996194698092,
    8.715574274766E-02));
#8195 = PCURVE('',#7145,#8196);
#8196 = DEFINITIONAL_REPRESENTATION('',(#8197),#8201);
#8197 = LINE('',#8198,#8199);
#8198 = CARTESIAN_POINT('',(-0.,0.));
#8199 = VECTOR('',#8200,1.);
#8200 = DIRECTION('',(-1.,0.));
#8201 = ( GEOMETRIC_REPRESENTATION_CONTEXT(2) 
PARAMETRIC_REPRESENTATION_CONTEXT() REPRESENTATION_CONTEXT('2D SPACE',''
  ) );
#8202 = PCURVE('',#7546,#8203);
#8203 = DEFINITIONAL_REPRESENTATION('',(#8204),#8208);
#8204 = LINE('',#8205,#8206);
#8205 = CARTESIAN_POINT('',(1.570796326795,0.));
#8206 = VECTOR('',#8207,1.);
#8207 = DIRECTION('',(0.,1.));
#8208 = ( GEOMETRIC_REPRESENTATION_CONTEXT(2) 
PARAMETRIC_REPRESENTATION_CONTEXT() REPRESENTATION_CONTEXT('2D SPACE',''
  ) );
#8209 = ORIENTED_EDGE('',*,*,#8210,.T.);
#8210 = EDGE_CURVE('',#8187,#7713,#8211,.T.);
#8211 = SURFACE_CURVE('',#8212,(#8216,#8223),.PCURVE_S1.);
#8212 = LINE('',#8213,#8214);
#8213 = CARTESIAN_POINT('',(-45.,72.712467149614,-2.318180555725));
#8214 = VECTOR('',#8215,1.);
#8215 = DIRECTION('',(9.676231232676E-18,8.715574274766E-02,
    -0.996194698092));
#8216 = PCURVE('',#7145,#8217);
#8217 = DEFINITIONAL_REPRESENTATION('',(#8218),#8222);
#8218 = LINE('',#8219,#8220);
#8219 = CARTESIAN_POINT('',(-1.570796326795,0.));
#8220 = VECTOR('',#8221,1.);
#8221 = DIRECTION('',(-0.,1.));
#8222 = ( GEOMETRIC_REPRESENTATION_CONTEXT(2) 
PARAMETRIC_REPRESENTATION_CONTEXT() REPRESENTATION_CONTEXT('2D SPACE',''
  ) );
#8223 = PCURVE('',#7641,#8224);
#8224 = DEFINITIONAL_REPRESENTATION('',(#8225),#8229);
#8225 = LINE('',#8226,#8227);
#8226 = CARTESIAN_POINT('',(4.,-17.05));
#8227 = VECTOR('',#8228,1.);
#8228 = DIRECTION('',(2.298214621924E-18,1.));
#8229 = ( GEOMETRIC_REPRESENTATION_CONTEXT(2) 
PARAMETRIC_REPRESENTATION_CONTEXT() REPRESENTATION_CONTEXT('2D SPACE',''
  ) );
#8230 = ORIENTED_EDGE('',*,*,#8231,.F.);
#8231 = EDGE_CURVE('',#7085,#7713,#8232,.T.);
#8232 = SURFACE_CURVE('',#8233,(#8238,#8245),.PCURVE_S1.);
#8233 = CIRCLE('',#8234,4.);
#8234 = AXIS2_PLACEMENT_3D('',#8235,#8236,#8237);
#8235 = CARTESIAN_POINT('',(-41.,73.849849592471,-15.31852136582));
#8236 = DIRECTION('',(-9.676231232676E-18,-8.715574274766E-02,
    0.996194698092));
#8237 = DIRECTION('',(1.105998290831E-16,0.996194698092,
    8.715574274766E-02));
#8238 = PCURVE('',#7145,#8239);
#8239 = DEFINITIONAL_REPRESENTATION('',(#8240),#8244);
#8240 = LINE('',#8241,#8242);
#8241 = CARTESIAN_POINT('',(-0.,13.05));
#8242 = VECTOR('',#8243,1.);
#8243 = DIRECTION('',(-1.,0.));
#8244 = ( GEOMETRIC_REPRESENTATION_CONTEXT(2) 
PARAMETRIC_REPRESENTATION_CONTEXT() REPRESENTATION_CONTEXT('2D SPACE',''
  ) );
#8245 = PCURVE('',#7697,#8246);
#8246 = DEFINITIONAL_REPRESENTATION('',(#8247),#8251);
#8247 = LINE('',#8248,#8249);
#8248 = CARTESIAN_POINT('',(0.,0.));
#8249 = VECTOR('',#8250,1.);
#8250 = DIRECTION('',(0.,1.));
#8251 = ( GEOMETRIC_REPRESENTATION_CONTEXT(2) 
PARAMETRIC_REPRESENTATION_CONTEXT() REPRESENTATION_CONTEXT('2D SPACE',''
  ) );
#8252 = ORIENTED_EDGE('',*,*,#7131,.F.);
#8253 = ADVANCED_FACE('',(#8254),#7234,.F.);
#8254 = FACE_BOUND('',#8255,.T.);
#8255 = EDGE_LOOP('',(#8256,#8285,#8306,#8307));
#8256 = ORIENTED_EDGE('',*,*,#8257,.F.);
#8257 = EDGE_CURVE('',#8258,#8258,#8260,.T.);
#8258 = VERTEX_POINT('',#8259);
#8259 = CARTESIAN_POINT('',(32.5,67.575922937594,4.761078837599));
#8260 = SURFACE_CURVE('',#8261,(#8266,#8273),.PCURVE_S1.);
#8261 = CIRCLE('',#8262,4.);
#8262 = AXIS2_PLACEMENT_3D('',#8263,#8264,#8265);
#8263 = CARTESIAN_POINT('',(32.5,63.591144145227,4.412455866608));
#8264 = DIRECTION('',(-9.676231232676E-18,-8.715574274766E-02,
    0.996194698092));
#8265 = DIRECTION('',(1.105998290831E-16,0.996194698092,
    8.715574274766E-02));
#8266 = PCURVE('',#7234,#8267);
#8267 = DEFINITIONAL_REPRESENTATION('',(#8268),#8272);
#8268 = LINE('',#8269,#8270);
#8269 = CARTESIAN_POINT('',(-0.,0.));
#8270 = VECTOR('',#8271,1.);
#8271 = DIRECTION('',(-1.,0.));
#8272 = ( GEOMETRIC_REPRESENTATION_CONTEXT(2) 
PARAMETRIC_REPRESENTATION_CONTEXT() REPRESENTATION_CONTEXT('2D SPACE',''
  ) );
#8273 = PCURVE('',#8274,#8279);
#8274 = PLANE('',#8275);
#8275 = AXIS2_PLACEMENT_3D('',#8276,#8277,#8278);
#8276 = CARTESIAN_POINT('',(32.5,63.591144145227,4.412455866608));
#8277 = DIRECTION('',(-9.676231232676E-18,-8.715574274766E-02,
    0.996194698092));
#8278 = DIRECTION('',(1.105998290831E-16,0.996194698092,
    8.715574274766E-02));
#8279 = DEFINITIONAL_REPRESENTATION('',(#8280),#8284);
#8280 = CIRCLE('',#8281,4.);
#8281 = AXIS2_PLACEMENT_2D('',#8282,#8283);
#8282 = CARTESIAN_POINT('',(-1.42341879725E-14,-1.577721810442E-30));
#8283 = DIRECTION('',(1.,0.));
#8284 = ( GEOMETRIC_REPRESENTATION_CONTEXT(2) 
PARAMETRIC_REPRESENTATION_CONTEXT() REPRESENTATION_CONTEXT('2D SPACE',''
  ) );
#8285 = ORIENTED_EDGE('',*,*,#8286,.T.);
#8286 = EDGE_CURVE('',#8258,#7214,#8287,.T.);
#8287 = SEAM_CURVE('',#8288,(#8292,#8299),.PCURVE_S1.);
#8288 = LINE('',#8289,#8290);
#8289 = CARTESIAN_POINT('',(32.5,67.575922937594,4.761078837599));
#8290 = VECTOR('',#8291,1.);
#8291 = DIRECTION('',(-9.676231232676E-18,-8.715574274766E-02,
    0.996194698092));
#8292 = PCURVE('',#7234,#8293);
#8293 = DEFINITIONAL_REPRESENTATION('',(#8294),#8298);
#8294 = LINE('',#8295,#8296);
#8295 = CARTESIAN_POINT('',(-6.28318530718,0.));
#8296 = VECTOR('',#8297,1.);
#8297 = DIRECTION('',(-0.,-1.));
#8298 = ( GEOMETRIC_REPRESENTATION_CONTEXT(2) 
PARAMETRIC_REPRESENTATION_CONTEXT() REPRESENTATION_CONTEXT('2D SPACE',''
  ) );
#8299 = PCURVE('',#7234,#8300);
#8300 = DEFINITIONAL_REPRESENTATION('',(#8301),#8305);
#8301 = LINE('',#8302,#8303);
#8302 = CARTESIAN_POINT('',(-0.,0.));
#8303 = VECTOR('',#8304,1.);
#8304 = DIRECTION('',(-0.,-1.));
#8305 = ( GEOMETRIC_REPRESENTATION_CONTEXT(2) 
PARAMETRIC_REPRESENTATION_CONTEXT() REPRESENTATION_CONTEXT('2D SPACE',''
  ) );
#8306 = ORIENTED_EDGE('',*,*,#7213,.F.);
#8307 = ORIENTED_EDGE('',*,*,#8286,.F.);
#8308 = ADVANCED_FACE('',(#8309),#7546,.T.);
#8309 = FACE_BOUND('',#8310,.T.);
#8310 = EDGE_LOOP('',(#8311,#8335,#8336,#8337));
#8311 = ORIENTED_EDGE('',*,*,#8312,.F.);
#8312 = EDGE_CURVE('',#7509,#8313,#8315,.T.);
#8313 = VERTEX_POINT('',#8314);
#8314 = CARTESIAN_POINT('',(-45.,68.379065386257,1.317975265652));
#8315 = SURFACE_CURVE('',#8316,(#8321,#8328),.PCURVE_S1.);
#8316 = CIRCLE('',#8317,4.);
#8317 = AXIS2_PLACEMENT_3D('',#8318,#8319,#8320);
#8318 = CARTESIAN_POINT('',(-41.,68.379065386257,1.317975265652));
#8319 = DIRECTION('',(-1.105998290831E-16,-0.996194698092,
    -8.715574274766E-02));
#8320 = DIRECTION('',(-9.676231232676E-18,-8.715574274766E-02,
    0.996194698092));
#8321 = PCURVE('',#7546,#8322);
#8322 = DEFINITIONAL_REPRESENTATION('',(#8323),#8327);
#8323 = LINE('',#8324,#8325);
#8324 = CARTESIAN_POINT('',(0.,0.));
#8325 = VECTOR('',#8326,1.);
#8326 = DIRECTION('',(0.,1.));
#8327 = ( GEOMETRIC_REPRESENTATION_CONTEXT(2) 
PARAMETRIC_REPRESENTATION_CONTEXT() REPRESENTATION_CONTEXT('2D SPACE',''
  ) );
#8328 = PCURVE('',#8113,#8329);
#8329 = DEFINITIONAL_REPRESENTATION('',(#8330),#8334);
#8330 = LINE('',#8331,#8332);
#8331 = CARTESIAN_POINT('',(-0.,9.));
#8332 = VECTOR('',#8333,1.);
#8333 = DIRECTION('',(-1.,0.));
#8334 = ( GEOMETRIC_REPRESENTATION_CONTEXT(2) 
PARAMETRIC_REPRESENTATION_CONTEXT() REPRESENTATION_CONTEXT('2D SPACE',''
  ) );
#8335 = ORIENTED_EDGE('',*,*,#7531,.T.);
#8336 = ORIENTED_EDGE('',*,*,#8186,.T.);
#8337 = ORIENTED_EDGE('',*,*,#8338,.F.);
#8338 = EDGE_CURVE('',#8313,#8187,#8339,.T.);
#8339 = SURFACE_CURVE('',#8340,(#8345,#8352),.PCURVE_S1.);
#8340 = CIRCLE('',#8341,4.);
#8341 = AXIS2_PLACEMENT_3D('',#8342,#8343,#8344);
#8342 = CARTESIAN_POINT('',(-45.,68.727688357247,-2.666803526715));
#8343 = DIRECTION('',(-1.,1.110223024625E-16,-2.55153078879E-34));
#8344 = DIRECTION('',(-9.676231232676E-18,-8.715574274766E-02,
    0.996194698092));
#8345 = PCURVE('',#7546,#8346);
#8346 = DEFINITIONAL_REPRESENTATION('',(#8347),#8351);
#8347 = LINE('',#8348,#8349);
#8348 = CARTESIAN_POINT('',(0.,1.570796326795));
#8349 = VECTOR('',#8350,1.);
#8350 = DIRECTION('',(1.,0.));
#8351 = ( GEOMETRIC_REPRESENTATION_CONTEXT(2) 
PARAMETRIC_REPRESENTATION_CONTEXT() REPRESENTATION_CONTEXT('2D SPACE',''
  ) );
#8352 = PCURVE('',#7641,#8353);
#8353 = DEFINITIONAL_REPRESENTATION('',(#8354),#8362);
#8354 = ( BOUNDED_CURVE() B_SPLINE_CURVE(2,(#8355,#8356,#8357,#8358,
#8359,#8360,#8361),.UNSPECIFIED.,.T.,.F.) B_SPLINE_CURVE_WITH_KNOTS((1,2
    ,2,2,2,1),(-2.094395102393,0.,2.094395102393,4.188790204786,
6.28318530718,8.377580409573),.UNSPECIFIED.) CURVE() 
GEOMETRIC_REPRESENTATION_ITEM() RATIONAL_B_SPLINE_CURVE((1.,0.5,1.,0.5,
1.,0.5,1.)) REPRESENTATION_ITEM('') );
#8355 = CARTESIAN_POINT('',(8.,-21.05));
#8356 = CARTESIAN_POINT('',(1.071796769724,-21.05));
#8357 = CARTESIAN_POINT('',(4.535898384862,-15.05));
#8358 = CARTESIAN_POINT('',(8.,-9.05));
#8359 = CARTESIAN_POINT('',(11.464101615138,-15.05));
#8360 = CARTESIAN_POINT('',(14.928203230276,-21.05));
#8361 = CARTESIAN_POINT('',(8.,-21.05));
#8362 = ( GEOMETRIC_REPRESENTATION_CONTEXT(2) 
PARAMETRIC_REPRESENTATION_CONTEXT() REPRESENTATION_CONTEXT('2D SPACE',''
  ) );
#8363 = ADVANCED_FACE('',(#8364),#7584,.T.);
#8364 = FACE_BOUND('',#8365,.T.);
#8365 = EDGE_LOOP('',(#8366,#8367,#8368));
#8366 = ORIENTED_EDGE('',*,*,#7757,.F.);
#8367 = ORIENTED_EDGE('',*,*,#7569,.T.);
#8368 = ORIENTED_EDGE('',*,*,#7601,.T.);
#8369 = ADVANCED_FACE('',(#8370),#7641,.F.);
#8370 = FACE_BOUND('',#8371,.F.);
#8371 = EDGE_LOOP('',(#8372,#8373,#8374,#8375,#8376,#8397));
#8372 = ORIENTED_EDGE('',*,*,#7625,.F.);
#8373 = ORIENTED_EDGE('',*,*,#7736,.F.);
#8374 = ORIENTED_EDGE('',*,*,#8210,.F.);
#8375 = ORIENTED_EDGE('',*,*,#8338,.F.);
#8376 = ORIENTED_EDGE('',*,*,#8377,.F.);
#8377 = EDGE_CURVE('',#8134,#8313,#8378,.T.);
#8378 = SURFACE_CURVE('',#8379,(#8383,#8390),.PCURVE_S1.);
#8379 = LINE('',#8380,#8381);
#8380 = CARTESIAN_POINT('',(-45.,59.413313103431,0.533573580923));
#8381 = VECTOR('',#8382,1.);
#8382 = DIRECTION('',(1.105998290831E-16,0.996194698092,
    8.715574274766E-02));
#8383 = PCURVE('',#7641,#8384);
#8384 = DEFINITIONAL_REPRESENTATION('',(#8385),#8389);
#8385 = LINE('',#8386,#8387);
#8386 = CARTESIAN_POINT('',(17.,-21.05));
#8387 = VECTOR('',#8388,1.);
#8388 = DIRECTION('',(-1.,-2.298214621924E-18));
#8389 = ( GEOMETRIC_REPRESENTATION_CONTEXT(2) 
PARAMETRIC_REPRESENTATION_CONTEXT() REPRESENTATION_CONTEXT('2D SPACE',''
  ) );
#8390 = PCURVE('',#8113,#8391);
#8391 = DEFINITIONAL_REPRESENTATION('',(#8392),#8396);
#8392 = LINE('',#8393,#8394);
#8393 = CARTESIAN_POINT('',(-1.570796326795,0.));
#8394 = VECTOR('',#8395,1.);
#8395 = DIRECTION('',(-0.,1.));
#8396 = ( GEOMETRIC_REPRESENTATION_CONTEXT(2) 
PARAMETRIC_REPRESENTATION_CONTEXT() REPRESENTATION_CONTEXT('2D SPACE',''
  ) );
#8397 = ORIENTED_EDGE('',*,*,#8157,.F.);
#8398 = ADVANCED_FACE('',(#8399),#7697,.T.);
#8399 = FACE_BOUND('',#8400,.T.);
#8400 = EDGE_LOOP('',(#8401,#8402,#8403));
#8401 = ORIENTED_EDGE('',*,*,#8231,.F.);
#8402 = ORIENTED_EDGE('',*,*,#7682,.T.);
#8403 = ORIENTED_EDGE('',*,*,#7712,.T.);
#8404 = ADVANCED_FACE('',(#8405),#7800,.T.);
#8405 = FACE_BOUND('',#8406,.T.);
#8406 = EDGE_LOOP('',(#8407));
#8407 = ORIENTED_EDGE('',*,*,#7783,.T.);
#8408 = ADVANCED_FACE('',(#8409),#7916,.T.);
#8409 = FACE_BOUND('',#8410,.T.);
#8410 = EDGE_LOOP('',(#8411));
#8411 = ORIENTED_EDGE('',*,*,#7899,.T.);
#8412 = ADVANCED_FACE('',(#8413),#8032,.T.);
#8413 = FACE_BOUND('',#8414,.T.);
#8414 = EDGE_LOOP('',(#8415));
#8415 = ORIENTED_EDGE('',*,*,#8015,.T.);
#8416 = ADVANCED_FACE('',(#8417),#8113,.T.);
#8417 = FACE_BOUND('',#8418,.F.);
#8418 = EDGE_LOOP('',(#8419,#8420,#8421,#8422));
#8419 = ORIENTED_EDGE('',*,*,#8133,.T.);
#8420 = ORIENTED_EDGE('',*,*,#8377,.T.);
#8421 = ORIENTED_EDGE('',*,*,#8312,.F.);
#8422 = ORIENTED_EDGE('',*,*,#8099,.F.);
#8423 = ADVANCED_FACE('',(#8424),#8274,.T.);
#8424 = FACE_BOUND('',#8425,.T.);
#8425 = EDGE_LOOP('',(#8426));
#8426 = ORIENTED_EDGE('',*,*,#8257,.T.);
#8427 = ( GEOMETRIC_REPRESENTATION_CONTEXT(3) 
GLOBAL_UNCERTAINTY_ASSIGNED_CONTEXT((#8431)) 
GLOBAL_UNIT_ASSIGNED_CONTEXT((#8428,#8429,#8430)) REPRESENTATION_CONTEXT
('Context #1','3D Context with UNIT and UNCERTAINTY') );
#8428 = ( LENGTH_UNIT() NAMED_UNIT(*) SI_UNIT(.MILLI.,.METRE.) );
#8429 = ( NAMED_UNIT(*) PLANE_ANGLE_UNIT() SI_UNIT($,.RADIAN.) );
#8430 = ( NAMED_UNIT(*) SI_UNIT($,.STERADIAN.) SOLID_ANGLE_UNIT() );
#8431 = UNCERTAINTY_MEASURE_WITH_UNIT(LENGTH_MEASURE(1.E-07),#8428,
  'distance_accuracy_value','confusion accuracy');
#8432 = CONTEXT_DEPENDENT_SHAPE_REPRESENTATION(#8433,#8435);
#8433 = ( REPRESENTATION_RELATIONSHIP('','',#5631,#10) 
REPRESENTATION_RELATIONSHIP_WITH_TRANSFORMATION(#8434) 
SHAPE_REPRESENTATION_RELATIONSHIP() );
#8434 = ITEM_DEFINED_TRANSFORMATION('','',#11,#23);
#8435 = PRODUCT_DEFINITION_SHAPE('Placement','Placement of an item',
  #8436);
#8436 = NEXT_ASSEMBLY_USAGE_OCCURRENCE('3','d435_envelope','',#5,#5626,$
  );
#8437 = PRODUCT_RELATED_PRODUCT_CATEGORY('part',$,(#5628));
#8438 = SHAPE_DEFINITION_REPRESENTATION(#8439,#8445);
#8439 = PRODUCT_DEFINITION_SHAPE('','',#8440);
#8440 = PRODUCT_DEFINITION('design','',#8441,#8444);
#8441 = PRODUCT_DEFINITION_FORMATION('','',#8442);
#8442 = PRODUCT('dowel','dowel','',(#8443));
#8443 = PRODUCT_CONTEXT('',#2,'mechanical');
#8444 = PRODUCT_DEFINITION_CONTEXT('part definition',#2,'design');
#8445 = ADVANCED_BREP_SHAPE_REPRESENTATION('',(#11,#8446),#8544);
#8446 = MANIFOLD_SOLID_BREP('',#8447);
#8447 = CLOSED_SHELL('',(#8448,#8536,#8540));
#8448 = ADVANCED_FACE('',(#8449),#8463,.T.);
#8449 = FACE_BOUND('',#8450,.F.);
#8450 = EDGE_LOOP('',(#8451,#8481,#8508,#8509));
#8451 = ORIENTED_EDGE('',*,*,#8452,.T.);
#8452 = EDGE_CURVE('',#8453,#8455,#8457,.T.);
#8453 = VERTEX_POINT('',#8454);
#8454 = CARTESIAN_POINT('',(3.,25.,-6.));
#8455 = VERTEX_POINT('',#8456);
#8456 = CARTESIAN_POINT('',(3.,25.,14.));
#8457 = SEAM_CURVE('',#8458,(#8462,#8474),.PCURVE_S1.);
#8458 = LINE('',#8459,#8460);
#8459 = CARTESIAN_POINT('',(3.,25.,-6.));
#8460 = VECTOR('',#8461,1.);
#8461 = DIRECTION('',(0.,0.,1.));
#8462 = PCURVE('',#8463,#8468);
#8463 = CYLINDRICAL_SURFACE('',#8464,3.);
#8464 = AXIS2_PLACEMENT_3D('',#8465,#8466,#8467);
#8465 = CARTESIAN_POINT('',(1.530808498934E-15,25.,-6.));
#8466 = DIRECTION('',(-0.,-0.,-1.));
#8467 = DIRECTION('',(1.,0.,0.));
#8468 = DEFINITIONAL_REPRESENTATION('',(#8469),#8473);
#8469 = LINE('',#8470,#8471);
#8470 = CARTESIAN_POINT('',(-0.,0.));
#8471 = VECTOR('',#8472,1.);
#8472 = DIRECTION('',(-0.,-1.));
#8473 = ( GEOMETRIC_REPRESENTATION_CONTEXT(2) 
PARAMETRIC_REPRESENTATION_CONTEXT() REPRESENTATION_CONTEXT('2D SPACE',''
  ) );
#8474 = PCURVE('',#8463,#8475);
#8475 = DEFINITIONAL_REPRESENTATION('',(#8476),#8480);
#8476 = LINE('',#8477,#8478);
#8477 = CARTESIAN_POINT('',(-6.28318530718,0.));
#8478 = VECTOR('',#8479,1.);
#8479 = DIRECTION('',(-0.,-1.));
#8480 = ( GEOMETRIC_REPRESENTATION_CONTEXT(2) 
PARAMETRIC_REPRESENTATION_CONTEXT() REPRESENTATION_CONTEXT('2D SPACE',''
  ) );
#8481 = ORIENTED_EDGE('',*,*,#8482,.T.);
#8482 = EDGE_CURVE('',#8455,#8455,#8483,.T.);
#8483 = SURFACE_CURVE('',#8484,(#8489,#8496),.PCURVE_S1.);
#8484 = CIRCLE('',#8485,3.);
#8485 = AXIS2_PLACEMENT_3D('',#8486,#8487,#8488);
#8486 = CARTESIAN_POINT('',(1.530808498934E-15,25.,14.));
#8487 = DIRECTION('',(0.,0.,1.));
#8488 = DIRECTION('',(1.,0.,0.));
#8489 = PCURVE('',#8463,#8490);
#8490 = DEFINITIONAL_REPRESENTATION('',(#8491),#8495);
#8491 = LINE('',#8492,#8493);
#8492 = CARTESIAN_POINT('',(-0.,-20.));
#8493 = VECTOR('',#8494,1.);
#8494 = DIRECTION('',(-1.,0.));
#8495 = ( GEOMETRIC_REPRESENTATION_CONTEXT(2) 
PARAMETRIC_REPRESENTATION_CONTEXT() REPRESENTATION_CONTEXT('2D SPACE',''
  ) );
#8496 = PCURVE('',#8497,#8502);
#8497 = PLANE('',#8498);
#8498 = AXIS2_PLACEMENT_3D('',#8499,#8500,#8501);
#8499 = CARTESIAN_POINT('',(1.139533443783E-15,25.,14.));
#8500 = DIRECTION('',(0.,0.,1.));
#8501 = DIRECTION('',(1.,0.,-0.));
#8502 = DEFINITIONAL_REPRESENTATION('',(#8503),#8507);
#8503 = CIRCLE('',#8504,3.);
#8504 = AXIS2_PLACEMENT_2D('',#8505,#8506);
#8505 = CARTESIAN_POINT('',(3.912750551513E-16,0.));
#8506 = DIRECTION('',(1.,0.));
#8507 = ( GEOMETRIC_REPRESENTATION_CONTEXT(2) 
PARAMETRIC_REPRESENTATION_CONTEXT() REPRESENTATION_CONTEXT('2D SPACE',''
  ) );
#8508 = ORIENTED_EDGE('',*,*,#8452,.F.);
#8509 = ORIENTED_EDGE('',*,*,#8510,.F.);
#8510 = EDGE_CURVE('',#8453,#8453,#8511,.T.);
#8511 = SURFACE_CURVE('',#8512,(#8517,#8524),.PCURVE_S1.);
#8512 = CIRCLE('',#8513,3.);
#8513 = AXIS2_PLACEMENT_3D('',#8514,#8515,#8516);
#8514 = CARTESIAN_POINT('',(1.530808498934E-15,25.,-6.));
#8515 = DIRECTION('',(0.,0.,1.));
#8516 = DIRECTION('',(1.,0.,0.));
#8517 = PCURVE('',#8463,#8518);
#8518 = DEFINITIONAL_REPRESENTATION('',(#8519),#8523);
#8519 = LINE('',#8520,#8521);
#8520 = CARTESIAN_POINT('',(-0.,0.));
#8521 = VECTOR('',#8522,1.);
#8522 = DIRECTION('',(-1.,0.));
#8523 = ( GEOMETRIC_REPRESENTATION_CONTEXT(2) 
PARAMETRIC_REPRESENTATION_CONTEXT() REPRESENTATION_CONTEXT('2D SPACE',''
  ) );
#8524 = PCURVE('',#8525,#8530);
#8525 = PLANE('',#8526);
#8526 = AXIS2_PLACEMENT_3D('',#8527,#8528,#8529);
#8527 = CARTESIAN_POINT('',(1.139533443783E-15,25.,-6.));
#8528 = DIRECTION('',(0.,0.,1.));
#8529 = DIRECTION('',(1.,0.,-0.));
#8530 = DEFINITIONAL_REPRESENTATION('',(#8531),#8535);
#8531 = CIRCLE('',#8532,3.);
#8532 = AXIS2_PLACEMENT_2D('',#8533,#8534);
#8533 = CARTESIAN_POINT('',(3.912750551513E-16,0.));
#8534 = DIRECTION('',(1.,0.));
#8535 = ( GEOMETRIC_REPRESENTATION_CONTEXT(2) 
PARAMETRIC_REPRESENTATION_CONTEXT() REPRESENTATION_CONTEXT('2D SPACE',''
  ) );
#8536 = ADVANCED_FACE('',(#8537),#8525,.F.);
#8537 = FACE_BOUND('',#8538,.F.);
#8538 = EDGE_LOOP('',(#8539));
#8539 = ORIENTED_EDGE('',*,*,#8510,.T.);
#8540 = ADVANCED_FACE('',(#8541),#8497,.T.);
#8541 = FACE_BOUND('',#8542,.T.);
#8542 = EDGE_LOOP('',(#8543));
#8543 = ORIENTED_EDGE('',*,*,#8482,.T.);
#8544 = ( GEOMETRIC_REPRESENTATION_CONTEXT(3) 
GLOBAL_UNCERTAINTY_ASSIGNED_CONTEXT((#8548)) 
GLOBAL_UNIT_ASSIGNED_CONTEXT((#8545,#8546,#8547)) REPRESENTATION_CONTEXT
('Context #1','3D Context with UNIT and UNCERTAINTY') );
#8545 = ( LENGTH_UNIT() NAMED_UNIT(*) SI_UNIT(.MILLI.,.METRE.) );
#8546 = ( NAMED_UNIT(*) PLANE_ANGLE_UNIT() SI_UNIT($,.RADIAN.) );
#8547 = ( NAMED_UNIT(*) SI_UNIT($,.STERADIAN.) SOLID_ANGLE_UNIT() );
#8548 = UNCERTAINTY_MEASURE_WITH_UNIT(LENGTH_MEASURE(1.E-07),#8545,
  'distance_accuracy_value','confusion accuracy');
#8549 = CONTEXT_DEPENDENT_SHAPE_REPRESENTATION(#8550,#8552);
#8550 = ( REPRESENTATION_RELATIONSHIP('','',#8445,#10) 
REPRESENTATION_RELATIONSHIP_WITH_TRANSFORMATION(#8551) 
SHAPE_REPRESENTATION_RELATIONSHIP() );
#8551 = ITEM_DEFINED_TRANSFORMATION('','',#11,#27);
#8552 = PRODUCT_DEFINITION_SHAPE('Placement','Placement of an item',
  #8553);
#8553 = NEXT_ASSEMBLY_USAGE_OCCURRENCE('4','dowel','',#5,#8440,$);
#8554 = PRODUCT_RELATED_PRODUCT_CATEGORY('part',$,(#8442));
#8555 = SHAPE_DEFINITION_REPRESENTATION(#8556,#8562);
#8556 = PRODUCT_DEFINITION_SHAPE('','',#8557);
#8557 = PRODUCT_DEFINITION('design','',#8558,#8561);
#8558 = PRODUCT_DEFINITION_FORMATION('','',#8559);
#8559 = PRODUCT('bolt_0','bolt_0','',(#8560));
#8560 = PRODUCT_CONTEXT('',#2,'mechanical');
#8561 = PRODUCT_DEFINITION_CONTEXT('part definition',#2,'design');
#8562 = ADVANCED_BREP_SHAPE_REPRESENTATION('',(#11,#8563),#8751);
#8563 = MANIFOLD_SOLID_BREP('',#8564);
#8564 = CLOSED_SHELL('',(#8565,#8653,#8688,#8692,#8747));
#8565 = ADVANCED_FACE('',(#8566),#8580,.T.);
#8566 = FACE_BOUND('',#8567,.F.);
#8567 = EDGE_LOOP('',(#8568,#8598,#8625,#8626));
#8568 = ORIENTED_EDGE('',*,*,#8569,.T.);
#8569 = EDGE_CURVE('',#8570,#8572,#8574,.T.);
#8570 = VERTEX_POINT('',#8571);
#8571 = CARTESIAN_POINT('',(22.677669529664,17.677669529664,6.));
#8572 = VERTEX_POINT('',#8573);
#8573 = CARTESIAN_POINT('',(22.677669529664,17.677669529664,12.));
#8574 = SEAM_CURVE('',#8575,(#8579,#8591),.PCURVE_S1.);
#8575 = LINE('',#8576,#8577);
#8576 = CARTESIAN_POINT('',(22.677669529664,17.677669529664,6.));
#8577 = VECTOR('',#8578,1.);
#8578 = DIRECTION('',(0.,0.,1.));
#8579 = PCURVE('',#8580,#8585);
#8580 = CYLINDRICAL_SURFACE('',#8581,5.);
#8581 = AXIS2_PLACEMENT_3D('',#8582,#8583,#8584);
#8582 = CARTESIAN_POINT('',(17.677669529664,17.677669529664,6.));
#8583 = DIRECTION('',(-0.,-0.,-1.));
#8584 = DIRECTION('',(1.,0.,0.));
#8585 = DEFINITIONAL_REPRESENTATION('',(#8586),#8590);
#8586 = LINE('',#8587,#8588);
#8587 = CARTESIAN_POINT('',(-0.,0.));
#8588 = VECTOR('',#8589,1.);
#8589 = DIRECTION('',(-0.,-1.));
#8590 = ( GEOMETRIC_REPRESENTATION_CONTEXT(2) 
PARAMETRIC_REPRESENTATION_CONTEXT() REPRESENTATION_CONTEXT('2D SPACE',''
  ) );
#8591 = PCURVE('',#8580,#8592);
#8592 = DEFINITIONAL_REPRESENTATION('',(#8593),#8597);
#8593 = LINE('',#8594,#8595);
#8594 = CARTESIAN_POINT('',(-6.28318530718,0.));
#8595 = VECTOR('',#8596,1.);
#8596 = DIRECTION('',(-0.,-1.));
#8597 = ( GEOMETRIC_REPRESENTATION_CONTEXT(2) 
PARAMETRIC_REPRESENTATION_CONTEXT() REPRESENTATION_CONTEXT('2D SPACE',''
  ) );
#8598 = ORIENTED_EDGE('',*,*,#8599,.T.);
#8599 = EDGE_CURVE('',#8572,#8572,#8600,.T.);
#8600 = SURFACE_CURVE('',#8601,(#8606,#8613),.PCURVE_S1.);
#8601 = CIRCLE('',#8602,5.);
#8602 = AXIS2_PLACEMENT_3D('',#8603,#8604,#8605);
#8603 = CARTESIAN_POINT('',(17.677669529664,17.677669529664,12.));
#8604 = DIRECTION('',(0.,0.,1.));
#8605 = DIRECTION('',(1.,0.,0.));
#8606 = PCURVE('',#8580,#8607);
#8607 = DEFINITIONAL_REPRESENTATION('',(#8608),#8612);
#8608 = LINE('',#8609,#8610);
#8609 = CARTESIAN_POINT('',(-0.,-6.));
#8610 = VECTOR('',#8611,1.);
#8611 = DIRECTION('',(-1.,0.));
#8612 = ( GEOMETRIC_REPRESENTATION_CONTEXT(2) 
PARAMETRIC_REPRESENTATION_CONTEXT() REPRESENTATION_CONTEXT('2D SPACE',''
  ) );
#8613 = PCURVE('',#8614,#8619);
#8614 = PLANE('',#8615);
#8615 = AXIS2_PLACEMENT_3D('',#8616,#8617,#8618);
#8616 = CARTESIAN_POINT('',(17.677669529664,17.677669529664,12.));
#8617 = DIRECTION('',(0.,0.,1.));
#8618 = DIRECTION('',(1.,0.,-0.));
#8619 = DEFINITIONAL_REPRESENTATION('',(#8620),#8624);
#8620 = CIRCLE('',#8621,5.);
#8621 = AXIS2_PLACEMENT_2D('',#8622,#8623);
#8622 = CARTESIAN_POINT('',(3.552713678801E-15,0.));
#8623 = DIRECTION('',(1.,0.));
#8624 = ( GEOMETRIC_REPRESENTATION_CONTEXT(2) 
PARAMETRIC_REPRESENTATION_CONTEXT() REPRESENTATION_CONTEXT('2D SPACE',''
  ) );
#8625 = ORIENTED_EDGE('',*,*,#8569,.F.);
#8626 = ORIENTED_EDGE('',*,*,#8627,.F.);
#8627 = EDGE_CURVE('',#8570,#8570,#8628,.T.);
#8628 = SURFACE_CURVE('',#8629,(#8634,#8641),.PCURVE_S1.);
#8629 = CIRCLE('',#8630,5.);
#8630 = AXIS2_PLACEMENT_3D('',#8631,#8632,#8633);
#8631 = CARTESIAN_POINT('',(17.677669529664,17.677669529664,6.));
#8632 = DIRECTION('',(0.,0.,1.));
#8633 = DIRECTION('',(1.,0.,0.));
#8634 = PCURVE('',#8580,#8635);
#8635 = DEFINITIONAL_REPRESENTATION('',(#8636),#8640);
#8636 = LINE('',#8637,#8638);
#8637 = CARTESIAN_POINT('',(-0.,0.));
#8638 = VECTOR('',#8639,1.);
#8639 = DIRECTION('',(-1.,0.));
#8640 = ( GEOMETRIC_REPRESENTATION_CONTEXT(2) 
PARAMETRIC_REPRESENTATION_CONTEXT() REPRESENTATION_CONTEXT('2D SPACE',''
  ) );
#8641 = PCURVE('',#8642,#8647);
#8642 = PLANE('',#8643);
#8643 = AXIS2_PLACEMENT_3D('',#8644,#8645,#8646);
#8644 = CARTESIAN_POINT('',(17.677669529664,17.677669529664,6.));
#8645 = DIRECTION('',(0.,0.,1.));
#8646 = DIRECTION('',(1.,0.,-0.));
#8647 = DEFINITIONAL_REPRESENTATION('',(#8648),#8652);
#8648 = CIRCLE('',#8649,5.);
#8649 = AXIS2_PLACEMENT_2D('',#8650,#8651);
#8650 = CARTESIAN_POINT('',(3.552713678801E-15,0.));
#8651 = DIRECTION('',(1.,0.));
#8652 = ( GEOMETRIC_REPRESENTATION_CONTEXT(2) 
PARAMETRIC_REPRESENTATION_CONTEXT() REPRESENTATION_CONTEXT('2D SPACE',''
  ) );
#8653 = ADVANCED_FACE('',(#8654,#8657),#8642,.F.);
#8654 = FACE_BOUND('',#8655,.F.);
#8655 = EDGE_LOOP('',(#8656));
#8656 = ORIENTED_EDGE('',*,*,#8627,.T.);
#8657 = FACE_BOUND('',#8658,.F.);
#8658 = EDGE_LOOP('',(#8659));
#8659 = ORIENTED_EDGE('',*,*,#8660,.F.);
#8660 = EDGE_CURVE('',#8661,#8661,#8663,.T.);
#8661 = VERTEX_POINT('',#8662);
#8662 = CARTESIAN_POINT('',(20.677669529664,17.677669529664,6.));
#8663 = SURFACE_CURVE('',#8664,(#8669,#8676),.PCURVE_S1.);
#8664 = CIRCLE('',#8665,3.);
#8665 = AXIS2_PLACEMENT_3D('',#8666,#8667,#8668);
#8666 = CARTESIAN_POINT('',(17.677669529664,17.677669529664,6.));
#8667 = DIRECTION('',(0.,0.,1.));
#8668 = DIRECTION('',(1.,0.,0.));
#8669 = PCURVE('',#8642,#8670);
#8670 = DEFINITIONAL_REPRESENTATION('',(#8671),#8675);
#8671 = CIRCLE('',#8672,3.);
#8672 = AXIS2_PLACEMENT_2D('',#8673,#8674);
#8673 = CARTESIAN_POINT('',(3.552713678801E-15,0.));
#8674 = DIRECTION('',(1.,0.));
#8675 = ( GEOMETRIC_REPRESENTATION_CONTEXT(2) 
PARAMETRIC_REPRESENTATION_CONTEXT() REPRESENTATION_CONTEXT('2D SPACE',''
  ) );
#8676 = PCURVE('',#8677,#8682);
#8677 = CYLINDRICAL_SURFACE('',#8678,3.);
#8678 = AXIS2_PLACEMENT_3D('',#8679,#8680,#8681);
#8679 = CARTESIAN_POINT('',(17.677669529664,17.677669529664,-6.));
#8680 = DIRECTION('',(-0.,-0.,-1.));
#8681 = DIRECTION('',(1.,0.,0.));
#8682 = DEFINITIONAL_REPRESENTATION('',(#8683),#8687);
#8683 = LINE('',#8684,#8685);
#8684 = CARTESIAN_POINT('',(-0.,-12.));
#8685 = VECTOR('',#8686,1.);
#8686 = DIRECTION('',(-1.,0.));
#8687 = ( GEOMETRIC_REPRESENTATION_CONTEXT(2) 
PARAMETRIC_REPRESENTATION_CONTEXT() REPRESENTATION_CONTEXT('2D SPACE',''
  ) );
#8688 = ADVANCED_FACE('',(#8689),#8614,.T.);
#8689 = FACE_BOUND('',#8690,.T.);
#8690 = EDGE_LOOP('',(#8691));
#8691 = ORIENTED_EDGE('',*,*,#8599,.T.);
#8692 = ADVANCED_FACE('',(#8693),#8677,.T.);
#8693 = FACE_BOUND('',#8694,.F.);
#8694 = EDGE_LOOP('',(#8695,#8718,#8719,#8720));
#8695 = ORIENTED_EDGE('',*,*,#8696,.T.);
#8696 = EDGE_CURVE('',#8697,#8661,#8699,.T.);
#8697 = VERTEX_POINT('',#8698);
#8698 = CARTESIAN_POINT('',(20.677669529664,17.677669529664,-6.));
#8699 = SEAM_CURVE('',#8700,(#8704,#8711),.PCURVE_S1.);
#8700 = LINE('',#8701,#8702);
#8701 = CARTESIAN_POINT('',(20.677669529664,17.677669529664,-6.));
#8702 = VECTOR('',#8703,1.);
#8703 = DIRECTION('',(0.,0.,1.));
#8704 = PCURVE('',#8677,#8705);
#8705 = DEFINITIONAL_REPRESENTATION('',(#8706),#8710);
#8706 = LINE('',#8707,#8708);
#8707 = CARTESIAN_POINT('',(-0.,0.));
#8708 = VECTOR('',#8709,1.);
#8709 = DIRECTION('',(-0.,-1.));
#8710 = ( GEOMETRIC_REPRESENTATION_CONTEXT(2) 
PARAMETRIC_REPRESENTATION_CONTEXT() REPRESENTATION_CONTEXT('2D SPACE',''
  ) );
#8711 = PCURVE('',#8677,#8712);
#8712 = DEFINITIONAL_REPRESENTATION('',(#8713),#8717);
#8713 = LINE('',#8714,#8715);
#8714 = CARTESIAN_POINT('',(-6.28318530718,0.));
#8715 = VECTOR('',#8716,1.);
#8716 = DIRECTION('',(-0.,-1.));
#8717 = ( GEOMETRIC_REPRESENTATION_CONTEXT(2) 
PARAMETRIC_REPRESENTATION_CONTEXT() REPRESENTATION_CONTEXT('2D SPACE',''
  ) );
#8718 = ORIENTED_EDGE('',*,*,#8660,.T.);
#8719 = ORIENTED_EDGE('',*,*,#8696,.F.);
#8720 = ORIENTED_EDGE('',*,*,#8721,.F.);
#8721 = EDGE_CURVE('',#8697,#8697,#8722,.T.);
#8722 = SURFACE_CURVE('',#8723,(#8728,#8735),.PCURVE_S1.);
#8723 = CIRCLE('',#8724,3.);
#8724 = AXIS2_PLACEMENT_3D('',#8725,#8726,#8727);
#8725 = CARTESIAN_POINT('',(17.677669529664,17.677669529664,-6.));
#8726 = DIRECTION('',(0.,0.,1.));
#8727 = DIRECTION('',(1.,0.,0.));
#8728 = PCURVE('',#8677,#8729);
#8729 = DEFINITIONAL_REPRESENTATION('',(#8730),#8734);
#8730 = LINE('',#8731,#8732);
#8731 = CARTESIAN_POINT('',(-0.,0.));
#8732 = VECTOR('',#8733,1.);
#8733 = DIRECTION('',(-1.,0.));
#8734 = ( GEOMETRIC_REPRESENTATION_CONTEXT(2) 
PARAMETRIC_REPRESENTATION_CONTEXT() REPRESENTATION_CONTEXT('2D SPACE',''
  ) );
#8735 = PCURVE('',#8736,#8741);
#8736 = PLANE('',#8737);
#8737 = AXIS2_PLACEMENT_3D('',#8738,#8739,#8740);
#8738 = CARTESIAN_POINT('',(17.677669529664,17.677669529664,-6.));
#8739 = DIRECTION('',(0.,0.,1.));
#8740 = DIRECTION('',(1.,0.,-0.));
#8741 = DEFINITIONAL_REPRESENTATION('',(#8742),#8746);
#8742 = CIRCLE('',#8743,3.);
#8743 = AXIS2_PLACEMENT_2D('',#8744,#8745);
#8744 = CARTESIAN_POINT('',(0.,-3.552713678801E-15));
#8745 = DIRECTION('',(1.,0.));
#8746 = ( GEOMETRIC_REPRESENTATION_CONTEXT(2) 
PARAMETRIC_REPRESENTATION_CONTEXT() REPRESENTATION_CONTEXT('2D SPACE',''
  ) );
#8747 = ADVANCED_FACE('',(#8748),#8736,.F.);
#8748 = FACE_BOUND('',#8749,.F.);
#8749 = EDGE_LOOP('',(#8750));
#8750 = ORIENTED_EDGE('',*,*,#8721,.T.);
#8751 = ( GEOMETRIC_REPRESENTATION_CONTEXT(3) 
GLOBAL_UNCERTAINTY_ASSIGNED_CONTEXT((#8755)) 
GLOBAL_UNIT_ASSIGNED_CONTEXT((#8752,#8753,#8754)) REPRESENTATION_CONTEXT
('Context #1','3D Context with UNIT and UNCERTAINTY') );
#8752 = ( LENGTH_UNIT() NAMED_UNIT(*) SI_UNIT(.MILLI.,.METRE.) );
#8753 = ( NAMED_UNIT(*) PLANE_ANGLE_UNIT() SI_UNIT($,.RADIAN.) );
#8754 = ( NAMED_UNIT(*) SI_UNIT($,.STERADIAN.) SOLID_ANGLE_UNIT() );
#8755 = UNCERTAINTY_MEASURE_WITH_UNIT(LENGTH_MEASURE(1.E-07),#8752,
  'distance_accuracy_value','confusion accuracy');
#8756 = CONTEXT_DEPENDENT_SHAPE_REPRESENTATION(#8757,#8759);
#8757 = ( REPRESENTATION_RELATIONSHIP('','',#8562,#10) 
REPRESENTATION_RELATIONSHIP_WITH_TRANSFORMATION(#8758) 
SHAPE_REPRESENTATION_RELATIONSHIP() );
#8758 = ITEM_DEFINED_TRANSFORMATION('','',#11,#31);
#8759 = PRODUCT_DEFINITION_SHAPE('Placement','Placement of an item',
  #8760);
#8760 = NEXT_ASSEMBLY_USAGE_OCCURRENCE('5','bolt_0','',#5,#8557,$);
#8761 = PRODUCT_RELATED_PRODUCT_CATEGORY('part',$,(#8559));
#8762 = SHAPE_DEFINITION_REPRESENTATION(#8763,#8769);
#8763 = PRODUCT_DEFINITION_SHAPE('','',#8764);
#8764 = PRODUCT_DEFINITION('design','',#8765,#8768);
#8765 = PRODUCT_DEFINITION_FORMATION('','',#8766);
#8766 = PRODUCT('bolt_1','bolt_1','',(#8767));
#8767 = PRODUCT_CONTEXT('',#2,'mechanical');
#8768 = PRODUCT_DEFINITION_CONTEXT('part definition',#2,'design');
#8769 = ADVANCED_BREP_SHAPE_REPRESENTATION('',(#11,#8770),#8958);
#8770 = MANIFOLD_SOLID_BREP('',#8771);
#8771 = CLOSED_SHELL('',(#8772,#8860,#8895,#8899,#8954));
#8772 = ADVANCED_FACE('',(#8773),#8787,.T.);
#8773 = FACE_BOUND('',#8774,.F.);
#8774 = EDGE_LOOP('',(#8775,#8805,#8832,#8833));
#8775 = ORIENTED_EDGE('',*,*,#8776,.T.);
#8776 = EDGE_CURVE('',#8777,#8779,#8781,.T.);
#8777 = VERTEX_POINT('',#8778);
#8778 = CARTESIAN_POINT('',(-12.67766952966,17.677669529664,6.));
#8779 = VERTEX_POINT('',#8780);
#8780 = CARTESIAN_POINT('',(-12.67766952966,17.677669529664,12.));
#8781 = SEAM_CURVE('',#8782,(#8786,#8798),.PCURVE_S1.);
#8782 = LINE('',#8783,#8784);
#8783 = CARTESIAN_POINT('',(-12.67766952966,17.677669529664,6.));
#8784 = VECTOR('',#8785,1.);
#8785 = DIRECTION('',(0.,0.,1.));
#8786 = PCURVE('',#8787,#8792);
#8787 = CYLINDRICAL_SURFACE('',#8788,5.);
#8788 = AXIS2_PLACEMENT_3D('',#8789,#8790,#8791);
#8789 = CARTESIAN_POINT('',(-17.67766952966,17.677669529664,6.));
#8790 = DIRECTION('',(-0.,-0.,-1.));
#8791 = DIRECTION('',(1.,0.,0.));
#8792 = DEFINITIONAL_REPRESENTATION('',(#8793),#8797);
#8793 = LINE('',#8794,#8795);
#8794 = CARTESIAN_POINT('',(-0.,0.));
#8795 = VECTOR('',#8796,1.);
#8796 = DIRECTION('',(-0.,-1.));
#8797 = ( GEOMETRIC_REPRESENTATION_CONTEXT(2) 
PARAMETRIC_REPRESENTATION_CONTEXT() REPRESENTATION_CONTEXT('2D SPACE',''
  ) );
#8798 = PCURVE('',#8787,#8799);
#8799 = DEFINITIONAL_REPRESENTATION('',(#8800),#8804);
#8800 = LINE('',#8801,#8802);
#8801 = CARTESIAN_POINT('',(-6.28318530718,0.));
#8802 = VECTOR('',#8803,1.);
#8803 = DIRECTION('',(-0.,-1.));
#8804 = ( GEOMETRIC_REPRESENTATION_CONTEXT(2) 
PARAMETRIC_REPRESENTATION_CONTEXT() REPRESENTATION_CONTEXT('2D SPACE',''
  ) );
#8805 = ORIENTED_EDGE('',*,*,#8806,.T.);
#8806 = EDGE_CURVE('',#8779,#8779,#8807,.T.);
#8807 = SURFACE_CURVE('',#8808,(#8813,#8820),.PCURVE_S1.);
#8808 = CIRCLE('',#8809,5.);
#8809 = AXIS2_PLACEMENT_3D('',#8810,#8811,#8812);
#8810 = CARTESIAN_POINT('',(-17.67766952966,17.677669529664,12.));
#8811 = DIRECTION('',(0.,0.,1.));
#8812 = DIRECTION('',(1.,0.,0.));
#8813 = PCURVE('',#8787,#8814);
#8814 = DEFINITIONAL_REPRESENTATION('',(#8815),#8819);
#8815 = LINE('',#8816,#8817);
#8816 = CARTESIAN_POINT('',(-0.,-6.));
#8817 = VECTOR('',#8818,1.);
#8818 = DIRECTION('',(-1.,0.));
#8819 = ( GEOMETRIC_REPRESENTATION_CONTEXT(2) 
PARAMETRIC_REPRESENTATION_CONTEXT() REPRESENTATION_CONTEXT('2D SPACE',''
  ) );
#8820 = PCURVE('',#8821,#8826);
#8821 = PLANE('',#8822);
#8822 = AXIS2_PLACEMENT_3D('',#8823,#8824,#8825);
#8823 = CARTESIAN_POINT('',(-17.67766952966,17.677669529664,12.));
#8824 = DIRECTION('',(0.,0.,1.));
#8825 = DIRECTION('',(1.,0.,-0.));
#8826 = DEFINITIONAL_REPRESENTATION('',(#8827),#8831);
#8827 = CIRCLE('',#8828,5.);
#8828 = AXIS2_PLACEMENT_2D('',#8829,#8830);
#8829 = CARTESIAN_POINT('',(0.,0.));
#8830 = DIRECTION('',(1.,0.));
#8831 = ( GEOMETRIC_REPRESENTATION_CONTEXT(2) 
PARAMETRIC_REPRESENTATION_CONTEXT() REPRESENTATION_CONTEXT('2D SPACE',''
  ) );
#8832 = ORIENTED_EDGE('',*,*,#8776,.F.);
#8833 = ORIENTED_EDGE('',*,*,#8834,.F.);
#8834 = EDGE_CURVE('',#8777,#8777,#8835,.T.);
#8835 = SURFACE_CURVE('',#8836,(#8841,#8848),.PCURVE_S1.);
#8836 = CIRCLE('',#8837,5.);
#8837 = AXIS2_PLACEMENT_3D('',#8838,#8839,#8840);
#8838 = CARTESIAN_POINT('',(-17.67766952966,17.677669529664,6.));
#8839 = DIRECTION('',(0.,0.,1.));
#8840 = DIRECTION('',(1.,0.,0.));
#8841 = PCURVE('',#8787,#8842);
#8842 = DEFINITIONAL_REPRESENTATION('',(#8843),#8847);
#8843 = LINE('',#8844,#8845);
#8844 = CARTESIAN_POINT('',(-0.,0.));
#8845 = VECTOR('',#8846,1.);
#8846 = DIRECTION('',(-1.,0.));
#8847 = ( GEOMETRIC_REPRESENTATION_CONTEXT(2) 
PARAMETRIC_REPRESENTATION_CONTEXT() REPRESENTATION_CONTEXT('2D SPACE',''
  ) );
#8848 = PCURVE('',#8849,#8854);
#8849 = PLANE('',#8850);
#8850 = AXIS2_PLACEMENT_3D('',#8851,#8852,#8853);
#8851 = CARTESIAN_POINT('',(-17.67766952966,17.677669529664,6.));
#8852 = DIRECTION('',(0.,0.,1.));
#8853 = DIRECTION('',(1.,0.,-0.));
#8854 = DEFINITIONAL_REPRESENTATION('',(#8855),#8859);
#8855 = CIRCLE('',#8856,5.);
#8856 = AXIS2_PLACEMENT_2D('',#8857,#8858);
#8857 = CARTESIAN_POINT('',(0.,0.));
#8858 = DIRECTION('',(1.,0.));
#8859 = ( GEOMETRIC_REPRESENTATION_CONTEXT(2) 
PARAMETRIC_REPRESENTATION_CONTEXT() REPRESENTATION_CONTEXT('2D SPACE',''
  ) );
#8860 = ADVANCED_FACE('',(#8861,#8864),#8849,.F.);
#8861 = FACE_BOUND('',#8862,.F.);
#8862 = EDGE_LOOP('',(#8863));
#8863 = ORIENTED_EDGE('',*,*,#8834,.T.);
#8864 = FACE_BOUND('',#8865,.F.);
#8865 = EDGE_LOOP('',(#8866));
#8866 = ORIENTED_EDGE('',*,*,#8867,.F.);
#8867 = EDGE_CURVE('',#8868,#8868,#8870,.T.);
#8868 = VERTEX_POINT('',#8869);
#8869 = CARTESIAN_POINT('',(-14.67766952966,17.677669529664,6.));
#8870 = SURFACE_CURVE('',#8871,(#8876,#8883),.PCURVE_S1.);
#8871 = CIRCLE('',#8872,3.);
#8872 = AXIS2_PLACEMENT_3D('',#8873,#8874,#8875);
#8873 = CARTESIAN_POINT('',(-17.67766952966,17.677669529664,6.));
#8874 = DIRECTION('',(0.,0.,1.));
#8875 = DIRECTION('',(1.,0.,0.));
#8876 = PCURVE('',#8849,#8877);
#8877 = DEFINITIONAL_REPRESENTATION('',(#8878),#8882);
#8878 = CIRCLE('',#8879,3.);
#8879 = AXIS2_PLACEMENT_2D('',#8880,#8881);
#8880 = CARTESIAN_POINT('',(0.,0.));
#8881 = DIRECTION('',(1.,0.));
#8882 = ( GEOMETRIC_REPRESENTATION_CONTEXT(2) 
PARAMETRIC_REPRESENTATION_CONTEXT() REPRESENTATION_CONTEXT('2D SPACE',''
  ) );
#8883 = PCURVE('',#8884,#8889);
#8884 = CYLINDRICAL_SURFACE('',#8885,3.);
#8885 = AXIS2_PLACEMENT_3D('',#8886,#8887,#8888);
#8886 = CARTESIAN_POINT('',(-17.67766952966,17.677669529664,-6.));
#8887 = DIRECTION('',(-0.,-0.,-1.));
#8888 = DIRECTION('',(1.,0.,0.));
#8889 = DEFINITIONAL_REPRESENTATION('',(#8890),#8894);
#8890 = LINE('',#8891,#8892);
#8891 = CARTESIAN_POINT('',(-0.,-12.));
#8892 = VECTOR('',#8893,1.);
#8893 = DIRECTION('',(-1.,0.));
#8894 = ( GEOMETRIC_REPRESENTATION_CONTEXT(2) 
PARAMETRIC_REPRESENTATION_CONTEXT() REPRESENTATION_CONTEXT('2D SPACE',''
  ) );
#8895 = ADVANCED_FACE('',(#8896),#8821,.T.);
#8896 = FACE_BOUND('',#8897,.T.);
#8897 = EDGE_LOOP('',(#8898));
#8898 = ORIENTED_EDGE('',*,*,#8806,.T.);
#8899 = ADVANCED_FACE('',(#8900),#8884,.T.);
#8900 = FACE_BOUND('',#8901,.F.);
#8901 = EDGE_LOOP('',(#8902,#8925,#8926,#8927));
#8902 = ORIENTED_EDGE('',*,*,#8903,.T.);
#8903 = EDGE_CURVE('',#8904,#8868,#8906,.T.);
#8904 = VERTEX_POINT('',#8905);
#8905 = CARTESIAN_POINT('',(-14.67766952966,17.677669529664,-6.));
#8906 = SEAM_CURVE('',#8907,(#8911,#8918),.PCURVE_S1.);
#8907 = LINE('',#8908,#8909);
#8908 = CARTESIAN_POINT('',(-14.67766952966,17.677669529664,-6.));
#8909 = VECTOR('',#8910,1.);
#8910 = DIRECTION('',(0.,0.,1.));
#8911 = PCURVE('',#8884,#8912);
#8912 = DEFINITIONAL_REPRESENTATION('',(#8913),#8917);
#8913 = LINE('',#8914,#8915);
#8914 = CARTESIAN_POINT('',(-0.,0.));
#8915 = VECTOR('',#8916,1.);
#8916 = DIRECTION('',(-0.,-1.));
#8917 = ( GEOMETRIC_REPRESENTATION_CONTEXT(2) 
PARAMETRIC_REPRESENTATION_CONTEXT() REPRESENTATION_CONTEXT('2D SPACE',''
  ) );
#8918 = PCURVE('',#8884,#8919);
#8919 = DEFINITIONAL_REPRESENTATION('',(#8920),#8924);
#8920 = LINE('',#8921,#8922);
#8921 = CARTESIAN_POINT('',(-6.28318530718,0.));
#8922 = VECTOR('',#8923,1.);
#8923 = DIRECTION('',(-0.,-1.));
#8924 = ( GEOMETRIC_REPRESENTATION_CONTEXT(2) 
PARAMETRIC_REPRESENTATION_CONTEXT() REPRESENTATION_CONTEXT('2D SPACE',''
  ) );
#8925 = ORIENTED_EDGE('',*,*,#8867,.T.);
#8926 = ORIENTED_EDGE('',*,*,#8903,.F.);
#8927 = ORIENTED_EDGE('',*,*,#8928,.F.);
#8928 = EDGE_CURVE('',#8904,#8904,#8929,.T.);
#8929 = SURFACE_CURVE('',#8930,(#8935,#8942),.PCURVE_S1.);
#8930 = CIRCLE('',#8931,3.);
#8931 = AXIS2_PLACEMENT_3D('',#8932,#8933,#8934);
#8932 = CARTESIAN_POINT('',(-17.67766952966,17.677669529664,-6.));
#8933 = DIRECTION('',(0.,0.,1.));
#8934 = DIRECTION('',(1.,0.,0.));
#8935 = PCURVE('',#8884,#8936);
#8936 = DEFINITIONAL_REPRESENTATION('',(#8937),#8941);
#8937 = LINE('',#8938,#8939);
#8938 = CARTESIAN_POINT('',(-0.,0.));
#8939 = VECTOR('',#8940,1.);
#8940 = DIRECTION('',(-1.,0.));
#8941 = ( GEOMETRIC_REPRESENTATION_CONTEXT(2) 
PARAMETRIC_REPRESENTATION_CONTEXT() REPRESENTATION_CONTEXT('2D SPACE',''
  ) );
#8942 = PCURVE('',#8943,#8948);
#8943 = PLANE('',#8944);
#8944 = AXIS2_PLACEMENT_3D('',#8945,#8946,#8947);
#8945 = CARTESIAN_POINT('',(-17.67766952966,17.677669529664,-6.));
#8946 = DIRECTION('',(0.,0.,1.));
#8947 = DIRECTION('',(1.,0.,-0.));
#8948 = DEFINITIONAL_REPRESENTATION('',(#8949),#8953);
#8949 = CIRCLE('',#8950,3.);
#8950 = AXIS2_PLACEMENT_2D('',#8951,#8952);
#8951 = CARTESIAN_POINT('',(3.552713678801E-15,0.));
#8952 = DIRECTION('',(1.,0.));
#8953 = ( GEOMETRIC_REPRESENTATION_CONTEXT(2) 
PARAMETRIC_REPRESENTATION_CONTEXT() REPRESENTATION_CONTEXT('2D SPACE',''
  ) );
#8954 = ADVANCED_FACE('',(#8955),#8943,.F.);
#8955 = FACE_BOUND('',#8956,.F.);
#8956 = EDGE_LOOP('',(#8957));
#8957 = ORIENTED_EDGE('',*,*,#8928,.T.);
#8958 = ( GEOMETRIC_REPRESENTATION_CONTEXT(3) 
GLOBAL_UNCERTAINTY_ASSIGNED_CONTEXT((#8962)) 
GLOBAL_UNIT_ASSIGNED_CONTEXT((#8959,#8960,#8961)) REPRESENTATION_CONTEXT
('Context #1','3D Context with UNIT and UNCERTAINTY') );
#8959 = ( LENGTH_UNIT() NAMED_UNIT(*) SI_UNIT(.MILLI.,.METRE.) );
#8960 = ( NAMED_UNIT(*) PLANE_ANGLE_UNIT() SI_UNIT($,.RADIAN.) );
#8961 = ( NAMED_UNIT(*) SI_UNIT($,.STERADIAN.) SOLID_ANGLE_UNIT() );
#8962 = UNCERTAINTY_MEASURE_WITH_UNIT(LENGTH_MEASURE(1.E-07),#8959,
  'distance_accuracy_value','confusion accuracy');
#8963 = CONTEXT_DEPENDENT_SHAPE_REPRESENTATION(#8964,#8966);
#8964 = ( REPRESENTATION_RELATIONSHIP('','',#8769,#10) 
REPRESENTATION_RELATIONSHIP_WITH_TRANSFORMATION(#8965) 
SHAPE_REPRESENTATION_RELATIONSHIP() );
#8965 = ITEM_DEFINED_TRANSFORMATION('','',#11,#35);
#8966 = PRODUCT_DEFINITION_SHAPE('Placement','Placement of an item',
  #8967);
#8967 = NEXT_ASSEMBLY_USAGE_OCCURRENCE('6','bolt_1','',#5,#8764,$);
#8968 = PRODUCT_RELATED_PRODUCT_CATEGORY('part',$,(#8766));
#8969 = SHAPE_DEFINITION_REPRESENTATION(#8970,#8976);
#8970 = PRODUCT_DEFINITION_SHAPE('','',#8971);
#8971 = PRODUCT_DEFINITION('design','',#8972,#8975);
#8972 = PRODUCT_DEFINITION_FORMATION('','',#8973);
#8973 = PRODUCT('bolt_2','bolt_2','',(#8974));
#8974 = PRODUCT_CONTEXT('',#2,'mechanical');
#8975 = PRODUCT_DEFINITION_CONTEXT('part definition',#2,'design');
#8976 = ADVANCED_BREP_SHAPE_REPRESENTATION('',(#11,#8977),#9165);
#8977 = MANIFOLD_SOLID_BREP('',#8978);
#8978 = CLOSED_SHELL('',(#8979,#9067,#9102,#9106,#9161));
#8979 = ADVANCED_FACE('',(#8980),#8994,.T.);
#8980 = FACE_BOUND('',#8981,.F.);
#8981 = EDGE_LOOP('',(#8982,#9012,#9039,#9040));
#8982 = ORIENTED_EDGE('',*,*,#8983,.T.);
#8983 = EDGE_CURVE('',#8984,#8986,#8988,.T.);
#8984 = VERTEX_POINT('',#8985);
#8985 = CARTESIAN_POINT('',(-12.67766952966,-17.67766952966,6.));
#8986 = VERTEX_POINT('',#8987);
#8987 = CARTESIAN_POINT('',(-12.67766952966,-17.67766952966,12.));
#8988 = SEAM_CURVE('',#8989,(#8993,#9005),.PCURVE_S1.);
#8989 = LINE('',#8990,#8991);
#8990 = CARTESIAN_POINT('',(-12.67766952966,-17.67766952966,6.));
#8991 = VECTOR('',#8992,1.);
#8992 = DIRECTION('',(0.,0.,1.));
#8993 = PCURVE('',#8994,#8999);
#8994 = CYLINDRICAL_SURFACE('',#8995,5.);
#8995 = AXIS2_PLACEMENT_3D('',#8996,#8997,#8998);
#8996 = CARTESIAN_POINT('',(-17.67766952966,-17.67766952966,6.));
#8997 = DIRECTION('',(-0.,-0.,-1.));
#8998 = DIRECTION('',(1.,0.,0.));
#8999 = DEFINITIONAL_REPRESENTATION('',(#9000),#9004);
#9000 = LINE('',#9001,#9002);
#9001 = CARTESIAN_POINT('',(-0.,0.));
#9002 = VECTOR('',#9003,1.);
#9003 = DIRECTION('',(-0.,-1.));
#9004 = ( GEOMETRIC_REPRESENTATION_CONTEXT(2) 
PARAMETRIC_REPRESENTATION_CONTEXT() REPRESENTATION_CONTEXT('2D SPACE',''
  ) );
#9005 = PCURVE('',#8994,#9006);
#9006 = DEFINITIONAL_REPRESENTATION('',(#9007),#9011);
#9007 = LINE('',#9008,#9009);
#9008 = CARTESIAN_POINT('',(-6.28318530718,0.));
#9009 = VECTOR('',#9010,1.);
#9010 = DIRECTION('',(-0.,-1.));
#9011 = ( GEOMETRIC_REPRESENTATION_CONTEXT(2) 
PARAMETRIC_REPRESENTATION_CONTEXT() REPRESENTATION_CONTEXT('2D SPACE',''
  ) );
#9012 = ORIENTED_EDGE('',*,*,#9013,.T.);
#9013 = EDGE_CURVE('',#8986,#8986,#9014,.T.);
#9014 = SURFACE_CURVE('',#9015,(#9020,#9027),.PCURVE_S1.);
#9015 = CIRCLE('',#9016,5.);
#9016 = AXIS2_PLACEMENT_3D('',#9017,#9018,#9019);
#9017 = CARTESIAN_POINT('',(-17.67766952966,-17.67766952966,12.));
#9018 = DIRECTION('',(0.,0.,1.));
#9019 = DIRECTION('',(1.,0.,0.));
#9020 = PCURVE('',#8994,#9021);
#9021 = DEFINITIONAL_REPRESENTATION('',(#9022),#9026);
#9022 = LINE('',#9023,#9024);
#9023 = CARTESIAN_POINT('',(-0.,-6.));
#9024 = VECTOR('',#9025,1.);
#9025 = DIRECTION('',(-1.,0.));
#9026 = ( GEOMETRIC_REPRESENTATION_CONTEXT(2) 
PARAMETRIC_REPRESENTATION_CONTEXT() REPRESENTATION_CONTEXT('2D SPACE',''
  ) );
#9027 = PCURVE('',#9028,#9033);
#9028 = PLANE('',#9029);
#9029 = AXIS2_PLACEMENT_3D('',#9030,#9031,#9032);
#9030 = CARTESIAN_POINT('',(-17.67766952966,-17.67766952966,12.));
#9031 = DIRECTION('',(0.,0.,1.));
#9032 = DIRECTION('',(1.,0.,-0.));
#9033 = DEFINITIONAL_REPRESENTATION('',(#9034),#9038);
#9034 = CIRCLE('',#9035,5.);
#9035 = AXIS2_PLACEMENT_2D('',#9036,#9037);
#9036 = CARTESIAN_POINT('',(0.,-3.552713678801E-15));
#9037 = DIRECTION('',(1.,0.));
#9038 = ( GEOMETRIC_REPRESENTATION_CONTEXT(2) 
PARAMETRIC_REPRESENTATION_CONTEXT() REPRESENTATION_CONTEXT('2D SPACE',''
  ) );
#9039 = ORIENTED_EDGE('',*,*,#8983,.F.);
#9040 = ORIENTED_EDGE('',*,*,#9041,.F.);
#9041 = EDGE_CURVE('',#8984,#8984,#9042,.T.);
#9042 = SURFACE_CURVE('',#9043,(#9048,#9055),.PCURVE_S1.);
#9043 = CIRCLE('',#9044,5.);
#9044 = AXIS2_PLACEMENT_3D('',#9045,#9046,#9047);
#9045 = CARTESIAN_POINT('',(-17.67766952966,-17.67766952966,6.));
#9046 = DIRECTION('',(0.,0.,1.));
#9047 = DIRECTION('',(1.,0.,0.));
#9048 = PCURVE('',#8994,#9049);
#9049 = DEFINITIONAL_REPRESENTATION('',(#9050),#9054);
#9050 = LINE('',#9051,#9052);
#9051 = CARTESIAN_POINT('',(-0.,0.));
#9052 = VECTOR('',#9053,1.);
#9053 = DIRECTION('',(-1.,0.));
#9054 = ( GEOMETRIC_REPRESENTATION_CONTEXT(2) 
PARAMETRIC_REPRESENTATION_CONTEXT() REPRESENTATION_CONTEXT('2D SPACE',''
  ) );
#9055 = PCURVE('',#9056,#9061);
#9056 = PLANE('',#9057);
#9057 = AXIS2_PLACEMENT_3D('',#9058,#9059,#9060);
#9058 = CARTESIAN_POINT('',(-17.67766952966,-17.67766952966,6.));
#9059 = DIRECTION('',(0.,0.,1.));
#9060 = DIRECTION('',(1.,0.,-0.));
#9061 = DEFINITIONAL_REPRESENTATION('',(#9062),#9066);
#9062 = CIRCLE('',#9063,5.);
#9063 = AXIS2_PLACEMENT_2D('',#9064,#9065);
#9064 = CARTESIAN_POINT('',(0.,-3.552713678801E-15));
#9065 = DIRECTION('',(1.,0.));
#9066 = ( GEOMETRIC_REPRESENTATION_CONTEXT(2) 
PARAMETRIC_REPRESENTATION_CONTEXT() REPRESENTATION_CONTEXT('2D SPACE',''
  ) );
#9067 = ADVANCED_FACE('',(#9068,#9071),#9056,.F.);
#9068 = FACE_BOUND('',#9069,.F.);
#9069 = EDGE_LOOP('',(#9070));
#9070 = ORIENTED_EDGE('',*,*,#9041,.T.);
#9071 = FACE_BOUND('',#9072,.F.);
#9072 = EDGE_LOOP('',(#9073));
#9073 = ORIENTED_EDGE('',*,*,#9074,.F.);
#9074 = EDGE_CURVE('',#9075,#9075,#9077,.T.);
#9075 = VERTEX_POINT('',#9076);
#9076 = CARTESIAN_POINT('',(-14.67766952966,-17.67766952966,6.));
#9077 = SURFACE_CURVE('',#9078,(#9083,#9090),.PCURVE_S1.);
#9078 = CIRCLE('',#9079,3.);
#9079 = AXIS2_PLACEMENT_3D('',#9080,#9081,#9082);
#9080 = CARTESIAN_POINT('',(-17.67766952966,-17.67766952966,6.));
#9081 = DIRECTION('',(0.,0.,1.));
#9082 = DIRECTION('',(1.,0.,0.));
#9083 = PCURVE('',#9056,#9084);
#9084 = DEFINITIONAL_REPRESENTATION('',(#9085),#9089);
#9085 = CIRCLE('',#9086,3.);
#9086 = AXIS2_PLACEMENT_2D('',#9087,#9088);
#9087 = CARTESIAN_POINT('',(0.,-3.552713678801E-15));
#9088 = DIRECTION('',(1.,0.));
#9089 = ( GEOMETRIC_REPRESENTATION_CONTEXT(2) 
PARAMETRIC_REPRESENTATION_CONTEXT() REPRESENTATION_CONTEXT('2D SPACE',''
  ) );
#9090 = PCURVE('',#9091,#9096);
#9091 = CYLINDRICAL_SURFACE('',#9092,3.);
#9092 = AXIS2_PLACEMENT_3D('',#9093,#9094,#9095);
#9093 = CARTESIAN_POINT('',(-17.67766952966,-17.67766952966,-6.));
#9094 = DIRECTION('',(-0.,-0.,-1.));
#9095 = DIRECTION('',(1.,0.,0.));
#9096 = DEFINITIONAL_REPRESENTATION('',(#9097),#9101);
#9097 = LINE('',#9098,#9099);
#9098 = CARTESIAN_POINT('',(-0.,-12.));
#9099 = VECTOR('',#9100,1.);
#9100 = DIRECTION('',(-1.,0.));
#9101 = ( GEOMETRIC_REPRESENTATION_CONTEXT(2) 
PARAMETRIC_REPRESENTATION_CONTEXT() REPRESENTATION_CONTEXT('2D SPACE',''
  ) );
#9102 = ADVANCED_FACE('',(#9103),#9028,.T.);
#9103 = FACE_BOUND('',#9104,.T.);
#9104 = EDGE_LOOP('',(#9105));
#9105 = ORIENTED_EDGE('',*,*,#9013,.T.);
#9106 = ADVANCED_FACE('',(#9107),#9091,.T.);
#9107 = FACE_BOUND('',#9108,.F.);
#9108 = EDGE_LOOP('',(#9109,#9132,#9133,#9134));
#9109 = ORIENTED_EDGE('',*,*,#9110,.T.);
#9110 = EDGE_CURVE('',#9111,#9075,#9113,.T.);
#9111 = VERTEX_POINT('',#9112);
#9112 = CARTESIAN_POINT('',(-14.67766952966,-17.67766952966,-6.));
#9113 = SEAM_CURVE('',#9114,(#9118,#9125),.PCURVE_S1.);
#9114 = LINE('',#9115,#9116);
#9115 = CARTESIAN_POINT('',(-14.67766952966,-17.67766952966,-6.));
#9116 = VECTOR('',#9117,1.);
#9117 = DIRECTION('',(0.,0.,1.));
#9118 = PCURVE('',#9091,#9119);
#9119 = DEFINITIONAL_REPRESENTATION('',(#9120),#9124);
#9120 = LINE('',#9121,#9122);
#9121 = CARTESIAN_POINT('',(-0.,0.));
#9122 = VECTOR('',#9123,1.);
#9123 = DIRECTION('',(-0.,-1.));
#9124 = ( GEOMETRIC_REPRESENTATION_CONTEXT(2) 
PARAMETRIC_REPRESENTATION_CONTEXT() REPRESENTATION_CONTEXT('2D SPACE',''
  ) );
#9125 = PCURVE('',#9091,#9126);
#9126 = DEFINITIONAL_REPRESENTATION('',(#9127),#9131);
#9127 = LINE('',#9128,#9129);
#9128 = CARTESIAN_POINT('',(-6.28318530718,0.));
#9129 = VECTOR('',#9130,1.);
#9130 = DIRECTION('',(-0.,-1.));
#9131 = ( GEOMETRIC_REPRESENTATION_CONTEXT(2) 
PARAMETRIC_REPRESENTATION_CONTEXT() REPRESENTATION_CONTEXT('2D SPACE',''
  ) );
#9132 = ORIENTED_EDGE('',*,*,#9074,.T.);
#9133 = ORIENTED_EDGE('',*,*,#9110,.F.);
#9134 = ORIENTED_EDGE('',*,*,#9135,.F.);
#9135 = EDGE_CURVE('',#9111,#9111,#9136,.T.);
#9136 = SURFACE_CURVE('',#9137,(#9142,#9149),.PCURVE_S1.);
#9137 = CIRCLE('',#9138,3.);
#9138 = AXIS2_PLACEMENT_3D('',#9139,#9140,#9141);
#9139 = CARTESIAN_POINT('',(-17.67766952966,-17.67766952966,-6.));
#9140 = DIRECTION('',(0.,0.,1.));
#9141 = DIRECTION('',(1.,0.,0.));
#9142 = PCURVE('',#9091,#9143);
#9143 = DEFINITIONAL_REPRESENTATION('',(#9144),#9148);
#9144 = LINE('',#9145,#9146);
#9145 = CARTESIAN_POINT('',(-0.,0.));
#9146 = VECTOR('',#9147,1.);
#9147 = DIRECTION('',(-1.,0.));
#9148 = ( GEOMETRIC_REPRESENTATION_CONTEXT(2) 
PARAMETRIC_REPRESENTATION_CONTEXT() REPRESENTATION_CONTEXT('2D SPACE',''
  ) );
#9149 = PCURVE('',#9150,#9155);
#9150 = PLANE('',#9151);
#9151 = AXIS2_PLACEMENT_3D('',#9152,#9153,#9154);
#9152 = CARTESIAN_POINT('',(-17.67766952966,-17.67766952966,-6.));
#9153 = DIRECTION('',(0.,0.,1.));
#9154 = DIRECTION('',(1.,0.,-0.));
#9155 = DEFINITIONAL_REPRESENTATION('',(#9156),#9160);
#9156 = CIRCLE('',#9157,3.);
#9157 = AXIS2_PLACEMENT_2D('',#9158,#9159);
#9158 = CARTESIAN_POINT('',(0.,0.));
#9159 = DIRECTION('',(1.,0.));
#9160 = ( GEOMETRIC_REPRESENTATION_CONTEXT(2) 
PARAMETRIC_REPRESENTATION_CONTEXT() REPRESENTATION_CONTEXT('2D SPACE',''
  ) );
#9161 = ADVANCED_FACE('',(#9162),#9150,.F.);
#9162 = FACE_BOUND('',#9163,.F.);
#9163 = EDGE_LOOP('',(#9164));
#9164 = ORIENTED_EDGE('',*,*,#9135,.T.);
#9165 = ( GEOMETRIC_REPRESENTATION_CONTEXT(3) 
GLOBAL_UNCERTAINTY_ASSIGNED_CONTEXT((#9169)) 
GLOBAL_UNIT_ASSIGNED_CONTEXT((#9166,#9167,#9168)) REPRESENTATION_CONTEXT
('Context #1','3D Context with UNIT and UNCERTAINTY') );
#9166 = ( LENGTH_UNIT() NAMED_UNIT(*) SI_UNIT(.MILLI.,.METRE.) );
#9167 = ( NAMED_UNIT(*) PLANE_ANGLE_UNIT() SI_UNIT($,.RADIAN.) );
#9168 = ( NAMED_UNIT(*) SI_UNIT($,.STERADIAN.) SOLID_ANGLE_UNIT() );
#9169 = UNCERTAINTY_MEASURE_WITH_UNIT(LENGTH_MEASURE(1.E-07),#9166,
  'distance_accuracy_value','confusion accuracy');
#9170 = CONTEXT_DEPENDENT_SHAPE_REPRESENTATION(#9171,#9173);
#9171 = ( REPRESENTATION_RELATIONSHIP('','',#8976,#10) 
REPRESENTATION_RELATIONSHIP_WITH_TRANSFORMATION(#9172) 
SHAPE_REPRESENTATION_RELATIONSHIP() );
#9172 = ITEM_DEFINED_TRANSFORMATION('','',#11,#39);
#9173 = PRODUCT_DEFINITION_SHAPE('Placement','Placement of an item',
  #9174);
#9174 = NEXT_ASSEMBLY_USAGE_OCCURRENCE('7','bolt_2','',#5,#8971,$);
#9175 = PRODUCT_RELATED_PRODUCT_CATEGORY('part',$,(#8973));
#9176 = SHAPE_DEFINITION_REPRESENTATION(#9177,#9183);
#9177 = PRODUCT_DEFINITION_SHAPE('','',#9178);
#9178 = PRODUCT_DEFINITION('design','',#9179,#9182);
#9179 = PRODUCT_DEFINITION_FORMATION('','',#9180);
#9180 = PRODUCT('bolt_3','bolt_3','',(#9181));
#9181 = PRODUCT_CONTEXT('',#2,'mechanical');
#9182 = PRODUCT_DEFINITION_CONTEXT('part definition',#2,'design');
#9183 = ADVANCED_BREP_SHAPE_REPRESENTATION('',(#11,#9184),#9372);
#9184 = MANIFOLD_SOLID_BREP('',#9185);
#9185 = CLOSED_SHELL('',(#9186,#9274,#9309,#9313,#9368));
#9186 = ADVANCED_FACE('',(#9187),#9201,.T.);
#9187 = FACE_BOUND('',#9188,.F.);
#9188 = EDGE_LOOP('',(#9189,#9219,#9246,#9247));
#9189 = ORIENTED_EDGE('',*,*,#9190,.T.);
#9190 = EDGE_CURVE('',#9191,#9193,#9195,.T.);
#9191 = VERTEX_POINT('',#9192);
#9192 = CARTESIAN_POINT('',(22.677669529664,-17.67766952966,6.));
#9193 = VERTEX_POINT('',#9194);
#9194 = CARTESIAN_POINT('',(22.677669529664,-17.67766952966,12.));
#9195 = SEAM_CURVE('',#9196,(#9200,#9212),.PCURVE_S1.);
#9196 = LINE('',#9197,#9198);
#9197 = CARTESIAN_POINT('',(22.677669529664,-17.67766952966,6.));
#9198 = VECTOR('',#9199,1.);
#9199 = DIRECTION('',(0.,0.,1.));
#9200 = PCURVE('',#9201,#9206);
#9201 = CYLINDRICAL_SURFACE('',#9202,5.);
#9202 = AXIS2_PLACEMENT_3D('',#9203,#9204,#9205);
#9203 = CARTESIAN_POINT('',(17.677669529664,-17.67766952966,6.));
#9204 = DIRECTION('',(-0.,-0.,-1.));
#9205 = DIRECTION('',(1.,0.,0.));
#9206 = DEFINITIONAL_REPRESENTATION('',(#9207),#9211);
#9207 = LINE('',#9208,#9209);
#9208 = CARTESIAN_POINT('',(-0.,0.));
#9209 = VECTOR('',#9210,1.);
#9210 = DIRECTION('',(-0.,-1.));
#9211 = ( GEOMETRIC_REPRESENTATION_CONTEXT(2) 
PARAMETRIC_REPRESENTATION_CONTEXT() REPRESENTATION_CONTEXT('2D SPACE',''
  ) );
#9212 = PCURVE('',#9201,#9213);
#9213 = DEFINITIONAL_REPRESENTATION('',(#9214),#9218);
#9214 = LINE('',#9215,#9216);
#9215 = CARTESIAN_POINT('',(-6.28318530718,0.));
#9216 = VECTOR('',#9217,1.);
#9217 = DIRECTION('',(-0.,-1.));
#9218 = ( GEOMETRIC_REPRESENTATION_CONTEXT(2) 
PARAMETRIC_REPRESENTATION_CONTEXT() REPRESENTATION_CONTEXT('2D SPACE',''
  ) );
#9219 = ORIENTED_EDGE('',*,*,#9220,.T.);
#9220 = EDGE_CURVE('',#9193,#9193,#9221,.T.);
#9221 = SURFACE_CURVE('',#9222,(#9227,#9234),.PCURVE_S1.);
#9222 = CIRCLE('',#9223,5.);
#9223 = AXIS2_PLACEMENT_3D('',#9224,#9225,#9226);
#9224 = CARTESIAN_POINT('',(17.677669529664,-17.67766952966,12.));
#9225 = DIRECTION('',(0.,0.,1.));
#9226 = DIRECTION('',(1.,0.,0.));
#9227 = PCURVE('',#9201,#9228);
#9228 = DEFINITIONAL_REPRESENTATION('',(#9229),#9233);
#9229 = LINE('',#9230,#9231);
#9230 = CARTESIAN_POINT('',(-0.,-6.));
#9231 = VECTOR('',#9232,1.);
#9232 = DIRECTION('',(-1.,0.));
#9233 = ( GEOMETRIC_REPRESENTATION_CONTEXT(2) 
PARAMETRIC_REPRESENTATION_CONTEXT() REPRESENTATION_CONTEXT('2D SPACE',''
  ) );
#9234 = PCURVE('',#9235,#9240);
#9235 = PLANE('',#9236);
#9236 = AXIS2_PLACEMENT_3D('',#9237,#9238,#9239);
#9237 = CARTESIAN_POINT('',(17.677669529664,-17.67766952966,12.));
#9238 = DIRECTION('',(0.,0.,1.));
#9239 = DIRECTION('',(1.,0.,-0.));
#9240 = DEFINITIONAL_REPRESENTATION('',(#9241),#9245);
#9241 = CIRCLE('',#9242,5.);
#9242 = AXIS2_PLACEMENT_2D('',#9243,#9244);
#9243 = CARTESIAN_POINT('',(3.552713678801E-15,-3.552713678801E-15));
#9244 = DIRECTION('',(1.,0.));
#9245 = ( GEOMETRIC_REPRESENTATION_CONTEXT(2) 
PARAMETRIC_REPRESENTATION_CONTEXT() REPRESENTATION_CONTEXT('2D SPACE',''
  ) );
#9246 = ORIENTED_EDGE('',*,*,#9190,.F.);
#9247 = ORIENTED_EDGE('',*,*,#9248,.F.);
#9248 = EDGE_CURVE('',#9191,#9191,#9249,.T.);
#9249 = SURFACE_CURVE('',#9250,(#9255,#9262),.PCURVE_S1.);
#9250 = CIRCLE('',#9251,5.);
#9251 = AXIS2_PLACEMENT_3D('',#9252,#9253,#9254);
#9252 = CARTESIAN_POINT('',(17.677669529664,-17.67766952966,6.));
#9253 = DIRECTION('',(0.,0.,1.));
#9254 = DIRECTION('',(1.,0.,0.));
#9255 = PCURVE('',#9201,#9256);
#9256 = DEFINITIONAL_REPRESENTATION('',(#9257),#9261);
#9257 = LINE('',#9258,#9259);
#9258 = CARTESIAN_POINT('',(-0.,0.));
#9259 = VECTOR('',#9260,1.);
#9260 = DIRECTION('',(-1.,0.));
#9261 = ( GEOMETRIC_REPRESENTATION_CONTEXT(2) 
PARAMETRIC_REPRESENTATION_CONTEXT() REPRESENTATION_CONTEXT('2D SPACE',''
  ) );
#9262 = PCURVE('',#9263,#9268);
#9263 = PLANE('',#9264);
#9264 = AXIS2_PLACEMENT_3D('',#9265,#9266,#9267);
#9265 = CARTESIAN_POINT('',(17.677669529664,-17.67766952966,6.));
#9266 = DIRECTION('',(0.,0.,1.));
#9267 = DIRECTION('',(1.,0.,-0.));
#9268 = DEFINITIONAL_REPRESENTATION('',(#9269),#9273);
#9269 = CIRCLE('',#9270,5.);
#9270 = AXIS2_PLACEMENT_2D('',#9271,#9272);
#9271 = CARTESIAN_POINT('',(3.552713678801E-15,-3.552713678801E-15));
#9272 = DIRECTION('',(1.,0.));
#9273 = ( GEOMETRIC_REPRESENTATION_CONTEXT(2) 
PARAMETRIC_REPRESENTATION_CONTEXT() REPRESENTATION_CONTEXT('2D SPACE',''
  ) );
#9274 = ADVANCED_FACE('',(#9275,#9278),#9263,.F.);
#9275 = FACE_BOUND('',#9276,.F.);
#9276 = EDGE_LOOP('',(#9277));
#9277 = ORIENTED_EDGE('',*,*,#9248,.T.);
#9278 = FACE_BOUND('',#9279,.F.);
#9279 = EDGE_LOOP('',(#9280));
#9280 = ORIENTED_EDGE('',*,*,#9281,.F.);
#9281 = EDGE_CURVE('',#9282,#9282,#9284,.T.);
#9282 = VERTEX_POINT('',#9283);
#9283 = CARTESIAN_POINT('',(20.677669529664,-17.67766952966,6.));
#9284 = SURFACE_CURVE('',#9285,(#9290,#9297),.PCURVE_S1.);
#9285 = CIRCLE('',#9286,3.);
#9286 = AXIS2_PLACEMENT_3D('',#9287,#9288,#9289);
#9287 = CARTESIAN_POINT('',(17.677669529664,-17.67766952966,6.));
#9288 = DIRECTION('',(0.,0.,1.));
#9289 = DIRECTION('',(1.,0.,0.));
#9290 = PCURVE('',#9263,#9291);
#9291 = DEFINITIONAL_REPRESENTATION('',(#9292),#9296);
#9292 = CIRCLE('',#9293,3.);
#9293 = AXIS2_PLACEMENT_2D('',#9294,#9295);
#9294 = CARTESIAN_POINT('',(3.552713678801E-15,-3.552713678801E-15));
#9295 = DIRECTION('',(1.,0.));
#9296 = ( GEOMETRIC_REPRESENTATION_CONTEXT(2) 
PARAMETRIC_REPRESENTATION_CONTEXT() REPRESENTATION_CONTEXT('2D SPACE',''
  ) );
#9297 = PCURVE('',#9298,#9303);
#9298 = CYLINDRICAL_SURFACE('',#9299,3.);
#9299 = AXIS2_PLACEMENT_3D('',#9300,#9301,#9302);
#9300 = CARTESIAN_POINT('',(17.677669529664,-17.67766952966,-6.));
#9301 = DIRECTION('',(-0.,-0.,-1.));
#9302 = DIRECTION('',(1.,0.,0.));
#9303 = DEFINITIONAL_REPRESENTATION('',(#9304),#9308);
#9304 = LINE('',#9305,#9306);
#9305 = CARTESIAN_POINT('',(-0.,-12.));
#9306 = VECTOR('',#9307,1.);
#9307 = DIRECTION('',(-1.,0.));
#9308 = ( GEOMETRIC_REPRESENTATION_CONTEXT(2) 
PARAMETRIC_REPRESENTATION_CONTEXT() REPRESENTATION_CONTEXT('2D SPACE',''
  ) );
#9309 = ADVANCED_FACE('',(#9310),#9235,.T.);
#9310 = FACE_BOUND('',#9311,.T.);
#9311 = EDGE_LOOP('',(#9312));
#9312 = ORIENTED_EDGE('',*,*,#9220,.T.);
#9313 = ADVANCED_FACE('',(#9314),#9298,.T.);
#9314 = FACE_BOUND('',#9315,.F.);
#9315 = EDGE_LOOP('',(#9316,#9339,#9340,#9341));
#9316 = ORIENTED_EDGE('',*,*,#9317,.T.);
#9317 = EDGE_CURVE('',#9318,#9282,#9320,.T.);
#9318 = VERTEX_POINT('',#9319);
#9319 = CARTESIAN_POINT('',(20.677669529664,-17.67766952966,-6.));
#9320 = SEAM_CURVE('',#9321,(#9325,#9332),.PCURVE_S1.);
#9321 = LINE('',#9322,#9323);
#9322 = CARTESIAN_POINT('',(20.677669529664,-17.67766952966,-6.));
#9323 = VECTOR('',#9324,1.);
#9324 = DIRECTION('',(0.,0.,1.));
#9325 = PCURVE('',#9298,#9326);
#9326 = DEFINITIONAL_REPRESENTATION('',(#9327),#9331);
#9327 = LINE('',#9328,#9329);
#9328 = CARTESIAN_POINT('',(-0.,0.));
#9329 = VECTOR('',#9330,1.);
#9330 = DIRECTION('',(-0.,-1.));
#9331 = ( GEOMETRIC_REPRESENTATION_CONTEXT(2) 
PARAMETRIC_REPRESENTATION_CONTEXT() REPRESENTATION_CONTEXT('2D SPACE',''
  ) );
#9332 = PCURVE('',#9298,#9333);
#9333 = DEFINITIONAL_REPRESENTATION('',(#9334),#9338);
#9334 = LINE('',#9335,#9336);
#9335 = CARTESIAN_POINT('',(-6.28318530718,0.));
#9336 = VECTOR('',#9337,1.);
#9337 = DIRECTION('',(-0.,-1.));
#9338 = ( GEOMETRIC_REPRESENTATION_CONTEXT(2) 
PARAMETRIC_REPRESENTATION_CONTEXT() REPRESENTATION_CONTEXT('2D SPACE',''
  ) );
#9339 = ORIENTED_EDGE('',*,*,#9281,.T.);
#9340 = ORIENTED_EDGE('',*,*,#9317,.F.);
#9341 = ORIENTED_EDGE('',*,*,#9342,.F.);
#9342 = EDGE_CURVE('',#9318,#9318,#9343,.T.);
#9343 = SURFACE_CURVE('',#9344,(#9349,#9356),.PCURVE_S1.);
#9344 = CIRCLE('',#9345,3.);
#9345 = AXIS2_PLACEMENT_3D('',#9346,#9347,#9348);
#9346 = CARTESIAN_POINT('',(17.677669529664,-17.67766952966,-6.));
#9347 = DIRECTION('',(0.,0.,1.));
#9348 = DIRECTION('',(1.,0.,0.));
#9349 = PCURVE('',#9298,#9350);
#9350 = DEFINITIONAL_REPRESENTATION('',(#9351),#9355);
#9351 = LINE('',#9352,#9353);
#9352 = CARTESIAN_POINT('',(-0.,0.));
#9353 = VECTOR('',#9354,1.);
#9354 = DIRECTION('',(-1.,0.));
#9355 = ( GEOMETRIC_REPRESENTATION_CONTEXT(2) 
PARAMETRIC_REPRESENTATION_CONTEXT() REPRESENTATION_CONTEXT('2D SPACE',''
  ) );
#9356 = PCURVE('',#9357,#9362);
#9357 = PLANE('',#9358);
#9358 = AXIS2_PLACEMENT_3D('',#9359,#9360,#9361);
#9359 = CARTESIAN_POINT('',(17.677669529664,-17.67766952966,-6.));
#9360 = DIRECTION('',(0.,0.,1.));
#9361 = DIRECTION('',(1.,0.,-0.));
#9362 = DEFINITIONAL_REPRESENTATION('',(#9363),#9367);
#9363 = CIRCLE('',#9364,3.);
#9364 = AXIS2_PLACEMENT_2D('',#9365,#9366);
#9365 = CARTESIAN_POINT('',(-3.552713678801E-15,0.));
#9366 = DIRECTION('',(1.,0.));
#9367 = ( GEOMETRIC_REPRESENTATION_CONTEXT(2) 
PARAMETRIC_REPRESENTATION_CONTEXT() REPRESENTATION_CONTEXT('2D SPACE',''
  ) );
#9368 = ADVANCED_FACE('',(#9369),#9357,.F.);
#9369 = FACE_BOUND('',#9370,.F.);
#9370 = EDGE_LOOP('',(#9371));
#9371 = ORIENTED_EDGE('',*,*,#9342,.T.);
#9372 = ( GEOMETRIC_REPRESENTATION_CONTEXT(3) 
GLOBAL_UNCERTAINTY_ASSIGNED_CONTEXT((#9376)) 
GLOBAL_UNIT_ASSIGNED_CONTEXT((#9373,#9374,#9375)) REPRESENTATION_CONTEXT
('Context #1','3D Context with UNIT and UNCERTAINTY') );
#9373 = ( LENGTH_UNIT() NAMED_UNIT(*) SI_UNIT(.MILLI.,.METRE.) );
#9374 = ( NAMED_UNIT(*) PLANE_ANGLE_UNIT() SI_UNIT($,.RADIAN.) );
#9375 = ( NAMED_UNIT(*) SI_UNIT($,.STERADIAN.) SOLID_ANGLE_UNIT() );
#9376 = UNCERTAINTY_MEASURE_WITH_UNIT(LENGTH_MEASURE(1.E-07),#9373,
  'distance_accuracy_value','confusion accuracy');
#9377 = CONTEXT_DEPENDENT_SHAPE_REPRESENTATION(#9378,#9380);
#9378 = ( REPRESENTATION_RELATIONSHIP('','',#9183,#10) 
REPRESENTATION_RELATIONSHIP_WITH_TRANSFORMATION(#9379) 
SHAPE_REPRESENTATION_RELATIONSHIP() );
#9379 = ITEM_DEFINED_TRANSFORMATION('','',#11,#43);
#9380 = PRODUCT_DEFINITION_SHAPE('Placement','Placement of an item',
  #9381);
#9381 = NEXT_ASSEMBLY_USAGE_OCCURRENCE('8','bolt_3','',#5,#9178,$);
#9382 = PRODUCT_RELATED_PRODUCT_CATEGORY('part',$,(#9180));
#9383 = SHAPE_DEFINITION_REPRESENTATION(#9384,#9390);
#9384 = PRODUCT_DEFINITION_SHAPE('','',#9385);
#9385 = PRODUCT_DEFINITION('design','',#9386,#9389);
#9386 = PRODUCT_DEFINITION_FORMATION('','',#9387);
#9387 = PRODUCT('tripod_screw','tripod_screw','',(#9388));
#9388 = PRODUCT_CONTEXT('',#2,'mechanical');
#9389 = PRODUCT_DEFINITION_CONTEXT('part definition',#2,'design');
#9390 = ADVANCED_BREP_SHAPE_REPRESENTATION('',(#11,#9391),#9569);
#9391 = MANIFOLD_SOLID_BREP('',#9392);
#9392 = CLOSED_SHELL('',(#9393,#9430,#9509,#9565));
#9393 = ADVANCED_FACE('',(#9394),#9407,.F.);
#9394 = FACE_BOUND('',#9395,.F.);
#9395 = EDGE_LOOP('',(#9396));
#9396 = ORIENTED_EDGE('',*,*,#9397,.T.);
#9397 = EDGE_CURVE('',#9398,#9398,#9400,.T.);
#9398 = VERTEX_POINT('',#9399);
#9399 = CARTESIAN_POINT('',(3.888195279604E-15,48.368821286023,
    -5.30122045959));
#9400 = SURFACE_CURVE('',#9401,(#9406,#9418),.PCURVE_S1.);
#9401 = CIRCLE('',#9402,6.05);
#9402 = AXIS2_PLACEMENT_3D('',#9403,#9404,#9405);
#9403 = CARTESIAN_POINT('',(5.42855910553E-15,48.896113529646,
    -11.32819838304));
#9404 = DIRECTION('',(1.105998290831E-16,0.996194698092,
    8.715574274766E-02));
#9405 = DIRECTION('',(-9.676231232676E-18,-8.715574274766E-02,
    0.996194698092));
#9406 = PCURVE('',#9407,#9412);
#9407 = PLANE('',#9408);
#9408 = AXIS2_PLACEMENT_3D('',#9409,#9410,#9411);
#9409 = CARTESIAN_POINT('',(5.643904008292E-15,48.896113529646,
    -11.32819838304));
#9410 = DIRECTION('',(1.105998290831E-16,0.996194698092,
    8.715574274766E-02));
#9411 = DIRECTION('',(-9.676231232676E-18,-8.715574274766E-02,
    0.996194698092));
#9412 = DEFINITIONAL_REPRESENTATION('',(#9413),#9417);
#9413 = CIRCLE('',#9414,6.05);
#9414 = AXIS2_PLACEMENT_2D('',#9415,#9416);
#9415 = CARTESIAN_POINT('',(2.083727073904E-33,-2.153449027621E-16));
#9416 = DIRECTION('',(1.,0.));
#9417 = ( GEOMETRIC_REPRESENTATION_CONTEXT(2) 
PARAMETRIC_REPRESENTATION_CONTEXT() REPRESENTATION_CONTEXT('2D SPACE',''
  ) );
#9418 = PCURVE('',#9419,#9424);
#9419 = CONICAL_SURFACE('',#9420,6.05,0.715584993318);
#9420 = AXIS2_PLACEMENT_3D('',#9421,#9422,#9423);
#9421 = CARTESIAN_POINT('',(5.42855910553E-15,48.896113529646,
    -11.32819838304));
#9422 = DIRECTION('',(-1.105998290831E-16,-0.996194698092,
    -8.715574274766E-02));
#9423 = DIRECTION('',(-9.676231232676E-18,-8.715574274766E-02,
    0.996194698092));
#9424 = DEFINITIONAL_REPRESENTATION('',(#9425),#9429);
#9425 = LINE('',#9426,#9427);
#9426 = CARTESIAN_POINT('',(-0.,-0.));
#9427 = VECTOR('',#9428,1.);
#9428 = DIRECTION('',(-1.,-0.));
#9429 = ( GEOMETRIC_REPRESENTATION_CONTEXT(2) 
PARAMETRIC_REPRESENTATION_CONTEXT() REPRESENTATION_CONTEXT('2D SPACE',''
  ) );
#9430 = ADVANCED_FACE('',(#9431),#9419,.T.);
#9431 = FACE_BOUND('',#9432,.T.);
#9432 = EDGE_LOOP('',(#9433,#9456,#9485,#9507,#9508));
#9433 = ORIENTED_EDGE('',*,*,#9434,.T.);
#9434 = EDGE_CURVE('',#9398,#9435,#9437,.T.);
#9435 = VERTEX_POINT('',#9436);
#9436 = CARTESIAN_POINT('',(4.985974182919E-15,51.914117907284,
    -7.87702922933));
#9437 = SEAM_CURVE('',#9438,(#9442,#9449),.PCURVE_S1.);
#9438 = LINE('',#9439,#9440);
#9439 = CARTESIAN_POINT('',(3.888195279604E-15,48.368821286023,
    -5.30122045959));
#9440 = VECTOR('',#9441,1.);
#9441 = DIRECTION('',(2.505070474278E-16,0.809016994375,-0.587785252292)
  );
#9442 = PCURVE('',#9419,#9443);
#9443 = DEFINITIONAL_REPRESENTATION('',(#9444),#9448);
#9444 = LINE('',#9445,#9446);
#9445 = CARTESIAN_POINT('',(-6.28318530718,0.));
#9446 = VECTOR('',#9447,1.);
#9447 = DIRECTION('',(-0.,-1.));
#9448 = ( GEOMETRIC_REPRESENTATION_CONTEXT(2) 
PARAMETRIC_REPRESENTATION_CONTEXT() REPRESENTATION_CONTEXT('2D SPACE',''
  ) );
#9449 = PCURVE('',#9419,#9450);
#9450 = DEFINITIONAL_REPRESENTATION('',(#9451),#9455);
#9451 = LINE('',#9452,#9453);
#9452 = CARTESIAN_POINT('',(0.,-0.));
#9453 = VECTOR('',#9454,1.);
#9454 = DIRECTION('',(-0.,-1.));
#9455 = ( GEOMETRIC_REPRESENTATION_CONTEXT(2) 
PARAMETRIC_REPRESENTATION_CONTEXT() REPRESENTATION_CONTEXT('2D SPACE',''
  ) );
#9456 = ORIENTED_EDGE('',*,*,#9457,.F.);
#9457 = EDGE_CURVE('',#9458,#9435,#9460,.T.);
#9458 = VERTEX_POINT('',#9459);
#9459 = CARTESIAN_POINT('',(-3.175,52.190837390508,-11.03994739577));
#9460 = SURFACE_CURVE('',#9461,(#9466,#9473),.PCURVE_S1.);
#9461 = CIRCLE('',#9462,3.175);
#9462 = AXIS2_PLACEMENT_3D('',#9463,#9464,#9465);
#9463 = CARTESIAN_POINT('',(5.794346934541E-15,52.190837390508,
    -11.03994739577));
#9464 = DIRECTION('',(1.105998290831E-16,0.996194698092,
    8.715574274766E-02));
#9465 = DIRECTION('',(-9.676231232676E-18,-8.715574274766E-02,
    0.996194698092));
#9466 = PCURVE('',#9419,#9467);
#9467 = DEFINITIONAL_REPRESENTATION('',(#9468),#9472);
#9468 = LINE('',#9469,#9470);
#9469 = CARTESIAN_POINT('',(-0.,-3.30730917076));
#9470 = VECTOR('',#9471,1.);
#9471 = DIRECTION('',(-1.,-0.));
#9472 = ( GEOMETRIC_REPRESENTATION_CONTEXT(2) 
PARAMETRIC_REPRESENTATION_CONTEXT() REPRESENTATION_CONTEXT('2D SPACE',''
  ) );
#9473 = PCURVE('',#9474,#9479);
#9474 = CYLINDRICAL_SURFACE('',#9475,3.175);
#9475 = AXIS2_PLACEMENT_3D('',#9476,#9477,#9478);
#9476 = CARTESIAN_POINT('',(5.42855910553E-15,48.896113529646,
    -11.32819838304));
#9477 = DIRECTION('',(-1.105998290831E-16,-0.996194698092,
    -8.715574274766E-02));
#9478 = DIRECTION('',(-1.,1.110223024625E-16,0.));
#9479 = DEFINITIONAL_REPRESENTATION('',(#9480),#9484);
#9480 = LINE('',#9481,#9482);
#9481 = CARTESIAN_POINT('',(4.712388980385,-3.30730917076));
#9482 = VECTOR('',#9483,1.);
#9483 = DIRECTION('',(-1.,0.));
#9484 = ( GEOMETRIC_REPRESENTATION_CONTEXT(2) 
PARAMETRIC_REPRESENTATION_CONTEXT() REPRESENTATION_CONTEXT('2D SPACE',''
  ) );
#9485 = ORIENTED_EDGE('',*,*,#9486,.F.);
#9486 = EDGE_CURVE('',#9435,#9458,#9487,.T.);
#9487 = SURFACE_CURVE('',#9488,(#9493,#9500),.PCURVE_S1.);
#9488 = CIRCLE('',#9489,3.175);
#9489 = AXIS2_PLACEMENT_3D('',#9490,#9491,#9492);
#9490 = CARTESIAN_POINT('',(5.794346934541E-15,52.190837390508,
    -11.03994739577));
#9491 = DIRECTION('',(1.105998290831E-16,0.996194698092,
    8.715574274766E-02));
#9492 = DIRECTION('',(-9.676231232676E-18,-8.715574274766E-02,
    0.996194698092));
#9493 = PCURVE('',#9419,#9494);
#9494 = DEFINITIONAL_REPRESENTATION('',(#9495),#9499);
#9495 = LINE('',#9496,#9497);
#9496 = CARTESIAN_POINT('',(-0.,-3.30730917076));
#9497 = VECTOR('',#9498,1.);
#9498 = DIRECTION('',(-1.,-0.));
#9499 = ( GEOMETRIC_REPRESENTATION_CONTEXT(2) 
PARAMETRIC_REPRESENTATION_CONTEXT() REPRESENTATION_CONTEXT('2D SPACE',''
  ) );
#9500 = PCURVE('',#9474,#9501);
#9501 = DEFINITIONAL_REPRESENTATION('',(#9502),#9506);
#9502 = LINE('',#9503,#9504);
#9503 = CARTESIAN_POINT('',(-1.570796326795,-3.30730917076));
#9504 = VECTOR('',#9505,1.);
#9505 = DIRECTION('',(-1.,0.));
#9506 = ( GEOMETRIC_REPRESENTATION_CONTEXT(2) 
PARAMETRIC_REPRESENTATION_CONTEXT() REPRESENTATION_CONTEXT('2D SPACE',''
  ) );
#9507 = ORIENTED_EDGE('',*,*,#9434,.F.);
#9508 = ORIENTED_EDGE('',*,*,#9397,.T.);
#9509 = ADVANCED_FACE('',(#9510),#9474,.T.);
#9510 = FACE_BOUND('',#9511,.F.);
#9511 = EDGE_LOOP('',(#9512,#9513,#9536,#9563,#9564));
#9512 = ORIENTED_EDGE('',*,*,#9457,.F.);
#9513 = ORIENTED_EDGE('',*,*,#9514,.T.);
#9514 = EDGE_CURVE('',#9458,#9515,#9517,.T.);
#9515 = VERTEX_POINT('',#9516);
#9516 = CARTESIAN_POINT('',(-3.175,58.38486802897,-10.49803993337));
#9517 = SEAM_CURVE('',#9518,(#9522,#9529),.PCURVE_S1.);
#9518 = LINE('',#9519,#9520);
#9519 = CARTESIAN_POINT('',(-3.175,48.896113529646,-11.32819838304));
#9520 = VECTOR('',#9521,1.);
#9521 = DIRECTION('',(1.105998290831E-16,0.996194698092,
    8.715574274766E-02));
#9522 = PCURVE('',#9474,#9523);
#9523 = DEFINITIONAL_REPRESENTATION('',(#9524),#9528);
#9524 = LINE('',#9525,#9526);
#9525 = CARTESIAN_POINT('',(-6.28318530718,0.));
#9526 = VECTOR('',#9527,1.);
#9527 = DIRECTION('',(-0.,-1.));
#9528 = ( GEOMETRIC_REPRESENTATION_CONTEXT(2) 
PARAMETRIC_REPRESENTATION_CONTEXT() REPRESENTATION_CONTEXT('2D SPACE',''
  ) );
#9529 = PCURVE('',#9474,#9530);
#9530 = DEFINITIONAL_REPRESENTATION('',(#9531),#9535);
#9531 = LINE('',#9532,#9533);
#9532 = CARTESIAN_POINT('',(-0.,0.));
#9533 = VECTOR('',#9534,1.);
#9534 = DIRECTION('',(-0.,-1.));
#9535 = ( GEOMETRIC_REPRESENTATION_CONTEXT(2) 
PARAMETRIC_REPRESENTATION_CONTEXT() REPRESENTATION_CONTEXT('2D SPACE',''
  ) );
#9536 = ORIENTED_EDGE('',*,*,#9537,.T.);
#9537 = EDGE_CURVE('',#9515,#9515,#9538,.T.);
#9538 = SURFACE_CURVE('',#9539,(#9544,#9551),.PCURVE_S1.);
#9539 = CIRCLE('',#9540,3.175);
#9540 = AXIS2_PLACEMENT_3D('',#9541,#9542,#9543);
#9541 = CARTESIAN_POINT('',(6.482022477546E-15,58.38486802897,
    -10.49803993337));
#9542 = DIRECTION('',(1.105998290831E-16,0.996194698092,
    8.715574274766E-02));
#9543 = DIRECTION('',(-1.,1.110223024625E-16,0.));
#9544 = PCURVE('',#9474,#9545);
#9545 = DEFINITIONAL_REPRESENTATION('',(#9546),#9550);
#9546 = LINE('',#9547,#9548);
#9547 = CARTESIAN_POINT('',(-0.,-9.525));
#9548 = VECTOR('',#9549,1.);
#9549 = DIRECTION('',(-1.,0.));
#9550 = ( GEOMETRIC_REPRESENTATION_CONTEXT(2) 
PARAMETRIC_REPRESENTATION_CONTEXT() REPRESENTATION_CONTEXT('2D SPACE',''
  ) );
#9551 = PCURVE('',#9552,#9557);
#9552 = PLANE('',#9553);
#9553 = AXIS2_PLACEMENT_3D('',#9554,#9555,#9556);
#9554 = CARTESIAN_POINT('',(6.697367380309E-15,58.38486802897,
    -10.49803993337));
#9555 = DIRECTION('',(1.105998290831E-16,0.996194698092,
    8.715574274766E-02));
#9556 = DIRECTION('',(-9.676231232676E-18,-8.715574274766E-02,
    0.996194698092));
#9557 = DEFINITIONAL_REPRESENTATION('',(#9558),#9562);
#9558 = CIRCLE('',#9559,3.175);
#9559 = AXIS2_PLACEMENT_2D('',#9560,#9561);
#9560 = CARTESIAN_POINT('',(2.083727073904E-33,-2.153449027621E-16));
#9561 = DIRECTION('',(2.54182144381E-34,-1.));
#9562 = ( GEOMETRIC_REPRESENTATION_CONTEXT(2) 
PARAMETRIC_REPRESENTATION_CONTEXT() REPRESENTATION_CONTEXT('2D SPACE',''
  ) );
#9563 = ORIENTED_EDGE('',*,*,#9514,.F.);
#9564 = ORIENTED_EDGE('',*,*,#9486,.F.);
#9565 = ADVANCED_FACE('',(#9566),#9552,.T.);
#9566 = FACE_BOUND('',#9567,.T.);
#9567 = EDGE_LOOP('',(#9568));
#9568 = ORIENTED_EDGE('',*,*,#9537,.T.);
#9569 = ( GEOMETRIC_REPRESENTATION_CONTEXT(3) 
GLOBAL_UNCERTAINTY_ASSIGNED_CONTEXT((#9573)) 
GLOBAL_UNIT_ASSIGNED_CONTEXT((#9570,#9571,#9572)) REPRESENTATION_CONTEXT
('Context #1','3D Context with UNIT and UNCERTAINTY') );
#9570 = ( LENGTH_UNIT() NAMED_UNIT(*) SI_UNIT(.MILLI.,.METRE.) );
#9571 = ( NAMED_UNIT(*) PLANE_ANGLE_UNIT() SI_UNIT($,.RADIAN.) );
#9572 = ( NAMED_UNIT(*) SI_UNIT($,.STERADIAN.) SOLID_ANGLE_UNIT() );
#9573 = UNCERTAINTY_MEASURE_WITH_UNIT(LENGTH_MEASURE(1.E-07),#9570,
  'distance_accuracy_value','confusion accuracy');
#9574 = CONTEXT_DEPENDENT_SHAPE_REPRESENTATION(#9575,#9577);
#9575 = ( REPRESENTATION_RELATIONSHIP('','',#9390,#10) 
REPRESENTATION_RELATIONSHIP_WITH_TRANSFORMATION(#9576) 
SHAPE_REPRESENTATION_RELATIONSHIP() );
#9576 = ITEM_DEFINED_TRANSFORMATION('','',#11,#47);
#9577 = PRODUCT_DEFINITION_SHAPE('Placement','Placement of an item',
  #9578);
#9578 = NEXT_ASSEMBLY_USAGE_OCCURRENCE('9','tripod_screw','',#5,#9385,$
  );
#9579 = PRODUCT_RELATED_PRODUCT_CATEGORY('part',$,(#9387));
#9580 = MECHANICAL_DESIGN_GEOMETRIC_PRESENTATION_REPRESENTATION('',(
    #9581),#8427);
#9581 = STYLED_ITEM('color',(#9582),#5632);
#9582 = PRESENTATION_STYLE_ASSIGNMENT((#9583));
#9583 = SURFACE_STYLE_USAGE(.BOTH.,#9584);
#9584 = SURFACE_SIDE_STYLE('',(#9585));
#9585 = SURFACE_STYLE_FILL_AREA(#9586);
#9586 = FILL_AREA_STYLE('',(#9587));
#9587 = FILL_AREA_STYLE_COLOUR('',#9588);
#9588 = COLOUR_RGB('',0.750000000934,0.750000000934,0.78000000177);
#9589 = MECHANICAL_DESIGN_GEOMETRIC_PRESENTATION_REPRESENTATION('',(
    #9590),#8544);
#9590 = STYLED_ITEM('color',(#9591),#8446);
#9591 = PRESENTATION_STYLE_ASSIGNMENT((#9592));
#9592 = SURFACE_STYLE_USAGE(.BOTH.,#9593);
#9593 = SURFACE_SIDE_STYLE('',(#9594));
#9594 = SURFACE_STYLE_FILL_AREA(#9595);
#9595 = FILL_AREA_STYLE('',(#9596));
#9596 = FILL_AREA_STYLE_COLOUR('',#9597);
#9597 = COLOUR_RGB('',0.800000010877,0.700000005816,0.299999996101);
#9598 = MECHANICAL_DESIGN_GEOMETRIC_PRESENTATION_REPRESENTATION('',(
    #9599),#1023);
#9599 = STYLED_ITEM('color',(#9600),#65);
#9600 = PRESENTATION_STYLE_ASSIGNMENT((#9601));
#9601 = SURFACE_STYLE_USAGE(.BOTH.,#9602);
#9602 = SURFACE_SIDE_STYLE('',(#9603));
#9603 = SURFACE_STYLE_FILL_AREA(#9604);
#9604 = FILL_AREA_STYLE('',(#9605));
#9605 = FILL_AREA_STYLE_COLOUR('',#9606);
#9606 = COLOUR_RGB('',0.55000000909,0.569999999601,0.599999994755);
#9607 = MECHANICAL_DESIGN_GEOMETRIC_PRESENTATION_REPRESENTATION('',(
    #9608),#9569);
#9608 = STYLED_ITEM('color',(#9609),#9391);
#9609 = PRESENTATION_STYLE_ASSIGNMENT((#9610));
#9610 = SURFACE_STYLE_USAGE(.BOTH.,#9611);
#9611 = SURFACE_SIDE_STYLE('',(#9612));
#9612 = SURFACE_STYLE_FILL_AREA(#9613);
#9613 = FILL_AREA_STYLE('',(#9614));
#9614 = FILL_AREA_STYLE_COLOUR('',#9597);
#9615 = MECHANICAL_DESIGN_GEOMETRIC_PRESENTATION_REPRESENTATION('',(
    #9616),#8751);
#9616 = STYLED_ITEM('color',(#9617),#8563);
#9617 = PRESENTATION_STYLE_ASSIGNMENT((#9618));
#9618 = SURFACE_STYLE_USAGE(.BOTH.,#9619);
#9619 = SURFACE_SIDE_STYLE('',(#9620));
#9620 = SURFACE_STYLE_FILL_AREA(#9621);
#9621 = FILL_AREA_STYLE('',(#9622));
#9622 = FILL_AREA_STYLE_COLOUR('',#9597);
#9623 = MECHANICAL_DESIGN_GEOMETRIC_PRESENTATION_REPRESENTATION('',(
    #9624),#5613);
#9624 = STYLED_ITEM('color',(#9625),#1042);
#9625 = PRESENTATION_STYLE_ASSIGNMENT((#9626));
#9626 = SURFACE_STYLE_USAGE(.BOTH.,#9627);
#9627 = SURFACE_SIDE_STYLE('',(#9628));
#9628 = SURFACE_STYLE_FILL_AREA(#9629);
#9629 = FILL_AREA_STYLE('',(#9630));
#9630 = FILL_AREA_STYLE_COLOUR('',#9631);
#9631 = COLOUR_RGB('',0.149999997808,0.149999997808,0.170000001676);
#9632 = MECHANICAL_DESIGN_GEOMETRIC_PRESENTATION_REPRESENTATION('',(
    #9633),#9165);
#9633 = STYLED_ITEM('color',(#9634),#8977);
#9634 = PRESENTATION_STYLE_ASSIGNMENT((#9635));
#9635 = SURFACE_STYLE_USAGE(.BOTH.,#9636);
#9636 = SURFACE_SIDE_STYLE('',(#9637));
#9637 = SURFACE_STYLE_FILL_AREA(#9638);
#9638 = FILL_AREA_STYLE('',(#9639));
#9639 = FILL_AREA_STYLE_COLOUR('',#9597);
#9640 = MECHANICAL_DESIGN_GEOMETRIC_PRESENTATION_REPRESENTATION('',(
    #9641),#8958);
#9641 = STYLED_ITEM('color',(#9642),#8770);
#9642 = PRESENTATION_STYLE_ASSIGNMENT((#9643));
#9643 = SURFACE_STYLE_USAGE(.BOTH.,#9644);
#9644 = SURFACE_SIDE_STYLE('',(#9645));
#9645 = SURFACE_STYLE_FILL_AREA(#9646);
#9646 = FILL_AREA_STYLE('',(#9647));
#9647 = FILL_AREA_STYLE_COLOUR('',#9597);
#9648 = MECHANICAL_DESIGN_GEOMETRIC_PRESENTATION_REPRESENTATION('',(
    #9649),#9372);
#9649 = STYLED_ITEM('color',(#9650),#9184);
#9650 = PRESENTATION_STYLE_ASSIGNMENT((#9651));
#9651 = SURFACE_STYLE_USAGE(.BOTH.,#9652);
#9652 = SURFACE_SIDE_STYLE('',(#9653));
#9653 = SURFACE_STYLE_FILL_AREA(#9654);
#9654 = FILL_AREA_STYLE('',(#9655));
#9655 = FILL_AREA_STYLE_COLOUR('',#9597);
ENDSEC;
END-ISO-10303-21;
