ISO-10303-21;
HEADER;
FILE_DESCRIPTION(('Open CASCADE Model'),'2;1');
FILE_NAME('Open CASCADE Shape Model','2026-10-02T21:36:08',('Author'),(
    'Open CASCADE'),'Open CASCADE STEP processor 7.9','Open CASCADE 7.9'
  ,'Unknown');
FILE_SCHEMA(('AUTOMOTIVE_DESIGN { 1 0 10303 214 1 1 1 1 }'));
ENDSEC;
DATA;
#1 = APPLICATION_PROTOCOL_DEFINITION('international standard',
  'automotive_design',2000,#2);
#2 = APPLICATION_CONTEXT(
  'core data for automotive mechanical design processes');
#3 = SHAPE_DEFINITION_REPRESENTATION(#4,#10);
#4 = PRODUCT_DEFINITION_SHAPE('','',#5);
#5 = PRODUCT_DEFINITION('design','',#6,#9);
#6 = PRODUCT_DEFINITION_FORMATION('','',#7);
#7 = PRODUCT('Open CASCADE STEP translator 7.9 2',
  'Open CASCADE STEP translator 7.9 2','',(#8));
#8 = PRODUCT_CONTEXT('',#2,'mechanical');
#9 = PRODUCT_DEFINITION_CONTEXT('part definition',#2,'design');
#10 = ADVANCED_BREP_SHAPE_REPRESENTATION('',(#11,#15),#7190);
#11 = AXIS2_PLACEMENT_3D('',#12,#13,#14);
#12 = CARTESIAN_POINT('',(0.,0.,0.));
#13 = DIRECTION('',(0.,0.,1.));
#14 = DIRECTION('',(1.,0.,-0.));
#15 = MANIFOLD_SOLID_BREP('',#16);
#16 = CLOSED_SHELL('',(#17,#218,#972,#1049,#1130,#1184,#1234,#1288,#1342
    ,#1396,#1469,#1685,#1823,#1877,#1925,#2061,#2267,#2315,#2548,#2596,
    #2644,#2852,#2906,#2960,#3014,#3083,#3137,#3184,#3216,#3469,#4038,
    #4166,#4198,#4375,#4382,#4463,#4470,#4477,#4484,#4584,#4639,#4693,
    #4804,#4905,#4960,#5009,#5059,#5086,#5164,#5191,#5218,#5246,#5274,
    #5352,#5425,#5452,#5502,#5530,#5585,#5622,#5671,#5721,#5770,#5820,
    #5827,#5906,#5933,#6174,#6209,#6259,#6319,#6396,#6450,#6504,#6559,
    #6614,#6668,#6722,#6755,#6780,#6974,#7021,#7048,#7075,#7102,#7129,
    #7156,#7183));
#17 = ADVANCED_FACE('',(#18),#31,.T.);
#18 = FACE_BOUND('',#19,.F.);
#19 = EDGE_LOOP('',(#20,#54,#77,#110,#136,#165,#191,#217));
#20 = ORIENTED_EDGE('',*,*,#21,.F.);
#21 = EDGE_CURVE('',#22,#22,#24,.T.);
#22 = VERTEX_POINT('',#23);
#23 = CARTESIAN_POINT('',(48.,0.,0.));
#24 = SURFACE_CURVE('',#25,(#30,#42),.PCURVE_S1.);
#25 = CIRCLE('',#26,48.);
#26 = AXIS2_PLACEMENT_3D('',#27,#28,#29);
#27 = CARTESIAN_POINT('',(0.,0.,0.));
#28 = DIRECTION('',(0.,0.,1.));
#29 = DIRECTION('',(1.,0.,0.));
#30 = PCURVE('',#31,#36);
#31 = CYLINDRICAL_SURFACE('',#32,48.);
#32 = AXIS2_PLACEMENT_3D('',#33,#34,#35);
#33 = CARTESIAN_POINT('',(0.,0.,0.));
#34 = DIRECTION('',(-0.,-0.,-1.));
#35 = DIRECTION('',(1.,0.,0.));
#36 = DEFINITIONAL_REPRESENTATION('',(#37),#41);
#37 = LINE('',#38,#39);
#38 = CARTESIAN_POINT('',(-0.,0.));
#39 = VECTOR('',#40,1.);
#40 = DIRECTION('',(-1.,0.));
#41 = ( GEOMETRIC_REPRESENTATION_CONTEXT(2) 
PARAMETRIC_REPRESENTATION_CONTEXT() REPRESENTATION_CONTEXT('2D SPACE',''
  ) );
#42 = PCURVE('',#43,#48);
#43 = PLANE('',#44);
#44 = AXIS2_PLACEMENT_3D('',#45,#46,#47);
#45 = CARTESIAN_POINT('',(-2.734880265079E-15,1.687072141469E-15,0.));
#46 = DIRECTION('',(0.,0.,1.));
#47 = DIRECTION('',(1.,0.,-0.));
#48 = DEFINITIONAL_REPRESENTATION('',(#49),#53);
#49 = CIRCLE('',#50,48.);
#50 = AXIS2_PLACEMENT_2D('',#51,#52);
#51 = CARTESIAN_POINT('',(2.734880265079E-15,-1.687072141469E-15));
#52 = DIRECTION('',(1.,0.));
#53 = ( GEOMETRIC_REPRESENTATION_CONTEXT(2) 
PARAMETRIC_REPRESENTATION_CONTEXT() REPRESENTATION_CONTEXT('2D SPACE',''
  ) );
#54 = ORIENTED_EDGE('',*,*,#55,.T.);
#55 = EDGE_CURVE('',#22,#56,#58,.T.);
#56 = VERTEX_POINT('',#57);
#57 = CARTESIAN_POINT('',(48.,0.,3.));
#58 = SEAM_CURVE('',#59,(#63,#70),.PCURVE_S1.);
#59 = LINE('',#60,#61);
#60 = CARTESIAN_POINT('',(48.,0.,0.));
#61 = VECTOR('',#62,1.);
#62 = DIRECTION('',(0.,0.,1.));
#63 = PCURVE('',#31,#64);
#64 = DEFINITIONAL_REPRESENTATION('',(#65),#69);
#65 = LINE('',#66,#67);
#66 = CARTESIAN_POINT('',(-6.28318530718,0.));
#67 = VECTOR('',#68,1.);
#68 = DIRECTION('',(-0.,-1.));
#69 = ( GEOMETRIC_REPRESENTATION_CONTEXT(2) 
PARAMETRIC_REPRESENTATION_CONTEXT() REPRESENTATION_CONTEXT('2D SPACE',''
  ) );
#70 = PCURVE('',#31,#71);
#71 = DEFINITIONAL_REPRESENTATION('',(#72),#76);
#72 = LINE('',#73,#74);
#73 = CARTESIAN_POINT('',(-0.,0.));
#74 = VECTOR('',#75,1.);
#75 = DIRECTION('',(-0.,-1.));
#76 = ( GEOMETRIC_REPRESENTATION_CONTEXT(2) 
PARAMETRIC_REPRESENTATION_CONTEXT() REPRESENTATION_CONTEXT('2D SPACE',''
  ) );
#77 = ORIENTED_EDGE('',*,*,#78,.F.);
#78 = EDGE_CURVE('',#79,#56,#81,.T.);
#79 = VERTEX_POINT('',#80);
#80 = CARTESIAN_POINT('',(19.763886032268,43.742299995582,3.));
#81 = SURFACE_CURVE('',#82,(#87,#94),.PCURVE_S1.);
#82 = CIRCLE('',#83,48.);
#83 = AXIS2_PLACEMENT_3D('',#84,#85,#86);
#84 = CARTESIAN_POINT('',(0.,0.,3.));
#85 = DIRECTION('',(0.,0.,-1.));
#86 = DIRECTION('',(1.,0.,0.));
#87 = PCURVE('',#31,#88);
#88 = DEFINITIONAL_REPRESENTATION('',(#89),#93);
#89 = LINE('',#90,#91);
#90 = CARTESIAN_POINT('',(-6.28318530718,-3.));
#91 = VECTOR('',#92,1.);
#92 = DIRECTION('',(1.,-0.));
#93 = ( GEOMETRIC_REPRESENTATION_CONTEXT(2) 
PARAMETRIC_REPRESENTATION_CONTEXT() REPRESENTATION_CONTEXT('2D SPACE',''
  ) );
#94 = PCURVE('',#95,#100);
#95 = PLANE('',#96);
#96 = AXIS2_PLACEMENT_3D('',#97,#98,#99);
#97 = CARTESIAN_POINT('',(35.723547906108,20.625,3.));
#98 = DIRECTION('',(0.,0.,1.));
#99 = DIRECTION('',(0.866025403784,0.5,0.));
#100 = DEFINITIONAL_REPRESENTATION('',(#101),#109);
#101 = ( BOUNDED_CURVE() B_SPLINE_CURVE(2,(#102,#103,#104,#105,#106,#107
,#108),.UNSPECIFIED.,.T.,.F.) B_SPLINE_CURVE_WITH_KNOTS((1,2,2,2,2,1),(
    -2.094395102393,0.,2.094395102393,4.188790204786,6.28318530718,
8.377580409573),.UNSPECIFIED.) CURVE() GEOMETRIC_REPRESENTATION_ITEM() 
RATIONAL_B_SPLINE_CURVE((1.,0.5,1.,0.5,1.,0.5,1.)) REPRESENTATION_ITEM(
  '') );
#102 = CARTESIAN_POINT('',(0.319219381653,-24.));
#103 = CARTESIAN_POINT('',(-41.25,-96.));
#104 = CARTESIAN_POINT('',(-82.81921938165,-24.));
#105 = CARTESIAN_POINT('',(-124.3884387633,48.));
#106 = CARTESIAN_POINT('',(-41.25,48.));
#107 = CARTESIAN_POINT('',(41.888438763306,48.));
#108 = CARTESIAN_POINT('',(0.319219381653,-24.));
#109 = ( GEOMETRIC_REPRESENTATION_CONTEXT(2) 
PARAMETRIC_REPRESENTATION_CONTEXT() REPRESENTATION_CONTEXT('2D SPACE',''
  ) );
#110 = ORIENTED_EDGE('',*,*,#111,.F.);
#111 = EDGE_CURVE('',#112,#79,#114,.T.);
#112 = VERTEX_POINT('',#113);
#113 = CARTESIAN_POINT('',(19.763886032268,43.742299995582,5.));
#114 = SURFACE_CURVE('',#115,(#119,#125),.PCURVE_S1.);
#115 = LINE('',#116,#117);
#116 = CARTESIAN_POINT('',(19.763886032268,43.742299995582,0.));
#117 = VECTOR('',#118,1.);
#118 = DIRECTION('',(-0.,-0.,-1.));
#119 = PCURVE('',#31,#120);
#120 = DEFINITIONAL_REPRESENTATION('',(#121),#124);
#121 = B_SPLINE_CURVE_WITH_KNOTS('',1,(#122,#123),.UNSPECIFIED.,.F.,.F.,
  (2,2),(-5.0000006,-2.7),.PIECEWISE_BEZIER_KNOTS.);
#122 = CARTESIAN_POINT('',(-1.14642536101,-5.0000006));
#123 = CARTESIAN_POINT('',(-1.14642536101,-2.7));
#124 = ( GEOMETRIC_REPRESENTATION_CONTEXT(2) 
PARAMETRIC_REPRESENTATION_CONTEXT() REPRESENTATION_CONTEXT('2D SPACE',''
  ) );
#125 = PCURVE('',#126,#131);
#126 = PLANE('',#127);
#127 = AXIS2_PLACEMENT_3D('',#128,#129,#130);
#128 = CARTESIAN_POINT('',(33.198384506252,51.498711305964,3.));
#129 = DIRECTION('',(0.5,-0.866025403784,0.));
#130 = DIRECTION('',(-0.866025403784,-0.5,0.));
#131 = DEFINITIONAL_REPRESENTATION('',(#132),#135);
#132 = B_SPLINE_CURVE_WITH_KNOTS('',1,(#133,#134),.UNSPECIFIED.,.F.,.F.,
  (2,2),(-5.0000006,-2.7),.PIECEWISE_BEZIER_KNOTS.);
#133 = CARTESIAN_POINT('',(15.512822620764,-2.0000006));
#134 = CARTESIAN_POINT('',(15.512822620764,0.3));
#135 = ( GEOMETRIC_REPRESENTATION_CONTEXT(2) 
PARAMETRIC_REPRESENTATION_CONTEXT() REPRESENTATION_CONTEXT('2D SPACE',''
  ) );
#136 = ORIENTED_EDGE('',*,*,#137,.T.);
#137 = EDGE_CURVE('',#112,#138,#140,.T.);
#138 = VERTEX_POINT('',#139);
#139 = CARTESIAN_POINT('',(47.763886032268,-4.755122616346,5.));
#140 = SURFACE_CURVE('',#141,(#146,#153),.PCURVE_S1.);
#141 = CIRCLE('',#142,48.);
#142 = AXIS2_PLACEMENT_3D('',#143,#144,#145);
#143 = CARTESIAN_POINT('',(0.,0.,5.));
#144 = DIRECTION('',(0.,0.,1.));
#145 = DIRECTION('',(1.,0.,-0.));
#146 = PCURVE('',#31,#147);
#147 = DEFINITIONAL_REPRESENTATION('',(#148),#152);
#148 = LINE('',#149,#150);
#149 = CARTESIAN_POINT('',(-0.,-5.));
#150 = VECTOR('',#151,1.);
#151 = DIRECTION('',(-1.,0.));
#152 = ( GEOMETRIC_REPRESENTATION_CONTEXT(2) 
PARAMETRIC_REPRESENTATION_CONTEXT() REPRESENTATION_CONTEXT('2D SPACE',''
  ) );
#153 = PCURVE('',#154,#159);
#154 = CONICAL_SURFACE('',#155,48.,0.785398163397);
#155 = AXIS2_PLACEMENT_3D('',#156,#157,#158);
#156 = CARTESIAN_POINT('',(0.,0.,5.));
#157 = DIRECTION('',(-0.,-0.,-1.));
#158 = DIRECTION('',(1.,0.,0.));
#159 = DEFINITIONAL_REPRESENTATION('',(#160),#164);
#160 = LINE('',#161,#162);
#161 = CARTESIAN_POINT('',(-0.,-0.));
#162 = VECTOR('',#163,1.);
#163 = DIRECTION('',(-1.,-0.));
#164 = ( GEOMETRIC_REPRESENTATION_CONTEXT(2) 
PARAMETRIC_REPRESENTATION_CONTEXT() REPRESENTATION_CONTEXT('2D SPACE',''
  ) );
#165 = ORIENTED_EDGE('',*,*,#166,.T.);
#166 = EDGE_CURVE('',#138,#167,#169,.T.);
#167 = VERTEX_POINT('',#168);
#168 = CARTESIAN_POINT('',(47.763886032268,-4.755122616346,3.));
#169 = SURFACE_CURVE('',#170,(#174,#180),.PCURVE_S1.);
#170 = LINE('',#171,#172);
#171 = CARTESIAN_POINT('',(47.763886032268,-4.755122616346,0.));
#172 = VECTOR('',#173,1.);
#173 = DIRECTION('',(-0.,-0.,-1.));
#174 = PCURVE('',#31,#175);
#175 = DEFINITIONAL_REPRESENTATION('',(#176),#179);
#176 = B_SPLINE_CURVE_WITH_KNOTS('',1,(#177,#178),.UNSPECIFIED.,.F.,.F.,
  (2,2),(-5.0000006,-2.7),.PIECEWISE_BEZIER_KNOTS.);
#177 = CARTESIAN_POINT('',(-6.183957497366,-5.0000006));
#178 = CARTESIAN_POINT('',(-6.183957497366,-2.7));
#179 = ( GEOMETRIC_REPRESENTATION_CONTEXT(2) 
PARAMETRIC_REPRESENTATION_CONTEXT() REPRESENTATION_CONTEXT('2D SPACE',''
  ) );
#180 = PCURVE('',#181,#186);
#181 = PLANE('',#182);
#182 = AXIS2_PLACEMENT_3D('',#183,#184,#185);
#183 = CARTESIAN_POINT('',(38.248711305964,-10.24871130596,3.));
#184 = DIRECTION('',(-0.5,0.866025403784,0.));
#185 = DIRECTION('',(0.866025403784,0.5,0.));
#186 = DEFINITIONAL_REPRESENTATION('',(#187),#190);
#187 = B_SPLINE_CURVE_WITH_KNOTS('',1,(#188,#189),.UNSPECIFIED.,.F.,.F.,
  (2,2),(-5.0000006,-2.7),.PIECEWISE_BEZIER_KNOTS.);
#188 = CARTESIAN_POINT('',(10.987177379236,-2.0000006));
#189 = CARTESIAN_POINT('',(10.987177379236,0.3));
#190 = ( GEOMETRIC_REPRESENTATION_CONTEXT(2) 
PARAMETRIC_REPRESENTATION_CONTEXT() REPRESENTATION_CONTEXT('2D SPACE',''
  ) );
#191 = ORIENTED_EDGE('',*,*,#192,.F.);
#192 = EDGE_CURVE('',#56,#167,#193,.T.);
#193 = SURFACE_CURVE('',#194,(#199,#206),.PCURVE_S1.);
#194 = CIRCLE('',#195,48.);
#195 = AXIS2_PLACEMENT_3D('',#196,#197,#198);
#196 = CARTESIAN_POINT('',(0.,0.,3.));
#197 = DIRECTION('',(0.,0.,-1.));
#198 = DIRECTION('',(1.,0.,0.));
#199 = PCURVE('',#31,#200);
#200 = DEFINITIONAL_REPRESENTATION('',(#201),#205);
#201 = LINE('',#202,#203);
#202 = CARTESIAN_POINT('',(-6.28318530718,-3.));
#203 = VECTOR('',#204,1.);
#204 = DIRECTION('',(1.,-0.));
#205 = ( GEOMETRIC_REPRESENTATION_CONTEXT(2) 
PARAMETRIC_REPRESENTATION_CONTEXT() REPRESENTATION_CONTEXT('2D SPACE',''
  ) );
#206 = PCURVE('',#95,#207);
#207 = DEFINITIONAL_REPRESENTATION('',(#208),#216);
#208 = ( BOUNDED_CURVE() B_SPLINE_CURVE(2,(#209,#210,#211,#212,#213,#214
,#215),.UNSPECIFIED.,.T.,.F.) B_SPLINE_CURVE_WITH_KNOTS((1,2,2,2,2,1),(
    -2.094395102393,0.,2.094395102393,4.188790204786,6.28318530718,
8.377580409573),.UNSPECIFIED.) CURVE() GEOMETRIC_REPRESENTATION_ITEM() 
RATIONAL_B_SPLINE_CURVE((1.,0.5,1.,0.5,1.,0.5,1.)) REPRESENTATION_ITEM(
  '') );
#209 = CARTESIAN_POINT('',(0.319219381653,-24.));
#210 = CARTESIAN_POINT('',(-41.25,-96.));
#211 = CARTESIAN_POINT('',(-82.81921938165,-24.));
#212 = CARTESIAN_POINT('',(-124.3884387633,48.));
#213 = CARTESIAN_POINT('',(-41.25,48.));
#214 = CARTESIAN_POINT('',(41.888438763306,48.));
#215 = CARTESIAN_POINT('',(0.319219381653,-24.));
#216 = ( GEOMETRIC_REPRESENTATION_CONTEXT(2) 
PARAMETRIC_REPRESENTATION_CONTEXT() REPRESENTATION_CONTEXT('2D SPACE',''
  ) );
#217 = ORIENTED_EDGE('',*,*,#55,.F.);
#218 = ADVANCED_FACE('',(#219,#222,#257,#292,#327,#747,#782,#817,#852),
  #43,.F.);
#219 = FACE_BOUND('',#220,.F.);
#220 = EDGE_LOOP('',(#221));
#221 = ORIENTED_EDGE('',*,*,#21,.T.);
#222 = FACE_BOUND('',#223,.F.);
#223 = EDGE_LOOP('',(#224));
#224 = ORIENTED_EDGE('',*,*,#225,.T.);
#225 = EDGE_CURVE('',#226,#226,#228,.T.);
#226 = VERTEX_POINT('',#227);
#227 = CARTESIAN_POINT('',(-15.5,-34.64101615137,0.));
#228 = SURFACE_CURVE('',#229,(#234,#245),.PCURVE_S1.);
#229 = CIRCLE('',#230,4.5);
#230 = AXIS2_PLACEMENT_3D('',#231,#232,#233);
#231 = CARTESIAN_POINT('',(-20.,-34.64101615137,0.));
#232 = DIRECTION('',(0.,0.,-1.));
#233 = DIRECTION('',(1.,0.,0.));
#234 = PCURVE('',#43,#235);
#235 = DEFINITIONAL_REPRESENTATION('',(#236),#244);
#236 = ( BOUNDED_CURVE() B_SPLINE_CURVE(2,(#237,#238,#239,#240,#241,#242
,#243),.UNSPECIFIED.,.T.,.F.) B_SPLINE_CURVE_WITH_KNOTS((1,2,2,2,2,1),(
    -2.094395102393,0.,2.094395102393,4.188790204786,6.28318530718,
8.377580409573),.UNSPECIFIED.) CURVE() GEOMETRIC_REPRESENTATION_ITEM() 
RATIONAL_B_SPLINE_CURVE((1.,0.5,1.,0.5,1.,0.5,1.)) REPRESENTATION_ITEM(
  '') );
#237 = CARTESIAN_POINT('',(-15.5,-34.64101615137));
#238 = CARTESIAN_POINT('',(-15.5,-42.43524478543));
#239 = CARTESIAN_POINT('',(-22.25,-38.5381304684));
#240 = CARTESIAN_POINT('',(-29.,-34.64101615137));
#241 = CARTESIAN_POINT('',(-22.25,-30.74390183434));
#242 = CARTESIAN_POINT('',(-15.5,-26.84678751731));
#243 = CARTESIAN_POINT('',(-15.5,-34.64101615137));
#244 = ( GEOMETRIC_REPRESENTATION_CONTEXT(2) 
PARAMETRIC_REPRESENTATION_CONTEXT() REPRESENTATION_CONTEXT('2D SPACE',''
  ) );
#245 = PCURVE('',#246,#251);
#246 = CYLINDRICAL_SURFACE('',#247,4.5);
#247 = AXIS2_PLACEMENT_3D('',#248,#249,#250);
#248 = CARTESIAN_POINT('',(-20.,-34.64101615137,-20.));
#249 = DIRECTION('',(-0.,-0.,-1.));
#250 = DIRECTION('',(1.,0.,0.));
#251 = DEFINITIONAL_REPRESENTATION('',(#252),#256);
#252 = LINE('',#253,#254);
#253 = CARTESIAN_POINT('',(-6.28318530718,-20.));
#254 = VECTOR('',#255,1.);
#255 = DIRECTION('',(1.,-0.));
#256 = ( GEOMETRIC_REPRESENTATION_CONTEXT(2) 
PARAMETRIC_REPRESENTATION_CONTEXT() REPRESENTATION_CONTEXT('2D SPACE',''
  ) );
#257 = FACE_BOUND('',#258,.F.);
#258 = EDGE_LOOP('',(#259));
#259 = ORIENTED_EDGE('',*,*,#260,.T.);
#260 = EDGE_CURVE('',#261,#261,#263,.T.);
#261 = VERTEX_POINT('',#262);
#262 = CARTESIAN_POINT('',(-35.5,4.898587196589E-15,0.));
#263 = SURFACE_CURVE('',#264,(#269,#280),.PCURVE_S1.);
#264 = CIRCLE('',#265,4.5);
#265 = AXIS2_PLACEMENT_3D('',#266,#267,#268);
#266 = CARTESIAN_POINT('',(-40.,4.898587196589E-15,0.));
#267 = DIRECTION('',(0.,0.,-1.));
#268 = DIRECTION('',(1.,0.,0.));
#269 = PCURVE('',#43,#270);
#270 = DEFINITIONAL_REPRESENTATION('',(#271),#279);
#271 = ( BOUNDED_CURVE() B_SPLINE_CURVE(2,(#272,#273,#274,#275,#276,#277
,#278),.UNSPECIFIED.,.T.,.F.) B_SPLINE_CURVE_WITH_KNOTS((1,2,2,2,2,1),(
    -2.094395102393,0.,2.094395102393,4.188790204786,6.28318530718,
8.377580409573),.UNSPECIFIED.) CURVE() GEOMETRIC_REPRESENTATION_ITEM() 
RATIONAL_B_SPLINE_CURVE((1.,0.5,1.,0.5,1.,0.5,1.)) REPRESENTATION_ITEM(
  '') );
#272 = CARTESIAN_POINT('',(-35.5,3.21151505512E-15));
#273 = CARTESIAN_POINT('',(-35.5,-7.79422863406));
#274 = CARTESIAN_POINT('',(-42.25,-3.89711431703));
#275 = CARTESIAN_POINT('',(-49.,2.109332935887E-15));
#276 = CARTESIAN_POINT('',(-42.25,3.89711431703));
#277 = CARTESIAN_POINT('',(-35.5,7.79422863406));
#278 = CARTESIAN_POINT('',(-35.5,3.21151505512E-15));
#279 = ( GEOMETRIC_REPRESENTATION_CONTEXT(2) 
PARAMETRIC_REPRESENTATION_CONTEXT() REPRESENTATION_CONTEXT('2D SPACE',''
  ) );
#280 = PCURVE('',#281,#286);
#281 = CYLINDRICAL_SURFACE('',#282,4.5);
#282 = AXIS2_PLACEMENT_3D('',#283,#284,#285);
#283 = CARTESIAN_POINT('',(-40.,4.898587196589E-15,-20.));
#284 = DIRECTION('',(-0.,-0.,-1.));
#285 = DIRECTION('',(1.,0.,0.));
#286 = DEFINITIONAL_REPRESENTATION('',(#287),#291);
#287 = LINE('',#288,#289);
#288 = CARTESIAN_POINT('',(-6.28318530718,-20.));
#289 = VECTOR('',#290,1.);
#290 = DIRECTION('',(1.,-0.));
#291 = ( GEOMETRIC_REPRESENTATION_CONTEXT(2) 
PARAMETRIC_REPRESENTATION_CONTEXT() REPRESENTATION_CONTEXT('2D SPACE',''
  ) );
#292 = FACE_BOUND('',#293,.F.);
#293 = EDGE_LOOP('',(#294));
#294 = ORIENTED_EDGE('',*,*,#295,.T.);
#295 = EDGE_CURVE('',#296,#296,#298,.T.);
#296 = VERTEX_POINT('',#297);
#297 = CARTESIAN_POINT('',(24.5,-34.64101615137,0.));
#298 = SURFACE_CURVE('',#299,(#304,#315),.PCURVE_S1.);
#299 = CIRCLE('',#300,4.5);
#300 = AXIS2_PLACEMENT_3D('',#301,#302,#303);
#301 = CARTESIAN_POINT('',(20.,-34.64101615137,0.));
#302 = DIRECTION('',(0.,0.,-1.));
#303 = DIRECTION('',(1.,0.,0.));
#304 = PCURVE('',#43,#305);
#305 = DEFINITIONAL_REPRESENTATION('',(#306),#314);
#306 = ( BOUNDED_CURVE() B_SPLINE_CURVE(2,(#307,#308,#309,#310,#311,#312
,#313),.UNSPECIFIED.,.T.,.F.) B_SPLINE_CURVE_WITH_KNOTS((1,2,2,2,2,1),(
    -2.094395102393,0.,2.094395102393,4.188790204786,6.28318530718,
8.377580409573),.UNSPECIFIED.) CURVE() GEOMETRIC_REPRESENTATION_ITEM() 
RATIONAL_B_SPLINE_CURVE((1.,0.5,1.,0.5,1.,0.5,1.)) REPRESENTATION_ITEM(
  '') );
#307 = CARTESIAN_POINT('',(24.5,-34.64101615137));
#308 = CARTESIAN_POINT('',(24.5,-42.43524478543));
#309 = CARTESIAN_POINT('',(17.75,-38.5381304684));
#310 = CARTESIAN_POINT('',(11.,-34.64101615137));
#311 = CARTESIAN_POINT('',(17.75,-30.74390183434));
#312 = CARTESIAN_POINT('',(24.5,-26.84678751731));
#313 = CARTESIAN_POINT('',(24.5,-34.64101615137));
#314 = ( GEOMETRIC_REPRESENTATION_CONTEXT(2) 
PARAMETRIC_REPRESENTATION_CONTEXT() REPRESENTATION_CONTEXT('2D SPACE',''
  ) );
#315 = PCURVE('',#316,#321);
#316 = CYLINDRICAL_SURFACE('',#317,4.5);
#317 = AXIS2_PLACEMENT_3D('',#318,#319,#320);
#318 = CARTESIAN_POINT('',(20.,-34.64101615137,-20.));
#319 = DIRECTION('',(-0.,-0.,-1.));
#320 = DIRECTION('',(1.,0.,0.));
#321 = DEFINITIONAL_REPRESENTATION('',(#322),#326);
#322 = LINE('',#323,#324);
#323 = CARTESIAN_POINT('',(-6.28318530718,-20.));
#324 = VECTOR('',#325,1.);
#325 = DIRECTION('',(1.,-0.));
#326 = ( GEOMETRIC_REPRESENTATION_CONTEXT(2) 
PARAMETRIC_REPRESENTATION_CONTEXT() REPRESENTATION_CONTEXT('2D SPACE',''
  ) );
#327 = FACE_BOUND('',#328,.F.);
#328 = EDGE_LOOP('',(#329,#360,#393,#421,#450,#483,#511,#540,#573,#602,
    #635,#664,#690,#723));
#329 = ORIENTED_EDGE('',*,*,#330,.F.);
#330 = EDGE_CURVE('',#331,#333,#335,.T.);
#331 = VERTEX_POINT('',#332);
#332 = CARTESIAN_POINT('',(15.130472102606,19.775712729312,0.));
#333 = VERTEX_POINT('',#334);
#334 = CARTESIAN_POINT('',(3.1,24.706274506692,0.));
#335 = SURFACE_CURVE('',#336,(#341,#348),.PCURVE_S1.);
#336 = CIRCLE('',#337,24.9);
#337 = AXIS2_PLACEMENT_3D('',#338,#339,#340);
#338 = CARTESIAN_POINT('',(0.,0.,0.));
#339 = DIRECTION('',(0.,-0.,1.));
#340 = DIRECTION('',(0.607649482032,0.794205330494,0.));
#341 = PCURVE('',#43,#342);
#342 = DEFINITIONAL_REPRESENTATION('',(#343),#347);
#343 = CIRCLE('',#344,24.9);
#344 = AXIS2_PLACEMENT_2D('',#345,#346);
#345 = CARTESIAN_POINT('',(2.734880265079E-15,-1.687072141469E-15));
#346 = DIRECTION('',(0.607649482032,0.794205330494));
#347 = ( GEOMETRIC_REPRESENTATION_CONTEXT(2) 
PARAMETRIC_REPRESENTATION_CONTEXT() REPRESENTATION_CONTEXT('2D SPACE',''
  ) );
#348 = PCURVE('',#349,#354);
#349 = CYLINDRICAL_SURFACE('',#350,24.9);
#350 = AXIS2_PLACEMENT_3D('',#351,#352,#353);
#351 = CARTESIAN_POINT('',(0.,0.,-3.));
#352 = DIRECTION('',(-0.,-0.,-1.));
#353 = DIRECTION('',(1.,0.,0.));
#354 = DEFINITIONAL_REPRESENTATION('',(#355),#359);
#355 = LINE('',#356,#357);
#356 = CARTESIAN_POINT('',(-0.917698683377,-3.));
#357 = VECTOR('',#358,1.);
#358 = DIRECTION('',(-1.,0.));
#359 = ( GEOMETRIC_REPRESENTATION_CONTEXT(2) 
PARAMETRIC_REPRESENTATION_CONTEXT() REPRESENTATION_CONTEXT('2D SPACE',''
  ) );
#360 = ORIENTED_EDGE('',*,*,#361,.T.);
#361 = EDGE_CURVE('',#331,#362,#364,.T.);
#362 = VERTEX_POINT('',#363);
#363 = CARTESIAN_POINT('',(20.977669529664,17.677669529664,0.));
#364 = SURFACE_CURVE('',#365,(#370,#381),.PCURVE_S1.);
#365 = CIRCLE('',#366,3.3);
#366 = AXIS2_PLACEMENT_3D('',#367,#368,#369);
#367 = CARTESIAN_POINT('',(17.677669529664,17.677669529664,0.));
#368 = DIRECTION('',(0.,0.,-1.));
#369 = DIRECTION('',(1.,0.,0.));
#370 = PCURVE('',#43,#371);
#371 = DEFINITIONAL_REPRESENTATION('',(#372),#380);
#372 = ( BOUNDED_CURVE() B_SPLINE_CURVE(2,(#373,#374,#375,#376,#377,#378
,#379),.UNSPECIFIED.,.T.,.F.) B_SPLINE_CURVE_WITH_KNOTS((1,2,2,2,2,1),(
    -2.094395102393,0.,2.094395102393,4.188790204786,6.28318530718,
8.377580409573),.UNSPECIFIED.) CURVE() GEOMETRIC_REPRESENTATION_ITEM() 
RATIONAL_B_SPLINE_CURVE((1.,0.5,1.,0.5,1.,0.5,1.)) REPRESENTATION_ITEM(
  '') );
#373 = CARTESIAN_POINT('',(20.977669529664,17.677669529664));
#374 = CARTESIAN_POINT('',(20.977669529664,11.961901864686));
#375 = CARTESIAN_POINT('',(16.027669529664,14.819785697175));
#376 = CARTESIAN_POINT('',(11.077669529664,17.677669529664));
#377 = CARTESIAN_POINT('',(16.027669529664,20.535553362152));
#378 = CARTESIAN_POINT('',(20.977669529664,23.393437194641));
#379 = CARTESIAN_POINT('',(20.977669529664,17.677669529664));
#380 = ( GEOMETRIC_REPRESENTATION_CONTEXT(2) 
PARAMETRIC_REPRESENTATION_CONTEXT() REPRESENTATION_CONTEXT('2D SPACE',''
  ) );
#381 = PCURVE('',#382,#387);
#382 = CYLINDRICAL_SURFACE('',#383,3.3);
#383 = AXIS2_PLACEMENT_3D('',#384,#385,#386);
#384 = CARTESIAN_POINT('',(17.677669529664,17.677669529664,-20.));
#385 = DIRECTION('',(-0.,-0.,-1.));
#386 = DIRECTION('',(1.,0.,0.));
#387 = DEFINITIONAL_REPRESENTATION('',(#388),#392);
#388 = LINE('',#389,#390);
#389 = CARTESIAN_POINT('',(-6.28318530718,-20.));
#390 = VECTOR('',#391,1.);
#391 = DIRECTION('',(1.,-0.));
#392 = ( GEOMETRIC_REPRESENTATION_CONTEXT(2) 
PARAMETRIC_REPRESENTATION_CONTEXT() REPRESENTATION_CONTEXT('2D SPACE',''
  ) );
#393 = ORIENTED_EDGE('',*,*,#394,.T.);
#394 = EDGE_CURVE('',#362,#395,#397,.T.);
#395 = VERTEX_POINT('',#396);
#396 = CARTESIAN_POINT('',(19.775712729312,15.130472102606,0.));
#397 = SURFACE_CURVE('',#398,(#403,#414),.PCURVE_S1.);
#398 = CIRCLE('',#399,3.3);
#399 = AXIS2_PLACEMENT_3D('',#400,#401,#402);
#400 = CARTESIAN_POINT('',(17.677669529664,17.677669529664,0.));
#401 = DIRECTION('',(0.,0.,-1.));
#402 = DIRECTION('',(1.,0.,0.));
#403 = PCURVE('',#43,#404);
#404 = DEFINITIONAL_REPRESENTATION('',(#405),#413);
#405 = ( BOUNDED_CURVE() B_SPLINE_CURVE(2,(#406,#407,#408,#409,#410,#411
,#412),.UNSPECIFIED.,.T.,.F.) B_SPLINE_CURVE_WITH_KNOTS((1,2,2,2,2,1),(
    -2.094395102393,0.,2.094395102393,4.188790204786,6.28318530718,
8.377580409573),.UNSPECIFIED.) CURVE() GEOMETRIC_REPRESENTATION_ITEM() 
RATIONAL_B_SPLINE_CURVE((1.,0.5,1.,0.5,1.,0.5,1.)) REPRESENTATION_ITEM(
  '') );
#406 = CARTESIAN_POINT('',(20.977669529664,17.677669529664));
#407 = CARTESIAN_POINT('',(20.977669529664,11.961901864686));
#408 = CARTESIAN_POINT('',(16.027669529664,14.819785697175));
#409 = CARTESIAN_POINT('',(11.077669529664,17.677669529664));
#410 = CARTESIAN_POINT('',(16.027669529664,20.535553362152));
#411 = CARTESIAN_POINT('',(20.977669529664,23.393437194641));
#412 = CARTESIAN_POINT('',(20.977669529664,17.677669529664));
#413 = ( GEOMETRIC_REPRESENTATION_CONTEXT(2) 
PARAMETRIC_REPRESENTATION_CONTEXT() REPRESENTATION_CONTEXT('2D SPACE',''
  ) );
#414 = PCURVE('',#382,#415);
#415 = DEFINITIONAL_REPRESENTATION('',(#416),#420);
#416 = LINE('',#417,#418);
#417 = CARTESIAN_POINT('',(-6.28318530718,-20.));
#418 = VECTOR('',#419,1.);
#419 = DIRECTION('',(1.,-0.));
#420 = ( GEOMETRIC_REPRESENTATION_CONTEXT(2) 
PARAMETRIC_REPRESENTATION_CONTEXT() REPRESENTATION_CONTEXT('2D SPACE',''
  ) );
#421 = ORIENTED_EDGE('',*,*,#422,.F.);
#422 = EDGE_CURVE('',#423,#395,#425,.T.);
#423 = VERTEX_POINT('',#424);
#424 = CARTESIAN_POINT('',(19.775712729312,-15.1304721026,0.));
#425 = SURFACE_CURVE('',#426,(#431,#438),.PCURVE_S1.);
#426 = CIRCLE('',#427,24.9);
#427 = AXIS2_PLACEMENT_3D('',#428,#429,#430);
#428 = CARTESIAN_POINT('',(0.,0.,0.));
#429 = DIRECTION('',(0.,-0.,1.));
#430 = DIRECTION('',(0.607649482032,0.794205330494,0.));
#431 = PCURVE('',#43,#432);
#432 = DEFINITIONAL_REPRESENTATION('',(#433),#437);
#433 = CIRCLE('',#434,24.9);
#434 = AXIS2_PLACEMENT_2D('',#435,#436);
#435 = CARTESIAN_POINT('',(2.734880265079E-15,-1.687072141469E-15));
#436 = DIRECTION('',(0.607649482032,0.794205330494));
#437 = ( GEOMETRIC_REPRESENTATION_CONTEXT(2) 
PARAMETRIC_REPRESENTATION_CONTEXT() REPRESENTATION_CONTEXT('2D SPACE',''
  ) );
#438 = PCURVE('',#439,#444);
#439 = CYLINDRICAL_SURFACE('',#440,24.9);
#440 = AXIS2_PLACEMENT_3D('',#441,#442,#443);
#441 = CARTESIAN_POINT('',(0.,0.,-3.));
#442 = DIRECTION('',(-0.,-0.,-1.));
#443 = DIRECTION('',(1.,0.,0.));
#444 = DEFINITIONAL_REPRESENTATION('',(#445),#449);
#445 = LINE('',#446,#447);
#446 = CARTESIAN_POINT('',(-0.917698683377,-3.));
#447 = VECTOR('',#448,1.);
#448 = DIRECTION('',(-1.,0.));
#449 = ( GEOMETRIC_REPRESENTATION_CONTEXT(2) 
PARAMETRIC_REPRESENTATION_CONTEXT() REPRESENTATION_CONTEXT('2D SPACE',''
  ) );
#450 = ORIENTED_EDGE('',*,*,#451,.T.);
#451 = EDGE_CURVE('',#423,#452,#454,.T.);
#452 = VERTEX_POINT('',#453);
#453 = CARTESIAN_POINT('',(20.977669529664,-17.67766952966,0.));
#454 = SURFACE_CURVE('',#455,(#460,#471),.PCURVE_S1.);
#455 = CIRCLE('',#456,3.3);
#456 = AXIS2_PLACEMENT_3D('',#457,#458,#459);
#457 = CARTESIAN_POINT('',(17.677669529664,-17.67766952966,0.));
#458 = DIRECTION('',(0.,0.,-1.));
#459 = DIRECTION('',(1.,0.,0.));
#460 = PCURVE('',#43,#461);
#461 = DEFINITIONAL_REPRESENTATION('',(#462),#470);
#462 = ( BOUNDED_CURVE() B_SPLINE_CURVE(2,(#463,#464,#465,#466,#467,#468
,#469),.UNSPECIFIED.,.T.,.F.) B_SPLINE_CURVE_WITH_KNOTS((1,2,2,2,2,1),(
    -2.094395102393,0.,2.094395102393,4.188790204786,6.28318530718,
8.377580409573),.UNSPECIFIED.) CURVE() GEOMETRIC_REPRESENTATION_ITEM() 
RATIONAL_B_SPLINE_CURVE((1.,0.5,1.,0.5,1.,0.5,1.)) REPRESENTATION_ITEM(
  '') );
#463 = CARTESIAN_POINT('',(20.977669529664,-17.67766952966));
#464 = CARTESIAN_POINT('',(20.977669529664,-23.39343719464));
#465 = CARTESIAN_POINT('',(16.027669529664,-20.53555336215));
#466 = CARTESIAN_POINT('',(11.077669529664,-17.67766952966));
#467 = CARTESIAN_POINT('',(16.027669529664,-14.81978569717));
#468 = CARTESIAN_POINT('',(20.977669529664,-11.96190186468));
#469 = CARTESIAN_POINT('',(20.977669529664,-17.67766952966));
#470 = ( GEOMETRIC_REPRESENTATION_CONTEXT(2) 
PARAMETRIC_REPRESENTATION_CONTEXT() REPRESENTATION_CONTEXT('2D SPACE',''
  ) );
#471 = PCURVE('',#472,#477);
#472 = CYLINDRICAL_SURFACE('',#473,3.3);
#473 = AXIS2_PLACEMENT_3D('',#474,#475,#476);
#474 = CARTESIAN_POINT('',(17.677669529664,-17.67766952966,-20.));
#475 = DIRECTION('',(-0.,-0.,-1.));
#476 = DIRECTION('',(1.,0.,0.));
#477 = DEFINITIONAL_REPRESENTATION('',(#478),#482);
#478 = LINE('',#479,#480);
#479 = CARTESIAN_POINT('',(-6.28318530718,-20.));
#480 = VECTOR('',#481,1.);
#481 = DIRECTION('',(1.,-0.));
#482 = ( GEOMETRIC_REPRESENTATION_CONTEXT(2) 
PARAMETRIC_REPRESENTATION_CONTEXT() REPRESENTATION_CONTEXT('2D SPACE',''
  ) );
#483 = ORIENTED_EDGE('',*,*,#484,.T.);
#484 = EDGE_CURVE('',#452,#485,#487,.T.);
#485 = VERTEX_POINT('',#486);
#486 = CARTESIAN_POINT('',(15.130472102606,-19.77571272931,0.));
#487 = SURFACE_CURVE('',#488,(#493,#504),.PCURVE_S1.);
#488 = CIRCLE('',#489,3.3);
#489 = AXIS2_PLACEMENT_3D('',#490,#491,#492);
#490 = CARTESIAN_POINT('',(17.677669529664,-17.67766952966,0.));
#491 = DIRECTION('',(0.,0.,-1.));
#492 = DIRECTION('',(1.,0.,0.));
#493 = PCURVE('',#43,#494);
#494 = DEFINITIONAL_REPRESENTATION('',(#495),#503);
#495 = ( BOUNDED_CURVE() B_SPLINE_CURVE(2,(#496,#497,#498,#499,#500,#501
,#502),.UNSPECIFIED.,.T.,.F.) B_SPLINE_CURVE_WITH_KNOTS((1,2,2,2,2,1),(
    -2.094395102393,0.,2.094395102393,4.188790204786,6.28318530718,
8.377580409573),.UNSPECIFIED.) CURVE() GEOMETRIC_REPRESENTATION_ITEM() 
RATIONAL_B_SPLINE_CURVE((1.,0.5,1.,0.5,1.,0.5,1.)) REPRESENTATION_ITEM(
  '') );
#496 = CARTESIAN_POINT('',(20.977669529664,-17.67766952966));
#497 = CARTESIAN_POINT('',(20.977669529664,-23.39343719464));
#498 = CARTESIAN_POINT('',(16.027669529664,-20.53555336215));
#499 = CARTESIAN_POINT('',(11.077669529664,-17.67766952966));
#500 = CARTESIAN_POINT('',(16.027669529664,-14.81978569717));
#501 = CARTESIAN_POINT('',(20.977669529664,-11.96190186468));
#502 = CARTESIAN_POINT('',(20.977669529664,-17.67766952966));
#503 = ( GEOMETRIC_REPRESENTATION_CONTEXT(2) 
PARAMETRIC_REPRESENTATION_CONTEXT() REPRESENTATION_CONTEXT('2D SPACE',''
  ) );
#504 = PCURVE('',#472,#505);
#505 = DEFINITIONAL_REPRESENTATION('',(#506),#510);
#506 = LINE('',#507,#508);
#507 = CARTESIAN_POINT('',(-6.28318530718,-20.));
#508 = VECTOR('',#509,1.);
#509 = DIRECTION('',(1.,-0.));
#510 = ( GEOMETRIC_REPRESENTATION_CONTEXT(2) 
PARAMETRIC_REPRESENTATION_CONTEXT() REPRESENTATION_CONTEXT('2D SPACE',''
  ) );
#511 = ORIENTED_EDGE('',*,*,#512,.F.);
#512 = EDGE_CURVE('',#513,#485,#515,.T.);
#513 = VERTEX_POINT('',#514);
#514 = CARTESIAN_POINT('',(-15.1304721026,-19.77571272931,0.));
#515 = SURFACE_CURVE('',#516,(#521,#528),.PCURVE_S1.);
#516 = CIRCLE('',#517,24.9);
#517 = AXIS2_PLACEMENT_3D('',#518,#519,#520);
#518 = CARTESIAN_POINT('',(0.,0.,0.));
#519 = DIRECTION('',(0.,-0.,1.));
#520 = DIRECTION('',(0.607649482032,0.794205330494,0.));
#521 = PCURVE('',#43,#522);
#522 = DEFINITIONAL_REPRESENTATION('',(#523),#527);
#523 = CIRCLE('',#524,24.9);
#524 = AXIS2_PLACEMENT_2D('',#525,#526);
#525 = CARTESIAN_POINT('',(2.734880265079E-15,-1.687072141469E-15));
#526 = DIRECTION('',(0.607649482032,0.794205330494));
#527 = ( GEOMETRIC_REPRESENTATION_CONTEXT(2) 
PARAMETRIC_REPRESENTATION_CONTEXT() REPRESENTATION_CONTEXT('2D SPACE',''
  ) );
#528 = PCURVE('',#529,#534);
#529 = CYLINDRICAL_SURFACE('',#530,24.9);
#530 = AXIS2_PLACEMENT_3D('',#531,#532,#533);
#531 = CARTESIAN_POINT('',(0.,0.,-3.));
#532 = DIRECTION('',(-0.,-0.,-1.));
#533 = DIRECTION('',(1.,0.,0.));
#534 = DEFINITIONAL_REPRESENTATION('',(#535),#539);
#535 = LINE('',#536,#537);
#536 = CARTESIAN_POINT('',(-0.917698683377,-3.));
#537 = VECTOR('',#538,1.);
#538 = DIRECTION('',(-1.,0.));
#539 = ( GEOMETRIC_REPRESENTATION_CONTEXT(2) 
PARAMETRIC_REPRESENTATION_CONTEXT() REPRESENTATION_CONTEXT('2D SPACE',''
  ) );
#540 = ORIENTED_EDGE('',*,*,#541,.T.);
#541 = EDGE_CURVE('',#513,#542,#544,.T.);
#542 = VERTEX_POINT('',#543);
#543 = CARTESIAN_POINT('',(-19.77571272931,-15.1304721026,0.));
#544 = SURFACE_CURVE('',#545,(#550,#561),.PCURVE_S1.);
#545 = CIRCLE('',#546,3.3);
#546 = AXIS2_PLACEMENT_3D('',#547,#548,#549);
#547 = CARTESIAN_POINT('',(-17.67766952966,-17.67766952966,0.));
#548 = DIRECTION('',(0.,0.,-1.));
#549 = DIRECTION('',(1.,0.,0.));
#550 = PCURVE('',#43,#551);
#551 = DEFINITIONAL_REPRESENTATION('',(#552),#560);
#552 = ( BOUNDED_CURVE() B_SPLINE_CURVE(2,(#553,#554,#555,#556,#557,#558
,#559),.UNSPECIFIED.,.T.,.F.) B_SPLINE_CURVE_WITH_KNOTS((1,2,2,2,2,1),(
    -2.094395102393,0.,2.094395102393,4.188790204786,6.28318530718,
8.377580409573),.UNSPECIFIED.) CURVE() GEOMETRIC_REPRESENTATION_ITEM() 
RATIONAL_B_SPLINE_CURVE((1.,0.5,1.,0.5,1.,0.5,1.)) REPRESENTATION_ITEM(
  '') );
#553 = CARTESIAN_POINT('',(-14.37766952966,-17.67766952966));
#554 = CARTESIAN_POINT('',(-14.37766952966,-23.39343719464));
#555 = CARTESIAN_POINT('',(-19.32766952966,-20.53555336215));
#556 = CARTESIAN_POINT('',(-24.27766952966,-17.67766952966));
#557 = CARTESIAN_POINT('',(-19.32766952966,-14.81978569717));
#558 = CARTESIAN_POINT('',(-14.37766952966,-11.96190186468));
#559 = CARTESIAN_POINT('',(-14.37766952966,-17.67766952966));
#560 = ( GEOMETRIC_REPRESENTATION_CONTEXT(2) 
PARAMETRIC_REPRESENTATION_CONTEXT() REPRESENTATION_CONTEXT('2D SPACE',''
  ) );
#561 = PCURVE('',#562,#567);
#562 = CYLINDRICAL_SURFACE('',#563,3.3);
#563 = AXIS2_PLACEMENT_3D('',#564,#565,#566);
#564 = CARTESIAN_POINT('',(-17.67766952966,-17.67766952966,-20.));
#565 = DIRECTION('',(-0.,-0.,-1.));
#566 = DIRECTION('',(1.,0.,0.));
#567 = DEFINITIONAL_REPRESENTATION('',(#568),#572);
#568 = LINE('',#569,#570);
#569 = CARTESIAN_POINT('',(-6.28318530718,-20.));
#570 = VECTOR('',#571,1.);
#571 = DIRECTION('',(1.,-0.));
#572 = ( GEOMETRIC_REPRESENTATION_CONTEXT(2) 
PARAMETRIC_REPRESENTATION_CONTEXT() REPRESENTATION_CONTEXT('2D SPACE',''
  ) );
#573 = ORIENTED_EDGE('',*,*,#574,.F.);
#574 = EDGE_CURVE('',#575,#542,#577,.T.);
#575 = VERTEX_POINT('',#576);
#576 = CARTESIAN_POINT('',(-19.77571272931,15.130472102606,0.));
#577 = SURFACE_CURVE('',#578,(#583,#590),.PCURVE_S1.);
#578 = CIRCLE('',#579,24.9);
#579 = AXIS2_PLACEMENT_3D('',#580,#581,#582);
#580 = CARTESIAN_POINT('',(0.,0.,0.));
#581 = DIRECTION('',(0.,-0.,1.));
#582 = DIRECTION('',(0.607649482032,0.794205330494,0.));
#583 = PCURVE('',#43,#584);
#584 = DEFINITIONAL_REPRESENTATION('',(#585),#589);
#585 = CIRCLE('',#586,24.9);
#586 = AXIS2_PLACEMENT_2D('',#587,#588);
#587 = CARTESIAN_POINT('',(2.734880265079E-15,-1.687072141469E-15));
#588 = DIRECTION('',(0.607649482032,0.794205330494));
#589 = ( GEOMETRIC_REPRESENTATION_CONTEXT(2) 
PARAMETRIC_REPRESENTATION_CONTEXT() REPRESENTATION_CONTEXT('2D SPACE',''
  ) );
#590 = PCURVE('',#591,#596);
#591 = CYLINDRICAL_SURFACE('',#592,24.9);
#592 = AXIS2_PLACEMENT_3D('',#593,#594,#595);
#593 = CARTESIAN_POINT('',(0.,0.,-3.));
#594 = DIRECTION('',(-0.,-0.,-1.));
#595 = DIRECTION('',(1.,0.,0.));
#596 = DEFINITIONAL_REPRESENTATION('',(#597),#601);
#597 = LINE('',#598,#599);
#598 = CARTESIAN_POINT('',(-0.917698683377,-3.));
#599 = VECTOR('',#600,1.);
#600 = DIRECTION('',(-1.,0.));
#601 = ( GEOMETRIC_REPRESENTATION_CONTEXT(2) 
PARAMETRIC_REPRESENTATION_CONTEXT() REPRESENTATION_CONTEXT('2D SPACE',''
  ) );
#602 = ORIENTED_EDGE('',*,*,#603,.T.);
#603 = EDGE_CURVE('',#575,#604,#606,.T.);
#604 = VERTEX_POINT('',#605);
#605 = CARTESIAN_POINT('',(-15.1304721026,19.775712729312,0.));
#606 = SURFACE_CURVE('',#607,(#612,#623),.PCURVE_S1.);
#607 = CIRCLE('',#608,3.3);
#608 = AXIS2_PLACEMENT_3D('',#609,#610,#611);
#609 = CARTESIAN_POINT('',(-17.67766952966,17.677669529664,0.));
#610 = DIRECTION('',(0.,0.,-1.));
#611 = DIRECTION('',(1.,0.,0.));
#612 = PCURVE('',#43,#613);
#613 = DEFINITIONAL_REPRESENTATION('',(#614),#622);
#614 = ( BOUNDED_CURVE() B_SPLINE_CURVE(2,(#615,#616,#617,#618,#619,#620
,#621),.UNSPECIFIED.,.T.,.F.) B_SPLINE_CURVE_WITH_KNOTS((1,2,2,2,2,1),(
    -2.094395102393,0.,2.094395102393,4.188790204786,6.28318530718,
8.377580409573),.UNSPECIFIED.) CURVE() GEOMETRIC_REPRESENTATION_ITEM() 
RATIONAL_B_SPLINE_CURVE((1.,0.5,1.,0.5,1.,0.5,1.)) REPRESENTATION_ITEM(
  '') );
#615 = CARTESIAN_POINT('',(-14.37766952966,17.677669529664));
#616 = CARTESIAN_POINT('',(-14.37766952966,11.961901864686));
#617 = CARTESIAN_POINT('',(-19.32766952966,14.819785697175));
#618 = CARTESIAN_POINT('',(-24.27766952966,17.677669529664));
#619 = CARTESIAN_POINT('',(-19.32766952966,20.535553362152));
#620 = CARTESIAN_POINT('',(-14.37766952966,23.393437194641));
#621 = CARTESIAN_POINT('',(-14.37766952966,17.677669529664));
#622 = ( GEOMETRIC_REPRESENTATION_CONTEXT(2) 
PARAMETRIC_REPRESENTATION_CONTEXT() REPRESENTATION_CONTEXT('2D SPACE',''
  ) );
#623 = PCURVE('',#624,#629);
#624 = CYLINDRICAL_SURFACE('',#625,3.3);
#625 = AXIS2_PLACEMENT_3D('',#626,#627,#628);
#626 = CARTESIAN_POINT('',(-17.67766952966,17.677669529664,-20.));
#627 = DIRECTION('',(-0.,-0.,-1.));
#628 = DIRECTION('',(1.,0.,0.));
#629 = DEFINITIONAL_REPRESENTATION('',(#630),#634);
#630 = LINE('',#631,#632);
#631 = CARTESIAN_POINT('',(-6.28318530718,-20.));
#632 = VECTOR('',#633,1.);
#633 = DIRECTION('',(1.,-0.));
#634 = ( GEOMETRIC_REPRESENTATION_CONTEXT(2) 
PARAMETRIC_REPRESENTATION_CONTEXT() REPRESENTATION_CONTEXT('2D SPACE',''
  ) );
#635 = ORIENTED_EDGE('',*,*,#636,.F.);
#636 = EDGE_CURVE('',#637,#604,#639,.T.);
#637 = VERTEX_POINT('',#638);
#638 = CARTESIAN_POINT('',(-3.1,24.706274506692,0.));
#639 = SURFACE_CURVE('',#640,(#645,#652),.PCURVE_S1.);
#640 = CIRCLE('',#641,24.9);
#641 = AXIS2_PLACEMENT_3D('',#642,#643,#644);
#642 = CARTESIAN_POINT('',(0.,0.,0.));
#643 = DIRECTION('',(0.,-0.,1.));
#644 = DIRECTION('',(0.607649482032,0.794205330494,0.));
#645 = PCURVE('',#43,#646);
#646 = DEFINITIONAL_REPRESENTATION('',(#647),#651);
#647 = CIRCLE('',#648,24.9);
#648 = AXIS2_PLACEMENT_2D('',#649,#650);
#649 = CARTESIAN_POINT('',(2.734880265079E-15,-1.687072141469E-15));
#650 = DIRECTION('',(0.607649482032,0.794205330494));
#651 = ( GEOMETRIC_REPRESENTATION_CONTEXT(2) 
PARAMETRIC_REPRESENTATION_CONTEXT() REPRESENTATION_CONTEXT('2D SPACE',''
  ) );
#652 = PCURVE('',#653,#658);
#653 = CYLINDRICAL_SURFACE('',#654,24.9);
#654 = AXIS2_PLACEMENT_3D('',#655,#656,#657);
#655 = CARTESIAN_POINT('',(0.,0.,-3.));
#656 = DIRECTION('',(-0.,-0.,-1.));
#657 = DIRECTION('',(1.,0.,0.));
#658 = DEFINITIONAL_REPRESENTATION('',(#659),#663);
#659 = LINE('',#660,#661);
#660 = CARTESIAN_POINT('',(-0.917698683377,-3.));
#661 = VECTOR('',#662,1.);
#662 = DIRECTION('',(-1.,0.));
#663 = ( GEOMETRIC_REPRESENTATION_CONTEXT(2) 
PARAMETRIC_REPRESENTATION_CONTEXT() REPRESENTATION_CONTEXT('2D SPACE',''
  ) );
#664 = ORIENTED_EDGE('',*,*,#665,.F.);
#665 = EDGE_CURVE('',#666,#637,#668,.T.);
#666 = VERTEX_POINT('',#667);
#667 = CARTESIAN_POINT('',(-3.1,26.4,0.));
#668 = SURFACE_CURVE('',#669,(#673,#679),.PCURVE_S1.);
#669 = LINE('',#670,#671);
#670 = CARTESIAN_POINT('',(-3.1,11.8,0.));
#671 = VECTOR('',#672,1.);
#672 = DIRECTION('',(-1.110223024625E-16,-1.,0.));
#673 = PCURVE('',#43,#674);
#674 = DEFINITIONAL_REPRESENTATION('',(#675),#678);
#675 = B_SPLINE_CURVE_WITH_KNOTS('',1,(#676,#677),.UNSPECIFIED.,.F.,.F.,
  (2,2),(-14.6,-11.8),.PIECEWISE_BEZIER_KNOTS.);
#676 = CARTESIAN_POINT('',(-3.1,26.4));
#677 = CARTESIAN_POINT('',(-3.1,23.6));
#678 = ( GEOMETRIC_REPRESENTATION_CONTEXT(2) 
PARAMETRIC_REPRESENTATION_CONTEXT() REPRESENTATION_CONTEXT('2D SPACE',''
  ) );
#679 = PCURVE('',#680,#685);
#680 = PLANE('',#681);
#681 = AXIS2_PLACEMENT_3D('',#682,#683,#684);
#682 = CARTESIAN_POINT('',(-3.1,23.6,-20.));
#683 = DIRECTION('',(-1.,1.110223024625E-16,0.));
#684 = DIRECTION('',(1.110223024625E-16,1.,0.));
#685 = DEFINITIONAL_REPRESENTATION('',(#686),#689);
#686 = B_SPLINE_CURVE_WITH_KNOTS('',1,(#687,#688),.UNSPECIFIED.,.F.,.F.,
  (2,2),(-14.6,-11.8),.PIECEWISE_BEZIER_KNOTS.);
#687 = CARTESIAN_POINT('',(2.8,-20.));
#688 = CARTESIAN_POINT('',(0.,-20.));
#689 = ( GEOMETRIC_REPRESENTATION_CONTEXT(2) 
PARAMETRIC_REPRESENTATION_CONTEXT() REPRESENTATION_CONTEXT('2D SPACE',''
  ) );
#690 = ORIENTED_EDGE('',*,*,#691,.T.);
#691 = EDGE_CURVE('',#666,#692,#694,.T.);
#692 = VERTEX_POINT('',#693);
#693 = CARTESIAN_POINT('',(3.1,26.4,0.));
#694 = SURFACE_CURVE('',#695,(#700,#711),.PCURVE_S1.);
#695 = CIRCLE('',#696,3.1);
#696 = AXIS2_PLACEMENT_3D('',#697,#698,#699);
#697 = CARTESIAN_POINT('',(1.964931133798E-15,26.4,0.));
#698 = DIRECTION('',(-0.,0.,-1.));
#699 = DIRECTION('',(-1.,-3.223228136009E-17,0.));
#700 = PCURVE('',#43,#701);
#701 = DEFINITIONAL_REPRESENTATION('',(#702),#710);
#702 = ( BOUNDED_CURVE() B_SPLINE_CURVE(2,(#703,#704,#705,#706,#707,#708
,#709),.UNSPECIFIED.,.T.,.F.) B_SPLINE_CURVE_WITH_KNOTS((1,2,2,2,2,1),(
    -2.094395102393,0.,2.094395102393,4.188790204786,6.28318530718,
8.377580409573),.UNSPECIFIED.) CURVE() GEOMETRIC_REPRESENTATION_ITEM() 
RATIONAL_B_SPLINE_CURVE((1.,0.5,1.,0.5,1.,0.5,1.)) REPRESENTATION_ITEM(
  '') );
#703 = CARTESIAN_POINT('',(-3.1,26.4));
#704 = CARTESIAN_POINT('',(-3.1,31.769357503464));
#705 = CARTESIAN_POINT('',(1.55,29.084678751732));
#706 = CARTESIAN_POINT('',(6.2,26.4));
#707 = CARTESIAN_POINT('',(1.55,23.715321248268));
#708 = CARTESIAN_POINT('',(-3.1,21.030642496536));
#709 = CARTESIAN_POINT('',(-3.1,26.4));
#710 = ( GEOMETRIC_REPRESENTATION_CONTEXT(2) 
PARAMETRIC_REPRESENTATION_CONTEXT() REPRESENTATION_CONTEXT('2D SPACE',''
  ) );
#711 = PCURVE('',#712,#717);
#712 = CYLINDRICAL_SURFACE('',#713,3.1);
#713 = AXIS2_PLACEMENT_3D('',#714,#715,#716);
#714 = CARTESIAN_POINT('',(1.964931133798E-15,26.4,-20.));
#715 = DIRECTION('',(-0.,0.,-1.));
#716 = DIRECTION('',(-1.,-3.223228136009E-17,0.));
#717 = DEFINITIONAL_REPRESENTATION('',(#718),#722);
#718 = LINE('',#719,#720);
#719 = CARTESIAN_POINT('',(0.,-20.));
#720 = VECTOR('',#721,1.);
#721 = DIRECTION('',(1.,0.));
#722 = ( GEOMETRIC_REPRESENTATION_CONTEXT(2) 
PARAMETRIC_REPRESENTATION_CONTEXT() REPRESENTATION_CONTEXT('2D SPACE',''
  ) );
#723 = ORIENTED_EDGE('',*,*,#724,.F.);
#724 = EDGE_CURVE('',#333,#692,#725,.T.);
#725 = SURFACE_CURVE('',#726,(#730,#736),.PCURVE_S1.);
#726 = LINE('',#727,#728);
#727 = CARTESIAN_POINT('',(3.1,13.2,0.));
#728 = VECTOR('',#729,1.);
#729 = DIRECTION('',(1.110223024625E-16,1.,-0.));
#730 = PCURVE('',#43,#731);
#731 = DEFINITIONAL_REPRESENTATION('',(#732),#735);
#732 = B_SPLINE_CURVE_WITH_KNOTS('',1,(#733,#734),.UNSPECIFIED.,.F.,.F.,
  (2,2),(10.4,13.2),.PIECEWISE_BEZIER_KNOTS.);
#733 = CARTESIAN_POINT('',(3.1,23.6));
#734 = CARTESIAN_POINT('',(3.1,26.4));
#735 = ( GEOMETRIC_REPRESENTATION_CONTEXT(2) 
PARAMETRIC_REPRESENTATION_CONTEXT() REPRESENTATION_CONTEXT('2D SPACE',''
  ) );
#736 = PCURVE('',#737,#742);
#737 = PLANE('',#738);
#738 = AXIS2_PLACEMENT_3D('',#739,#740,#741);
#739 = CARTESIAN_POINT('',(3.1,26.4,-20.));
#740 = DIRECTION('',(1.,-1.110223024625E-16,0.));
#741 = DIRECTION('',(-1.110223024625E-16,-1.,0.));
#742 = DEFINITIONAL_REPRESENTATION('',(#743),#746);
#743 = B_SPLINE_CURVE_WITH_KNOTS('',1,(#744,#745),.UNSPECIFIED.,.F.,.F.,
  (2,2),(10.4,13.2),.PIECEWISE_BEZIER_KNOTS.);
#744 = CARTESIAN_POINT('',(2.8,-20.));
#745 = CARTESIAN_POINT('',(0.,-20.));
#746 = ( GEOMETRIC_REPRESENTATION_CONTEXT(2) 
PARAMETRIC_REPRESENTATION_CONTEXT() REPRESENTATION_CONTEXT('2D SPACE',''
  ) );
#747 = FACE_BOUND('',#748,.F.);
#748 = EDGE_LOOP('',(#749));
#749 = ORIENTED_EDGE('',*,*,#750,.T.);
#750 = EDGE_CURVE('',#751,#751,#753,.T.);
#751 = VERTEX_POINT('',#752);
#752 = CARTESIAN_POINT('',(44.5,0.,0.));
#753 = SURFACE_CURVE('',#754,(#759,#770),.PCURVE_S1.);
#754 = CIRCLE('',#755,4.5);
#755 = AXIS2_PLACEMENT_3D('',#756,#757,#758);
#756 = CARTESIAN_POINT('',(40.,0.,0.));
#757 = DIRECTION('',(0.,0.,-1.));
#758 = DIRECTION('',(1.,0.,0.));
#759 = PCURVE('',#43,#760);
#760 = DEFINITIONAL_REPRESENTATION('',(#761),#769);
#761 = ( BOUNDED_CURVE() B_SPLINE_CURVE(2,(#762,#763,#764,#765,#766,#767
,#768),.UNSPECIFIED.,.T.,.F.) B_SPLINE_CURVE_WITH_KNOTS((1,2,2,2,2,1),(
    -2.094395102393,0.,2.094395102393,4.188790204786,6.28318530718,
8.377580409573),.UNSPECIFIED.) CURVE() GEOMETRIC_REPRESENTATION_ITEM() 
RATIONAL_B_SPLINE_CURVE((1.,0.5,1.,0.5,1.,0.5,1.)) REPRESENTATION_ITEM(
  '') );
#762 = CARTESIAN_POINT('',(44.5,-1.687072141469E-15));
#763 = CARTESIAN_POINT('',(44.5,-7.79422863406));
#764 = CARTESIAN_POINT('',(37.75,-3.89711431703));
#765 = CARTESIAN_POINT('',(31.,-2.789254260702E-15));
#766 = CARTESIAN_POINT('',(37.75,3.89711431703));
#767 = CARTESIAN_POINT('',(44.5,7.79422863406));
#768 = CARTESIAN_POINT('',(44.5,-1.687072141469E-15));
#769 = ( GEOMETRIC_REPRESENTATION_CONTEXT(2) 
PARAMETRIC_REPRESENTATION_CONTEXT() REPRESENTATION_CONTEXT('2D SPACE',''
  ) );
#770 = PCURVE('',#771,#776);
#771 = CYLINDRICAL_SURFACE('',#772,4.5);
#772 = AXIS2_PLACEMENT_3D('',#773,#774,#775);
#773 = CARTESIAN_POINT('',(40.,0.,-20.));
#774 = DIRECTION('',(-0.,-0.,-1.));
#775 = DIRECTION('',(1.,0.,0.));
#776 = DEFINITIONAL_REPRESENTATION('',(#777),#781);
#777 = LINE('',#778,#779);
#778 = CARTESIAN_POINT('',(-6.28318530718,-20.));
#779 = VECTOR('',#780,1.);
#780 = DIRECTION('',(1.,-0.));
#781 = ( GEOMETRIC_REPRESENTATION_CONTEXT(2) 
PARAMETRIC_REPRESENTATION_CONTEXT() REPRESENTATION_CONTEXT('2D SPACE',''
  ) );
#782 = FACE_BOUND('',#783,.F.);
#783 = EDGE_LOOP('',(#784));
#784 = ORIENTED_EDGE('',*,*,#785,.T.);
#785 = EDGE_CURVE('',#786,#786,#788,.T.);
#786 = VERTEX_POINT('',#787);
#787 = CARTESIAN_POINT('',(-15.5,34.641016151378,0.));
#788 = SURFACE_CURVE('',#789,(#794,#805),.PCURVE_S1.);
#789 = CIRCLE('',#790,4.5);
#790 = AXIS2_PLACEMENT_3D('',#791,#792,#793);
#791 = CARTESIAN_POINT('',(-20.,34.641016151378,0.));
#792 = DIRECTION('',(0.,0.,-1.));
#793 = DIRECTION('',(1.,0.,0.));
#794 = PCURVE('',#43,#795);
#795 = DEFINITIONAL_REPRESENTATION('',(#796),#804);
#796 = ( BOUNDED_CURVE() B_SPLINE_CURVE(2,(#797,#798,#799,#800,#801,#802
,#803),.UNSPECIFIED.,.T.,.F.) B_SPLINE_CURVE_WITH_KNOTS((1,2,2,2,2,1),(
    -2.094395102393,0.,2.094395102393,4.188790204786,6.28318530718,
8.377580409573),.UNSPECIFIED.) CURVE() GEOMETRIC_REPRESENTATION_ITEM() 
RATIONAL_B_SPLINE_CURVE((1.,0.5,1.,0.5,1.,0.5,1.)) REPRESENTATION_ITEM(
  '') );
#797 = CARTESIAN_POINT('',(-15.5,34.641016151378));
#798 = CARTESIAN_POINT('',(-15.5,26.846787517318));
#799 = CARTESIAN_POINT('',(-22.25,30.743901834348));
#800 = CARTESIAN_POINT('',(-29.,34.641016151378));
#801 = CARTESIAN_POINT('',(-22.25,38.538130468408));
#802 = CARTESIAN_POINT('',(-15.5,42.435244785437));
#803 = CARTESIAN_POINT('',(-15.5,34.641016151378));
#804 = ( GEOMETRIC_REPRESENTATION_CONTEXT(2) 
PARAMETRIC_REPRESENTATION_CONTEXT() REPRESENTATION_CONTEXT('2D SPACE',''
  ) );
#805 = PCURVE('',#806,#811);
#806 = CYLINDRICAL_SURFACE('',#807,4.5);
#807 = AXIS2_PLACEMENT_3D('',#808,#809,#810);
#808 = CARTESIAN_POINT('',(-20.,34.641016151378,-20.));
#809 = DIRECTION('',(-0.,-0.,-1.));
#810 = DIRECTION('',(1.,0.,0.));
#811 = DEFINITIONAL_REPRESENTATION('',(#812),#816);
#812 = LINE('',#813,#814);
#813 = CARTESIAN_POINT('',(-6.28318530718,-20.));
#814 = VECTOR('',#815,1.);
#815 = DIRECTION('',(1.,-0.));
#816 = ( GEOMETRIC_REPRESENTATION_CONTEXT(2) 
PARAMETRIC_REPRESENTATION_CONTEXT() REPRESENTATION_CONTEXT('2D SPACE',''
  ) );
#817 = FACE_BOUND('',#818,.F.);
#818 = EDGE_LOOP('',(#819));
#819 = ORIENTED_EDGE('',*,*,#820,.T.);
#820 = EDGE_CURVE('',#821,#821,#823,.T.);
#821 = VERTEX_POINT('',#822);
#822 = CARTESIAN_POINT('',(24.5,34.641016151378,0.));
#823 = SURFACE_CURVE('',#824,(#829,#840),.PCURVE_S1.);
#824 = CIRCLE('',#825,4.5);
#825 = AXIS2_PLACEMENT_3D('',#826,#827,#828);
#826 = CARTESIAN_POINT('',(20.,34.641016151378,0.));
#827 = DIRECTION('',(0.,0.,-1.));
#828 = DIRECTION('',(1.,0.,0.));
#829 = PCURVE('',#43,#830);
#830 = DEFINITIONAL_REPRESENTATION('',(#831),#839);
#831 = ( BOUNDED_CURVE() B_SPLINE_CURVE(2,(#832,#833,#834,#835,#836,#837
,#838),.UNSPECIFIED.,.T.,.F.) B_SPLINE_CURVE_WITH_KNOTS((1,2,2,2,2,1),(
    -2.094395102393,0.,2.094395102393,4.188790204786,6.28318530718,
8.377580409573),.UNSPECIFIED.) CURVE() GEOMETRIC_REPRESENTATION_ITEM() 
RATIONAL_B_SPLINE_CURVE((1.,0.5,1.,0.5,1.,0.5,1.)) REPRESENTATION_ITEM(
  '') );
#832 = CARTESIAN_POINT('',(24.5,34.641016151378));
#833 = CARTESIAN_POINT('',(24.5,26.846787517318));
#834 = CARTESIAN_POINT('',(17.75,30.743901834348));
#835 = CARTESIAN_POINT('',(11.,34.641016151378));
#836 = CARTESIAN_POINT('',(17.75,38.538130468408));
#837 = CARTESIAN_POINT('',(24.5,42.435244785437));
#838 = CARTESIAN_POINT('',(24.5,34.641016151378));
#839 = ( GEOMETRIC_REPRESENTATION_CONTEXT(2) 
PARAMETRIC_REPRESENTATION_CONTEXT() REPRESENTATION_CONTEXT('2D SPACE',''
  ) );
#840 = PCURVE('',#841,#846);
#841 = CYLINDRICAL_SURFACE('',#842,4.5);
#842 = AXIS2_PLACEMENT_3D('',#843,#844,#845);
#843 = CARTESIAN_POINT('',(20.,34.641016151378,-20.));
#844 = DIRECTION('',(-0.,-0.,-1.));
#845 = DIRECTION('',(1.,0.,0.));
#846 = DEFINITIONAL_REPRESENTATION('',(#847),#851);
#847 = LINE('',#848,#849);
#848 = CARTESIAN_POINT('',(-6.28318530718,-20.));
#849 = VECTOR('',#850,1.);
#850 = DIRECTION('',(1.,-0.));
#851 = ( GEOMETRIC_REPRESENTATION_CONTEXT(2) 
PARAMETRIC_REPRESENTATION_CONTEXT() REPRESENTATION_CONTEXT('2D SPACE',''
  ) );
#852 = FACE_BOUND('',#853,.F.);
#853 = EDGE_LOOP('',(#854,#882,#915,#941));
#854 = ORIENTED_EDGE('',*,*,#855,.F.);
#855 = EDGE_CURVE('',#856,#858,#860,.T.);
#856 = VERTEX_POINT('',#857);
#857 = CARTESIAN_POINT('',(-4.1,41.4,0.));
#858 = VERTEX_POINT('',#859);
#859 = CARTESIAN_POINT('',(-4.1,38.6,0.));
#860 = SURFACE_CURVE('',#861,(#865,#871),.PCURVE_S1.);
#861 = LINE('',#862,#863);
#862 = CARTESIAN_POINT('',(-4.1,19.3,0.));
#863 = VECTOR('',#864,1.);
#864 = DIRECTION('',(-1.110223024625E-16,-1.,0.));
#865 = PCURVE('',#43,#866);
#866 = DEFINITIONAL_REPRESENTATION('',(#867),#870);
#867 = B_SPLINE_CURVE_WITH_KNOTS('',1,(#868,#869),.UNSPECIFIED.,.F.,.F.,
  (2,2),(-22.1,-19.3),.PIECEWISE_BEZIER_KNOTS.);
#868 = CARTESIAN_POINT('',(-4.1,41.4));
#869 = CARTESIAN_POINT('',(-4.1,38.6));
#870 = ( GEOMETRIC_REPRESENTATION_CONTEXT(2) 
PARAMETRIC_REPRESENTATION_CONTEXT() REPRESENTATION_CONTEXT('2D SPACE',''
  ) );
#871 = PCURVE('',#872,#877);
#872 = PLANE('',#873);
#873 = AXIS2_PLACEMENT_3D('',#874,#875,#876);
#874 = CARTESIAN_POINT('',(-4.1,38.6,-20.));
#875 = DIRECTION('',(-1.,1.110223024625E-16,0.));
#876 = DIRECTION('',(1.110223024625E-16,1.,0.));
#877 = DEFINITIONAL_REPRESENTATION('',(#878),#881);
#878 = B_SPLINE_CURVE_WITH_KNOTS('',1,(#879,#880),.UNSPECIFIED.,.F.,.F.,
  (2,2),(-22.1,-19.3),.PIECEWISE_BEZIER_KNOTS.);
#879 = CARTESIAN_POINT('',(2.8,-20.));
#880 = CARTESIAN_POINT('',(0.,-20.));
#881 = ( GEOMETRIC_REPRESENTATION_CONTEXT(2) 
PARAMETRIC_REPRESENTATION_CONTEXT() REPRESENTATION_CONTEXT('2D SPACE',''
  ) );
#882 = ORIENTED_EDGE('',*,*,#883,.T.);
#883 = EDGE_CURVE('',#856,#884,#886,.T.);
#884 = VERTEX_POINT('',#885);
#885 = CARTESIAN_POINT('',(4.1,41.4,0.));
#886 = SURFACE_CURVE('',#887,(#892,#903),.PCURVE_S1.);
#887 = CIRCLE('',#888,4.1);
#888 = AXIS2_PLACEMENT_3D('',#889,#890,#891);
#889 = CARTESIAN_POINT('',(2.922668544626E-15,41.4,0.));
#890 = DIRECTION('',(0.,0.,-1.));
#891 = DIRECTION('',(-1.,1.110223024625E-16,0.));
#892 = PCURVE('',#43,#893);
#893 = DEFINITIONAL_REPRESENTATION('',(#894),#902);
#894 = ( BOUNDED_CURVE() B_SPLINE_CURVE(2,(#895,#896,#897,#898,#899,#900
,#901),.UNSPECIFIED.,.T.,.F.) B_SPLINE_CURVE_WITH_KNOTS((1,2,2,2,2,1),(
    -2.094395102393,0.,2.094395102393,4.188790204786,6.28318530718,
8.377580409573),.UNSPECIFIED.) CURVE() GEOMETRIC_REPRESENTATION_ITEM() 
RATIONAL_B_SPLINE_CURVE((1.,0.5,1.,0.5,1.,0.5,1.)) REPRESENTATION_ITEM(
  '') );
#895 = CARTESIAN_POINT('',(-4.1,41.4));
#896 = CARTESIAN_POINT('',(-4.1,48.501408311032));
#897 = CARTESIAN_POINT('',(2.05,44.950704155516));
#898 = CARTESIAN_POINT('',(8.2,41.4));
#899 = CARTESIAN_POINT('',(2.05,37.849295844484));
#900 = CARTESIAN_POINT('',(-4.1,34.298591688968));
#901 = CARTESIAN_POINT('',(-4.1,41.4));
#902 = ( GEOMETRIC_REPRESENTATION_CONTEXT(2) 
PARAMETRIC_REPRESENTATION_CONTEXT() REPRESENTATION_CONTEXT('2D SPACE',''
  ) );
#903 = PCURVE('',#904,#909);
#904 = CYLINDRICAL_SURFACE('',#905,4.1);
#905 = AXIS2_PLACEMENT_3D('',#906,#907,#908);
#906 = CARTESIAN_POINT('',(2.922668544626E-15,41.4,-20.));
#907 = DIRECTION('',(0.,0.,-1.));
#908 = DIRECTION('',(-1.,1.110223024625E-16,0.));
#909 = DEFINITIONAL_REPRESENTATION('',(#910),#914);
#910 = LINE('',#911,#912);
#911 = CARTESIAN_POINT('',(0.,-20.));
#912 = VECTOR('',#913,1.);
#913 = DIRECTION('',(1.,0.));
#914 = ( GEOMETRIC_REPRESENTATION_CONTEXT(2) 
PARAMETRIC_REPRESENTATION_CONTEXT() REPRESENTATION_CONTEXT('2D SPACE',''
  ) );
#915 = ORIENTED_EDGE('',*,*,#916,.F.);
#916 = EDGE_CURVE('',#917,#884,#919,.T.);
#917 = VERTEX_POINT('',#918);
#918 = CARTESIAN_POINT('',(4.1,38.6,0.));
#919 = SURFACE_CURVE('',#920,(#924,#930),.PCURVE_S1.);
#920 = LINE('',#921,#922);
#921 = CARTESIAN_POINT('',(4.1,20.7,0.));
#922 = VECTOR('',#923,1.);
#923 = DIRECTION('',(1.110223024625E-16,1.,-0.));
#924 = PCURVE('',#43,#925);
#925 = DEFINITIONAL_REPRESENTATION('',(#926),#929);
#926 = B_SPLINE_CURVE_WITH_KNOTS('',1,(#927,#928),.UNSPECIFIED.,.F.,.F.,
  (2,2),(17.9,20.7),.PIECEWISE_BEZIER_KNOTS.);
#927 = CARTESIAN_POINT('',(4.1,38.6));
#928 = CARTESIAN_POINT('',(4.1,41.4));
#929 = ( GEOMETRIC_REPRESENTATION_CONTEXT(2) 
PARAMETRIC_REPRESENTATION_CONTEXT() REPRESENTATION_CONTEXT('2D SPACE',''
  ) );
#930 = PCURVE('',#931,#936);
#931 = PLANE('',#932);
#932 = AXIS2_PLACEMENT_3D('',#933,#934,#935);
#933 = CARTESIAN_POINT('',(4.1,41.4,-20.));
#934 = DIRECTION('',(1.,-1.110223024625E-16,0.));
#935 = DIRECTION('',(-1.110223024625E-16,-1.,0.));
#936 = DEFINITIONAL_REPRESENTATION('',(#937),#940);
#937 = B_SPLINE_CURVE_WITH_KNOTS('',1,(#938,#939),.UNSPECIFIED.,.F.,.F.,
  (2,2),(17.9,20.7),.PIECEWISE_BEZIER_KNOTS.);
#938 = CARTESIAN_POINT('',(2.8,-20.));
#939 = CARTESIAN_POINT('',(0.,-20.));
#940 = ( GEOMETRIC_REPRESENTATION_CONTEXT(2) 
PARAMETRIC_REPRESENTATION_CONTEXT() REPRESENTATION_CONTEXT('2D SPACE',''
  ) );
#941 = ORIENTED_EDGE('',*,*,#942,.T.);
#942 = EDGE_CURVE('',#917,#858,#943,.T.);
#943 = SURFACE_CURVE('',#944,(#949,#960),.PCURVE_S1.);
#944 = CIRCLE('',#945,4.1);
#945 = AXIS2_PLACEMENT_3D('',#946,#947,#948);
#946 = CARTESIAN_POINT('',(1.975918651964E-15,38.6,0.));
#947 = DIRECTION('',(0.,-0.,-1.));
#948 = DIRECTION('',(1.,-1.110223024625E-16,0.));
#949 = PCURVE('',#43,#950);
#950 = DEFINITIONAL_REPRESENTATION('',(#951),#959);
#951 = ( BOUNDED_CURVE() B_SPLINE_CURVE(2,(#952,#953,#954,#955,#956,#957
,#958),.UNSPECIFIED.,.T.,.F.) B_SPLINE_CURVE_WITH_KNOTS((1,2,2,2,2,1),(
    -2.094395102393,0.,2.094395102393,4.188790204786,6.28318530718,
8.377580409573),.UNSPECIFIED.) CURVE() GEOMETRIC_REPRESENTATION_ITEM() 
RATIONAL_B_SPLINE_CURVE((1.,0.5,1.,0.5,1.,0.5,1.)) REPRESENTATION_ITEM(
  '') );
#952 = CARTESIAN_POINT('',(4.1,38.6));
#953 = CARTESIAN_POINT('',(4.1,31.498591688968));
#954 = CARTESIAN_POINT('',(-2.05,35.049295844484));
#955 = CARTESIAN_POINT('',(-8.2,38.6));
#956 = CARTESIAN_POINT('',(-2.05,42.150704155516));
#957 = CARTESIAN_POINT('',(4.1,45.701408311032));
#958 = CARTESIAN_POINT('',(4.1,38.6));
#959 = ( GEOMETRIC_REPRESENTATION_CONTEXT(2) 
PARAMETRIC_REPRESENTATION_CONTEXT() REPRESENTATION_CONTEXT('2D SPACE',''
  ) );
#960 = PCURVE('',#961,#966);
#961 = CYLINDRICAL_SURFACE('',#962,4.1);
#962 = AXIS2_PLACEMENT_3D('',#963,#964,#965);
#963 = CARTESIAN_POINT('',(1.975918651964E-15,38.6,-20.));
#964 = DIRECTION('',(0.,-0.,-1.));
#965 = DIRECTION('',(1.,-1.110223024625E-16,0.));
#966 = DEFINITIONAL_REPRESENTATION('',(#967),#971);
#967 = LINE('',#968,#969);
#968 = CARTESIAN_POINT('',(0.,-20.));
#969 = VECTOR('',#970,1.);
#970 = DIRECTION('',(1.,0.));
#971 = ( GEOMETRIC_REPRESENTATION_CONTEXT(2) 
PARAMETRIC_REPRESENTATION_CONTEXT() REPRESENTATION_CONTEXT('2D SPACE',''
  ) );
#972 = ADVANCED_FACE('',(#973),#95,.F.);
#973 = FACE_BOUND('',#974,.F.);
#974 = EDGE_LOOP('',(#975,#998,#999,#1000,#1023));
#975 = ORIENTED_EDGE('',*,*,#976,.T.);
#976 = EDGE_CURVE('',#977,#79,#979,.T.);
#977 = VERTEX_POINT('',#978);
#978 = CARTESIAN_POINT('',(31.899346400575,50.748711305964,3.));
#979 = SURFACE_CURVE('',#980,(#984,#991),.PCURVE_S1.);
#980 = LINE('',#981,#982);
#981 = CARTESIAN_POINT('',(33.198384506252,51.498711305964,3.));
#982 = VECTOR('',#983,1.);
#983 = DIRECTION('',(-0.866025403784,-0.5,0.));
#984 = PCURVE('',#95,#985);
#985 = DEFINITIONAL_REPRESENTATION('',(#986),#990);
#986 = LINE('',#987,#988);
#987 = CARTESIAN_POINT('',(13.25,28.));
#988 = VECTOR('',#989,1.);
#989 = DIRECTION('',(-1.,7.437084071669E-18));
#990 = ( GEOMETRIC_REPRESENTATION_CONTEXT(2) 
PARAMETRIC_REPRESENTATION_CONTEXT() REPRESENTATION_CONTEXT('2D SPACE',''
  ) );
#991 = PCURVE('',#126,#992);
#992 = DEFINITIONAL_REPRESENTATION('',(#993),#997);
#993 = LINE('',#994,#995);
#994 = CARTESIAN_POINT('',(0.,0.));
#995 = VECTOR('',#996,1.);
#996 = DIRECTION('',(1.,0.));
#997 = ( GEOMETRIC_REPRESENTATION_CONTEXT(2) 
PARAMETRIC_REPRESENTATION_CONTEXT() REPRESENTATION_CONTEXT('2D SPACE',''
  ) );
#998 = ORIENTED_EDGE('',*,*,#78,.T.);
#999 = ORIENTED_EDGE('',*,*,#192,.T.);
#1000 = ORIENTED_EDGE('',*,*,#1001,.T.);
#1001 = EDGE_CURVE('',#167,#1002,#1004,.T.);
#1002 = VERTEX_POINT('',#1003);
#1003 = CARTESIAN_POINT('',(59.899346400575,2.251288694036,3.));
#1004 = SURFACE_CURVE('',#1005,(#1009,#1016),.PCURVE_S1.);
#1005 = LINE('',#1006,#1007);
#1006 = CARTESIAN_POINT('',(38.248711305964,-10.24871130596,3.));
#1007 = VECTOR('',#1008,1.);
#1008 = DIRECTION('',(0.866025403784,0.5,0.));
#1009 = PCURVE('',#95,#1010);
#1010 = DEFINITIONAL_REPRESENTATION('',(#1011),#1015);
#1011 = LINE('',#1012,#1013);
#1012 = CARTESIAN_POINT('',(-13.25,-28.));
#1013 = VECTOR('',#1014,1.);
#1014 = DIRECTION('',(1.,-7.437084071669E-18));
#1015 = ( GEOMETRIC_REPRESENTATION_CONTEXT(2) 
PARAMETRIC_REPRESENTATION_CONTEXT() REPRESENTATION_CONTEXT('2D SPACE',''
  ) );
#1016 = PCURVE('',#181,#1017);
#1017 = DEFINITIONAL_REPRESENTATION('',(#1018),#1022);
#1018 = LINE('',#1019,#1020);
#1019 = CARTESIAN_POINT('',(0.,0.));
#1020 = VECTOR('',#1021,1.);
#1021 = DIRECTION('',(1.,0.));
#1022 = ( GEOMETRIC_REPRESENTATION_CONTEXT(2) 
PARAMETRIC_REPRESENTATION_CONTEXT() REPRESENTATION_CONTEXT('2D SPACE',''
  ) );
#1023 = ORIENTED_EDGE('',*,*,#1024,.F.);
#1024 = EDGE_CURVE('',#977,#1002,#1025,.T.);
#1025 = SURFACE_CURVE('',#1026,(#1030,#1037),.PCURVE_S1.);
#1026 = LINE('',#1027,#1028);
#1027 = CARTESIAN_POINT('',(95.899346400575,-60.10254037844,3.));
#1028 = VECTOR('',#1029,1.);
#1029 = DIRECTION('',(0.5,-0.866025403784,0.));
#1030 = PCURVE('',#95,#1031);
#1031 = DEFINITIONAL_REPRESENTATION('',(#1032),#1036);
#1032 = LINE('',#1033,#1034);
#1033 = CARTESIAN_POINT('',(11.75,-100.));
#1034 = VECTOR('',#1035,1.);
#1035 = DIRECTION('',(7.437084071669E-18,-1.));
#1036 = ( GEOMETRIC_REPRESENTATION_CONTEXT(2) 
PARAMETRIC_REPRESENTATION_CONTEXT() REPRESENTATION_CONTEXT('2D SPACE',''
  ) );
#1037 = PCURVE('',#1038,#1043);
#1038 = PLANE('',#1039);
#1039 = AXIS2_PLACEMENT_3D('',#1040,#1041,#1042);
#1040 = CARTESIAN_POINT('',(145.89934640057,-146.7050807568,-100.));
#1041 = DIRECTION('',(0.866025403784,0.5,0.));
#1042 = DIRECTION('',(0.,0.,1.));
#1043 = DEFINITIONAL_REPRESENTATION('',(#1044),#1048);
#1044 = LINE('',#1045,#1046);
#1045 = CARTESIAN_POINT('',(103.,-100.));
#1046 = VECTOR('',#1047,1.);
#1047 = DIRECTION('',(0.,1.));
#1048 = ( GEOMETRIC_REPRESENTATION_CONTEXT(2) 
PARAMETRIC_REPRESENTATION_CONTEXT() REPRESENTATION_CONTEXT('2D SPACE',''
  ) );
#1049 = ADVANCED_FACE('',(#1050),#181,.F.);
#1050 = FACE_BOUND('',#1051,.F.);
#1051 = EDGE_LOOP('',(#1052,#1053,#1054,#1081,#1109));
#1052 = ORIENTED_EDGE('',*,*,#1001,.F.);
#1053 = ORIENTED_EDGE('',*,*,#166,.F.);
#1054 = ORIENTED_EDGE('',*,*,#1055,.T.);
#1055 = EDGE_CURVE('',#138,#1056,#1058,.T.);
#1056 = VERTEX_POINT('',#1057);
#1057 = CARTESIAN_POINT('',(46.691742076554,-5.374125217789,6.));
#1058 = SURFACE_CURVE('',#1059,(#1064,#1071),.PCURVE_S1.);
#1059 = HYPERBOLA('',#1060,28.,28.);
#1060 = AXIS2_PLACEMENT_3D('',#1061,#1062,#1063);
#1061 = CARTESIAN_POINT('',(14.,-24.24871130596,53.));
#1062 = DIRECTION('',(-0.5,0.866025403784,0.));
#1063 = DIRECTION('',(-0.,0.,-1.));
#1064 = PCURVE('',#181,#1065);
#1065 = DEFINITIONAL_REPRESENTATION('',(#1066),#1070);
#1066 = ( BOUNDED_CURVE() B_SPLINE_CURVE(2,(#1067,#1068,#1069),
.UNSPECIFIED.,.F.,.F.) B_SPLINE_CURVE_WITH_KNOTS((3,3),(-1.133556211171,
-1.107491468207),.PIECEWISE_BEZIER_KNOTS.) CURVE() 
GEOMETRIC_REPRESENTATION_ITEM() RATIONAL_B_SPLINE_CURVE((1.,
1.000084922555,1.)) REPRESENTATION_ITEM('') );
#1067 = CARTESIAN_POINT('',(10.987177379236,-2.));
#1068 = CARTESIAN_POINT('',(10.361658960938,-2.50806661517));
#1069 = CARTESIAN_POINT('',(9.749172176354,-3.));
#1070 = ( GEOMETRIC_REPRESENTATION_CONTEXT(2) 
PARAMETRIC_REPRESENTATION_CONTEXT() REPRESENTATION_CONTEXT('2D SPACE',''
  ) );
#1071 = PCURVE('',#154,#1072);
#1072 = DEFINITIONAL_REPRESENTATION('',(#1073),#1080);
#1073 = B_SPLINE_CURVE_WITH_KNOTS('',5,(#1074,#1075,#1076,#1077,#1078,
    #1079),.UNSPECIFIED.,.F.,.F.,(6,6),(-1.133556211171,-1.107491468207)
  ,.PIECEWISE_BEZIER_KNOTS.);
#1074 = CARTESIAN_POINT('',(-6.183957497366,-1.06581410364E-14));
#1075 = CARTESIAN_POINT('',(-6.180916610687,-0.203238151459));
#1076 = CARTESIAN_POINT('',(-6.177859629628,-0.404845812937));
#1077 = CARTESIAN_POINT('',(-6.174786499194,-0.604834490602));
#1078 = CARTESIAN_POINT('',(-6.171697166289,-0.803215506021));
#1079 = CARTESIAN_POINT('',(-6.168591579893,-1.));
#1080 = ( GEOMETRIC_REPRESENTATION_CONTEXT(2) 
PARAMETRIC_REPRESENTATION_CONTEXT() REPRESENTATION_CONTEXT('2D SPACE',''
  ) );
#1081 = ORIENTED_EDGE('',*,*,#1082,.T.);
#1082 = EDGE_CURVE('',#1056,#1083,#1085,.T.);
#1083 = VERTEX_POINT('',#1084);
#1084 = CARTESIAN_POINT('',(59.899346400575,2.251288694036,6.));
#1085 = SURFACE_CURVE('',#1086,(#1090,#1097),.PCURVE_S1.);
#1086 = LINE('',#1087,#1088);
#1087 = CARTESIAN_POINT('',(38.248711305964,-10.24871130596,6.));
#1088 = VECTOR('',#1089,1.);
#1089 = DIRECTION('',(0.866025403784,0.5,0.));
#1090 = PCURVE('',#181,#1091);
#1091 = DEFINITIONAL_REPRESENTATION('',(#1092),#1096);
#1092 = LINE('',#1093,#1094);
#1093 = CARTESIAN_POINT('',(0.,-3.));
#1094 = VECTOR('',#1095,1.);
#1095 = DIRECTION('',(1.,0.));
#1096 = ( GEOMETRIC_REPRESENTATION_CONTEXT(2) 
PARAMETRIC_REPRESENTATION_CONTEXT() REPRESENTATION_CONTEXT('2D SPACE',''
  ) );
#1097 = PCURVE('',#1098,#1103);
#1098 = PLANE('',#1099);
#1099 = AXIS2_PLACEMENT_3D('',#1100,#1101,#1102);
#1100 = CARTESIAN_POINT('',(145.89934640057,-146.7050807568,6.));
#1101 = DIRECTION('',(0.,0.,1.));
#1102 = DIRECTION('',(0.866025403784,0.5,0.));
#1103 = DEFINITIONAL_REPRESENTATION('',(#1104),#1108);
#1104 = LINE('',#1105,#1106);
#1105 = CARTESIAN_POINT('',(-25.,172.));
#1106 = VECTOR('',#1107,1.);
#1107 = DIRECTION('',(1.,-7.437084071669E-18));
#1108 = ( GEOMETRIC_REPRESENTATION_CONTEXT(2) 
PARAMETRIC_REPRESENTATION_CONTEXT() REPRESENTATION_CONTEXT('2D SPACE',''
  ) );
#1109 = ORIENTED_EDGE('',*,*,#1110,.F.);
#1110 = EDGE_CURVE('',#1002,#1083,#1111,.T.);
#1111 = SURFACE_CURVE('',#1112,(#1116,#1123),.PCURVE_S1.);
#1112 = LINE('',#1113,#1114);
#1113 = CARTESIAN_POINT('',(59.899346400575,2.251288694036,-48.5));
#1114 = VECTOR('',#1115,1.);
#1115 = DIRECTION('',(0.,0.,1.));
#1116 = PCURVE('',#181,#1117);
#1117 = DEFINITIONAL_REPRESENTATION('',(#1118),#1122);
#1118 = LINE('',#1119,#1120);
#1119 = CARTESIAN_POINT('',(25.,51.5));
#1120 = VECTOR('',#1121,1.);
#1121 = DIRECTION('',(0.,-1.));
#1122 = ( GEOMETRIC_REPRESENTATION_CONTEXT(2) 
PARAMETRIC_REPRESENTATION_CONTEXT() REPRESENTATION_CONTEXT('2D SPACE',''
  ) );
#1123 = PCURVE('',#1038,#1124);
#1124 = DEFINITIONAL_REPRESENTATION('',(#1125),#1129);
#1125 = LINE('',#1126,#1127);
#1126 = CARTESIAN_POINT('',(51.5,-172.));
#1127 = VECTOR('',#1128,1.);
#1128 = DIRECTION('',(1.,0.));
#1129 = ( GEOMETRIC_REPRESENTATION_CONTEXT(2) 
PARAMETRIC_REPRESENTATION_CONTEXT() REPRESENTATION_CONTEXT('2D SPACE',''
  ) );
#1130 = ADVANCED_FACE('',(#1131),#154,.T.);
#1131 = FACE_BOUND('',#1132,.T.);
#1132 = EDGE_LOOP('',(#1133,#1160,#1161,#1162));
#1133 = ORIENTED_EDGE('',*,*,#1134,.T.);
#1134 = EDGE_CURVE('',#1135,#112,#1137,.T.);
#1135 = VERTEX_POINT('',#1136);
#1136 = CARTESIAN_POINT('',(18.691742076557,43.123297394141,6.));
#1137 = SURFACE_CURVE('',#1138,(#1143,#1153),.PCURVE_S1.);
#1138 = HYPERBOLA('',#1139,28.,28.);
#1139 = AXIS2_PLACEMENT_3D('',#1140,#1141,#1142);
#1140 = CARTESIAN_POINT('',(-14.,24.248711305964,53.));
#1141 = DIRECTION('',(0.5,-0.866025403784,0.));
#1142 = DIRECTION('',(0.,-0.,-1.));
#1143 = PCURVE('',#154,#1144);
#1144 = DEFINITIONAL_REPRESENTATION('',(#1145),#1152);
#1145 = B_SPLINE_CURVE_WITH_KNOTS('',5,(#1146,#1147,#1148,#1149,#1150,
    #1151),.UNSPECIFIED.,.F.,.F.,(6,6),(1.107491468207,1.133556211171),
  .PIECEWISE_BEZIER_KNOTS.);
#1146 = CARTESIAN_POINT('',(-1.161791278483,-1.));
#1147 = CARTESIAN_POINT('',(-1.158685692087,-0.803215506021));
#1148 = CARTESIAN_POINT('',(-1.155596359182,-0.604834490602));
#1149 = CARTESIAN_POINT('',(-1.152523228749,-0.404845812937));
#1150 = CARTESIAN_POINT('',(-1.149466247689,-0.203238151459));
#1151 = CARTESIAN_POINT('',(-1.14642536101,0.));
#1152 = ( GEOMETRIC_REPRESENTATION_CONTEXT(2) 
PARAMETRIC_REPRESENTATION_CONTEXT() REPRESENTATION_CONTEXT('2D SPACE',''
  ) );
#1153 = PCURVE('',#126,#1154);
#1154 = DEFINITIONAL_REPRESENTATION('',(#1155),#1159);
#1155 = ( BOUNDED_CURVE() B_SPLINE_CURVE(2,(#1156,#1157,#1158),
.UNSPECIFIED.,.F.,.F.) B_SPLINE_CURVE_WITH_KNOTS((3,3),(1.107491468207,
1.133556211171),.PIECEWISE_BEZIER_KNOTS.) CURVE() 
GEOMETRIC_REPRESENTATION_ITEM() RATIONAL_B_SPLINE_CURVE((1.,
1.000084922555,1.)) REPRESENTATION_ITEM('') );
#1156 = CARTESIAN_POINT('',(16.750827823646,-3.));
#1157 = CARTESIAN_POINT('',(16.138341039062,-2.50806661517));
#1158 = CARTESIAN_POINT('',(15.512822620764,-2.));
#1159 = ( GEOMETRIC_REPRESENTATION_CONTEXT(2) 
PARAMETRIC_REPRESENTATION_CONTEXT() REPRESENTATION_CONTEXT('2D SPACE',''
  ) );
#1160 = ORIENTED_EDGE('',*,*,#137,.T.);
#1161 = ORIENTED_EDGE('',*,*,#1055,.T.);
#1162 = ORIENTED_EDGE('',*,*,#1163,.F.);
#1163 = EDGE_CURVE('',#1135,#1056,#1164,.T.);
#1164 = SURFACE_CURVE('',#1165,(#1170,#1177),.PCURVE_S1.);
#1165 = CIRCLE('',#1166,47.);
#1166 = AXIS2_PLACEMENT_3D('',#1167,#1168,#1169);
#1167 = CARTESIAN_POINT('',(0.,0.,6.));
#1168 = DIRECTION('',(0.,0.,1.));
#1169 = DIRECTION('',(1.,0.,-0.));
#1170 = PCURVE('',#154,#1171);
#1171 = DEFINITIONAL_REPRESENTATION('',(#1172),#1176);
#1172 = LINE('',#1173,#1174);
#1173 = CARTESIAN_POINT('',(-0.,-1.));
#1174 = VECTOR('',#1175,1.);
#1175 = DIRECTION('',(-1.,-0.));
#1176 = ( GEOMETRIC_REPRESENTATION_CONTEXT(2) 
PARAMETRIC_REPRESENTATION_CONTEXT() REPRESENTATION_CONTEXT('2D SPACE',''
  ) );
#1177 = PCURVE('',#1098,#1178);
#1178 = DEFINITIONAL_REPRESENTATION('',(#1179),#1183);
#1179 = CIRCLE('',#1180,47.);
#1180 = AXIS2_PLACEMENT_2D('',#1181,#1182);
#1181 = CARTESIAN_POINT('',(-53.,200.));
#1182 = DIRECTION('',(0.866025403784,-0.5));
#1183 = ( GEOMETRIC_REPRESENTATION_CONTEXT(2) 
PARAMETRIC_REPRESENTATION_CONTEXT() REPRESENTATION_CONTEXT('2D SPACE',''
  ) );
#1184 = ADVANCED_FACE('',(#1185),#126,.F.);
#1185 = FACE_BOUND('',#1186,.F.);
#1186 = EDGE_LOOP('',(#1187,#1188,#1211,#1232,#1233));
#1187 = ORIENTED_EDGE('',*,*,#976,.F.);
#1188 = ORIENTED_EDGE('',*,*,#1189,.F.);
#1189 = EDGE_CURVE('',#1190,#977,#1192,.T.);
#1190 = VERTEX_POINT('',#1191);
#1191 = CARTESIAN_POINT('',(31.899346400575,50.748711305964,6.));
#1192 = SURFACE_CURVE('',#1193,(#1197,#1204),.PCURVE_S1.);
#1193 = LINE('',#1194,#1195);
#1194 = CARTESIAN_POINT('',(31.899346400575,50.748711305964,-48.5));
#1195 = VECTOR('',#1196,1.);
#1196 = DIRECTION('',(0.,0.,-1.));
#1197 = PCURVE('',#126,#1198);
#1198 = DEFINITIONAL_REPRESENTATION('',(#1199),#1203);
#1199 = LINE('',#1200,#1201);
#1200 = CARTESIAN_POINT('',(1.5,51.5));
#1201 = VECTOR('',#1202,1.);
#1202 = DIRECTION('',(-0.,1.));
#1203 = ( GEOMETRIC_REPRESENTATION_CONTEXT(2) 
PARAMETRIC_REPRESENTATION_CONTEXT() REPRESENTATION_CONTEXT('2D SPACE',''
  ) );
#1204 = PCURVE('',#1038,#1205);
#1205 = DEFINITIONAL_REPRESENTATION('',(#1206),#1210);
#1206 = LINE('',#1207,#1208);
#1207 = CARTESIAN_POINT('',(51.5,-228.));
#1208 = VECTOR('',#1209,1.);
#1209 = DIRECTION('',(-1.,0.));
#1210 = ( GEOMETRIC_REPRESENTATION_CONTEXT(2) 
PARAMETRIC_REPRESENTATION_CONTEXT() REPRESENTATION_CONTEXT('2D SPACE',''
  ) );
#1211 = ORIENTED_EDGE('',*,*,#1212,.T.);
#1212 = EDGE_CURVE('',#1190,#1135,#1213,.T.);
#1213 = SURFACE_CURVE('',#1214,(#1218,#1225),.PCURVE_S1.);
#1214 = LINE('',#1215,#1216);
#1215 = CARTESIAN_POINT('',(33.198384506252,51.498711305964,6.));
#1216 = VECTOR('',#1217,1.);
#1217 = DIRECTION('',(-0.866025403784,-0.5,0.));
#1218 = PCURVE('',#126,#1219);
#1219 = DEFINITIONAL_REPRESENTATION('',(#1220),#1224);
#1220 = LINE('',#1221,#1222);
#1221 = CARTESIAN_POINT('',(0.,-3.));
#1222 = VECTOR('',#1223,1.);
#1223 = DIRECTION('',(1.,0.));
#1224 = ( GEOMETRIC_REPRESENTATION_CONTEXT(2) 
PARAMETRIC_REPRESENTATION_CONTEXT() REPRESENTATION_CONTEXT('2D SPACE',''
  ) );
#1225 = PCURVE('',#1098,#1226);
#1226 = DEFINITIONAL_REPRESENTATION('',(#1227),#1231);
#1227 = LINE('',#1228,#1229);
#1228 = CARTESIAN_POINT('',(1.5,228.));
#1229 = VECTOR('',#1230,1.);
#1230 = DIRECTION('',(-1.,7.437084071669E-18));
#1231 = ( GEOMETRIC_REPRESENTATION_CONTEXT(2) 
PARAMETRIC_REPRESENTATION_CONTEXT() REPRESENTATION_CONTEXT('2D SPACE',''
  ) );
#1232 = ORIENTED_EDGE('',*,*,#1134,.T.);
#1233 = ORIENTED_EDGE('',*,*,#111,.T.);
#1234 = ADVANCED_FACE('',(#1235),#246,.F.);
#1235 = FACE_BOUND('',#1236,.T.);
#1236 = EDGE_LOOP('',(#1237,#1238,#1261,#1287));
#1237 = ORIENTED_EDGE('',*,*,#225,.T.);
#1238 = ORIENTED_EDGE('',*,*,#1239,.T.);
#1239 = EDGE_CURVE('',#226,#1240,#1242,.T.);
#1240 = VERTEX_POINT('',#1241);
#1241 = CARTESIAN_POINT('',(-15.5,-34.64101615137,6.));
#1242 = SEAM_CURVE('',#1243,(#1247,#1254),.PCURVE_S1.);
#1243 = LINE('',#1244,#1245);
#1244 = CARTESIAN_POINT('',(-15.5,-34.64101615137,-20.));
#1245 = VECTOR('',#1246,1.);
#1246 = DIRECTION('',(0.,0.,1.));
#1247 = PCURVE('',#246,#1248);
#1248 = DEFINITIONAL_REPRESENTATION('',(#1249),#1253);
#1249 = LINE('',#1250,#1251);
#1250 = CARTESIAN_POINT('',(-6.28318530718,0.));
#1251 = VECTOR('',#1252,1.);
#1252 = DIRECTION('',(-0.,-1.));
#1253 = ( GEOMETRIC_REPRESENTATION_CONTEXT(2) 
PARAMETRIC_REPRESENTATION_CONTEXT() REPRESENTATION_CONTEXT('2D SPACE',''
  ) );
#1254 = PCURVE('',#246,#1255);
#1255 = DEFINITIONAL_REPRESENTATION('',(#1256),#1260);
#1256 = LINE('',#1257,#1258);
#1257 = CARTESIAN_POINT('',(-0.,0.));
#1258 = VECTOR('',#1259,1.);
#1259 = DIRECTION('',(-0.,-1.));
#1260 = ( GEOMETRIC_REPRESENTATION_CONTEXT(2) 
PARAMETRIC_REPRESENTATION_CONTEXT() REPRESENTATION_CONTEXT('2D SPACE',''
  ) );
#1261 = ORIENTED_EDGE('',*,*,#1262,.F.);
#1262 = EDGE_CURVE('',#1240,#1240,#1263,.T.);
#1263 = SURFACE_CURVE('',#1264,(#1269,#1276),.PCURVE_S1.);
#1264 = CIRCLE('',#1265,4.5);
#1265 = AXIS2_PLACEMENT_3D('',#1266,#1267,#1268);
#1266 = CARTESIAN_POINT('',(-20.,-34.64101615137,6.));
#1267 = DIRECTION('',(0.,0.,-1.));
#1268 = DIRECTION('',(1.,0.,0.));
#1269 = PCURVE('',#246,#1270);
#1270 = DEFINITIONAL_REPRESENTATION('',(#1271),#1275);
#1271 = LINE('',#1272,#1273);
#1272 = CARTESIAN_POINT('',(-6.28318530718,-26.));
#1273 = VECTOR('',#1274,1.);
#1274 = DIRECTION('',(1.,-0.));
#1275 = ( GEOMETRIC_REPRESENTATION_CONTEXT(2) 
PARAMETRIC_REPRESENTATION_CONTEXT() REPRESENTATION_CONTEXT('2D SPACE',''
  ) );
#1276 = PCURVE('',#1098,#1277);
#1277 = DEFINITIONAL_REPRESENTATION('',(#1278),#1286);
#1278 = ( BOUNDED_CURVE() B_SPLINE_CURVE(2,(#1279,#1280,#1281,#1282,
#1283,#1284,#1285),.UNSPECIFIED.,.T.,.F.) B_SPLINE_CURVE_WITH_KNOTS((1,2
    ,2,2,2,1),(-2.094395102393,0.,2.094395102393,4.188790204786,
6.28318530718,8.377580409573),.UNSPECIFIED.) CURVE() 
GEOMETRIC_REPRESENTATION_ITEM() RATIONAL_B_SPLINE_CURVE((1.,0.5,1.,0.5,
1.,0.5,1.)) REPRESENTATION_ITEM('') );
#1279 = CARTESIAN_POINT('',(-83.74390183434,177.75));
#1280 = CARTESIAN_POINT('',(-87.64101615137,171.));
#1281 = CARTESIAN_POINT('',(-91.5381304684,177.75));
#1282 = CARTESIAN_POINT('',(-95.43524478543,184.5));
#1283 = CARTESIAN_POINT('',(-87.64101615137,184.5));
#1284 = CARTESIAN_POINT('',(-79.84678751731,184.5));
#1285 = CARTESIAN_POINT('',(-83.74390183434,177.75));
#1286 = ( GEOMETRIC_REPRESENTATION_CONTEXT(2) 
PARAMETRIC_REPRESENTATION_CONTEXT() REPRESENTATION_CONTEXT('2D SPACE',''
  ) );
#1287 = ORIENTED_EDGE('',*,*,#1239,.F.);
#1288 = ADVANCED_FACE('',(#1289),#281,.F.);
#1289 = FACE_BOUND('',#1290,.T.);
#1290 = EDGE_LOOP('',(#1291,#1292,#1315,#1341));
#1291 = ORIENTED_EDGE('',*,*,#260,.T.);
#1292 = ORIENTED_EDGE('',*,*,#1293,.T.);
#1293 = EDGE_CURVE('',#261,#1294,#1296,.T.);
#1294 = VERTEX_POINT('',#1295);
#1295 = CARTESIAN_POINT('',(-35.5,4.898587196589E-15,6.));
#1296 = SEAM_CURVE('',#1297,(#1301,#1308),.PCURVE_S1.);
#1297 = LINE('',#1298,#1299);
#1298 = CARTESIAN_POINT('',(-35.5,4.898587196589E-15,-20.));
#1299 = VECTOR('',#1300,1.);
#1300 = DIRECTION('',(0.,0.,1.));
#1301 = PCURVE('',#281,#1302);
#1302 = DEFINITIONAL_REPRESENTATION('',(#1303),#1307);
#1303 = LINE('',#1304,#1305);
#1304 = CARTESIAN_POINT('',(-6.28318530718,0.));
#1305 = VECTOR('',#1306,1.);
#1306 = DIRECTION('',(-0.,-1.));
#1307 = ( GEOMETRIC_REPRESENTATION_CONTEXT(2) 
PARAMETRIC_REPRESENTATION_CONTEXT() REPRESENTATION_CONTEXT('2D SPACE',''
  ) );
#1308 = PCURVE('',#281,#1309);
#1309 = DEFINITIONAL_REPRESENTATION('',(#1310),#1314);
#1310 = LINE('',#1311,#1312);
#1311 = CARTESIAN_POINT('',(-0.,0.));
#1312 = VECTOR('',#1313,1.);
#1313 = DIRECTION('',(-0.,-1.));
#1314 = ( GEOMETRIC_REPRESENTATION_CONTEXT(2) 
PARAMETRIC_REPRESENTATION_CONTEXT() REPRESENTATION_CONTEXT('2D SPACE',''
  ) );
#1315 = ORIENTED_EDGE('',*,*,#1316,.F.);
#1316 = EDGE_CURVE('',#1294,#1294,#1317,.T.);
#1317 = SURFACE_CURVE('',#1318,(#1323,#1330),.PCURVE_S1.);
#1318 = CIRCLE('',#1319,4.5);
#1319 = AXIS2_PLACEMENT_3D('',#1320,#1321,#1322);
#1320 = CARTESIAN_POINT('',(-40.,4.898587196589E-15,6.));
#1321 = DIRECTION('',(0.,0.,-1.));
#1322 = DIRECTION('',(1.,0.,0.));
#1323 = PCURVE('',#281,#1324);
#1324 = DEFINITIONAL_REPRESENTATION('',(#1325),#1329);
#1325 = LINE('',#1326,#1327);
#1326 = CARTESIAN_POINT('',(-6.28318530718,-26.));
#1327 = VECTOR('',#1328,1.);
#1328 = DIRECTION('',(1.,-0.));
#1329 = ( GEOMETRIC_REPRESENTATION_CONTEXT(2) 
PARAMETRIC_REPRESENTATION_CONTEXT() REPRESENTATION_CONTEXT('2D SPACE',''
  ) );
#1330 = PCURVE('',#1098,#1331);
#1331 = DEFINITIONAL_REPRESENTATION('',(#1332),#1340);
#1332 = ( BOUNDED_CURVE() B_SPLINE_CURVE(2,(#1333,#1334,#1335,#1336,
#1337,#1338,#1339),.UNSPECIFIED.,.T.,.F.) B_SPLINE_CURVE_WITH_KNOTS((1,2
    ,2,2,2,1),(-2.094395102393,0.,2.094395102393,4.188790204786,
6.28318530718,8.377580409573),.UNSPECIFIED.) CURVE() 
GEOMETRIC_REPRESENTATION_ITEM() RATIONAL_B_SPLINE_CURVE((1.,0.5,1.,0.5,
1.,0.5,1.)) REPRESENTATION_ITEM('') );
#1333 = CARTESIAN_POINT('',(-83.74390183434,217.75));
#1334 = CARTESIAN_POINT('',(-87.64101615137,211.));
#1335 = CARTESIAN_POINT('',(-91.5381304684,217.75));
#1336 = CARTESIAN_POINT('',(-95.43524478543,224.5));
#1337 = CARTESIAN_POINT('',(-87.64101615137,224.5));
#1338 = CARTESIAN_POINT('',(-79.84678751731,224.5));
#1339 = CARTESIAN_POINT('',(-83.74390183434,217.75));
#1340 = ( GEOMETRIC_REPRESENTATION_CONTEXT(2) 
PARAMETRIC_REPRESENTATION_CONTEXT() REPRESENTATION_CONTEXT('2D SPACE',''
  ) );
#1341 = ORIENTED_EDGE('',*,*,#1293,.F.);
#1342 = ADVANCED_FACE('',(#1343),#316,.F.);
#1343 = FACE_BOUND('',#1344,.T.);
#1344 = EDGE_LOOP('',(#1345,#1346,#1369,#1395));
#1345 = ORIENTED_EDGE('',*,*,#295,.T.);
#1346 = ORIENTED_EDGE('',*,*,#1347,.T.);
#1347 = EDGE_CURVE('',#296,#1348,#1350,.T.);
#1348 = VERTEX_POINT('',#1349);
#1349 = CARTESIAN_POINT('',(24.5,-34.64101615137,6.));
#1350 = SEAM_CURVE('',#1351,(#1355,#1362),.PCURVE_S1.);
#1351 = LINE('',#1352,#1353);
#1352 = CARTESIAN_POINT('',(24.5,-34.64101615137,-20.));
#1353 = VECTOR('',#1354,1.);
#1354 = DIRECTION('',(0.,0.,1.));
#1355 = PCURVE('',#316,#1356);
#1356 = DEFINITIONAL_REPRESENTATION('',(#1357),#1361);
#1357 = LINE('',#1358,#1359);
#1358 = CARTESIAN_POINT('',(-6.28318530718,0.));
#1359 = VECTOR('',#1360,1.);
#1360 = DIRECTION('',(-0.,-1.));
#1361 = ( GEOMETRIC_REPRESENTATION_CONTEXT(2) 
PARAMETRIC_REPRESENTATION_CONTEXT() REPRESENTATION_CONTEXT('2D SPACE',''
  ) );
#1362 = PCURVE('',#316,#1363);
#1363 = DEFINITIONAL_REPRESENTATION('',(#1364),#1368);
#1364 = LINE('',#1365,#1366);
#1365 = CARTESIAN_POINT('',(-0.,0.));
#1366 = VECTOR('',#1367,1.);
#1367 = DIRECTION('',(-0.,-1.));
#1368 = ( GEOMETRIC_REPRESENTATION_CONTEXT(2) 
PARAMETRIC_REPRESENTATION_CONTEXT() REPRESENTATION_CONTEXT('2D SPACE',''
  ) );
#1369 = ORIENTED_EDGE('',*,*,#1370,.F.);
#1370 = EDGE_CURVE('',#1348,#1348,#1371,.T.);
#1371 = SURFACE_CURVE('',#1372,(#1377,#1384),.PCURVE_S1.);
#1372 = CIRCLE('',#1373,4.5);
#1373 = AXIS2_PLACEMENT_3D('',#1374,#1375,#1376);
#1374 = CARTESIAN_POINT('',(20.,-34.64101615137,6.));
#1375 = DIRECTION('',(0.,0.,-1.));
#1376 = DIRECTION('',(1.,0.,0.));
#1377 = PCURVE('',#316,#1378);
#1378 = DEFINITIONAL_REPRESENTATION('',(#1379),#1383);
#1379 = LINE('',#1380,#1381);
#1380 = CARTESIAN_POINT('',(-6.28318530718,-26.));
#1381 = VECTOR('',#1382,1.);
#1382 = DIRECTION('',(1.,-0.));
#1383 = ( GEOMETRIC_REPRESENTATION_CONTEXT(2) 
PARAMETRIC_REPRESENTATION_CONTEXT() REPRESENTATION_CONTEXT('2D SPACE',''
  ) );
#1384 = PCURVE('',#1098,#1385);
#1385 = DEFINITIONAL_REPRESENTATION('',(#1386),#1394);
#1386 = ( BOUNDED_CURVE() B_SPLINE_CURVE(2,(#1387,#1388,#1389,#1390,
#1391,#1392,#1393),.UNSPECIFIED.,.T.,.F.) B_SPLINE_CURVE_WITH_KNOTS((1,2
    ,2,2,2,1),(-2.094395102393,0.,2.094395102393,4.188790204786,
6.28318530718,8.377580409573),.UNSPECIFIED.) CURVE() 
GEOMETRIC_REPRESENTATION_ITEM() RATIONAL_B_SPLINE_CURVE((1.,0.5,1.,0.5,
1.,0.5,1.)) REPRESENTATION_ITEM('') );
#1387 = CARTESIAN_POINT('',(-49.10288568297,157.75));
#1388 = CARTESIAN_POINT('',(-53.,151.));
#1389 = CARTESIAN_POINT('',(-56.89711431703,157.75));
#1390 = CARTESIAN_POINT('',(-60.79422863406,164.5));
#1391 = CARTESIAN_POINT('',(-53.,164.5));
#1392 = CARTESIAN_POINT('',(-45.20577136594,164.5));
#1393 = CARTESIAN_POINT('',(-49.10288568297,157.75));
#1394 = ( GEOMETRIC_REPRESENTATION_CONTEXT(2) 
PARAMETRIC_REPRESENTATION_CONTEXT() REPRESENTATION_CONTEXT('2D SPACE',''
  ) );
#1395 = ORIENTED_EDGE('',*,*,#1347,.F.);
#1396 = ADVANCED_FACE('',(#1397),#349,.T.);
#1397 = FACE_BOUND('',#1398,.F.);
#1398 = EDGE_LOOP('',(#1399,#1430,#1449,#1450));
#1399 = ORIENTED_EDGE('',*,*,#1400,.F.);
#1400 = EDGE_CURVE('',#1401,#1403,#1405,.T.);
#1401 = VERTEX_POINT('',#1402);
#1402 = CARTESIAN_POINT('',(15.130472102606,19.775712729312,-3.));
#1403 = VERTEX_POINT('',#1404);
#1404 = CARTESIAN_POINT('',(3.1,24.706274506692,-3.));
#1405 = SURFACE_CURVE('',#1406,(#1411,#1418),.PCURVE_S1.);
#1406 = CIRCLE('',#1407,24.9);
#1407 = AXIS2_PLACEMENT_3D('',#1408,#1409,#1410);
#1408 = CARTESIAN_POINT('',(0.,0.,-3.));
#1409 = DIRECTION('',(0.,-0.,1.));
#1410 = DIRECTION('',(0.607649482032,0.794205330494,0.));
#1411 = PCURVE('',#349,#1412);
#1412 = DEFINITIONAL_REPRESENTATION('',(#1413),#1417);
#1413 = LINE('',#1414,#1415);
#1414 = CARTESIAN_POINT('',(-0.917698683377,0.));
#1415 = VECTOR('',#1416,1.);
#1416 = DIRECTION('',(-1.,0.));
#1417 = ( GEOMETRIC_REPRESENTATION_CONTEXT(2) 
PARAMETRIC_REPRESENTATION_CONTEXT() REPRESENTATION_CONTEXT('2D SPACE',''
  ) );
#1418 = PCURVE('',#1419,#1424);
#1419 = PLANE('',#1420);
#1420 = AXIS2_PLACEMENT_3D('',#1421,#1422,#1423);
#1421 = CARTESIAN_POINT('',(-1.757352780774E-15,1.619572327868E-15,-3.)
  );
#1422 = DIRECTION('',(0.,0.,1.));
#1423 = DIRECTION('',(1.,0.,-0.));
#1424 = DEFINITIONAL_REPRESENTATION('',(#1425),#1429);
#1425 = CIRCLE('',#1426,24.9);
#1426 = AXIS2_PLACEMENT_2D('',#1427,#1428);
#1427 = CARTESIAN_POINT('',(1.757352780774E-15,-1.619572327868E-15));
#1428 = DIRECTION('',(0.607649482032,0.794205330494));
#1429 = ( GEOMETRIC_REPRESENTATION_CONTEXT(2) 
PARAMETRIC_REPRESENTATION_CONTEXT() REPRESENTATION_CONTEXT('2D SPACE',''
  ) );
#1430 = ORIENTED_EDGE('',*,*,#1431,.F.);
#1431 = EDGE_CURVE('',#331,#1401,#1432,.T.);
#1432 = SURFACE_CURVE('',#1433,(#1437,#1443),.PCURVE_S1.);
#1433 = LINE('',#1434,#1435);
#1434 = CARTESIAN_POINT('',(15.130472102606,19.775712729312,-3.));
#1435 = VECTOR('',#1436,1.);
#1436 = DIRECTION('',(-0.,-0.,-1.));
#1437 = PCURVE('',#349,#1438);
#1438 = DEFINITIONAL_REPRESENTATION('',(#1439),#1442);
#1439 = B_SPLINE_CURVE_WITH_KNOTS('',1,(#1440,#1441),.UNSPECIFIED.,.F.,
  .F.,(2,2),(-3.,0.),.PIECEWISE_BEZIER_KNOTS.);
#1440 = CARTESIAN_POINT('',(-0.917698683377,-3.));
#1441 = CARTESIAN_POINT('',(-0.917698683377,0.));
#1442 = ( GEOMETRIC_REPRESENTATION_CONTEXT(2) 
PARAMETRIC_REPRESENTATION_CONTEXT() REPRESENTATION_CONTEXT('2D SPACE',''
  ) );
#1443 = PCURVE('',#382,#1444);
#1444 = DEFINITIONAL_REPRESENTATION('',(#1445),#1448);
#1445 = B_SPLINE_CURVE_WITH_KNOTS('',1,(#1446,#1447),.UNSPECIFIED.,.F.,
  .F.,(2,2),(-3.0000006,5.999999999062E-07),.PIECEWISE_BEZIER_KNOTS.);
#1446 = CARTESIAN_POINT('',(-2.452586113075,-20.0000006));
#1447 = CARTESIAN_POINT('',(-2.452586113075,-16.9999994));
#1448 = ( GEOMETRIC_REPRESENTATION_CONTEXT(2) 
PARAMETRIC_REPRESENTATION_CONTEXT() REPRESENTATION_CONTEXT('2D SPACE',''
  ) );
#1449 = ORIENTED_EDGE('',*,*,#330,.T.);
#1450 = ORIENTED_EDGE('',*,*,#1451,.T.);
#1451 = EDGE_CURVE('',#333,#1403,#1452,.T.);
#1452 = SURFACE_CURVE('',#1453,(#1457,#1463),.PCURVE_S1.);
#1453 = LINE('',#1454,#1455);
#1454 = CARTESIAN_POINT('',(3.1,24.706274506692,-3.));
#1455 = VECTOR('',#1456,1.);
#1456 = DIRECTION('',(-0.,-0.,-1.));
#1457 = PCURVE('',#349,#1458);
#1458 = DEFINITIONAL_REPRESENTATION('',(#1459),#1462);
#1459 = B_SPLINE_CURVE_WITH_KNOTS('',1,(#1460,#1461),.UNSPECIFIED.,.F.,
  .F.,(2,2),(-3.0000006,5.999999999062E-07),.PIECEWISE_BEZIER_KNOTS.);
#1460 = CARTESIAN_POINT('',(-1.445974456059,-3.0000006));
#1461 = CARTESIAN_POINT('',(-1.445974456059,5.999999999062E-07));
#1462 = ( GEOMETRIC_REPRESENTATION_CONTEXT(2) 
PARAMETRIC_REPRESENTATION_CONTEXT() REPRESENTATION_CONTEXT('2D SPACE',''
  ) );
#1463 = PCURVE('',#737,#1464);
#1464 = DEFINITIONAL_REPRESENTATION('',(#1465),#1468);
#1465 = B_SPLINE_CURVE_WITH_KNOTS('',1,(#1466,#1467),.UNSPECIFIED.,.F.,
  .F.,(2,2),(-3.0000006,5.999999999062E-07),.PIECEWISE_BEZIER_KNOTS.);
#1466 = CARTESIAN_POINT('',(1.693725493308,-20.0000006));
#1467 = CARTESIAN_POINT('',(1.693725493308,-16.9999994));
#1468 = ( GEOMETRIC_REPRESENTATION_CONTEXT(2) 
PARAMETRIC_REPRESENTATION_CONTEXT() REPRESENTATION_CONTEXT('2D SPACE',''
  ) );
#1469 = ADVANCED_FACE('',(#1470),#382,.F.);
#1470 = FACE_BOUND('',#1471,.T.);
#1471 = EDGE_LOOP('',(#1472,#1473,#1496,#1524,#1550,#1583,#1609,#1635,
    #1636,#1637,#1658,#1684));
#1472 = ORIENTED_EDGE('',*,*,#361,.T.);
#1473 = ORIENTED_EDGE('',*,*,#1474,.T.);
#1474 = EDGE_CURVE('',#362,#1475,#1477,.T.);
#1475 = VERTEX_POINT('',#1476);
#1476 = CARTESIAN_POINT('',(20.977669529664,17.677669529664,6.));
#1477 = SEAM_CURVE('',#1478,(#1482,#1489),.PCURVE_S1.);
#1478 = LINE('',#1479,#1480);
#1479 = CARTESIAN_POINT('',(20.977669529664,17.677669529664,-20.));
#1480 = VECTOR('',#1481,1.);
#1481 = DIRECTION('',(0.,0.,1.));
#1482 = PCURVE('',#382,#1483);
#1483 = DEFINITIONAL_REPRESENTATION('',(#1484),#1488);
#1484 = LINE('',#1485,#1486);
#1485 = CARTESIAN_POINT('',(-6.28318530718,0.));
#1486 = VECTOR('',#1487,1.);
#1487 = DIRECTION('',(-0.,-1.));
#1488 = ( GEOMETRIC_REPRESENTATION_CONTEXT(2) 
PARAMETRIC_REPRESENTATION_CONTEXT() REPRESENTATION_CONTEXT('2D SPACE',''
  ) );
#1489 = PCURVE('',#382,#1490);
#1490 = DEFINITIONAL_REPRESENTATION('',(#1491),#1495);
#1491 = LINE('',#1492,#1493);
#1492 = CARTESIAN_POINT('',(-0.,0.));
#1493 = VECTOR('',#1494,1.);
#1494 = DIRECTION('',(-0.,-1.));
#1495 = ( GEOMETRIC_REPRESENTATION_CONTEXT(2) 
PARAMETRIC_REPRESENTATION_CONTEXT() REPRESENTATION_CONTEXT('2D SPACE',''
  ) );
#1496 = ORIENTED_EDGE('',*,*,#1497,.F.);
#1497 = EDGE_CURVE('',#1498,#1475,#1500,.T.);
#1498 = VERTEX_POINT('',#1499);
#1499 = CARTESIAN_POINT('',(15.262543549402,19.926483994991,6.));
#1500 = SURFACE_CURVE('',#1501,(#1506,#1513),.PCURVE_S1.);
#1501 = CIRCLE('',#1502,3.3);
#1502 = AXIS2_PLACEMENT_3D('',#1503,#1504,#1505);
#1503 = CARTESIAN_POINT('',(17.677669529664,17.677669529664,6.));
#1504 = DIRECTION('',(0.,0.,-1.));
#1505 = DIRECTION('',(1.,0.,0.));
#1506 = PCURVE('',#382,#1507);
#1507 = DEFINITIONAL_REPRESENTATION('',(#1508),#1512);
#1508 = LINE('',#1509,#1510);
#1509 = CARTESIAN_POINT('',(-6.28318530718,-26.));
#1510 = VECTOR('',#1511,1.);
#1511 = DIRECTION('',(1.,-0.));
#1512 = ( GEOMETRIC_REPRESENTATION_CONTEXT(2) 
PARAMETRIC_REPRESENTATION_CONTEXT() REPRESENTATION_CONTEXT('2D SPACE',''
  ) );
#1513 = PCURVE('',#1098,#1514);
#1514 = DEFINITIONAL_REPRESENTATION('',(#1515),#1523);
#1515 = ( BOUNDED_CURVE() B_SPLINE_CURVE(2,(#1516,#1517,#1518,#1519,
#1520,#1521,#1522),.UNSPECIFIED.,.T.,.F.) B_SPLINE_CURVE_WITH_KNOTS((1,2
    ,2,2,2,1),(-2.094395102393,0.,2.094395102393,4.188790204786,
6.28318530718,8.377580409573),.UNSPECIFIED.) CURVE() 
GEOMETRIC_REPRESENTATION_ITEM() RATIONAL_B_SPLINE_CURVE((1.,0.5,1.,0.5,
1.,0.5,1.)) REPRESENTATION_ITEM('') );
#1516 = CARTESIAN_POINT('',(-25.99397051028,204.82047612756));
#1517 = CARTESIAN_POINT('',(-28.85185434277,199.87047612756));
#1518 = CARTESIAN_POINT('',(-31.70973817526,204.82047612756));
#1519 = CARTESIAN_POINT('',(-34.56762200775,209.77047612756));
#1520 = CARTESIAN_POINT('',(-28.85185434277,209.77047612756));
#1521 = CARTESIAN_POINT('',(-23.13608667779,209.77047612756));
#1522 = CARTESIAN_POINT('',(-25.99397051028,204.82047612756));
#1523 = ( GEOMETRIC_REPRESENTATION_CONTEXT(2) 
PARAMETRIC_REPRESENTATION_CONTEXT() REPRESENTATION_CONTEXT('2D SPACE',''
  ) );
#1524 = ORIENTED_EDGE('',*,*,#1525,.T.);
#1525 = EDGE_CURVE('',#1498,#1526,#1528,.T.);
#1526 = VERTEX_POINT('',#1527);
#1527 = CARTESIAN_POINT('',(15.262543549402,19.926483994991,2.));
#1528 = SURFACE_CURVE('',#1529,(#1533,#1539),.PCURVE_S1.);
#1529 = LINE('',#1530,#1531);
#1530 = CARTESIAN_POINT('',(15.262543549402,19.926483994991,2.));
#1531 = VECTOR('',#1532,1.);
#1532 = DIRECTION('',(-0.,-0.,-1.));
#1533 = PCURVE('',#382,#1534);
#1534 = DEFINITIONAL_REPRESENTATION('',(#1535),#1538);
#1535 = B_SPLINE_CURVE_WITH_KNOTS('',1,(#1536,#1537),.UNSPECIFIED.,.F.,
  .F.,(2,2),(-4.0000006,5.999999999062E-07),.PIECEWISE_BEZIER_KNOTS.);
#1536 = CARTESIAN_POINT('',(-2.391838400878,-26.0000006));
#1537 = CARTESIAN_POINT('',(-2.391838400878,-21.9999994));
#1538 = ( GEOMETRIC_REPRESENTATION_CONTEXT(2) 
PARAMETRIC_REPRESENTATION_CONTEXT() REPRESENTATION_CONTEXT('2D SPACE',''
  ) );
#1539 = PCURVE('',#1540,#1545);
#1540 = CYLINDRICAL_SURFACE('',#1541,25.1);
#1541 = AXIS2_PLACEMENT_3D('',#1542,#1543,#1544);
#1542 = CARTESIAN_POINT('',(0.,0.,2.));
#1543 = DIRECTION('',(-0.,-0.,-1.));
#1544 = DIRECTION('',(1.,0.,0.));
#1545 = DEFINITIONAL_REPRESENTATION('',(#1546),#1549);
#1546 = B_SPLINE_CURVE_WITH_KNOTS('',1,(#1547,#1548),.UNSPECIFIED.,.F.,
  .F.,(2,2),(-4.,0.),.PIECEWISE_BEZIER_KNOTS.);
#1547 = CARTESIAN_POINT('',(-0.91716976839,-4.));
#1548 = CARTESIAN_POINT('',(-0.91716976839,0.));
#1549 = ( GEOMETRIC_REPRESENTATION_CONTEXT(2) 
PARAMETRIC_REPRESENTATION_CONTEXT() REPRESENTATION_CONTEXT('2D SPACE',''
  ) );
#1550 = ORIENTED_EDGE('',*,*,#1551,.F.);
#1551 = EDGE_CURVE('',#1552,#1526,#1554,.T.);
#1552 = VERTEX_POINT('',#1553);
#1553 = CARTESIAN_POINT('',(19.926483994991,15.262543549402,2.));
#1554 = SURFACE_CURVE('',#1555,(#1560,#1567),.PCURVE_S1.);
#1555 = CIRCLE('',#1556,3.3);
#1556 = AXIS2_PLACEMENT_3D('',#1557,#1558,#1559);
#1557 = CARTESIAN_POINT('',(17.677669529664,17.677669529664,2.));
#1558 = DIRECTION('',(0.,0.,-1.));
#1559 = DIRECTION('',(1.,0.,0.));
#1560 = PCURVE('',#382,#1561);
#1561 = DEFINITIONAL_REPRESENTATION('',(#1562),#1566);
#1562 = LINE('',#1563,#1564);
#1563 = CARTESIAN_POINT('',(-6.28318530718,-22.));
#1564 = VECTOR('',#1565,1.);
#1565 = DIRECTION('',(1.,-0.));
#1566 = ( GEOMETRIC_REPRESENTATION_CONTEXT(2) 
PARAMETRIC_REPRESENTATION_CONTEXT() REPRESENTATION_CONTEXT('2D SPACE',''
  ) );
#1567 = PCURVE('',#1568,#1573);
#1568 = PLANE('',#1569);
#1569 = AXIS2_PLACEMENT_3D('',#1570,#1571,#1572);
#1570 = CARTESIAN_POINT('',(-1.743349969771E-15,7.187288144848E-16,2.));
#1571 = DIRECTION('',(0.,0.,1.));
#1572 = DIRECTION('',(1.,0.,-0.));
#1573 = DEFINITIONAL_REPRESENTATION('',(#1574),#1582);
#1574 = ( BOUNDED_CURVE() B_SPLINE_CURVE(2,(#1575,#1576,#1577,#1578,
#1579,#1580,#1581),.UNSPECIFIED.,.T.,.F.) B_SPLINE_CURVE_WITH_KNOTS((1,2
    ,2,2,2,1),(-2.094395102393,0.,2.094395102393,4.188790204786,
6.28318530718,8.377580409573),.UNSPECIFIED.) CURVE() 
GEOMETRIC_REPRESENTATION_ITEM() RATIONAL_B_SPLINE_CURVE((1.,0.5,1.,0.5,
1.,0.5,1.)) REPRESENTATION_ITEM('') );
#1575 = CARTESIAN_POINT('',(20.977669529664,17.677669529664));
#1576 = CARTESIAN_POINT('',(20.977669529664,11.961901864686));
#1577 = CARTESIAN_POINT('',(16.027669529664,14.819785697175));
#1578 = CARTESIAN_POINT('',(11.077669529664,17.677669529664));
#1579 = CARTESIAN_POINT('',(16.027669529664,20.535553362152));
#1580 = CARTESIAN_POINT('',(20.977669529664,23.393437194641));
#1581 = CARTESIAN_POINT('',(20.977669529664,17.677669529664));
#1582 = ( GEOMETRIC_REPRESENTATION_CONTEXT(2) 
PARAMETRIC_REPRESENTATION_CONTEXT() REPRESENTATION_CONTEXT('2D SPACE',''
  ) );
#1583 = ORIENTED_EDGE('',*,*,#1584,.F.);
#1584 = EDGE_CURVE('',#1585,#1552,#1587,.T.);
#1585 = VERTEX_POINT('',#1586);
#1586 = CARTESIAN_POINT('',(19.926483994991,15.262543549402,6.));
#1587 = SURFACE_CURVE('',#1588,(#1592,#1598),.PCURVE_S1.);
#1588 = LINE('',#1589,#1590);
#1589 = CARTESIAN_POINT('',(19.926483994991,15.262543549402,2.));
#1590 = VECTOR('',#1591,1.);
#1591 = DIRECTION('',(-0.,-0.,-1.));
#1592 = PCURVE('',#382,#1593);
#1593 = DEFINITIONAL_REPRESENTATION('',(#1594),#1597);
#1594 = B_SPLINE_CURVE_WITH_KNOTS('',1,(#1595,#1596),.UNSPECIFIED.,.F.,
  .F.,(2,2),(-4.0000006,5.999999999062E-07),.PIECEWISE_BEZIER_KNOTS.);
#1595 = CARTESIAN_POINT('',(-5.462143233096,-26.0000006));
#1596 = CARTESIAN_POINT('',(-5.462143233096,-21.9999994));
#1597 = ( GEOMETRIC_REPRESENTATION_CONTEXT(2) 
PARAMETRIC_REPRESENTATION_CONTEXT() REPRESENTATION_CONTEXT('2D SPACE',''
  ) );
#1598 = PCURVE('',#1599,#1604);
#1599 = CYLINDRICAL_SURFACE('',#1600,25.1);
#1600 = AXIS2_PLACEMENT_3D('',#1601,#1602,#1603);
#1601 = CARTESIAN_POINT('',(0.,0.,2.));
#1602 = DIRECTION('',(-0.,-0.,-1.));
#1603 = DIRECTION('',(1.,0.,0.));
#1604 = DEFINITIONAL_REPRESENTATION('',(#1605),#1608);
#1605 = B_SPLINE_CURVE_WITH_KNOTS('',1,(#1606,#1607),.UNSPECIFIED.,.F.,
  .F.,(2,2),(-4.,0.),.PIECEWISE_BEZIER_KNOTS.);
#1606 = CARTESIAN_POINT('',(-6.936811865585,-4.));
#1607 = CARTESIAN_POINT('',(-6.936811865585,0.));
#1608 = ( GEOMETRIC_REPRESENTATION_CONTEXT(2) 
PARAMETRIC_REPRESENTATION_CONTEXT() REPRESENTATION_CONTEXT('2D SPACE',''
  ) );
#1609 = ORIENTED_EDGE('',*,*,#1610,.F.);
#1610 = EDGE_CURVE('',#1475,#1585,#1611,.T.);
#1611 = SURFACE_CURVE('',#1612,(#1617,#1624),.PCURVE_S1.);
#1612 = CIRCLE('',#1613,3.3);
#1613 = AXIS2_PLACEMENT_3D('',#1614,#1615,#1616);
#1614 = CARTESIAN_POINT('',(17.677669529664,17.677669529664,6.));
#1615 = DIRECTION('',(0.,0.,-1.));
#1616 = DIRECTION('',(1.,0.,0.));
#1617 = PCURVE('',#382,#1618);
#1618 = DEFINITIONAL_REPRESENTATION('',(#1619),#1623);
#1619 = LINE('',#1620,#1621);
#1620 = CARTESIAN_POINT('',(-6.28318530718,-26.));
#1621 = VECTOR('',#1622,1.);
#1622 = DIRECTION('',(1.,-0.));
#1623 = ( GEOMETRIC_REPRESENTATION_CONTEXT(2) 
PARAMETRIC_REPRESENTATION_CONTEXT() REPRESENTATION_CONTEXT('2D SPACE',''
  ) );
#1624 = PCURVE('',#1098,#1625);
#1625 = DEFINITIONAL_REPRESENTATION('',(#1626),#1634);
#1626 = ( BOUNDED_CURVE() B_SPLINE_CURVE(2,(#1627,#1628,#1629,#1630,
#1631,#1632,#1633),.UNSPECIFIED.,.T.,.F.) B_SPLINE_CURVE_WITH_KNOTS((1,2
    ,2,2,2,1),(-2.094395102393,0.,2.094395102393,4.188790204786,
6.28318530718,8.377580409573),.UNSPECIFIED.) CURVE() 
GEOMETRIC_REPRESENTATION_ITEM() RATIONAL_B_SPLINE_CURVE((1.,0.5,1.,0.5,
1.,0.5,1.)) REPRESENTATION_ITEM('') );
#1627 = CARTESIAN_POINT('',(-25.99397051028,204.82047612756));
#1628 = CARTESIAN_POINT('',(-28.85185434277,199.87047612756));
#1629 = CARTESIAN_POINT('',(-31.70973817526,204.82047612756));
#1630 = CARTESIAN_POINT('',(-34.56762200775,209.77047612756));
#1631 = CARTESIAN_POINT('',(-28.85185434277,209.77047612756));
#1632 = CARTESIAN_POINT('',(-23.13608667779,209.77047612756));
#1633 = CARTESIAN_POINT('',(-25.99397051028,204.82047612756));
#1634 = ( GEOMETRIC_REPRESENTATION_CONTEXT(2) 
PARAMETRIC_REPRESENTATION_CONTEXT() REPRESENTATION_CONTEXT('2D SPACE',''
  ) );
#1635 = ORIENTED_EDGE('',*,*,#1474,.F.);
#1636 = ORIENTED_EDGE('',*,*,#394,.T.);
#1637 = ORIENTED_EDGE('',*,*,#1638,.T.);
#1638 = EDGE_CURVE('',#395,#1639,#1641,.T.);
#1639 = VERTEX_POINT('',#1640);
#1640 = CARTESIAN_POINT('',(19.775712729312,15.130472102606,-3.));
#1641 = SURFACE_CURVE('',#1642,(#1646,#1652),.PCURVE_S1.);
#1642 = LINE('',#1643,#1644);
#1643 = CARTESIAN_POINT('',(19.775712729312,15.130472102606,-3.));
#1644 = VECTOR('',#1645,1.);
#1645 = DIRECTION('',(-0.,-0.,-1.));
#1646 = PCURVE('',#382,#1647);
#1647 = DEFINITIONAL_REPRESENTATION('',(#1648),#1651);
#1648 = B_SPLINE_CURVE_WITH_KNOTS('',1,(#1649,#1650),.UNSPECIFIED.,.F.,
  .F.,(2,2),(-3.0000006,5.999999999062E-07),.PIECEWISE_BEZIER_KNOTS.);
#1649 = CARTESIAN_POINT('',(-5.401395520899,-20.0000006));
#1650 = CARTESIAN_POINT('',(-5.401395520899,-16.9999994));
#1651 = ( GEOMETRIC_REPRESENTATION_CONTEXT(2) 
PARAMETRIC_REPRESENTATION_CONTEXT() REPRESENTATION_CONTEXT('2D SPACE',''
  ) );
#1652 = PCURVE('',#439,#1653);
#1653 = DEFINITIONAL_REPRESENTATION('',(#1654),#1657);
#1654 = B_SPLINE_CURVE_WITH_KNOTS('',1,(#1655,#1656),.UNSPECIFIED.,.F.,
  .F.,(2,2),(-3.,0.),.PIECEWISE_BEZIER_KNOTS.);
#1655 = CARTESIAN_POINT('',(-6.936282950598,-3.));
#1656 = CARTESIAN_POINT('',(-6.936282950598,0.));
#1657 = ( GEOMETRIC_REPRESENTATION_CONTEXT(2) 
PARAMETRIC_REPRESENTATION_CONTEXT() REPRESENTATION_CONTEXT('2D SPACE',''
  ) );
#1658 = ORIENTED_EDGE('',*,*,#1659,.T.);
#1659 = EDGE_CURVE('',#1639,#1401,#1660,.T.);
#1660 = SURFACE_CURVE('',#1661,(#1666,#1673),.PCURVE_S1.);
#1661 = CIRCLE('',#1662,3.3);
#1662 = AXIS2_PLACEMENT_3D('',#1663,#1664,#1665);
#1663 = CARTESIAN_POINT('',(17.677669529664,17.677669529664,-3.));
#1664 = DIRECTION('',(0.,0.,-1.));
#1665 = DIRECTION('',(1.,0.,0.));
#1666 = PCURVE('',#382,#1667);
#1667 = DEFINITIONAL_REPRESENTATION('',(#1668),#1672);
#1668 = LINE('',#1669,#1670);
#1669 = CARTESIAN_POINT('',(-6.28318530718,-17.));
#1670 = VECTOR('',#1671,1.);
#1671 = DIRECTION('',(1.,-0.));
#1672 = ( GEOMETRIC_REPRESENTATION_CONTEXT(2) 
PARAMETRIC_REPRESENTATION_CONTEXT() REPRESENTATION_CONTEXT('2D SPACE',''
  ) );
#1673 = PCURVE('',#1419,#1674);
#1674 = DEFINITIONAL_REPRESENTATION('',(#1675),#1683);
#1675 = ( BOUNDED_CURVE() B_SPLINE_CURVE(2,(#1676,#1677,#1678,#1679,
#1680,#1681,#1682),.UNSPECIFIED.,.T.,.F.) B_SPLINE_CURVE_WITH_KNOTS((1,2
    ,2,2,2,1),(-2.094395102393,0.,2.094395102393,4.188790204786,
6.28318530718,8.377580409573),.UNSPECIFIED.) CURVE() 
GEOMETRIC_REPRESENTATION_ITEM() RATIONAL_B_SPLINE_CURVE((1.,0.5,1.,0.5,
1.,0.5,1.)) REPRESENTATION_ITEM('') );
#1676 = CARTESIAN_POINT('',(20.977669529664,17.677669529664));
#1677 = CARTESIAN_POINT('',(20.977669529664,11.961901864686));
#1678 = CARTESIAN_POINT('',(16.027669529664,14.819785697175));
#1679 = CARTESIAN_POINT('',(11.077669529664,17.677669529664));
#1680 = CARTESIAN_POINT('',(16.027669529664,20.535553362152));
#1681 = CARTESIAN_POINT('',(20.977669529664,23.393437194641));
#1682 = CARTESIAN_POINT('',(20.977669529664,17.677669529664));
#1683 = ( GEOMETRIC_REPRESENTATION_CONTEXT(2) 
PARAMETRIC_REPRESENTATION_CONTEXT() REPRESENTATION_CONTEXT('2D SPACE',''
  ) );
#1684 = ORIENTED_EDGE('',*,*,#1431,.F.);
#1685 = ADVANCED_FACE('',(#1686),#737,.F.);
#1686 = FACE_BOUND('',#1687,.F.);
#1687 = EDGE_LOOP('',(#1688,#1689,#1712,#1733,#1754,#1775,#1803,#1822));
#1688 = ORIENTED_EDGE('',*,*,#724,.T.);
#1689 = ORIENTED_EDGE('',*,*,#1690,.T.);
#1690 = EDGE_CURVE('',#692,#1691,#1693,.T.);
#1691 = VERTEX_POINT('',#1692);
#1692 = CARTESIAN_POINT('',(3.1,26.4,6.));
#1693 = SURFACE_CURVE('',#1694,(#1698,#1705),.PCURVE_S1.);
#1694 = LINE('',#1695,#1696);
#1695 = CARTESIAN_POINT('',(3.1,26.4,-20.));
#1696 = VECTOR('',#1697,1.);
#1697 = DIRECTION('',(0.,0.,1.));
#1698 = PCURVE('',#737,#1699);
#1699 = DEFINITIONAL_REPRESENTATION('',(#1700),#1704);
#1700 = LINE('',#1701,#1702);
#1701 = CARTESIAN_POINT('',(0.,0.));
#1702 = VECTOR('',#1703,1.);
#1703 = DIRECTION('',(0.,-1.));
#1704 = ( GEOMETRIC_REPRESENTATION_CONTEXT(2) 
PARAMETRIC_REPRESENTATION_CONTEXT() REPRESENTATION_CONTEXT('2D SPACE',''
  ) );
#1705 = PCURVE('',#712,#1706);
#1706 = DEFINITIONAL_REPRESENTATION('',(#1707),#1711);
#1707 = LINE('',#1708,#1709);
#1708 = CARTESIAN_POINT('',(3.14159265359,0.));
#1709 = VECTOR('',#1710,1.);
#1710 = DIRECTION('',(0.,-1.));
#1711 = ( GEOMETRIC_REPRESENTATION_CONTEXT(2) 
PARAMETRIC_REPRESENTATION_CONTEXT() REPRESENTATION_CONTEXT('2D SPACE',''
  ) );
#1712 = ORIENTED_EDGE('',*,*,#1713,.F.);
#1713 = EDGE_CURVE('',#1714,#1691,#1716,.T.);
#1714 = VERTEX_POINT('',#1715);
#1715 = CARTESIAN_POINT('',(3.1,24.907830094169,6.));
#1716 = SURFACE_CURVE('',#1717,(#1721,#1727),.PCURVE_S1.);
#1717 = LINE('',#1718,#1719);
#1718 = CARTESIAN_POINT('',(3.1,-60.15254037844,6.));
#1719 = VECTOR('',#1720,1.);
#1720 = DIRECTION('',(1.110223024625E-16,1.,-0.));
#1721 = PCURVE('',#737,#1722);
#1722 = DEFINITIONAL_REPRESENTATION('',(#1723),#1726);
#1723 = B_SPLINE_CURVE_WITH_KNOTS('',1,(#1724,#1725),.UNSPECIFIED.,.F.,
  .F.,(2,2),(83.752540378444,86.552540378444),.PIECEWISE_BEZIER_KNOTS.);
#1724 = CARTESIAN_POINT('',(2.8,-26.));
#1725 = CARTESIAN_POINT('',(0.,-26.));
#1726 = ( GEOMETRIC_REPRESENTATION_CONTEXT(2) 
PARAMETRIC_REPRESENTATION_CONTEXT() REPRESENTATION_CONTEXT('2D SPACE',''
  ) );
#1727 = PCURVE('',#1098,#1728);
#1728 = DEFINITIONAL_REPRESENTATION('',(#1729),#1732);
#1729 = B_SPLINE_CURVE_WITH_KNOTS('',1,(#1730,#1731),.UNSPECIFIED.,.F.,
  .F.,(2,2),(83.752540378444,86.552540378444),.PIECEWISE_BEZIER_KNOTS.);
#1730 = CARTESIAN_POINT('',(-38.51532124826,218.88819952931));
#1731 = CARTESIAN_POINT('',(-37.11532124826,221.3130706599));
#1732 = ( GEOMETRIC_REPRESENTATION_CONTEXT(2) 
PARAMETRIC_REPRESENTATION_CONTEXT() REPRESENTATION_CONTEXT('2D SPACE',''
  ) );
#1733 = ORIENTED_EDGE('',*,*,#1734,.T.);
#1734 = EDGE_CURVE('',#1714,#1735,#1737,.T.);
#1735 = VERTEX_POINT('',#1736);
#1736 = CARTESIAN_POINT('',(3.1,24.907830094169,2.));
#1737 = SURFACE_CURVE('',#1738,(#1742,#1748),.PCURVE_S1.);
#1738 = LINE('',#1739,#1740);
#1739 = CARTESIAN_POINT('',(3.1,24.907830094169,2.));
#1740 = VECTOR('',#1741,1.);
#1741 = DIRECTION('',(-0.,-0.,-1.));
#1742 = PCURVE('',#737,#1743);
#1743 = DEFINITIONAL_REPRESENTATION('',(#1744),#1747);
#1744 = B_SPLINE_CURVE_WITH_KNOTS('',1,(#1745,#1746),.UNSPECIFIED.,.F.,
  .F.,(2,2),(-4.0000006,5.999999999062E-07),.PIECEWISE_BEZIER_KNOTS.);
#1745 = CARTESIAN_POINT('',(1.492169905831,-26.0000006));
#1746 = CARTESIAN_POINT('',(1.492169905831,-21.9999994));
#1747 = ( GEOMETRIC_REPRESENTATION_CONTEXT(2) 
PARAMETRIC_REPRESENTATION_CONTEXT() REPRESENTATION_CONTEXT('2D SPACE',''
  ) );
#1748 = PCURVE('',#1540,#1749);
#1749 = DEFINITIONAL_REPRESENTATION('',(#1750),#1753);
#1750 = B_SPLINE_CURVE_WITH_KNOTS('',1,(#1751,#1752),.UNSPECIFIED.,.F.,
  .F.,(2,2),(-4.0000006,5.999999999062E-07),.PIECEWISE_BEZIER_KNOTS.);
#1751 = CARTESIAN_POINT('',(-1.446974187935,-4.0000006));
#1752 = CARTESIAN_POINT('',(-1.446974187935,5.999999999062E-07));
#1753 = ( GEOMETRIC_REPRESENTATION_CONTEXT(2) 
PARAMETRIC_REPRESENTATION_CONTEXT() REPRESENTATION_CONTEXT('2D SPACE',''
  ) );
#1754 = ORIENTED_EDGE('',*,*,#1755,.F.);
#1755 = EDGE_CURVE('',#1756,#1735,#1758,.T.);
#1756 = VERTEX_POINT('',#1757);
#1757 = CARTESIAN_POINT('',(3.1,23.6,2.));
#1758 = SURFACE_CURVE('',#1759,(#1763,#1769),.PCURVE_S1.);
#1759 = LINE('',#1760,#1761);
#1760 = CARTESIAN_POINT('',(3.1,13.2,2.));
#1761 = VECTOR('',#1762,1.);
#1762 = DIRECTION('',(1.110223024625E-16,1.,-0.));
#1763 = PCURVE('',#737,#1764);
#1764 = DEFINITIONAL_REPRESENTATION('',(#1765),#1768);
#1765 = B_SPLINE_CURVE_WITH_KNOTS('',1,(#1766,#1767),.UNSPECIFIED.,.F.,
  .F.,(2,2),(10.4,11.9),.PIECEWISE_BEZIER_KNOTS.);
#1766 = CARTESIAN_POINT('',(2.8,-22.));
#1767 = CARTESIAN_POINT('',(1.3,-22.));
#1768 = ( GEOMETRIC_REPRESENTATION_CONTEXT(2) 
PARAMETRIC_REPRESENTATION_CONTEXT() REPRESENTATION_CONTEXT('2D SPACE',''
  ) );
#1769 = PCURVE('',#1568,#1770);
#1770 = DEFINITIONAL_REPRESENTATION('',(#1771),#1774);
#1771 = B_SPLINE_CURVE_WITH_KNOTS('',1,(#1772,#1773),.UNSPECIFIED.,.F.,
  .F.,(2,2),(10.4,11.9),.PIECEWISE_BEZIER_KNOTS.);
#1772 = CARTESIAN_POINT('',(3.1,23.6));
#1773 = CARTESIAN_POINT('',(3.1,25.1));
#1774 = ( GEOMETRIC_REPRESENTATION_CONTEXT(2) 
PARAMETRIC_REPRESENTATION_CONTEXT() REPRESENTATION_CONTEXT('2D SPACE',''
  ) );
#1775 = ORIENTED_EDGE('',*,*,#1776,.F.);
#1776 = EDGE_CURVE('',#1777,#1756,#1779,.T.);
#1777 = VERTEX_POINT('',#1778);
#1778 = CARTESIAN_POINT('',(3.1,23.6,-3.));
#1779 = SURFACE_CURVE('',#1780,(#1784,#1791),.PCURVE_S1.);
#1780 = LINE('',#1781,#1782);
#1781 = CARTESIAN_POINT('',(3.1,23.6,-20.));
#1782 = VECTOR('',#1783,1.);
#1783 = DIRECTION('',(0.,0.,1.));
#1784 = PCURVE('',#737,#1785);
#1785 = DEFINITIONAL_REPRESENTATION('',(#1786),#1790);
#1786 = LINE('',#1787,#1788);
#1787 = CARTESIAN_POINT('',(2.8,0.));
#1788 = VECTOR('',#1789,1.);
#1789 = DIRECTION('',(0.,-1.));
#1790 = ( GEOMETRIC_REPRESENTATION_CONTEXT(2) 
PARAMETRIC_REPRESENTATION_CONTEXT() REPRESENTATION_CONTEXT('2D SPACE',''
  ) );
#1791 = PCURVE('',#1792,#1797);
#1792 = CYLINDRICAL_SURFACE('',#1793,3.1);
#1793 = AXIS2_PLACEMENT_3D('',#1794,#1795,#1796);
#1794 = CARTESIAN_POINT('',(1.09668586407E-15,23.6,-20.));
#1795 = DIRECTION('',(0.,0.,-1.));
#1796 = DIRECTION('',(1.,3.223228136009E-17,0.));
#1797 = DEFINITIONAL_REPRESENTATION('',(#1798),#1802);
#1798 = LINE('',#1799,#1800);
#1799 = CARTESIAN_POINT('',(0.,0.));
#1800 = VECTOR('',#1801,1.);
#1801 = DIRECTION('',(0.,-1.));
#1802 = ( GEOMETRIC_REPRESENTATION_CONTEXT(2) 
PARAMETRIC_REPRESENTATION_CONTEXT() REPRESENTATION_CONTEXT('2D SPACE',''
  ) );
#1803 = ORIENTED_EDGE('',*,*,#1804,.T.);
#1804 = EDGE_CURVE('',#1777,#1403,#1805,.T.);
#1805 = SURFACE_CURVE('',#1806,(#1810,#1816),.PCURVE_S1.);
#1806 = LINE('',#1807,#1808);
#1807 = CARTESIAN_POINT('',(3.1,13.2,-3.));
#1808 = VECTOR('',#1809,1.);
#1809 = DIRECTION('',(1.110223024625E-16,1.,-0.));
#1810 = PCURVE('',#737,#1811);
#1811 = DEFINITIONAL_REPRESENTATION('',(#1812),#1815);
#1812 = B_SPLINE_CURVE_WITH_KNOTS('',1,(#1813,#1814),.UNSPECIFIED.,.F.,
  .F.,(2,2),(10.4,11.7),.PIECEWISE_BEZIER_KNOTS.);
#1813 = CARTESIAN_POINT('',(2.8,-17.));
#1814 = CARTESIAN_POINT('',(1.5,-17.));
#1815 = ( GEOMETRIC_REPRESENTATION_CONTEXT(2) 
PARAMETRIC_REPRESENTATION_CONTEXT() REPRESENTATION_CONTEXT('2D SPACE',''
  ) );
#1816 = PCURVE('',#1419,#1817);
#1817 = DEFINITIONAL_REPRESENTATION('',(#1818),#1821);
#1818 = B_SPLINE_CURVE_WITH_KNOTS('',1,(#1819,#1820),.UNSPECIFIED.,.F.,
  .F.,(2,2),(10.4,11.7),.PIECEWISE_BEZIER_KNOTS.);
#1819 = CARTESIAN_POINT('',(3.1,23.6));
#1820 = CARTESIAN_POINT('',(3.1,24.9));
#1821 = ( GEOMETRIC_REPRESENTATION_CONTEXT(2) 
PARAMETRIC_REPRESENTATION_CONTEXT() REPRESENTATION_CONTEXT('2D SPACE',''
  ) );
#1822 = ORIENTED_EDGE('',*,*,#1451,.F.);
#1823 = ADVANCED_FACE('',(#1824),#712,.F.);
#1824 = FACE_BOUND('',#1825,.F.);
#1825 = EDGE_LOOP('',(#1826,#1827,#1850,#1876));
#1826 = ORIENTED_EDGE('',*,*,#691,.F.);
#1827 = ORIENTED_EDGE('',*,*,#1828,.T.);
#1828 = EDGE_CURVE('',#666,#1829,#1831,.T.);
#1829 = VERTEX_POINT('',#1830);
#1830 = CARTESIAN_POINT('',(-3.1,26.4,6.));
#1831 = SURFACE_CURVE('',#1832,(#1836,#1843),.PCURVE_S1.);
#1832 = LINE('',#1833,#1834);
#1833 = CARTESIAN_POINT('',(-3.1,26.4,-20.));
#1834 = VECTOR('',#1835,1.);
#1835 = DIRECTION('',(0.,0.,1.));
#1836 = PCURVE('',#712,#1837);
#1837 = DEFINITIONAL_REPRESENTATION('',(#1838),#1842);
#1838 = LINE('',#1839,#1840);
#1839 = CARTESIAN_POINT('',(0.,0.));
#1840 = VECTOR('',#1841,1.);
#1841 = DIRECTION('',(0.,-1.));
#1842 = ( GEOMETRIC_REPRESENTATION_CONTEXT(2) 
PARAMETRIC_REPRESENTATION_CONTEXT() REPRESENTATION_CONTEXT('2D SPACE',''
  ) );
#1843 = PCURVE('',#680,#1844);
#1844 = DEFINITIONAL_REPRESENTATION('',(#1845),#1849);
#1845 = LINE('',#1846,#1847);
#1846 = CARTESIAN_POINT('',(2.8,0.));
#1847 = VECTOR('',#1848,1.);
#1848 = DIRECTION('',(0.,-1.));
#1849 = ( GEOMETRIC_REPRESENTATION_CONTEXT(2) 
PARAMETRIC_REPRESENTATION_CONTEXT() REPRESENTATION_CONTEXT('2D SPACE',''
  ) );
#1850 = ORIENTED_EDGE('',*,*,#1851,.T.);
#1851 = EDGE_CURVE('',#1829,#1691,#1852,.T.);
#1852 = SURFACE_CURVE('',#1853,(#1858,#1865),.PCURVE_S1.);
#1853 = CIRCLE('',#1854,3.1);
#1854 = AXIS2_PLACEMENT_3D('',#1855,#1856,#1857);
#1855 = CARTESIAN_POINT('',(1.964931133798E-15,26.4,6.));
#1856 = DIRECTION('',(-0.,0.,-1.));
#1857 = DIRECTION('',(-1.,-3.223228136009E-17,0.));
#1858 = PCURVE('',#712,#1859);
#1859 = DEFINITIONAL_REPRESENTATION('',(#1860),#1864);
#1860 = LINE('',#1861,#1862);
#1861 = CARTESIAN_POINT('',(0.,-26.));
#1862 = VECTOR('',#1863,1.);
#1863 = DIRECTION('',(1.,0.));
#1864 = ( GEOMETRIC_REPRESENTATION_CONTEXT(2) 
PARAMETRIC_REPRESENTATION_CONTEXT() REPRESENTATION_CONTEXT('2D SPACE',''
  ) );
#1865 = PCURVE('',#1098,#1866);
#1866 = DEFINITIONAL_REPRESENTATION('',(#1867),#1875);
#1867 = ( BOUNDED_CURVE() B_SPLINE_CURVE(2,(#1868,#1869,#1870,#1871,
#1872,#1873,#1874),.UNSPECIFIED.,.T.,.F.) B_SPLINE_CURVE_WITH_KNOTS((1,2
    ,2,2,2,1),(-2.094395102393,0.,2.094395102393,4.188790204786,
6.28318530718,8.377580409573),.UNSPECIFIED.) CURVE() 
GEOMETRIC_REPRESENTATION_ITEM() RATIONAL_B_SPLINE_CURVE((1.,0.5,1.,0.5,
1.,0.5,1.)) REPRESENTATION_ITEM('') );
#1868 = CARTESIAN_POINT('',(-42.48467875173,224.4130706599));
#1869 = CARTESIAN_POINT('',(-39.8,229.0630706599));
#1870 = CARTESIAN_POINT('',(-37.11532124826,224.4130706599));
#1871 = CARTESIAN_POINT('',(-34.43064249653,219.7630706599));
#1872 = CARTESIAN_POINT('',(-39.8,219.7630706599));
#1873 = CARTESIAN_POINT('',(-45.16935750346,219.7630706599));
#1874 = CARTESIAN_POINT('',(-42.48467875173,224.4130706599));
#1875 = ( GEOMETRIC_REPRESENTATION_CONTEXT(2) 
PARAMETRIC_REPRESENTATION_CONTEXT() REPRESENTATION_CONTEXT('2D SPACE',''
  ) );
#1876 = ORIENTED_EDGE('',*,*,#1690,.F.);
#1877 = ADVANCED_FACE('',(#1878),#439,.T.);
#1878 = FACE_BOUND('',#1879,.F.);
#1879 = EDGE_LOOP('',(#1880,#1904,#1923,#1924));
#1880 = ORIENTED_EDGE('',*,*,#1881,.F.);
#1881 = EDGE_CURVE('',#1882,#1639,#1884,.T.);
#1882 = VERTEX_POINT('',#1883);
#1883 = CARTESIAN_POINT('',(19.775712729312,-15.1304721026,-3.));
#1884 = SURFACE_CURVE('',#1885,(#1890,#1897),.PCURVE_S1.);
#1885 = CIRCLE('',#1886,24.9);
#1886 = AXIS2_PLACEMENT_3D('',#1887,#1888,#1889);
#1887 = CARTESIAN_POINT('',(0.,0.,-3.));
#1888 = DIRECTION('',(0.,-0.,1.));
#1889 = DIRECTION('',(0.607649482032,0.794205330494,0.));
#1890 = PCURVE('',#439,#1891);
#1891 = DEFINITIONAL_REPRESENTATION('',(#1892),#1896);
#1892 = LINE('',#1893,#1894);
#1893 = CARTESIAN_POINT('',(-0.917698683377,0.));
#1894 = VECTOR('',#1895,1.);
#1895 = DIRECTION('',(-1.,0.));
#1896 = ( GEOMETRIC_REPRESENTATION_CONTEXT(2) 
PARAMETRIC_REPRESENTATION_CONTEXT() REPRESENTATION_CONTEXT('2D SPACE',''
  ) );
#1897 = PCURVE('',#1419,#1898);
#1898 = DEFINITIONAL_REPRESENTATION('',(#1899),#1903);
#1899 = CIRCLE('',#1900,24.9);
#1900 = AXIS2_PLACEMENT_2D('',#1901,#1902);
#1901 = CARTESIAN_POINT('',(1.757352780774E-15,-1.619572327868E-15));
#1902 = DIRECTION('',(0.607649482032,0.794205330494));
#1903 = ( GEOMETRIC_REPRESENTATION_CONTEXT(2) 
PARAMETRIC_REPRESENTATION_CONTEXT() REPRESENTATION_CONTEXT('2D SPACE',''
  ) );
#1904 = ORIENTED_EDGE('',*,*,#1905,.F.);
#1905 = EDGE_CURVE('',#423,#1882,#1906,.T.);
#1906 = SURFACE_CURVE('',#1907,(#1911,#1917),.PCURVE_S1.);
#1907 = LINE('',#1908,#1909);
#1908 = CARTESIAN_POINT('',(19.775712729312,-15.1304721026,-3.));
#1909 = VECTOR('',#1910,1.);
#1910 = DIRECTION('',(-0.,-0.,-1.));
#1911 = PCURVE('',#439,#1912);
#1912 = DEFINITIONAL_REPRESENTATION('',(#1913),#1916);
#1913 = B_SPLINE_CURVE_WITH_KNOTS('',1,(#1914,#1915),.UNSPECIFIED.,.F.,
  .F.,(2,2),(-3.0000006,5.999999999062E-07),.PIECEWISE_BEZIER_KNOTS.);
#1914 = CARTESIAN_POINT('',(-5.630087663761,-3.0000006));
#1915 = CARTESIAN_POINT('',(-5.630087663761,5.999999999062E-07));
#1916 = ( GEOMETRIC_REPRESENTATION_CONTEXT(2) 
PARAMETRIC_REPRESENTATION_CONTEXT() REPRESENTATION_CONTEXT('2D SPACE',''
  ) );
#1917 = PCURVE('',#472,#1918);
#1918 = DEFINITIONAL_REPRESENTATION('',(#1919),#1922);
#1919 = B_SPLINE_CURVE_WITH_KNOTS('',1,(#1920,#1921),.UNSPECIFIED.,.F.,
  .F.,(2,2),(-3.0000006,5.999999999062E-07),.PIECEWISE_BEZIER_KNOTS.);
#1920 = CARTESIAN_POINT('',(-0.88178978628,-20.0000006));
#1921 = CARTESIAN_POINT('',(-0.88178978628,-16.9999994));
#1922 = ( GEOMETRIC_REPRESENTATION_CONTEXT(2) 
PARAMETRIC_REPRESENTATION_CONTEXT() REPRESENTATION_CONTEXT('2D SPACE',''
  ) );
#1923 = ORIENTED_EDGE('',*,*,#422,.T.);
#1924 = ORIENTED_EDGE('',*,*,#1638,.T.);
#1925 = ADVANCED_FACE('',(#1926),#680,.F.);
#1926 = FACE_BOUND('',#1927,.F.);
#1927 = EDGE_LOOP('',(#1928,#1951,#1974,#1995,#2021,#2040,#2041,#2042));
#1928 = ORIENTED_EDGE('',*,*,#1929,.T.);
#1929 = EDGE_CURVE('',#1930,#1932,#1934,.T.);
#1930 = VERTEX_POINT('',#1931);
#1931 = CARTESIAN_POINT('',(-3.1,24.706274506692,-3.));
#1932 = VERTEX_POINT('',#1933);
#1933 = CARTESIAN_POINT('',(-3.1,23.6,-3.));
#1934 = SURFACE_CURVE('',#1935,(#1939,#1945),.PCURVE_S1.);
#1935 = LINE('',#1936,#1937);
#1936 = CARTESIAN_POINT('',(-3.1,11.8,-3.));
#1937 = VECTOR('',#1938,1.);
#1938 = DIRECTION('',(-1.110223024625E-16,-1.,0.));
#1939 = PCURVE('',#680,#1940);
#1940 = DEFINITIONAL_REPRESENTATION('',(#1941),#1944);
#1941 = B_SPLINE_CURVE_WITH_KNOTS('',1,(#1942,#1943),.UNSPECIFIED.,.F.,
  .F.,(2,2),(-13.1,-11.8),.PIECEWISE_BEZIER_KNOTS.);
#1942 = CARTESIAN_POINT('',(1.3,-17.));
#1943 = CARTESIAN_POINT('',(0.,-17.));
#1944 = ( GEOMETRIC_REPRESENTATION_CONTEXT(2) 
PARAMETRIC_REPRESENTATION_CONTEXT() REPRESENTATION_CONTEXT('2D SPACE',''
  ) );
#1945 = PCURVE('',#1419,#1946);
#1946 = DEFINITIONAL_REPRESENTATION('',(#1947),#1950);
#1947 = B_SPLINE_CURVE_WITH_KNOTS('',1,(#1948,#1949),.UNSPECIFIED.,.F.,
  .F.,(2,2),(-13.1,-11.8),.PIECEWISE_BEZIER_KNOTS.);
#1948 = CARTESIAN_POINT('',(-3.1,24.9));
#1949 = CARTESIAN_POINT('',(-3.1,23.6));
#1950 = ( GEOMETRIC_REPRESENTATION_CONTEXT(2) 
PARAMETRIC_REPRESENTATION_CONTEXT() REPRESENTATION_CONTEXT('2D SPACE',''
  ) );
#1951 = ORIENTED_EDGE('',*,*,#1952,.T.);
#1952 = EDGE_CURVE('',#1932,#1953,#1955,.T.);
#1953 = VERTEX_POINT('',#1954);
#1954 = CARTESIAN_POINT('',(-3.1,23.6,2.));
#1955 = SURFACE_CURVE('',#1956,(#1960,#1967),.PCURVE_S1.);
#1956 = LINE('',#1957,#1958);
#1957 = CARTESIAN_POINT('',(-3.1,23.6,-20.));
#1958 = VECTOR('',#1959,1.);
#1959 = DIRECTION('',(0.,0.,1.));
#1960 = PCURVE('',#680,#1961);
#1961 = DEFINITIONAL_REPRESENTATION('',(#1962),#1966);
#1962 = LINE('',#1963,#1964);
#1963 = CARTESIAN_POINT('',(0.,0.));
#1964 = VECTOR('',#1965,1.);
#1965 = DIRECTION('',(0.,-1.));
#1966 = ( GEOMETRIC_REPRESENTATION_CONTEXT(2) 
PARAMETRIC_REPRESENTATION_CONTEXT() REPRESENTATION_CONTEXT('2D SPACE',''
  ) );
#1967 = PCURVE('',#1792,#1968);
#1968 = DEFINITIONAL_REPRESENTATION('',(#1969),#1973);
#1969 = LINE('',#1970,#1971);
#1970 = CARTESIAN_POINT('',(3.14159265359,0.));
#1971 = VECTOR('',#1972,1.);
#1972 = DIRECTION('',(0.,-1.));
#1973 = ( GEOMETRIC_REPRESENTATION_CONTEXT(2) 
PARAMETRIC_REPRESENTATION_CONTEXT() REPRESENTATION_CONTEXT('2D SPACE',''
  ) );
#1974 = ORIENTED_EDGE('',*,*,#1975,.F.);
#1975 = EDGE_CURVE('',#1976,#1953,#1978,.T.);
#1976 = VERTEX_POINT('',#1977);
#1977 = CARTESIAN_POINT('',(-3.1,24.907830094169,2.));
#1978 = SURFACE_CURVE('',#1979,(#1983,#1989),.PCURVE_S1.);
#1979 = LINE('',#1980,#1981);
#1980 = CARTESIAN_POINT('',(-3.1,11.8,2.));
#1981 = VECTOR('',#1982,1.);
#1982 = DIRECTION('',(-1.110223024625E-16,-1.,0.));
#1983 = PCURVE('',#680,#1984);
#1984 = DEFINITIONAL_REPRESENTATION('',(#1985),#1988);
#1985 = B_SPLINE_CURVE_WITH_KNOTS('',1,(#1986,#1987),.UNSPECIFIED.,.F.,
  .F.,(2,2),(-13.3,-11.8),.PIECEWISE_BEZIER_KNOTS.);
#1986 = CARTESIAN_POINT('',(1.5,-22.));
#1987 = CARTESIAN_POINT('',(0.,-22.));
#1988 = ( GEOMETRIC_REPRESENTATION_CONTEXT(2) 
PARAMETRIC_REPRESENTATION_CONTEXT() REPRESENTATION_CONTEXT('2D SPACE',''
  ) );
#1989 = PCURVE('',#1568,#1990);
#1990 = DEFINITIONAL_REPRESENTATION('',(#1991),#1994);
#1991 = B_SPLINE_CURVE_WITH_KNOTS('',1,(#1992,#1993),.UNSPECIFIED.,.F.,
  .F.,(2,2),(-13.3,-11.8),.PIECEWISE_BEZIER_KNOTS.);
#1992 = CARTESIAN_POINT('',(-3.1,25.1));
#1993 = CARTESIAN_POINT('',(-3.1,23.6));
#1994 = ( GEOMETRIC_REPRESENTATION_CONTEXT(2) 
PARAMETRIC_REPRESENTATION_CONTEXT() REPRESENTATION_CONTEXT('2D SPACE',''
  ) );
#1995 = ORIENTED_EDGE('',*,*,#1996,.F.);
#1996 = EDGE_CURVE('',#1997,#1976,#1999,.T.);
#1997 = VERTEX_POINT('',#1998);
#1998 = CARTESIAN_POINT('',(-3.1,24.907830094169,6.));
#1999 = SURFACE_CURVE('',#2000,(#2004,#2010),.PCURVE_S1.);
#2000 = LINE('',#2001,#2002);
#2001 = CARTESIAN_POINT('',(-3.1,24.907830094169,2.));
#2002 = VECTOR('',#2003,1.);
#2003 = DIRECTION('',(-0.,-0.,-1.));
#2004 = PCURVE('',#680,#2005);
#2005 = DEFINITIONAL_REPRESENTATION('',(#2006),#2009);
#2006 = B_SPLINE_CURVE_WITH_KNOTS('',1,(#2007,#2008),.UNSPECIFIED.,.F.,
  .F.,(2,2),(-4.0000006,5.999999999062E-07),.PIECEWISE_BEZIER_KNOTS.);
#2007 = CARTESIAN_POINT('',(1.307830094169,-26.0000006));
#2008 = CARTESIAN_POINT('',(1.307830094169,-21.9999994));
#2009 = ( GEOMETRIC_REPRESENTATION_CONTEXT(2) 
PARAMETRIC_REPRESENTATION_CONTEXT() REPRESENTATION_CONTEXT('2D SPACE',''
  ) );
#2010 = PCURVE('',#2011,#2016);
#2011 = CYLINDRICAL_SURFACE('',#2012,25.1);
#2012 = AXIS2_PLACEMENT_3D('',#2013,#2014,#2015);
#2013 = CARTESIAN_POINT('',(0.,0.,2.));
#2014 = DIRECTION('',(-0.,-0.,-1.));
#2015 = DIRECTION('',(1.,0.,0.));
#2016 = DEFINITIONAL_REPRESENTATION('',(#2017),#2020);
#2017 = B_SPLINE_CURVE_WITH_KNOTS('',1,(#2018,#2019),.UNSPECIFIED.,.F.,
  .F.,(2,2),(-4.0000006,5.999999999062E-07),.PIECEWISE_BEZIER_KNOTS.);
#2018 = CARTESIAN_POINT('',(-1.694618465655,-4.0000006));
#2019 = CARTESIAN_POINT('',(-1.694618465655,5.999999999062E-07));
#2020 = ( GEOMETRIC_REPRESENTATION_CONTEXT(2) 
PARAMETRIC_REPRESENTATION_CONTEXT() REPRESENTATION_CONTEXT('2D SPACE',''
  ) );
#2021 = ORIENTED_EDGE('',*,*,#2022,.F.);
#2022 = EDGE_CURVE('',#1829,#1997,#2023,.T.);
#2023 = SURFACE_CURVE('',#2024,(#2028,#2034),.PCURVE_S1.);
#2024 = LINE('',#2025,#2026);
#2025 = CARTESIAN_POINT('',(-3.1,-61.55254037844,6.));
#2026 = VECTOR('',#2027,1.);
#2027 = DIRECTION('',(-1.110223024625E-16,-1.,0.));
#2028 = PCURVE('',#680,#2029);
#2029 = DEFINITIONAL_REPRESENTATION('',(#2030),#2033);
#2030 = B_SPLINE_CURVE_WITH_KNOTS('',1,(#2031,#2032),.UNSPECIFIED.,.F.,
  .F.,(2,2),(-87.95254037844,-85.15254037844),.PIECEWISE_BEZIER_KNOTS.);
#2031 = CARTESIAN_POINT('',(2.8,-26.));
#2032 = CARTESIAN_POINT('',(0.,-26.));
#2033 = ( GEOMETRIC_REPRESENTATION_CONTEXT(2) 
PARAMETRIC_REPRESENTATION_CONTEXT() REPRESENTATION_CONTEXT('2D SPACE',''
  ) );
#2034 = PCURVE('',#1098,#2035);
#2035 = DEFINITIONAL_REPRESENTATION('',(#2036),#2039);
#2036 = B_SPLINE_CURVE_WITH_KNOTS('',1,(#2037,#2038),.UNSPECIFIED.,.F.,
  .F.,(2,2),(-87.95254037844,-85.15254037844),.PIECEWISE_BEZIER_KNOTS.);
#2037 = CARTESIAN_POINT('',(-42.48467875173,224.4130706599));
#2038 = CARTESIAN_POINT('',(-43.88467875173,221.98819952931));
#2039 = ( GEOMETRIC_REPRESENTATION_CONTEXT(2) 
PARAMETRIC_REPRESENTATION_CONTEXT() REPRESENTATION_CONTEXT('2D SPACE',''
  ) );
#2040 = ORIENTED_EDGE('',*,*,#1828,.F.);
#2041 = ORIENTED_EDGE('',*,*,#665,.T.);
#2042 = ORIENTED_EDGE('',*,*,#2043,.T.);
#2043 = EDGE_CURVE('',#637,#1930,#2044,.T.);
#2044 = SURFACE_CURVE('',#2045,(#2049,#2055),.PCURVE_S1.);
#2045 = LINE('',#2046,#2047);
#2046 = CARTESIAN_POINT('',(-3.1,24.706274506692,-3.));
#2047 = VECTOR('',#2048,1.);
#2048 = DIRECTION('',(-0.,-0.,-1.));
#2049 = PCURVE('',#680,#2050);
#2050 = DEFINITIONAL_REPRESENTATION('',(#2051),#2054);
#2051 = B_SPLINE_CURVE_WITH_KNOTS('',1,(#2052,#2053),.UNSPECIFIED.,.F.,
  .F.,(2,2),(-3.0000006,5.999999999062E-07),.PIECEWISE_BEZIER_KNOTS.);
#2052 = CARTESIAN_POINT('',(1.106274506692,-20.0000006));
#2053 = CARTESIAN_POINT('',(1.106274506692,-16.9999994));
#2054 = ( GEOMETRIC_REPRESENTATION_CONTEXT(2) 
PARAMETRIC_REPRESENTATION_CONTEXT() REPRESENTATION_CONTEXT('2D SPACE',''
  ) );
#2055 = PCURVE('',#653,#2056);
#2056 = DEFINITIONAL_REPRESENTATION('',(#2057),#2060);
#2057 = B_SPLINE_CURVE_WITH_KNOTS('',1,(#2058,#2059),.UNSPECIFIED.,.F.,
  .F.,(2,2),(-3.0000006,5.999999999062E-07),.PIECEWISE_BEZIER_KNOTS.);
#2058 = CARTESIAN_POINT('',(-1.695618197531,-3.0000006));
#2059 = CARTESIAN_POINT('',(-1.695618197531,5.999999999062E-07));
#2060 = ( GEOMETRIC_REPRESENTATION_CONTEXT(2) 
PARAMETRIC_REPRESENTATION_CONTEXT() REPRESENTATION_CONTEXT('2D SPACE',''
  ) );
#2061 = ADVANCED_FACE('',(#2062),#472,.F.);
#2062 = FACE_BOUND('',#2063,.T.);
#2063 = EDGE_LOOP('',(#2064,#2065,#2088,#2116,#2137,#2165,#2191,#2217,
    #2218,#2219,#2240,#2266));
#2064 = ORIENTED_EDGE('',*,*,#451,.T.);
#2065 = ORIENTED_EDGE('',*,*,#2066,.T.);
#2066 = EDGE_CURVE('',#452,#2067,#2069,.T.);
#2067 = VERTEX_POINT('',#2068);
#2068 = CARTESIAN_POINT('',(20.977669529664,-17.67766952966,6.));
#2069 = SEAM_CURVE('',#2070,(#2074,#2081),.PCURVE_S1.);
#2070 = LINE('',#2071,#2072);
#2071 = CARTESIAN_POINT('',(20.977669529664,-17.67766952966,-20.));
#2072 = VECTOR('',#2073,1.);
#2073 = DIRECTION('',(0.,0.,1.));
#2074 = PCURVE('',#472,#2075);
#2075 = DEFINITIONAL_REPRESENTATION('',(#2076),#2080);
#2076 = LINE('',#2077,#2078);
#2077 = CARTESIAN_POINT('',(-6.28318530718,0.));
#2078 = VECTOR('',#2079,1.);
#2079 = DIRECTION('',(-0.,-1.));
#2080 = ( GEOMETRIC_REPRESENTATION_CONTEXT(2) 
PARAMETRIC_REPRESENTATION_CONTEXT() REPRESENTATION_CONTEXT('2D SPACE',''
  ) );
#2081 = PCURVE('',#472,#2082);
#2082 = DEFINITIONAL_REPRESENTATION('',(#2083),#2087);
#2083 = LINE('',#2084,#2085);
#2084 = CARTESIAN_POINT('',(-0.,0.));
#2085 = VECTOR('',#2086,1.);
#2086 = DIRECTION('',(-0.,-1.));
#2087 = ( GEOMETRIC_REPRESENTATION_CONTEXT(2) 
PARAMETRIC_REPRESENTATION_CONTEXT() REPRESENTATION_CONTEXT('2D SPACE',''
  ) );
#2088 = ORIENTED_EDGE('',*,*,#2089,.F.);
#2089 = EDGE_CURVE('',#2090,#2067,#2092,.T.);
#2090 = VERTEX_POINT('',#2091);
#2091 = CARTESIAN_POINT('',(19.926483994991,-15.2625435494,6.));
#2092 = SURFACE_CURVE('',#2093,(#2098,#2105),.PCURVE_S1.);
#2093 = CIRCLE('',#2094,3.3);
#2094 = AXIS2_PLACEMENT_3D('',#2095,#2096,#2097);
#2095 = CARTESIAN_POINT('',(17.677669529664,-17.67766952966,6.));
#2096 = DIRECTION('',(0.,0.,-1.));
#2097 = DIRECTION('',(1.,0.,0.));
#2098 = PCURVE('',#472,#2099);
#2099 = DEFINITIONAL_REPRESENTATION('',(#2100),#2104);
#2100 = LINE('',#2101,#2102);
#2101 = CARTESIAN_POINT('',(-6.28318530718,-26.));
#2102 = VECTOR('',#2103,1.);
#2103 = DIRECTION('',(1.,-0.));
#2104 = ( GEOMETRIC_REPRESENTATION_CONTEXT(2) 
PARAMETRIC_REPRESENTATION_CONTEXT() REPRESENTATION_CONTEXT('2D SPACE',''
  ) );
#2105 = PCURVE('',#1098,#2106);
#2106 = DEFINITIONAL_REPRESENTATION('',(#2107),#2115);
#2107 = ( BOUNDED_CURVE() B_SPLINE_CURVE(2,(#2108,#2109,#2110,#2111,
#2112,#2113,#2114),.UNSPECIFIED.,.T.,.F.) B_SPLINE_CURVE_WITH_KNOTS((1,2
    ,2,2,2,1),(-2.094395102393,0.,2.094395102393,4.188790204786,
6.28318530718,8.377580409573),.UNSPECIFIED.) CURVE() 
GEOMETRIC_REPRESENTATION_ITEM() RATIONAL_B_SPLINE_CURVE((1.,0.5,1.,0.5,
1.,0.5,1.)) REPRESENTATION_ITEM('') );
#2108 = CARTESIAN_POINT('',(-43.67164003994,174.20185434277));
#2109 = CARTESIAN_POINT('',(-46.52952387243,169.25185434277));
#2110 = CARTESIAN_POINT('',(-49.38740770492,174.20185434277));
#2111 = CARTESIAN_POINT('',(-52.24529153741,179.15185434277));
#2112 = CARTESIAN_POINT('',(-46.52952387243,179.15185434277));
#2113 = CARTESIAN_POINT('',(-40.81375620746,179.15185434277));
#2114 = CARTESIAN_POINT('',(-43.67164003994,174.20185434277));
#2115 = ( GEOMETRIC_REPRESENTATION_CONTEXT(2) 
PARAMETRIC_REPRESENTATION_CONTEXT() REPRESENTATION_CONTEXT('2D SPACE',''
  ) );
#2116 = ORIENTED_EDGE('',*,*,#2117,.T.);
#2117 = EDGE_CURVE('',#2090,#2118,#2120,.T.);
#2118 = VERTEX_POINT('',#2119);
#2119 = CARTESIAN_POINT('',(19.926483994991,-15.2625435494,2.));
#2120 = SURFACE_CURVE('',#2121,(#2125,#2131),.PCURVE_S1.);
#2121 = LINE('',#2122,#2123);
#2122 = CARTESIAN_POINT('',(19.926483994991,-15.2625435494,2.));
#2123 = VECTOR('',#2124,1.);
#2124 = DIRECTION('',(-0.,-0.,-1.));
#2125 = PCURVE('',#472,#2126);
#2126 = DEFINITIONAL_REPRESENTATION('',(#2127),#2130);
#2127 = B_SPLINE_CURVE_WITH_KNOTS('',1,(#2128,#2129),.UNSPECIFIED.,.F.,
  .F.,(2,2),(-4.0000006,5.999999999062E-07),.PIECEWISE_BEZIER_KNOTS.);
#2128 = CARTESIAN_POINT('',(-0.821042074083,-26.0000006));
#2129 = CARTESIAN_POINT('',(-0.821042074083,-21.9999994));
#2130 = ( GEOMETRIC_REPRESENTATION_CONTEXT(2) 
PARAMETRIC_REPRESENTATION_CONTEXT() REPRESENTATION_CONTEXT('2D SPACE',''
  ) );
#2131 = PCURVE('',#1599,#2132);
#2132 = DEFINITIONAL_REPRESENTATION('',(#2133),#2136);
#2133 = B_SPLINE_CURVE_WITH_KNOTS('',1,(#2134,#2135),.UNSPECIFIED.,.F.,
  .F.,(2,2),(-4.0000006,5.999999999062E-07),.PIECEWISE_BEZIER_KNOTS.);
#2134 = CARTESIAN_POINT('',(-5.629558748774,-4.0000006));
#2135 = CARTESIAN_POINT('',(-5.629558748774,5.999999999062E-07));
#2136 = ( GEOMETRIC_REPRESENTATION_CONTEXT(2) 
PARAMETRIC_REPRESENTATION_CONTEXT() REPRESENTATION_CONTEXT('2D SPACE',''
  ) );
#2137 = ORIENTED_EDGE('',*,*,#2138,.F.);
#2138 = EDGE_CURVE('',#2139,#2118,#2141,.T.);
#2139 = VERTEX_POINT('',#2140);
#2140 = CARTESIAN_POINT('',(15.262543549402,-19.92648399499,2.));
#2141 = SURFACE_CURVE('',#2142,(#2147,#2154),.PCURVE_S1.);
#2142 = CIRCLE('',#2143,3.3);
#2143 = AXIS2_PLACEMENT_3D('',#2144,#2145,#2146);
#2144 = CARTESIAN_POINT('',(17.677669529664,-17.67766952966,2.));
#2145 = DIRECTION('',(0.,0.,-1.));
#2146 = DIRECTION('',(1.,0.,0.));
#2147 = PCURVE('',#472,#2148);
#2148 = DEFINITIONAL_REPRESENTATION('',(#2149),#2153);
#2149 = LINE('',#2150,#2151);
#2150 = CARTESIAN_POINT('',(-6.28318530718,-22.));
#2151 = VECTOR('',#2152,1.);
#2152 = DIRECTION('',(1.,-0.));
#2153 = ( GEOMETRIC_REPRESENTATION_CONTEXT(2) 
PARAMETRIC_REPRESENTATION_CONTEXT() REPRESENTATION_CONTEXT('2D SPACE',''
  ) );
#2154 = PCURVE('',#1568,#2155);
#2155 = DEFINITIONAL_REPRESENTATION('',(#2156),#2164);
#2156 = ( BOUNDED_CURVE() B_SPLINE_CURVE(2,(#2157,#2158,#2159,#2160,
#2161,#2162,#2163),.UNSPECIFIED.,.T.,.F.) B_SPLINE_CURVE_WITH_KNOTS((1,2
    ,2,2,2,1),(-2.094395102393,0.,2.094395102393,4.188790204786,
6.28318530718,8.377580409573),.UNSPECIFIED.) CURVE() 
GEOMETRIC_REPRESENTATION_ITEM() RATIONAL_B_SPLINE_CURVE((1.,0.5,1.,0.5,
1.,0.5,1.)) REPRESENTATION_ITEM('') );
#2157 = CARTESIAN_POINT('',(20.977669529664,-17.67766952966));
#2158 = CARTESIAN_POINT('',(20.977669529664,-23.39343719464));
#2159 = CARTESIAN_POINT('',(16.027669529664,-20.53555336215));
#2160 = CARTESIAN_POINT('',(11.077669529664,-17.67766952966));
#2161 = CARTESIAN_POINT('',(16.027669529664,-14.81978569717));
#2162 = CARTESIAN_POINT('',(20.977669529664,-11.96190186468));
#2163 = CARTESIAN_POINT('',(20.977669529664,-17.67766952966));
#2164 = ( GEOMETRIC_REPRESENTATION_CONTEXT(2) 
PARAMETRIC_REPRESENTATION_CONTEXT() REPRESENTATION_CONTEXT('2D SPACE',''
  ) );
#2165 = ORIENTED_EDGE('',*,*,#2166,.F.);
#2166 = EDGE_CURVE('',#2167,#2139,#2169,.T.);
#2167 = VERTEX_POINT('',#2168);
#2168 = CARTESIAN_POINT('',(15.262543549402,-19.92648399499,6.));
#2169 = SURFACE_CURVE('',#2170,(#2174,#2180),.PCURVE_S1.);
#2170 = LINE('',#2171,#2172);
#2171 = CARTESIAN_POINT('',(15.262543549402,-19.92648399499,2.));
#2172 = VECTOR('',#2173,1.);
#2173 = DIRECTION('',(-0.,-0.,-1.));
#2174 = PCURVE('',#472,#2175);
#2175 = DEFINITIONAL_REPRESENTATION('',(#2176),#2179);
#2176 = B_SPLINE_CURVE_WITH_KNOTS('',1,(#2177,#2178),.UNSPECIFIED.,.F.,
  .F.,(2,2),(-4.0000006,5.999999999062E-07),.PIECEWISE_BEZIER_KNOTS.);
#2177 = CARTESIAN_POINT('',(-3.891346906301,-26.0000006));
#2178 = CARTESIAN_POINT('',(-3.891346906301,-21.9999994));
#2179 = ( GEOMETRIC_REPRESENTATION_CONTEXT(2) 
PARAMETRIC_REPRESENTATION_CONTEXT() REPRESENTATION_CONTEXT('2D SPACE',''
  ) );
#2180 = PCURVE('',#2181,#2186);
#2181 = CYLINDRICAL_SURFACE('',#2182,25.1);
#2182 = AXIS2_PLACEMENT_3D('',#2183,#2184,#2185);
#2183 = CARTESIAN_POINT('',(0.,0.,2.));
#2184 = DIRECTION('',(-0.,-0.,-1.));
#2185 = DIRECTION('',(1.,0.,0.));
#2186 = DEFINITIONAL_REPRESENTATION('',(#2187),#2190);
#2187 = B_SPLINE_CURVE_WITH_KNOTS('',1,(#2188,#2189),.UNSPECIFIED.,.F.,
  .F.,(2,2),(-4.0000006,5.999999999062E-07),.PIECEWISE_BEZIER_KNOTS.);
#2188 = CARTESIAN_POINT('',(-5.36601553879,-4.0000006));
#2189 = CARTESIAN_POINT('',(-5.36601553879,5.999999999062E-07));
#2190 = ( GEOMETRIC_REPRESENTATION_CONTEXT(2) 
PARAMETRIC_REPRESENTATION_CONTEXT() REPRESENTATION_CONTEXT('2D SPACE',''
  ) );
#2191 = ORIENTED_EDGE('',*,*,#2192,.F.);
#2192 = EDGE_CURVE('',#2067,#2167,#2193,.T.);
#2193 = SURFACE_CURVE('',#2194,(#2199,#2206),.PCURVE_S1.);
#2194 = CIRCLE('',#2195,3.3);
#2195 = AXIS2_PLACEMENT_3D('',#2196,#2197,#2198);
#2196 = CARTESIAN_POINT('',(17.677669529664,-17.67766952966,6.));
#2197 = DIRECTION('',(0.,0.,-1.));
#2198 = DIRECTION('',(1.,0.,0.));
#2199 = PCURVE('',#472,#2200);
#2200 = DEFINITIONAL_REPRESENTATION('',(#2201),#2205);
#2201 = LINE('',#2202,#2203);
#2202 = CARTESIAN_POINT('',(-6.28318530718,-26.));
#2203 = VECTOR('',#2204,1.);
#2204 = DIRECTION('',(1.,-0.));
#2205 = ( GEOMETRIC_REPRESENTATION_CONTEXT(2) 
PARAMETRIC_REPRESENTATION_CONTEXT() REPRESENTATION_CONTEXT('2D SPACE',''
  ) );
#2206 = PCURVE('',#1098,#2207);
#2207 = DEFINITIONAL_REPRESENTATION('',(#2208),#2216);
#2208 = ( BOUNDED_CURVE() B_SPLINE_CURVE(2,(#2209,#2210,#2211,#2212,
#2213,#2214,#2215),.UNSPECIFIED.,.T.,.F.) B_SPLINE_CURVE_WITH_KNOTS((1,2
    ,2,2,2,1),(-2.094395102393,0.,2.094395102393,4.188790204786,
6.28318530718,8.377580409573),.UNSPECIFIED.) CURVE() 
GEOMETRIC_REPRESENTATION_ITEM() RATIONAL_B_SPLINE_CURVE((1.,0.5,1.,0.5,
1.,0.5,1.)) REPRESENTATION_ITEM('') );
#2209 = CARTESIAN_POINT('',(-43.67164003994,174.20185434277));
#2210 = CARTESIAN_POINT('',(-46.52952387243,169.25185434277));
#2211 = CARTESIAN_POINT('',(-49.38740770492,174.20185434277));
#2212 = CARTESIAN_POINT('',(-52.24529153741,179.15185434277));
#2213 = CARTESIAN_POINT('',(-46.52952387243,179.15185434277));
#2214 = CARTESIAN_POINT('',(-40.81375620746,179.15185434277));
#2215 = CARTESIAN_POINT('',(-43.67164003994,174.20185434277));
#2216 = ( GEOMETRIC_REPRESENTATION_CONTEXT(2) 
PARAMETRIC_REPRESENTATION_CONTEXT() REPRESENTATION_CONTEXT('2D SPACE',''
  ) );
#2217 = ORIENTED_EDGE('',*,*,#2066,.F.);
#2218 = ORIENTED_EDGE('',*,*,#484,.T.);
#2219 = ORIENTED_EDGE('',*,*,#2220,.T.);
#2220 = EDGE_CURVE('',#485,#2221,#2223,.T.);
#2221 = VERTEX_POINT('',#2222);
#2222 = CARTESIAN_POINT('',(15.130472102606,-19.77571272931,-3.));
#2223 = SURFACE_CURVE('',#2224,(#2228,#2234),.PCURVE_S1.);
#2224 = LINE('',#2225,#2226);
#2225 = CARTESIAN_POINT('',(15.130472102606,-19.77571272931,-3.));
#2226 = VECTOR('',#2227,1.);
#2227 = DIRECTION('',(-0.,-0.,-1.));
#2228 = PCURVE('',#472,#2229);
#2229 = DEFINITIONAL_REPRESENTATION('',(#2230),#2233);
#2230 = B_SPLINE_CURVE_WITH_KNOTS('',1,(#2231,#2232),.UNSPECIFIED.,.F.,
  .F.,(2,2),(-3.0000006,5.999999999062E-07),.PIECEWISE_BEZIER_KNOTS.);
#2231 = CARTESIAN_POINT('',(-3.830599194105,-20.0000006));
#2232 = CARTESIAN_POINT('',(-3.830599194105,-16.9999994));
#2233 = ( GEOMETRIC_REPRESENTATION_CONTEXT(2) 
PARAMETRIC_REPRESENTATION_CONTEXT() REPRESENTATION_CONTEXT('2D SPACE',''
  ) );
#2234 = PCURVE('',#529,#2235);
#2235 = DEFINITIONAL_REPRESENTATION('',(#2236),#2239);
#2236 = B_SPLINE_CURVE_WITH_KNOTS('',1,(#2237,#2238),.UNSPECIFIED.,.F.,
  .F.,(2,2),(-3.0000006,5.999999999062E-07),.PIECEWISE_BEZIER_KNOTS.);
#2237 = CARTESIAN_POINT('',(-5.365486623803,-3.0000006));
#2238 = CARTESIAN_POINT('',(-5.365486623803,5.999999999062E-07));
#2239 = ( GEOMETRIC_REPRESENTATION_CONTEXT(2) 
PARAMETRIC_REPRESENTATION_CONTEXT() REPRESENTATION_CONTEXT('2D SPACE',''
  ) );
#2240 = ORIENTED_EDGE('',*,*,#2241,.T.);
#2241 = EDGE_CURVE('',#2221,#1882,#2242,.T.);
#2242 = SURFACE_CURVE('',#2243,(#2248,#2255),.PCURVE_S1.);
#2243 = CIRCLE('',#2244,3.3);
#2244 = AXIS2_PLACEMENT_3D('',#2245,#2246,#2247);
#2245 = CARTESIAN_POINT('',(17.677669529664,-17.67766952966,-3.));
#2246 = DIRECTION('',(0.,0.,-1.));
#2247 = DIRECTION('',(1.,0.,0.));
#2248 = PCURVE('',#472,#2249);
#2249 = DEFINITIONAL_REPRESENTATION('',(#2250),#2254);
#2250 = LINE('',#2251,#2252);
#2251 = CARTESIAN_POINT('',(-6.28318530718,-17.));
#2252 = VECTOR('',#2253,1.);
#2253 = DIRECTION('',(1.,-0.));
#2254 = ( GEOMETRIC_REPRESENTATION_CONTEXT(2) 
PARAMETRIC_REPRESENTATION_CONTEXT() REPRESENTATION_CONTEXT('2D SPACE',''
  ) );
#2255 = PCURVE('',#1419,#2256);
#2256 = DEFINITIONAL_REPRESENTATION('',(#2257),#2265);
#2257 = ( BOUNDED_CURVE() B_SPLINE_CURVE(2,(#2258,#2259,#2260,#2261,
#2262,#2263,#2264),.UNSPECIFIED.,.T.,.F.) B_SPLINE_CURVE_WITH_KNOTS((1,2
    ,2,2,2,1),(-2.094395102393,0.,2.094395102393,4.188790204786,
6.28318530718,8.377580409573),.UNSPECIFIED.) CURVE() 
GEOMETRIC_REPRESENTATION_ITEM() RATIONAL_B_SPLINE_CURVE((1.,0.5,1.,0.5,
1.,0.5,1.)) REPRESENTATION_ITEM('') );
#2258 = CARTESIAN_POINT('',(20.977669529664,-17.67766952966));
#2259 = CARTESIAN_POINT('',(20.977669529664,-23.39343719464));
#2260 = CARTESIAN_POINT('',(16.027669529664,-20.53555336215));
#2261 = CARTESIAN_POINT('',(11.077669529664,-17.67766952966));
#2262 = CARTESIAN_POINT('',(16.027669529664,-14.81978569717));
#2263 = CARTESIAN_POINT('',(20.977669529664,-11.96190186468));
#2264 = CARTESIAN_POINT('',(20.977669529664,-17.67766952966));
#2265 = ( GEOMETRIC_REPRESENTATION_CONTEXT(2) 
PARAMETRIC_REPRESENTATION_CONTEXT() REPRESENTATION_CONTEXT('2D SPACE',''
  ) );
#2266 = ORIENTED_EDGE('',*,*,#1905,.F.);
#2267 = ADVANCED_FACE('',(#2268),#653,.T.);
#2268 = FACE_BOUND('',#2269,.F.);
#2269 = EDGE_LOOP('',(#2270,#2294,#2295,#2296));
#2270 = ORIENTED_EDGE('',*,*,#2271,.F.);
#2271 = EDGE_CURVE('',#1930,#2272,#2274,.T.);
#2272 = VERTEX_POINT('',#2273);
#2273 = CARTESIAN_POINT('',(-15.1304721026,19.775712729312,-3.));
#2274 = SURFACE_CURVE('',#2275,(#2280,#2287),.PCURVE_S1.);
#2275 = CIRCLE('',#2276,24.9);
#2276 = AXIS2_PLACEMENT_3D('',#2277,#2278,#2279);
#2277 = CARTESIAN_POINT('',(0.,0.,-3.));
#2278 = DIRECTION('',(0.,-0.,1.));
#2279 = DIRECTION('',(0.607649482032,0.794205330494,0.));
#2280 = PCURVE('',#653,#2281);
#2281 = DEFINITIONAL_REPRESENTATION('',(#2282),#2286);
#2282 = LINE('',#2283,#2284);
#2283 = CARTESIAN_POINT('',(-0.917698683377,0.));
#2284 = VECTOR('',#2285,1.);
#2285 = DIRECTION('',(-1.,0.));
#2286 = ( GEOMETRIC_REPRESENTATION_CONTEXT(2) 
PARAMETRIC_REPRESENTATION_CONTEXT() REPRESENTATION_CONTEXT('2D SPACE',''
  ) );
#2287 = PCURVE('',#1419,#2288);
#2288 = DEFINITIONAL_REPRESENTATION('',(#2289),#2293);
#2289 = CIRCLE('',#2290,24.9);
#2290 = AXIS2_PLACEMENT_2D('',#2291,#2292);
#2291 = CARTESIAN_POINT('',(1.757352780774E-15,-1.619572327868E-15));
#2292 = DIRECTION('',(0.607649482032,0.794205330494));
#2293 = ( GEOMETRIC_REPRESENTATION_CONTEXT(2) 
PARAMETRIC_REPRESENTATION_CONTEXT() REPRESENTATION_CONTEXT('2D SPACE',''
  ) );
#2294 = ORIENTED_EDGE('',*,*,#2043,.F.);
#2295 = ORIENTED_EDGE('',*,*,#636,.T.);
#2296 = ORIENTED_EDGE('',*,*,#2297,.T.);
#2297 = EDGE_CURVE('',#604,#2272,#2298,.T.);
#2298 = SURFACE_CURVE('',#2299,(#2303,#2309),.PCURVE_S1.);
#2299 = LINE('',#2300,#2301);
#2300 = CARTESIAN_POINT('',(-15.1304721026,19.775712729312,-3.));
#2301 = VECTOR('',#2302,1.);
#2302 = DIRECTION('',(-0.,-0.,-1.));
#2303 = PCURVE('',#653,#2304);
#2304 = DEFINITIONAL_REPRESENTATION('',(#2305),#2308);
#2305 = B_SPLINE_CURVE_WITH_KNOTS('',1,(#2306,#2307),.UNSPECIFIED.,.F.,
  .F.,(2,2),(-3.0000006,5.999999999062E-07),.PIECEWISE_BEZIER_KNOTS.);
#2306 = CARTESIAN_POINT('',(-2.223893970213,-3.0000006));
#2307 = CARTESIAN_POINT('',(-2.223893970213,5.999999999062E-07));
#2308 = ( GEOMETRIC_REPRESENTATION_CONTEXT(2) 
PARAMETRIC_REPRESENTATION_CONTEXT() REPRESENTATION_CONTEXT('2D SPACE',''
  ) );
#2309 = PCURVE('',#624,#2310);
#2310 = DEFINITIONAL_REPRESENTATION('',(#2311),#2314);
#2311 = B_SPLINE_CURVE_WITH_KNOTS('',1,(#2312,#2313),.UNSPECIFIED.,.F.,
  .F.,(2,2),(-3.0000006,5.999999999062E-07),.PIECEWISE_BEZIER_KNOTS.);
#2312 = CARTESIAN_POINT('',(-0.689006540515,-20.0000006));
#2313 = CARTESIAN_POINT('',(-0.689006540515,-16.9999994));
#2314 = ( GEOMETRIC_REPRESENTATION_CONTEXT(2) 
PARAMETRIC_REPRESENTATION_CONTEXT() REPRESENTATION_CONTEXT('2D SPACE',''
  ) );
#2315 = ADVANCED_FACE('',(#2316),#624,.F.);
#2316 = FACE_BOUND('',#2317,.T.);
#2317 = EDGE_LOOP('',(#2318,#2346,#2369,#2397,#2418,#2446,#2472,#2498,
    #2499,#2527,#2546,#2547));
#2318 = ORIENTED_EDGE('',*,*,#2319,.T.);
#2319 = EDGE_CURVE('',#2272,#2320,#2322,.T.);
#2320 = VERTEX_POINT('',#2321);
#2321 = CARTESIAN_POINT('',(-14.37766952966,17.677669529664,-3.));
#2322 = SURFACE_CURVE('',#2323,(#2328,#2335),.PCURVE_S1.);
#2323 = CIRCLE('',#2324,3.3);
#2324 = AXIS2_PLACEMENT_3D('',#2325,#2326,#2327);
#2325 = CARTESIAN_POINT('',(-17.67766952966,17.677669529664,-3.));
#2326 = DIRECTION('',(0.,0.,-1.));
#2327 = DIRECTION('',(1.,0.,0.));
#2328 = PCURVE('',#624,#2329);
#2329 = DEFINITIONAL_REPRESENTATION('',(#2330),#2334);
#2330 = LINE('',#2331,#2332);
#2331 = CARTESIAN_POINT('',(-6.28318530718,-17.));
#2332 = VECTOR('',#2333,1.);
#2333 = DIRECTION('',(1.,-0.));
#2334 = ( GEOMETRIC_REPRESENTATION_CONTEXT(2) 
PARAMETRIC_REPRESENTATION_CONTEXT() REPRESENTATION_CONTEXT('2D SPACE',''
  ) );
#2335 = PCURVE('',#1419,#2336);
#2336 = DEFINITIONAL_REPRESENTATION('',(#2337),#2345);
#2337 = ( BOUNDED_CURVE() B_SPLINE_CURVE(2,(#2338,#2339,#2340,#2341,
#2342,#2343,#2344),.UNSPECIFIED.,.T.,.F.) B_SPLINE_CURVE_WITH_KNOTS((1,2
    ,2,2,2,1),(-2.094395102393,0.,2.094395102393,4.188790204786,
6.28318530718,8.377580409573),.UNSPECIFIED.) CURVE() 
GEOMETRIC_REPRESENTATION_ITEM() RATIONAL_B_SPLINE_CURVE((1.,0.5,1.,0.5,
1.,0.5,1.)) REPRESENTATION_ITEM('') );
#2338 = CARTESIAN_POINT('',(-14.37766952966,17.677669529664));
#2339 = CARTESIAN_POINT('',(-14.37766952966,11.961901864686));
#2340 = CARTESIAN_POINT('',(-19.32766952966,14.819785697175));
#2341 = CARTESIAN_POINT('',(-24.27766952966,17.677669529664));
#2342 = CARTESIAN_POINT('',(-19.32766952966,20.535553362152));
#2343 = CARTESIAN_POINT('',(-14.37766952966,23.393437194641));
#2344 = CARTESIAN_POINT('',(-14.37766952966,17.677669529664));
#2345 = ( GEOMETRIC_REPRESENTATION_CONTEXT(2) 
PARAMETRIC_REPRESENTATION_CONTEXT() REPRESENTATION_CONTEXT('2D SPACE',''
  ) );
#2346 = ORIENTED_EDGE('',*,*,#2347,.T.);
#2347 = EDGE_CURVE('',#2320,#2348,#2350,.T.);
#2348 = VERTEX_POINT('',#2349);
#2349 = CARTESIAN_POINT('',(-14.37766952966,17.677669529664,2.));
#2350 = SEAM_CURVE('',#2351,(#2355,#2362),.PCURVE_S1.);
#2351 = LINE('',#2352,#2353);
#2352 = CARTESIAN_POINT('',(-14.37766952966,17.677669529664,-20.));
#2353 = VECTOR('',#2354,1.);
#2354 = DIRECTION('',(0.,0.,1.));
#2355 = PCURVE('',#624,#2356);
#2356 = DEFINITIONAL_REPRESENTATION('',(#2357),#2361);
#2357 = LINE('',#2358,#2359);
#2358 = CARTESIAN_POINT('',(-6.28318530718,0.));
#2359 = VECTOR('',#2360,1.);
#2360 = DIRECTION('',(-0.,-1.));
#2361 = ( GEOMETRIC_REPRESENTATION_CONTEXT(2) 
PARAMETRIC_REPRESENTATION_CONTEXT() REPRESENTATION_CONTEXT('2D SPACE',''
  ) );
#2362 = PCURVE('',#624,#2363);
#2363 = DEFINITIONAL_REPRESENTATION('',(#2364),#2368);
#2364 = LINE('',#2365,#2366);
#2365 = CARTESIAN_POINT('',(-0.,0.));
#2366 = VECTOR('',#2367,1.);
#2367 = DIRECTION('',(-0.,-1.));
#2368 = ( GEOMETRIC_REPRESENTATION_CONTEXT(2) 
PARAMETRIC_REPRESENTATION_CONTEXT() REPRESENTATION_CONTEXT('2D SPACE',''
  ) );
#2369 = ORIENTED_EDGE('',*,*,#2370,.F.);
#2370 = EDGE_CURVE('',#2371,#2348,#2373,.T.);
#2371 = VERTEX_POINT('',#2372);
#2372 = CARTESIAN_POINT('',(-15.2625435494,19.926483994991,2.));
#2373 = SURFACE_CURVE('',#2374,(#2379,#2386),.PCURVE_S1.);
#2374 = CIRCLE('',#2375,3.3);
#2375 = AXIS2_PLACEMENT_3D('',#2376,#2377,#2378);
#2376 = CARTESIAN_POINT('',(-17.67766952966,17.677669529664,2.));
#2377 = DIRECTION('',(0.,0.,-1.));
#2378 = DIRECTION('',(1.,0.,0.));
#2379 = PCURVE('',#624,#2380);
#2380 = DEFINITIONAL_REPRESENTATION('',(#2381),#2385);
#2381 = LINE('',#2382,#2383);
#2382 = CARTESIAN_POINT('',(-6.28318530718,-22.));
#2383 = VECTOR('',#2384,1.);
#2384 = DIRECTION('',(1.,-0.));
#2385 = ( GEOMETRIC_REPRESENTATION_CONTEXT(2) 
PARAMETRIC_REPRESENTATION_CONTEXT() REPRESENTATION_CONTEXT('2D SPACE',''
  ) );
#2386 = PCURVE('',#1568,#2387);
#2387 = DEFINITIONAL_REPRESENTATION('',(#2388),#2396);
#2388 = ( BOUNDED_CURVE() B_SPLINE_CURVE(2,(#2389,#2390,#2391,#2392,
#2393,#2394,#2395),.UNSPECIFIED.,.T.,.F.) B_SPLINE_CURVE_WITH_KNOTS((1,2
    ,2,2,2,1),(-2.094395102393,0.,2.094395102393,4.188790204786,
6.28318530718,8.377580409573),.UNSPECIFIED.) CURVE() 
GEOMETRIC_REPRESENTATION_ITEM() RATIONAL_B_SPLINE_CURVE((1.,0.5,1.,0.5,
1.,0.5,1.)) REPRESENTATION_ITEM('') );
#2389 = CARTESIAN_POINT('',(-14.37766952966,17.677669529664));
#2390 = CARTESIAN_POINT('',(-14.37766952966,11.961901864686));
#2391 = CARTESIAN_POINT('',(-19.32766952966,14.819785697175));
#2392 = CARTESIAN_POINT('',(-24.27766952966,17.677669529664));
#2393 = CARTESIAN_POINT('',(-19.32766952966,20.535553362152));
#2394 = CARTESIAN_POINT('',(-14.37766952966,23.393437194641));
#2395 = CARTESIAN_POINT('',(-14.37766952966,17.677669529664));
#2396 = ( GEOMETRIC_REPRESENTATION_CONTEXT(2) 
PARAMETRIC_REPRESENTATION_CONTEXT() REPRESENTATION_CONTEXT('2D SPACE',''
  ) );
#2397 = ORIENTED_EDGE('',*,*,#2398,.F.);
#2398 = EDGE_CURVE('',#2399,#2371,#2401,.T.);
#2399 = VERTEX_POINT('',#2400);
#2400 = CARTESIAN_POINT('',(-15.2625435494,19.926483994991,6.));
#2401 = SURFACE_CURVE('',#2402,(#2406,#2412),.PCURVE_S1.);
#2402 = LINE('',#2403,#2404);
#2403 = CARTESIAN_POINT('',(-15.2625435494,19.926483994991,2.));
#2404 = VECTOR('',#2405,1.);
#2405 = DIRECTION('',(-0.,-0.,-1.));
#2406 = PCURVE('',#624,#2407);
#2407 = DEFINITIONAL_REPRESENTATION('',(#2408),#2411);
#2408 = B_SPLINE_CURVE_WITH_KNOTS('',1,(#2409,#2410),.UNSPECIFIED.,.F.,
  .F.,(2,2),(-4.0000006,5.999999999062E-07),.PIECEWISE_BEZIER_KNOTS.);
#2409 = CARTESIAN_POINT('',(-0.749754252712,-26.0000006));
#2410 = CARTESIAN_POINT('',(-0.749754252712,-21.9999994));
#2411 = ( GEOMETRIC_REPRESENTATION_CONTEXT(2) 
PARAMETRIC_REPRESENTATION_CONTEXT() REPRESENTATION_CONTEXT('2D SPACE',''
  ) );
#2412 = PCURVE('',#2011,#2413);
#2413 = DEFINITIONAL_REPRESENTATION('',(#2414),#2417);
#2414 = B_SPLINE_CURVE_WITH_KNOTS('',1,(#2415,#2416),.UNSPECIFIED.,.F.,
  .F.,(2,2),(-4.0000006,5.999999999062E-07),.PIECEWISE_BEZIER_KNOTS.);
#2415 = CARTESIAN_POINT('',(-2.2244228852,-4.0000006));
#2416 = CARTESIAN_POINT('',(-2.2244228852,5.999999999062E-07));
#2417 = ( GEOMETRIC_REPRESENTATION_CONTEXT(2) 
PARAMETRIC_REPRESENTATION_CONTEXT() REPRESENTATION_CONTEXT('2D SPACE',''
  ) );
#2418 = ORIENTED_EDGE('',*,*,#2419,.F.);
#2419 = EDGE_CURVE('',#2420,#2399,#2422,.T.);
#2420 = VERTEX_POINT('',#2421);
#2421 = CARTESIAN_POINT('',(-19.92648399499,15.262543549402,6.));
#2422 = SURFACE_CURVE('',#2423,(#2428,#2435),.PCURVE_S1.);
#2423 = CIRCLE('',#2424,3.3);
#2424 = AXIS2_PLACEMENT_3D('',#2425,#2426,#2427);
#2425 = CARTESIAN_POINT('',(-17.67766952966,17.677669529664,6.));
#2426 = DIRECTION('',(0.,0.,-1.));
#2427 = DIRECTION('',(1.,0.,0.));
#2428 = PCURVE('',#624,#2429);
#2429 = DEFINITIONAL_REPRESENTATION('',(#2430),#2434);
#2430 = LINE('',#2431,#2432);
#2431 = CARTESIAN_POINT('',(-6.28318530718,-26.));
#2432 = VECTOR('',#2433,1.);
#2433 = DIRECTION('',(1.,-0.));
#2434 = ( GEOMETRIC_REPRESENTATION_CONTEXT(2) 
PARAMETRIC_REPRESENTATION_CONTEXT() REPRESENTATION_CONTEXT('2D SPACE',''
  ) );
#2435 = PCURVE('',#1098,#2436);
#2436 = DEFINITIONAL_REPRESENTATION('',(#2437),#2445);
#2437 = ( BOUNDED_CURVE() B_SPLINE_CURVE(2,(#2438,#2439,#2440,#2441,
#2442,#2443,#2444),.UNSPECIFIED.,.T.,.F.) B_SPLINE_CURVE_WITH_KNOTS((1,2
    ,2,2,2,1),(-2.094395102393,0.,2.094395102393,4.188790204786,
6.28318530718,8.377580409573),.UNSPECIFIED.) CURVE() 
GEOMETRIC_REPRESENTATION_ITEM() RATIONAL_B_SPLINE_CURVE((1.,0.5,1.,0.5,
1.,0.5,1.)) REPRESENTATION_ITEM('') );
#2438 = CARTESIAN_POINT('',(-56.61259229507,222.49814565722));
#2439 = CARTESIAN_POINT('',(-59.47047612756,217.54814565722));
#2440 = CARTESIAN_POINT('',(-62.32835996005,222.49814565722));
#2441 = CARTESIAN_POINT('',(-65.18624379254,227.44814565722));
#2442 = CARTESIAN_POINT('',(-59.47047612756,227.44814565722));
#2443 = CARTESIAN_POINT('',(-53.75470846258,227.44814565722));
#2444 = CARTESIAN_POINT('',(-56.61259229507,222.49814565722));
#2445 = ( GEOMETRIC_REPRESENTATION_CONTEXT(2) 
PARAMETRIC_REPRESENTATION_CONTEXT() REPRESENTATION_CONTEXT('2D SPACE',''
  ) );
#2446 = ORIENTED_EDGE('',*,*,#2447,.T.);
#2447 = EDGE_CURVE('',#2420,#2448,#2450,.T.);
#2448 = VERTEX_POINT('',#2449);
#2449 = CARTESIAN_POINT('',(-19.92648399499,15.262543549402,2.));
#2450 = SURFACE_CURVE('',#2451,(#2455,#2461),.PCURVE_S1.);
#2451 = LINE('',#2452,#2453);
#2452 = CARTESIAN_POINT('',(-19.92648399499,15.262543549402,2.));
#2453 = VECTOR('',#2454,1.);
#2454 = DIRECTION('',(-0.,-0.,-1.));
#2455 = PCURVE('',#624,#2456);
#2456 = DEFINITIONAL_REPRESENTATION('',(#2457),#2460);
#2457 = B_SPLINE_CURVE_WITH_KNOTS('',1,(#2458,#2459),.UNSPECIFIED.,.F.,
  .F.,(2,2),(-4.0000006,5.999999999062E-07),.PIECEWISE_BEZIER_KNOTS.);
#2458 = CARTESIAN_POINT('',(-3.962634727673,-26.0000006));
#2459 = CARTESIAN_POINT('',(-3.962634727673,-21.9999994));
#2460 = ( GEOMETRIC_REPRESENTATION_CONTEXT(2) 
PARAMETRIC_REPRESENTATION_CONTEXT() REPRESENTATION_CONTEXT('2D SPACE',''
  ) );
#2461 = PCURVE('',#2462,#2467);
#2462 = CYLINDRICAL_SURFACE('',#2463,25.1);
#2463 = AXIS2_PLACEMENT_3D('',#2464,#2465,#2466);
#2464 = CARTESIAN_POINT('',(0.,0.,2.));
#2465 = DIRECTION('',(-0.,-0.,-1.));
#2466 = DIRECTION('',(1.,0.,0.));
#2467 = DEFINITIONAL_REPRESENTATION('',(#2468),#2471);
#2468 = B_SPLINE_CURVE_WITH_KNOTS('',1,(#2469,#2470),.UNSPECIFIED.,.F.,
  .F.,(2,2),(-4.0000006,5.999999999062E-07),.PIECEWISE_BEZIER_KNOTS.);
#2469 = CARTESIAN_POINT('',(-2.487966095185,-4.0000006));
#2470 = CARTESIAN_POINT('',(-2.487966095185,5.999999999062E-07));
#2471 = ( GEOMETRIC_REPRESENTATION_CONTEXT(2) 
PARAMETRIC_REPRESENTATION_CONTEXT() REPRESENTATION_CONTEXT('2D SPACE',''
  ) );
#2472 = ORIENTED_EDGE('',*,*,#2473,.F.);
#2473 = EDGE_CURVE('',#2348,#2448,#2474,.T.);
#2474 = SURFACE_CURVE('',#2475,(#2480,#2487),.PCURVE_S1.);
#2475 = CIRCLE('',#2476,3.3);
#2476 = AXIS2_PLACEMENT_3D('',#2477,#2478,#2479);
#2477 = CARTESIAN_POINT('',(-17.67766952966,17.677669529664,2.));
#2478 = DIRECTION('',(0.,0.,-1.));
#2479 = DIRECTION('',(1.,0.,0.));
#2480 = PCURVE('',#624,#2481);
#2481 = DEFINITIONAL_REPRESENTATION('',(#2482),#2486);
#2482 = LINE('',#2483,#2484);
#2483 = CARTESIAN_POINT('',(-6.28318530718,-22.));
#2484 = VECTOR('',#2485,1.);
#2485 = DIRECTION('',(1.,-0.));
#2486 = ( GEOMETRIC_REPRESENTATION_CONTEXT(2) 
PARAMETRIC_REPRESENTATION_CONTEXT() REPRESENTATION_CONTEXT('2D SPACE',''
  ) );
#2487 = PCURVE('',#1568,#2488);
#2488 = DEFINITIONAL_REPRESENTATION('',(#2489),#2497);
#2489 = ( BOUNDED_CURVE() B_SPLINE_CURVE(2,(#2490,#2491,#2492,#2493,
#2494,#2495,#2496),.UNSPECIFIED.,.T.,.F.) B_SPLINE_CURVE_WITH_KNOTS((1,2
    ,2,2,2,1),(-2.094395102393,0.,2.094395102393,4.188790204786,
6.28318530718,8.377580409573),.UNSPECIFIED.) CURVE() 
GEOMETRIC_REPRESENTATION_ITEM() RATIONAL_B_SPLINE_CURVE((1.,0.5,1.,0.5,
1.,0.5,1.)) REPRESENTATION_ITEM('') );
#2490 = CARTESIAN_POINT('',(-14.37766952966,17.677669529664));
#2491 = CARTESIAN_POINT('',(-14.37766952966,11.961901864686));
#2492 = CARTESIAN_POINT('',(-19.32766952966,14.819785697175));
#2493 = CARTESIAN_POINT('',(-24.27766952966,17.677669529664));
#2494 = CARTESIAN_POINT('',(-19.32766952966,20.535553362152));
#2495 = CARTESIAN_POINT('',(-14.37766952966,23.393437194641));
#2496 = CARTESIAN_POINT('',(-14.37766952966,17.677669529664));
#2497 = ( GEOMETRIC_REPRESENTATION_CONTEXT(2) 
PARAMETRIC_REPRESENTATION_CONTEXT() REPRESENTATION_CONTEXT('2D SPACE',''
  ) );
#2498 = ORIENTED_EDGE('',*,*,#2347,.F.);
#2499 = ORIENTED_EDGE('',*,*,#2500,.T.);
#2500 = EDGE_CURVE('',#2320,#2501,#2503,.T.);
#2501 = VERTEX_POINT('',#2502);
#2502 = CARTESIAN_POINT('',(-19.77571272931,15.130472102606,-3.));
#2503 = SURFACE_CURVE('',#2504,(#2509,#2516),.PCURVE_S1.);
#2504 = CIRCLE('',#2505,3.3);
#2505 = AXIS2_PLACEMENT_3D('',#2506,#2507,#2508);
#2506 = CARTESIAN_POINT('',(-17.67766952966,17.677669529664,-3.));
#2507 = DIRECTION('',(0.,0.,-1.));
#2508 = DIRECTION('',(1.,0.,0.));
#2509 = PCURVE('',#624,#2510);
#2510 = DEFINITIONAL_REPRESENTATION('',(#2511),#2515);
#2511 = LINE('',#2512,#2513);
#2512 = CARTESIAN_POINT('',(-6.28318530718,-17.));
#2513 = VECTOR('',#2514,1.);
#2514 = DIRECTION('',(1.,-0.));
#2515 = ( GEOMETRIC_REPRESENTATION_CONTEXT(2) 
PARAMETRIC_REPRESENTATION_CONTEXT() REPRESENTATION_CONTEXT('2D SPACE',''
  ) );
#2516 = PCURVE('',#1419,#2517);
#2517 = DEFINITIONAL_REPRESENTATION('',(#2518),#2526);
#2518 = ( BOUNDED_CURVE() B_SPLINE_CURVE(2,(#2519,#2520,#2521,#2522,
#2523,#2524,#2525),.UNSPECIFIED.,.T.,.F.) B_SPLINE_CURVE_WITH_KNOTS((1,2
    ,2,2,2,1),(-2.094395102393,0.,2.094395102393,4.188790204786,
6.28318530718,8.377580409573),.UNSPECIFIED.) CURVE() 
GEOMETRIC_REPRESENTATION_ITEM() RATIONAL_B_SPLINE_CURVE((1.,0.5,1.,0.5,
1.,0.5,1.)) REPRESENTATION_ITEM('') );
#2519 = CARTESIAN_POINT('',(-14.37766952966,17.677669529664));
#2520 = CARTESIAN_POINT('',(-14.37766952966,11.961901864686));
#2521 = CARTESIAN_POINT('',(-19.32766952966,14.819785697175));
#2522 = CARTESIAN_POINT('',(-24.27766952966,17.677669529664));
#2523 = CARTESIAN_POINT('',(-19.32766952966,20.535553362152));
#2524 = CARTESIAN_POINT('',(-14.37766952966,23.393437194641));
#2525 = CARTESIAN_POINT('',(-14.37766952966,17.677669529664));
#2526 = ( GEOMETRIC_REPRESENTATION_CONTEXT(2) 
PARAMETRIC_REPRESENTATION_CONTEXT() REPRESENTATION_CONTEXT('2D SPACE',''
  ) );
#2527 = ORIENTED_EDGE('',*,*,#2528,.F.);
#2528 = EDGE_CURVE('',#575,#2501,#2529,.T.);
#2529 = SURFACE_CURVE('',#2530,(#2534,#2540),.PCURVE_S1.);
#2530 = LINE('',#2531,#2532);
#2531 = CARTESIAN_POINT('',(-19.77571272931,15.130472102606,-3.));
#2532 = VECTOR('',#2533,1.);
#2533 = DIRECTION('',(-0.,-0.,-1.));
#2534 = PCURVE('',#624,#2535);
#2535 = DEFINITIONAL_REPRESENTATION('',(#2536),#2539);
#2536 = B_SPLINE_CURVE_WITH_KNOTS('',1,(#2537,#2538),.UNSPECIFIED.,.F.,
  .F.,(2,2),(-3.0000006,5.999999999062E-07),.PIECEWISE_BEZIER_KNOTS.);
#2537 = CARTESIAN_POINT('',(-4.02338243987,-20.0000006));
#2538 = CARTESIAN_POINT('',(-4.02338243987,-16.9999994));
#2539 = ( GEOMETRIC_REPRESENTATION_CONTEXT(2) 
PARAMETRIC_REPRESENTATION_CONTEXT() REPRESENTATION_CONTEXT('2D SPACE',''
  ) );
#2540 = PCURVE('',#591,#2541);
#2541 = DEFINITIONAL_REPRESENTATION('',(#2542),#2545);
#2542 = B_SPLINE_CURVE_WITH_KNOTS('',1,(#2543,#2544),.UNSPECIFIED.,.F.,
  .F.,(2,2),(-3.0000006,5.999999999062E-07),.PIECEWISE_BEZIER_KNOTS.);
#2543 = CARTESIAN_POINT('',(-2.488495010172,-3.0000006));
#2544 = CARTESIAN_POINT('',(-2.488495010172,5.999999999062E-07));
#2545 = ( GEOMETRIC_REPRESENTATION_CONTEXT(2) 
PARAMETRIC_REPRESENTATION_CONTEXT() REPRESENTATION_CONTEXT('2D SPACE',''
  ) );
#2546 = ORIENTED_EDGE('',*,*,#603,.T.);
#2547 = ORIENTED_EDGE('',*,*,#2297,.T.);
#2548 = ADVANCED_FACE('',(#2549),#529,.T.);
#2549 = FACE_BOUND('',#2550,.F.);
#2550 = EDGE_LOOP('',(#2551,#2575,#2594,#2595));
#2551 = ORIENTED_EDGE('',*,*,#2552,.F.);
#2552 = EDGE_CURVE('',#2553,#2221,#2555,.T.);
#2553 = VERTEX_POINT('',#2554);
#2554 = CARTESIAN_POINT('',(-15.1304721026,-19.77571272931,-3.));
#2555 = SURFACE_CURVE('',#2556,(#2561,#2568),.PCURVE_S1.);
#2556 = CIRCLE('',#2557,24.9);
#2557 = AXIS2_PLACEMENT_3D('',#2558,#2559,#2560);
#2558 = CARTESIAN_POINT('',(0.,0.,-3.));
#2559 = DIRECTION('',(0.,-0.,1.));
#2560 = DIRECTION('',(0.607649482032,0.794205330494,0.));
#2561 = PCURVE('',#529,#2562);
#2562 = DEFINITIONAL_REPRESENTATION('',(#2563),#2567);
#2563 = LINE('',#2564,#2565);
#2564 = CARTESIAN_POINT('',(-0.917698683377,0.));
#2565 = VECTOR('',#2566,1.);
#2566 = DIRECTION('',(-1.,0.));
#2567 = ( GEOMETRIC_REPRESENTATION_CONTEXT(2) 
PARAMETRIC_REPRESENTATION_CONTEXT() REPRESENTATION_CONTEXT('2D SPACE',''
  ) );
#2568 = PCURVE('',#1419,#2569);
#2569 = DEFINITIONAL_REPRESENTATION('',(#2570),#2574);
#2570 = CIRCLE('',#2571,24.9);
#2571 = AXIS2_PLACEMENT_2D('',#2572,#2573);
#2572 = CARTESIAN_POINT('',(1.757352780774E-15,-1.619572327868E-15));
#2573 = DIRECTION('',(0.607649482032,0.794205330494));
#2574 = ( GEOMETRIC_REPRESENTATION_CONTEXT(2) 
PARAMETRIC_REPRESENTATION_CONTEXT() REPRESENTATION_CONTEXT('2D SPACE',''
  ) );
#2575 = ORIENTED_EDGE('',*,*,#2576,.F.);
#2576 = EDGE_CURVE('',#513,#2553,#2577,.T.);
#2577 = SURFACE_CURVE('',#2578,(#2582,#2588),.PCURVE_S1.);
#2578 = LINE('',#2579,#2580);
#2579 = CARTESIAN_POINT('',(-15.1304721026,-19.77571272931,-3.));
#2580 = VECTOR('',#2581,1.);
#2581 = DIRECTION('',(-0.,-0.,-1.));
#2582 = PCURVE('',#529,#2583);
#2583 = DEFINITIONAL_REPRESENTATION('',(#2584),#2587);
#2584 = B_SPLINE_CURVE_WITH_KNOTS('',1,(#2585,#2586),.UNSPECIFIED.,.F.,
  .F.,(2,2),(-3.0000006,5.999999999062E-07),.PIECEWISE_BEZIER_KNOTS.);
#2585 = CARTESIAN_POINT('',(-4.059291336966,-3.0000006));
#2586 = CARTESIAN_POINT('',(-4.059291336966,5.999999999062E-07));
#2587 = ( GEOMETRIC_REPRESENTATION_CONTEXT(2) 
PARAMETRIC_REPRESENTATION_CONTEXT() REPRESENTATION_CONTEXT('2D SPACE',''
  ) );
#2588 = PCURVE('',#562,#2589);
#2589 = DEFINITIONAL_REPRESENTATION('',(#2590),#2593);
#2590 = B_SPLINE_CURVE_WITH_KNOTS('',1,(#2591,#2592),.UNSPECIFIED.,.F.,
  .F.,(2,2),(-3.0000006,5.999999999062E-07),.PIECEWISE_BEZIER_KNOTS.);
#2591 = CARTESIAN_POINT('',(-5.594178766665,-20.0000006));
#2592 = CARTESIAN_POINT('',(-5.594178766665,-16.9999994));
#2593 = ( GEOMETRIC_REPRESENTATION_CONTEXT(2) 
PARAMETRIC_REPRESENTATION_CONTEXT() REPRESENTATION_CONTEXT('2D SPACE',''
  ) );
#2594 = ORIENTED_EDGE('',*,*,#512,.T.);
#2595 = ORIENTED_EDGE('',*,*,#2220,.T.);
#2596 = ADVANCED_FACE('',(#2597),#591,.T.);
#2597 = FACE_BOUND('',#2598,.F.);
#2598 = EDGE_LOOP('',(#2599,#2623,#2624,#2625));
#2599 = ORIENTED_EDGE('',*,*,#2600,.F.);
#2600 = EDGE_CURVE('',#2501,#2601,#2603,.T.);
#2601 = VERTEX_POINT('',#2602);
#2602 = CARTESIAN_POINT('',(-19.77571272931,-15.1304721026,-3.));
#2603 = SURFACE_CURVE('',#2604,(#2609,#2616),.PCURVE_S1.);
#2604 = CIRCLE('',#2605,24.9);
#2605 = AXIS2_PLACEMENT_3D('',#2606,#2607,#2608);
#2606 = CARTESIAN_POINT('',(0.,0.,-3.));
#2607 = DIRECTION('',(0.,-0.,1.));
#2608 = DIRECTION('',(0.607649482032,0.794205330494,0.));
#2609 = PCURVE('',#591,#2610);
#2610 = DEFINITIONAL_REPRESENTATION('',(#2611),#2615);
#2611 = LINE('',#2612,#2613);
#2612 = CARTESIAN_POINT('',(-0.917698683377,0.));
#2613 = VECTOR('',#2614,1.);
#2614 = DIRECTION('',(-1.,0.));
#2615 = ( GEOMETRIC_REPRESENTATION_CONTEXT(2) 
PARAMETRIC_REPRESENTATION_CONTEXT() REPRESENTATION_CONTEXT('2D SPACE',''
  ) );
#2616 = PCURVE('',#1419,#2617);
#2617 = DEFINITIONAL_REPRESENTATION('',(#2618),#2622);
#2618 = CIRCLE('',#2619,24.9);
#2619 = AXIS2_PLACEMENT_2D('',#2620,#2621);
#2620 = CARTESIAN_POINT('',(1.757352780774E-15,-1.619572327868E-15));
#2621 = DIRECTION('',(0.607649482032,0.794205330494));
#2622 = ( GEOMETRIC_REPRESENTATION_CONTEXT(2) 
PARAMETRIC_REPRESENTATION_CONTEXT() REPRESENTATION_CONTEXT('2D SPACE',''
  ) );
#2623 = ORIENTED_EDGE('',*,*,#2528,.F.);
#2624 = ORIENTED_EDGE('',*,*,#574,.T.);
#2625 = ORIENTED_EDGE('',*,*,#2626,.T.);
#2626 = EDGE_CURVE('',#542,#2601,#2627,.T.);
#2627 = SURFACE_CURVE('',#2628,(#2632,#2638),.PCURVE_S1.);
#2628 = LINE('',#2629,#2630);
#2629 = CARTESIAN_POINT('',(-19.77571272931,-15.1304721026,-3.));
#2630 = VECTOR('',#2631,1.);
#2631 = DIRECTION('',(-0.,-0.,-1.));
#2632 = PCURVE('',#591,#2633);
#2633 = DEFINITIONAL_REPRESENTATION('',(#2634),#2637);
#2634 = B_SPLINE_CURVE_WITH_KNOTS('',1,(#2635,#2636),.UNSPECIFIED.,.F.,
  .F.,(2,2),(-3.0000006,5.999999999062E-07),.PIECEWISE_BEZIER_KNOTS.);
#2635 = CARTESIAN_POINT('',(-3.794690297008,-3.0000006));
#2636 = CARTESIAN_POINT('',(-3.794690297008,5.999999999062E-07));
#2637 = ( GEOMETRIC_REPRESENTATION_CONTEXT(2) 
PARAMETRIC_REPRESENTATION_CONTEXT() REPRESENTATION_CONTEXT('2D SPACE',''
  ) );
#2638 = PCURVE('',#562,#2639);
#2639 = DEFINITIONAL_REPRESENTATION('',(#2640),#2643);
#2640 = B_SPLINE_CURVE_WITH_KNOTS('',1,(#2641,#2642),.UNSPECIFIED.,.F.,
  .F.,(2,2),(-3.0000006,5.999999999062E-07),.PIECEWISE_BEZIER_KNOTS.);
#2641 = CARTESIAN_POINT('',(-2.25980286731,-20.0000006));
#2642 = CARTESIAN_POINT('',(-2.25980286731,-16.9999994));
#2643 = ( GEOMETRIC_REPRESENTATION_CONTEXT(2) 
PARAMETRIC_REPRESENTATION_CONTEXT() REPRESENTATION_CONTEXT('2D SPACE',''
  ) );
#2644 = ADVANCED_FACE('',(#2645),#562,.F.);
#2645 = FACE_BOUND('',#2646,.T.);
#2646 = EDGE_LOOP('',(#2647,#2675,#2698,#2726,#2747,#2775,#2796,#2822,
    #2823,#2849,#2850,#2851));
#2647 = ORIENTED_EDGE('',*,*,#2648,.T.);
#2648 = EDGE_CURVE('',#2601,#2649,#2651,.T.);
#2649 = VERTEX_POINT('',#2650);
#2650 = CARTESIAN_POINT('',(-14.37766952966,-17.67766952966,-3.));
#2651 = SURFACE_CURVE('',#2652,(#2657,#2664),.PCURVE_S1.);
#2652 = CIRCLE('',#2653,3.3);
#2653 = AXIS2_PLACEMENT_3D('',#2654,#2655,#2656);
#2654 = CARTESIAN_POINT('',(-17.67766952966,-17.67766952966,-3.));
#2655 = DIRECTION('',(0.,0.,-1.));
#2656 = DIRECTION('',(1.,0.,0.));
#2657 = PCURVE('',#562,#2658);
#2658 = DEFINITIONAL_REPRESENTATION('',(#2659),#2663);
#2659 = LINE('',#2660,#2661);
#2660 = CARTESIAN_POINT('',(-6.28318530718,-17.));
#2661 = VECTOR('',#2662,1.);
#2662 = DIRECTION('',(1.,-0.));
#2663 = ( GEOMETRIC_REPRESENTATION_CONTEXT(2) 
PARAMETRIC_REPRESENTATION_CONTEXT() REPRESENTATION_CONTEXT('2D SPACE',''
  ) );
#2664 = PCURVE('',#1419,#2665);
#2665 = DEFINITIONAL_REPRESENTATION('',(#2666),#2674);
#2666 = ( BOUNDED_CURVE() B_SPLINE_CURVE(2,(#2667,#2668,#2669,#2670,
#2671,#2672,#2673),.UNSPECIFIED.,.T.,.F.) B_SPLINE_CURVE_WITH_KNOTS((1,2
    ,2,2,2,1),(-2.094395102393,0.,2.094395102393,4.188790204786,
6.28318530718,8.377580409573),.UNSPECIFIED.) CURVE() 
GEOMETRIC_REPRESENTATION_ITEM() RATIONAL_B_SPLINE_CURVE((1.,0.5,1.,0.5,
1.,0.5,1.)) REPRESENTATION_ITEM('') );
#2667 = CARTESIAN_POINT('',(-14.37766952966,-17.67766952966));
#2668 = CARTESIAN_POINT('',(-14.37766952966,-23.39343719464));
#2669 = CARTESIAN_POINT('',(-19.32766952966,-20.53555336215));
#2670 = CARTESIAN_POINT('',(-24.27766952966,-17.67766952966));
#2671 = CARTESIAN_POINT('',(-19.32766952966,-14.81978569717));
#2672 = CARTESIAN_POINT('',(-14.37766952966,-11.96190186468));
#2673 = CARTESIAN_POINT('',(-14.37766952966,-17.67766952966));
#2674 = ( GEOMETRIC_REPRESENTATION_CONTEXT(2) 
PARAMETRIC_REPRESENTATION_CONTEXT() REPRESENTATION_CONTEXT('2D SPACE',''
  ) );
#2675 = ORIENTED_EDGE('',*,*,#2676,.T.);
#2676 = EDGE_CURVE('',#2649,#2677,#2679,.T.);
#2677 = VERTEX_POINT('',#2678);
#2678 = CARTESIAN_POINT('',(-14.37766952966,-17.67766952966,2.));
#2679 = SEAM_CURVE('',#2680,(#2684,#2691),.PCURVE_S1.);
#2680 = LINE('',#2681,#2682);
#2681 = CARTESIAN_POINT('',(-14.37766952966,-17.67766952966,-20.));
#2682 = VECTOR('',#2683,1.);
#2683 = DIRECTION('',(0.,0.,1.));
#2684 = PCURVE('',#562,#2685);
#2685 = DEFINITIONAL_REPRESENTATION('',(#2686),#2690);
#2686 = LINE('',#2687,#2688);
#2687 = CARTESIAN_POINT('',(-6.28318530718,0.));
#2688 = VECTOR('',#2689,1.);
#2689 = DIRECTION('',(-0.,-1.));
#2690 = ( GEOMETRIC_REPRESENTATION_CONTEXT(2) 
PARAMETRIC_REPRESENTATION_CONTEXT() REPRESENTATION_CONTEXT('2D SPACE',''
  ) );
#2691 = PCURVE('',#562,#2692);
#2692 = DEFINITIONAL_REPRESENTATION('',(#2693),#2697);
#2693 = LINE('',#2694,#2695);
#2694 = CARTESIAN_POINT('',(-0.,0.));
#2695 = VECTOR('',#2696,1.);
#2696 = DIRECTION('',(-0.,-1.));
#2697 = ( GEOMETRIC_REPRESENTATION_CONTEXT(2) 
PARAMETRIC_REPRESENTATION_CONTEXT() REPRESENTATION_CONTEXT('2D SPACE',''
  ) );
#2698 = ORIENTED_EDGE('',*,*,#2699,.F.);
#2699 = EDGE_CURVE('',#2700,#2677,#2702,.T.);
#2700 = VERTEX_POINT('',#2701);
#2701 = CARTESIAN_POINT('',(-19.92648399499,-15.2625435494,2.));
#2702 = SURFACE_CURVE('',#2703,(#2708,#2715),.PCURVE_S1.);
#2703 = CIRCLE('',#2704,3.3);
#2704 = AXIS2_PLACEMENT_3D('',#2705,#2706,#2707);
#2705 = CARTESIAN_POINT('',(-17.67766952966,-17.67766952966,2.));
#2706 = DIRECTION('',(0.,0.,-1.));
#2707 = DIRECTION('',(1.,0.,0.));
#2708 = PCURVE('',#562,#2709);
#2709 = DEFINITIONAL_REPRESENTATION('',(#2710),#2714);
#2710 = LINE('',#2711,#2712);
#2711 = CARTESIAN_POINT('',(-6.28318530718,-22.));
#2712 = VECTOR('',#2713,1.);
#2713 = DIRECTION('',(1.,-0.));
#2714 = ( GEOMETRIC_REPRESENTATION_CONTEXT(2) 
PARAMETRIC_REPRESENTATION_CONTEXT() REPRESENTATION_CONTEXT('2D SPACE',''
  ) );
#2715 = PCURVE('',#1568,#2716);
#2716 = DEFINITIONAL_REPRESENTATION('',(#2717),#2725);
#2717 = ( BOUNDED_CURVE() B_SPLINE_CURVE(2,(#2718,#2719,#2720,#2721,
#2722,#2723,#2724),.UNSPECIFIED.,.T.,.F.) B_SPLINE_CURVE_WITH_KNOTS((1,2
    ,2,2,2,1),(-2.094395102393,0.,2.094395102393,4.188790204786,
6.28318530718,8.377580409573),.UNSPECIFIED.) CURVE() 
GEOMETRIC_REPRESENTATION_ITEM() RATIONAL_B_SPLINE_CURVE((1.,0.5,1.,0.5,
1.,0.5,1.)) REPRESENTATION_ITEM('') );
#2718 = CARTESIAN_POINT('',(-14.37766952966,-17.67766952966));
#2719 = CARTESIAN_POINT('',(-14.37766952966,-23.39343719464));
#2720 = CARTESIAN_POINT('',(-19.32766952966,-20.53555336215));
#2721 = CARTESIAN_POINT('',(-24.27766952966,-17.67766952966));
#2722 = CARTESIAN_POINT('',(-19.32766952966,-14.81978569717));
#2723 = CARTESIAN_POINT('',(-14.37766952966,-11.96190186468));
#2724 = CARTESIAN_POINT('',(-14.37766952966,-17.67766952966));
#2725 = ( GEOMETRIC_REPRESENTATION_CONTEXT(2) 
PARAMETRIC_REPRESENTATION_CONTEXT() REPRESENTATION_CONTEXT('2D SPACE',''
  ) );
#2726 = ORIENTED_EDGE('',*,*,#2727,.F.);
#2727 = EDGE_CURVE('',#2728,#2700,#2730,.T.);
#2728 = VERTEX_POINT('',#2729);
#2729 = CARTESIAN_POINT('',(-19.92648399499,-15.2625435494,6.));
#2730 = SURFACE_CURVE('',#2731,(#2735,#2741),.PCURVE_S1.);
#2731 = LINE('',#2732,#2733);
#2732 = CARTESIAN_POINT('',(-19.92648399499,-15.2625435494,2.));
#2733 = VECTOR('',#2734,1.);
#2734 = DIRECTION('',(-0.,-0.,-1.));
#2735 = PCURVE('',#562,#2736);
#2736 = DEFINITIONAL_REPRESENTATION('',(#2737),#2740);
#2737 = B_SPLINE_CURVE_WITH_KNOTS('',1,(#2738,#2739),.UNSPECIFIED.,.F.,
  .F.,(2,2),(-4.0000006,5.999999999062E-07),.PIECEWISE_BEZIER_KNOTS.);
#2738 = CARTESIAN_POINT('',(-2.320550579506,-26.0000006));
#2739 = CARTESIAN_POINT('',(-2.320550579506,-21.9999994));
#2740 = ( GEOMETRIC_REPRESENTATION_CONTEXT(2) 
PARAMETRIC_REPRESENTATION_CONTEXT() REPRESENTATION_CONTEXT('2D SPACE',''
  ) );
#2741 = PCURVE('',#2462,#2742);
#2742 = DEFINITIONAL_REPRESENTATION('',(#2743),#2746);
#2743 = B_SPLINE_CURVE_WITH_KNOTS('',1,(#2744,#2745),.UNSPECIFIED.,.F.,
  .F.,(2,2),(-4.0000006,5.999999999062E-07),.PIECEWISE_BEZIER_KNOTS.);
#2744 = CARTESIAN_POINT('',(-3.795219211995,-4.0000006));
#2745 = CARTESIAN_POINT('',(-3.795219211995,5.999999999062E-07));
#2746 = ( GEOMETRIC_REPRESENTATION_CONTEXT(2) 
PARAMETRIC_REPRESENTATION_CONTEXT() REPRESENTATION_CONTEXT('2D SPACE',''
  ) );
#2747 = ORIENTED_EDGE('',*,*,#2748,.F.);
#2748 = EDGE_CURVE('',#2749,#2728,#2751,.T.);
#2749 = VERTEX_POINT('',#2750);
#2750 = CARTESIAN_POINT('',(-15.2625435494,-19.92648399499,6.));
#2751 = SURFACE_CURVE('',#2752,(#2757,#2764),.PCURVE_S1.);
#2752 = CIRCLE('',#2753,3.3);
#2753 = AXIS2_PLACEMENT_3D('',#2754,#2755,#2756);
#2754 = CARTESIAN_POINT('',(-17.67766952966,-17.67766952966,6.));
#2755 = DIRECTION('',(0.,0.,-1.));
#2756 = DIRECTION('',(1.,0.,0.));
#2757 = PCURVE('',#562,#2758);
#2758 = DEFINITIONAL_REPRESENTATION('',(#2759),#2763);
#2759 = LINE('',#2760,#2761);
#2760 = CARTESIAN_POINT('',(-6.28318530718,-26.));
#2761 = VECTOR('',#2762,1.);
#2762 = DIRECTION('',(1.,-0.));
#2763 = ( GEOMETRIC_REPRESENTATION_CONTEXT(2) 
PARAMETRIC_REPRESENTATION_CONTEXT() REPRESENTATION_CONTEXT('2D SPACE',''
  ) );
#2764 = PCURVE('',#1098,#2765);
#2765 = DEFINITIONAL_REPRESENTATION('',(#2766),#2774);
#2766 = ( BOUNDED_CURVE() B_SPLINE_CURVE(2,(#2767,#2768,#2769,#2770,
#2771,#2772,#2773),.UNSPECIFIED.,.T.,.F.) B_SPLINE_CURVE_WITH_KNOTS((1,2
    ,2,2,2,1),(-2.094395102393,0.,2.094395102393,4.188790204786,
6.28318530718,8.377580409573),.UNSPECIFIED.) CURVE() 
GEOMETRIC_REPRESENTATION_ITEM() RATIONAL_B_SPLINE_CURVE((1.,0.5,1.,0.5,
1.,0.5,1.)) REPRESENTATION_ITEM('') );
#2767 = CARTESIAN_POINT('',(-74.29026182473,191.87952387243));
#2768 = CARTESIAN_POINT('',(-77.14814565722,186.92952387243));
#2769 = CARTESIAN_POINT('',(-80.00602948971,191.87952387243));
#2770 = CARTESIAN_POINT('',(-82.8639133222,196.82952387243));
#2771 = CARTESIAN_POINT('',(-77.14814565722,196.82952387243));
#2772 = CARTESIAN_POINT('',(-71.43237799224,196.82952387243));
#2773 = CARTESIAN_POINT('',(-74.29026182473,191.87952387243));
#2774 = ( GEOMETRIC_REPRESENTATION_CONTEXT(2) 
PARAMETRIC_REPRESENTATION_CONTEXT() REPRESENTATION_CONTEXT('2D SPACE',''
  ) );
#2775 = ORIENTED_EDGE('',*,*,#2776,.T.);
#2776 = EDGE_CURVE('',#2749,#2777,#2779,.T.);
#2777 = VERTEX_POINT('',#2778);
#2778 = CARTESIAN_POINT('',(-15.2625435494,-19.92648399499,2.));
#2779 = SURFACE_CURVE('',#2780,(#2784,#2790),.PCURVE_S1.);
#2780 = LINE('',#2781,#2782);
#2781 = CARTESIAN_POINT('',(-15.2625435494,-19.92648399499,2.));
#2782 = VECTOR('',#2783,1.);
#2783 = DIRECTION('',(-0.,-0.,-1.));
#2784 = PCURVE('',#562,#2785);
#2785 = DEFINITIONAL_REPRESENTATION('',(#2786),#2789);
#2786 = B_SPLINE_CURVE_WITH_KNOTS('',1,(#2787,#2788),.UNSPECIFIED.,.F.,
  .F.,(2,2),(-4.0000006,5.999999999062E-07),.PIECEWISE_BEZIER_KNOTS.);
#2787 = CARTESIAN_POINT('',(-5.533431054468,-26.0000006));
#2788 = CARTESIAN_POINT('',(-5.533431054468,-21.9999994));
#2789 = ( GEOMETRIC_REPRESENTATION_CONTEXT(2) 
PARAMETRIC_REPRESENTATION_CONTEXT() REPRESENTATION_CONTEXT('2D SPACE',''
  ) );
#2790 = PCURVE('',#2181,#2791);
#2791 = DEFINITIONAL_REPRESENTATION('',(#2792),#2795);
#2792 = B_SPLINE_CURVE_WITH_KNOTS('',1,(#2793,#2794),.UNSPECIFIED.,.F.,
  .F.,(2,2),(-4.0000006,5.999999999062E-07),.PIECEWISE_BEZIER_KNOTS.);
#2793 = CARTESIAN_POINT('',(-4.058762421979,-4.0000006));
#2794 = CARTESIAN_POINT('',(-4.058762421979,5.999999999062E-07));
#2795 = ( GEOMETRIC_REPRESENTATION_CONTEXT(2) 
PARAMETRIC_REPRESENTATION_CONTEXT() REPRESENTATION_CONTEXT('2D SPACE',''
  ) );
#2796 = ORIENTED_EDGE('',*,*,#2797,.F.);
#2797 = EDGE_CURVE('',#2677,#2777,#2798,.T.);
#2798 = SURFACE_CURVE('',#2799,(#2804,#2811),.PCURVE_S1.);
#2799 = CIRCLE('',#2800,3.3);
#2800 = AXIS2_PLACEMENT_3D('',#2801,#2802,#2803);
#2801 = CARTESIAN_POINT('',(-17.67766952966,-17.67766952966,2.));
#2802 = DIRECTION('',(0.,0.,-1.));
#2803 = DIRECTION('',(1.,0.,0.));
#2804 = PCURVE('',#562,#2805);
#2805 = DEFINITIONAL_REPRESENTATION('',(#2806),#2810);
#2806 = LINE('',#2807,#2808);
#2807 = CARTESIAN_POINT('',(-6.28318530718,-22.));
#2808 = VECTOR('',#2809,1.);
#2809 = DIRECTION('',(1.,-0.));
#2810 = ( GEOMETRIC_REPRESENTATION_CONTEXT(2) 
PARAMETRIC_REPRESENTATION_CONTEXT() REPRESENTATION_CONTEXT('2D SPACE',''
  ) );
#2811 = PCURVE('',#1568,#2812);
#2812 = DEFINITIONAL_REPRESENTATION('',(#2813),#2821);
#2813 = ( BOUNDED_CURVE() B_SPLINE_CURVE(2,(#2814,#2815,#2816,#2817,
#2818,#2819,#2820),.UNSPECIFIED.,.T.,.F.) B_SPLINE_CURVE_WITH_KNOTS((1,2
    ,2,2,2,1),(-2.094395102393,0.,2.094395102393,4.188790204786,
6.28318530718,8.377580409573),.UNSPECIFIED.) CURVE() 
GEOMETRIC_REPRESENTATION_ITEM() RATIONAL_B_SPLINE_CURVE((1.,0.5,1.,0.5,
1.,0.5,1.)) REPRESENTATION_ITEM('') );
#2814 = CARTESIAN_POINT('',(-14.37766952966,-17.67766952966));
#2815 = CARTESIAN_POINT('',(-14.37766952966,-23.39343719464));
#2816 = CARTESIAN_POINT('',(-19.32766952966,-20.53555336215));
#2817 = CARTESIAN_POINT('',(-24.27766952966,-17.67766952966));
#2818 = CARTESIAN_POINT('',(-19.32766952966,-14.81978569717));
#2819 = CARTESIAN_POINT('',(-14.37766952966,-11.96190186468));
#2820 = CARTESIAN_POINT('',(-14.37766952966,-17.67766952966));
#2821 = ( GEOMETRIC_REPRESENTATION_CONTEXT(2) 
PARAMETRIC_REPRESENTATION_CONTEXT() REPRESENTATION_CONTEXT('2D SPACE',''
  ) );
#2822 = ORIENTED_EDGE('',*,*,#2676,.F.);
#2823 = ORIENTED_EDGE('',*,*,#2824,.T.);
#2824 = EDGE_CURVE('',#2649,#2553,#2825,.T.);
#2825 = SURFACE_CURVE('',#2826,(#2831,#2838),.PCURVE_S1.);
#2826 = CIRCLE('',#2827,3.3);
#2827 = AXIS2_PLACEMENT_3D('',#2828,#2829,#2830);
#2828 = CARTESIAN_POINT('',(-17.67766952966,-17.67766952966,-3.));
#2829 = DIRECTION('',(0.,0.,-1.));
#2830 = DIRECTION('',(1.,0.,0.));
#2831 = PCURVE('',#562,#2832);
#2832 = DEFINITIONAL_REPRESENTATION('',(#2833),#2837);
#2833 = LINE('',#2834,#2835);
#2834 = CARTESIAN_POINT('',(-6.28318530718,-17.));
#2835 = VECTOR('',#2836,1.);
#2836 = DIRECTION('',(1.,-0.));
#2837 = ( GEOMETRIC_REPRESENTATION_CONTEXT(2) 
PARAMETRIC_REPRESENTATION_CONTEXT() REPRESENTATION_CONTEXT('2D SPACE',''
  ) );
#2838 = PCURVE('',#1419,#2839);
#2839 = DEFINITIONAL_REPRESENTATION('',(#2840),#2848);
#2840 = ( BOUNDED_CURVE() B_SPLINE_CURVE(2,(#2841,#2842,#2843,#2844,
#2845,#2846,#2847),.UNSPECIFIED.,.T.,.F.) B_SPLINE_CURVE_WITH_KNOTS((1,2
    ,2,2,2,1),(-2.094395102393,0.,2.094395102393,4.188790204786,
6.28318530718,8.377580409573),.UNSPECIFIED.) CURVE() 
GEOMETRIC_REPRESENTATION_ITEM() RATIONAL_B_SPLINE_CURVE((1.,0.5,1.,0.5,
1.,0.5,1.)) REPRESENTATION_ITEM('') );
#2841 = CARTESIAN_POINT('',(-14.37766952966,-17.67766952966));
#2842 = CARTESIAN_POINT('',(-14.37766952966,-23.39343719464));
#2843 = CARTESIAN_POINT('',(-19.32766952966,-20.53555336215));
#2844 = CARTESIAN_POINT('',(-24.27766952966,-17.67766952966));
#2845 = CARTESIAN_POINT('',(-19.32766952966,-14.81978569717));
#2846 = CARTESIAN_POINT('',(-14.37766952966,-11.96190186468));
#2847 = CARTESIAN_POINT('',(-14.37766952966,-17.67766952966));
#2848 = ( GEOMETRIC_REPRESENTATION_CONTEXT(2) 
PARAMETRIC_REPRESENTATION_CONTEXT() REPRESENTATION_CONTEXT('2D SPACE',''
  ) );
#2849 = ORIENTED_EDGE('',*,*,#2576,.F.);
#2850 = ORIENTED_EDGE('',*,*,#541,.T.);
#2851 = ORIENTED_EDGE('',*,*,#2626,.T.);
#2852 = ADVANCED_FACE('',(#2853),#771,.F.);
#2853 = FACE_BOUND('',#2854,.T.);
#2854 = EDGE_LOOP('',(#2855,#2856,#2879,#2905));
#2855 = ORIENTED_EDGE('',*,*,#750,.T.);
#2856 = ORIENTED_EDGE('',*,*,#2857,.T.);
#2857 = EDGE_CURVE('',#751,#2858,#2860,.T.);
#2858 = VERTEX_POINT('',#2859);
#2859 = CARTESIAN_POINT('',(44.5,0.,6.));
#2860 = SEAM_CURVE('',#2861,(#2865,#2872),.PCURVE_S1.);
#2861 = LINE('',#2862,#2863);
#2862 = CARTESIAN_POINT('',(44.5,0.,-20.));
#2863 = VECTOR('',#2864,1.);
#2864 = DIRECTION('',(0.,0.,1.));
#2865 = PCURVE('',#771,#2866);
#2866 = DEFINITIONAL_REPRESENTATION('',(#2867),#2871);
#2867 = LINE('',#2868,#2869);
#2868 = CARTESIAN_POINT('',(-6.28318530718,0.));
#2869 = VECTOR('',#2870,1.);
#2870 = DIRECTION('',(-0.,-1.));
#2871 = ( GEOMETRIC_REPRESENTATION_CONTEXT(2) 
PARAMETRIC_REPRESENTATION_CONTEXT() REPRESENTATION_CONTEXT('2D SPACE',''
  ) );
#2872 = PCURVE('',#771,#2873);
#2873 = DEFINITIONAL_REPRESENTATION('',(#2874),#2878);
#2874 = LINE('',#2875,#2876);
#2875 = CARTESIAN_POINT('',(-0.,0.));
#2876 = VECTOR('',#2877,1.);
#2877 = DIRECTION('',(-0.,-1.));
#2878 = ( GEOMETRIC_REPRESENTATION_CONTEXT(2) 
PARAMETRIC_REPRESENTATION_CONTEXT() REPRESENTATION_CONTEXT('2D SPACE',''
  ) );
#2879 = ORIENTED_EDGE('',*,*,#2880,.F.);
#2880 = EDGE_CURVE('',#2858,#2858,#2881,.T.);
#2881 = SURFACE_CURVE('',#2882,(#2887,#2894),.PCURVE_S1.);
#2882 = CIRCLE('',#2883,4.5);
#2883 = AXIS2_PLACEMENT_3D('',#2884,#2885,#2886);
#2884 = CARTESIAN_POINT('',(40.,0.,6.));
#2885 = DIRECTION('',(0.,0.,-1.));
#2886 = DIRECTION('',(1.,0.,0.));
#2887 = PCURVE('',#771,#2888);
#2888 = DEFINITIONAL_REPRESENTATION('',(#2889),#2893);
#2889 = LINE('',#2890,#2891);
#2890 = CARTESIAN_POINT('',(-6.28318530718,-26.));
#2891 = VECTOR('',#2892,1.);
#2892 = DIRECTION('',(1.,-0.));
#2893 = ( GEOMETRIC_REPRESENTATION_CONTEXT(2) 
PARAMETRIC_REPRESENTATION_CONTEXT() REPRESENTATION_CONTEXT('2D SPACE',''
  ) );
#2894 = PCURVE('',#1098,#2895);
#2895 = DEFINITIONAL_REPRESENTATION('',(#2896),#2904);
#2896 = ( BOUNDED_CURVE() B_SPLINE_CURVE(2,(#2897,#2898,#2899,#2900,
#2901,#2902,#2903),.UNSPECIFIED.,.T.,.F.) B_SPLINE_CURVE_WITH_KNOTS((1,2
    ,2,2,2,1),(-2.094395102393,0.,2.094395102393,4.188790204786,
6.28318530718,8.377580409573),.UNSPECIFIED.) CURVE() 
GEOMETRIC_REPRESENTATION_ITEM() RATIONAL_B_SPLINE_CURVE((1.,0.5,1.,0.5,
1.,0.5,1.)) REPRESENTATION_ITEM('') );
#2897 = CARTESIAN_POINT('',(-14.46186953159,177.75));
#2898 = CARTESIAN_POINT('',(-18.35898384862,171.));
#2899 = CARTESIAN_POINT('',(-22.25609816565,177.75));
#2900 = CARTESIAN_POINT('',(-26.15321248268,184.5));
#2901 = CARTESIAN_POINT('',(-18.35898384862,184.5));
#2902 = CARTESIAN_POINT('',(-10.56475521456,184.5));
#2903 = CARTESIAN_POINT('',(-14.46186953159,177.75));
#2904 = ( GEOMETRIC_REPRESENTATION_CONTEXT(2) 
PARAMETRIC_REPRESENTATION_CONTEXT() REPRESENTATION_CONTEXT('2D SPACE',''
  ) );
#2905 = ORIENTED_EDGE('',*,*,#2857,.F.);
#2906 = ADVANCED_FACE('',(#2907),#806,.F.);
#2907 = FACE_BOUND('',#2908,.T.);
#2908 = EDGE_LOOP('',(#2909,#2910,#2933,#2959));
#2909 = ORIENTED_EDGE('',*,*,#785,.T.);
#2910 = ORIENTED_EDGE('',*,*,#2911,.T.);
#2911 = EDGE_CURVE('',#786,#2912,#2914,.T.);
#2912 = VERTEX_POINT('',#2913);
#2913 = CARTESIAN_POINT('',(-15.5,34.641016151378,6.));
#2914 = SEAM_CURVE('',#2915,(#2919,#2926),.PCURVE_S1.);
#2915 = LINE('',#2916,#2917);
#2916 = CARTESIAN_POINT('',(-15.5,34.641016151378,-20.));
#2917 = VECTOR('',#2918,1.);
#2918 = DIRECTION('',(0.,0.,1.));
#2919 = PCURVE('',#806,#2920);
#2920 = DEFINITIONAL_REPRESENTATION('',(#2921),#2925);
#2921 = LINE('',#2922,#2923);
#2922 = CARTESIAN_POINT('',(-6.28318530718,0.));
#2923 = VECTOR('',#2924,1.);
#2924 = DIRECTION('',(-0.,-1.));
#2925 = ( GEOMETRIC_REPRESENTATION_CONTEXT(2) 
PARAMETRIC_REPRESENTATION_CONTEXT() REPRESENTATION_CONTEXT('2D SPACE',''
  ) );
#2926 = PCURVE('',#806,#2927);
#2927 = DEFINITIONAL_REPRESENTATION('',(#2928),#2932);
#2928 = LINE('',#2929,#2930);
#2929 = CARTESIAN_POINT('',(-0.,0.));
#2930 = VECTOR('',#2931,1.);
#2931 = DIRECTION('',(-0.,-1.));
#2932 = ( GEOMETRIC_REPRESENTATION_CONTEXT(2) 
PARAMETRIC_REPRESENTATION_CONTEXT() REPRESENTATION_CONTEXT('2D SPACE',''
  ) );
#2933 = ORIENTED_EDGE('',*,*,#2934,.F.);
#2934 = EDGE_CURVE('',#2912,#2912,#2935,.T.);
#2935 = SURFACE_CURVE('',#2936,(#2941,#2948),.PCURVE_S1.);
#2936 = CIRCLE('',#2937,4.5);
#2937 = AXIS2_PLACEMENT_3D('',#2938,#2939,#2940);
#2938 = CARTESIAN_POINT('',(-20.,34.641016151378,6.));
#2939 = DIRECTION('',(0.,0.,-1.));
#2940 = DIRECTION('',(1.,0.,0.));
#2941 = PCURVE('',#806,#2942);
#2942 = DEFINITIONAL_REPRESENTATION('',(#2943),#2947);
#2943 = LINE('',#2944,#2945);
#2944 = CARTESIAN_POINT('',(-6.28318530718,-26.));
#2945 = VECTOR('',#2946,1.);
#2946 = DIRECTION('',(1.,-0.));
#2947 = ( GEOMETRIC_REPRESENTATION_CONTEXT(2) 
PARAMETRIC_REPRESENTATION_CONTEXT() REPRESENTATION_CONTEXT('2D SPACE',''
  ) );
#2948 = PCURVE('',#1098,#2949);
#2949 = DEFINITIONAL_REPRESENTATION('',(#2950),#2958);
#2950 = ( BOUNDED_CURVE() B_SPLINE_CURVE(2,(#2951,#2952,#2953,#2954,
#2955,#2956,#2957),.UNSPECIFIED.,.T.,.F.) B_SPLINE_CURVE_WITH_KNOTS((1,2
    ,2,2,2,1),(-2.094395102393,0.,2.094395102393,4.188790204786,
6.28318530718,8.377580409573),.UNSPECIFIED.) CURVE() 
GEOMETRIC_REPRESENTATION_ITEM() RATIONAL_B_SPLINE_CURVE((1.,0.5,1.,0.5,
1.,0.5,1.)) REPRESENTATION_ITEM('') );
#2951 = CARTESIAN_POINT('',(-49.10288568297,237.75));
#2952 = CARTESIAN_POINT('',(-53.,231.));
#2953 = CARTESIAN_POINT('',(-56.89711431703,237.75));
#2954 = CARTESIAN_POINT('',(-60.79422863406,244.5));
#2955 = CARTESIAN_POINT('',(-53.,244.5));
#2956 = CARTESIAN_POINT('',(-45.20577136594,244.5));
#2957 = CARTESIAN_POINT('',(-49.10288568297,237.75));
#2958 = ( GEOMETRIC_REPRESENTATION_CONTEXT(2) 
PARAMETRIC_REPRESENTATION_CONTEXT() REPRESENTATION_CONTEXT('2D SPACE',''
  ) );
#2959 = ORIENTED_EDGE('',*,*,#2911,.F.);
#2960 = ADVANCED_FACE('',(#2961),#841,.F.);
#2961 = FACE_BOUND('',#2962,.T.);
#2962 = EDGE_LOOP('',(#2963,#2964,#2987,#3013));
#2963 = ORIENTED_EDGE('',*,*,#820,.T.);
#2964 = ORIENTED_EDGE('',*,*,#2965,.T.);
#2965 = EDGE_CURVE('',#821,#2966,#2968,.T.);
#2966 = VERTEX_POINT('',#2967);
#2967 = CARTESIAN_POINT('',(24.5,34.641016151378,6.));
#2968 = SEAM_CURVE('',#2969,(#2973,#2980),.PCURVE_S1.);
#2969 = LINE('',#2970,#2971);
#2970 = CARTESIAN_POINT('',(24.5,34.641016151378,-20.));
#2971 = VECTOR('',#2972,1.);
#2972 = DIRECTION('',(0.,0.,1.));
#2973 = PCURVE('',#841,#2974);
#2974 = DEFINITIONAL_REPRESENTATION('',(#2975),#2979);
#2975 = LINE('',#2976,#2977);
#2976 = CARTESIAN_POINT('',(-6.28318530718,0.));
#2977 = VECTOR('',#2978,1.);
#2978 = DIRECTION('',(-0.,-1.));
#2979 = ( GEOMETRIC_REPRESENTATION_CONTEXT(2) 
PARAMETRIC_REPRESENTATION_CONTEXT() REPRESENTATION_CONTEXT('2D SPACE',''
  ) );
#2980 = PCURVE('',#841,#2981);
#2981 = DEFINITIONAL_REPRESENTATION('',(#2982),#2986);
#2982 = LINE('',#2983,#2984);
#2983 = CARTESIAN_POINT('',(-0.,0.));
#2984 = VECTOR('',#2985,1.);
#2985 = DIRECTION('',(-0.,-1.));
#2986 = ( GEOMETRIC_REPRESENTATION_CONTEXT(2) 
PARAMETRIC_REPRESENTATION_CONTEXT() REPRESENTATION_CONTEXT('2D SPACE',''
  ) );
#2987 = ORIENTED_EDGE('',*,*,#2988,.F.);
#2988 = EDGE_CURVE('',#2966,#2966,#2989,.T.);
#2989 = SURFACE_CURVE('',#2990,(#2995,#3002),.PCURVE_S1.);
#2990 = CIRCLE('',#2991,4.5);
#2991 = AXIS2_PLACEMENT_3D('',#2992,#2993,#2994);
#2992 = CARTESIAN_POINT('',(20.,34.641016151378,6.));
#2993 = DIRECTION('',(0.,0.,-1.));
#2994 = DIRECTION('',(1.,0.,0.));
#2995 = PCURVE('',#841,#2996);
#2996 = DEFINITIONAL_REPRESENTATION('',(#2997),#3001);
#2997 = LINE('',#2998,#2999);
#2998 = CARTESIAN_POINT('',(-6.28318530718,-26.));
#2999 = VECTOR('',#3000,1.);
#3000 = DIRECTION('',(1.,-0.));
#3001 = ( GEOMETRIC_REPRESENTATION_CONTEXT(2) 
PARAMETRIC_REPRESENTATION_CONTEXT() REPRESENTATION_CONTEXT('2D SPACE',''
  ) );
#3002 = PCURVE('',#1098,#3003);
#3003 = DEFINITIONAL_REPRESENTATION('',(#3004),#3012);
#3004 = ( BOUNDED_CURVE() B_SPLINE_CURVE(2,(#3005,#3006,#3007,#3008,
#3009,#3010,#3011),.UNSPECIFIED.,.T.,.F.) B_SPLINE_CURVE_WITH_KNOTS((1,2
    ,2,2,2,1),(-2.094395102393,0.,2.094395102393,4.188790204786,
6.28318530718,8.377580409573),.UNSPECIFIED.) CURVE() 
GEOMETRIC_REPRESENTATION_ITEM() RATIONAL_B_SPLINE_CURVE((1.,0.5,1.,0.5,
1.,0.5,1.)) REPRESENTATION_ITEM('') );
#3005 = CARTESIAN_POINT('',(-14.46186953159,217.75));
#3006 = CARTESIAN_POINT('',(-18.35898384862,211.));
#3007 = CARTESIAN_POINT('',(-22.25609816565,217.75));
#3008 = CARTESIAN_POINT('',(-26.15321248268,224.5));
#3009 = CARTESIAN_POINT('',(-18.35898384862,224.5));
#3010 = CARTESIAN_POINT('',(-10.56475521456,224.5));
#3011 = CARTESIAN_POINT('',(-14.46186953159,217.75));
#3012 = ( GEOMETRIC_REPRESENTATION_CONTEXT(2) 
PARAMETRIC_REPRESENTATION_CONTEXT() REPRESENTATION_CONTEXT('2D SPACE',''
  ) );
#3013 = ORIENTED_EDGE('',*,*,#2965,.F.);
#3014 = ADVANCED_FACE('',(#3015),#872,.F.);
#3015 = FACE_BOUND('',#3016,.F.);
#3016 = EDGE_LOOP('',(#3017,#3018,#3041,#3062));
#3017 = ORIENTED_EDGE('',*,*,#855,.T.);
#3018 = ORIENTED_EDGE('',*,*,#3019,.T.);
#3019 = EDGE_CURVE('',#858,#3020,#3022,.T.);
#3020 = VERTEX_POINT('',#3021);
#3021 = CARTESIAN_POINT('',(-4.1,38.6,6.));
#3022 = SURFACE_CURVE('',#3023,(#3027,#3034),.PCURVE_S1.);
#3023 = LINE('',#3024,#3025);
#3024 = CARTESIAN_POINT('',(-4.1,38.6,-20.));
#3025 = VECTOR('',#3026,1.);
#3026 = DIRECTION('',(0.,0.,1.));
#3027 = PCURVE('',#872,#3028);
#3028 = DEFINITIONAL_REPRESENTATION('',(#3029),#3033);
#3029 = LINE('',#3030,#3031);
#3030 = CARTESIAN_POINT('',(0.,0.));
#3031 = VECTOR('',#3032,1.);
#3032 = DIRECTION('',(0.,-1.));
#3033 = ( GEOMETRIC_REPRESENTATION_CONTEXT(2) 
PARAMETRIC_REPRESENTATION_CONTEXT() REPRESENTATION_CONTEXT('2D SPACE',''
  ) );
#3034 = PCURVE('',#961,#3035);
#3035 = DEFINITIONAL_REPRESENTATION('',(#3036),#3040);
#3036 = LINE('',#3037,#3038);
#3037 = CARTESIAN_POINT('',(3.14159265359,0.));
#3038 = VECTOR('',#3039,1.);
#3039 = DIRECTION('',(0.,-1.));
#3040 = ( GEOMETRIC_REPRESENTATION_CONTEXT(2) 
PARAMETRIC_REPRESENTATION_CONTEXT() REPRESENTATION_CONTEXT('2D SPACE',''
  ) );
#3041 = ORIENTED_EDGE('',*,*,#3042,.F.);
#3042 = EDGE_CURVE('',#3043,#3020,#3045,.T.);
#3043 = VERTEX_POINT('',#3044);
#3044 = CARTESIAN_POINT('',(-4.1,41.4,6.));
#3045 = SURFACE_CURVE('',#3046,(#3050,#3056),.PCURVE_S1.);
#3046 = LINE('',#3047,#3048);
#3047 = CARTESIAN_POINT('',(-4.1,-54.05254037844,6.));
#3048 = VECTOR('',#3049,1.);
#3049 = DIRECTION('',(-1.110223024625E-16,-1.,0.));
#3050 = PCURVE('',#872,#3051);
#3051 = DEFINITIONAL_REPRESENTATION('',(#3052),#3055);
#3052 = B_SPLINE_CURVE_WITH_KNOTS('',1,(#3053,#3054),.UNSPECIFIED.,.F.,
  .F.,(2,2),(-95.45254037844,-92.65254037844),.PIECEWISE_BEZIER_KNOTS.);
#3053 = CARTESIAN_POINT('',(2.8,-26.));
#3054 = CARTESIAN_POINT('',(0.,-26.));
#3055 = ( GEOMETRIC_REPRESENTATION_CONTEXT(2) 
PARAMETRIC_REPRESENTATION_CONTEXT() REPRESENTATION_CONTEXT('2D SPACE',''
  ) );
#3056 = PCURVE('',#1098,#3057);
#3057 = DEFINITIONAL_REPRESENTATION('',(#3058),#3061);
#3058 = B_SPLINE_CURVE_WITH_KNOTS('',1,(#3059,#3060),.UNSPECIFIED.,.F.,
  .F.,(2,2),(-95.45254037844,-92.65254037844),.PIECEWISE_BEZIER_KNOTS.);
#3059 = CARTESIAN_POINT('',(-35.85070415551,237.90345171667));
#3060 = CARTESIAN_POINT('',(-37.25070415551,235.47858058607));
#3061 = ( GEOMETRIC_REPRESENTATION_CONTEXT(2) 
PARAMETRIC_REPRESENTATION_CONTEXT() REPRESENTATION_CONTEXT('2D SPACE',''
  ) );
#3062 = ORIENTED_EDGE('',*,*,#3063,.F.);
#3063 = EDGE_CURVE('',#856,#3043,#3064,.T.);
#3064 = SURFACE_CURVE('',#3065,(#3069,#3076),.PCURVE_S1.);
#3065 = LINE('',#3066,#3067);
#3066 = CARTESIAN_POINT('',(-4.1,41.4,-20.));
#3067 = VECTOR('',#3068,1.);
#3068 = DIRECTION('',(0.,0.,1.));
#3069 = PCURVE('',#872,#3070);
#3070 = DEFINITIONAL_REPRESENTATION('',(#3071),#3075);
#3071 = LINE('',#3072,#3073);
#3072 = CARTESIAN_POINT('',(2.8,0.));
#3073 = VECTOR('',#3074,1.);
#3074 = DIRECTION('',(0.,-1.));
#3075 = ( GEOMETRIC_REPRESENTATION_CONTEXT(2) 
PARAMETRIC_REPRESENTATION_CONTEXT() REPRESENTATION_CONTEXT('2D SPACE',''
  ) );
#3076 = PCURVE('',#904,#3077);
#3077 = DEFINITIONAL_REPRESENTATION('',(#3078),#3082);
#3078 = LINE('',#3079,#3080);
#3079 = CARTESIAN_POINT('',(0.,0.));
#3080 = VECTOR('',#3081,1.);
#3081 = DIRECTION('',(0.,-1.));
#3082 = ( GEOMETRIC_REPRESENTATION_CONTEXT(2) 
PARAMETRIC_REPRESENTATION_CONTEXT() REPRESENTATION_CONTEXT('2D SPACE',''
  ) );
#3083 = ADVANCED_FACE('',(#3084),#961,.F.);
#3084 = FACE_BOUND('',#3085,.F.);
#3085 = EDGE_LOOP('',(#3086,#3087,#3110,#3136));
#3086 = ORIENTED_EDGE('',*,*,#942,.F.);
#3087 = ORIENTED_EDGE('',*,*,#3088,.T.);
#3088 = EDGE_CURVE('',#917,#3089,#3091,.T.);
#3089 = VERTEX_POINT('',#3090);
#3090 = CARTESIAN_POINT('',(4.1,38.6,6.));
#3091 = SURFACE_CURVE('',#3092,(#3096,#3103),.PCURVE_S1.);
#3092 = LINE('',#3093,#3094);
#3093 = CARTESIAN_POINT('',(4.1,38.6,-20.));
#3094 = VECTOR('',#3095,1.);
#3095 = DIRECTION('',(0.,0.,1.));
#3096 = PCURVE('',#961,#3097);
#3097 = DEFINITIONAL_REPRESENTATION('',(#3098),#3102);
#3098 = LINE('',#3099,#3100);
#3099 = CARTESIAN_POINT('',(0.,0.));
#3100 = VECTOR('',#3101,1.);
#3101 = DIRECTION('',(0.,-1.));
#3102 = ( GEOMETRIC_REPRESENTATION_CONTEXT(2) 
PARAMETRIC_REPRESENTATION_CONTEXT() REPRESENTATION_CONTEXT('2D SPACE',''
  ) );
#3103 = PCURVE('',#931,#3104);
#3104 = DEFINITIONAL_REPRESENTATION('',(#3105),#3109);
#3105 = LINE('',#3106,#3107);
#3106 = CARTESIAN_POINT('',(2.8,0.));
#3107 = VECTOR('',#3108,1.);
#3108 = DIRECTION('',(0.,-1.));
#3109 = ( GEOMETRIC_REPRESENTATION_CONTEXT(2) 
PARAMETRIC_REPRESENTATION_CONTEXT() REPRESENTATION_CONTEXT('2D SPACE',''
  ) );
#3110 = ORIENTED_EDGE('',*,*,#3111,.T.);
#3111 = EDGE_CURVE('',#3089,#3020,#3112,.T.);
#3112 = SURFACE_CURVE('',#3113,(#3118,#3125),.PCURVE_S1.);
#3113 = CIRCLE('',#3114,4.1);
#3114 = AXIS2_PLACEMENT_3D('',#3115,#3116,#3117);
#3115 = CARTESIAN_POINT('',(1.975918651964E-15,38.6,6.));
#3116 = DIRECTION('',(0.,-0.,-1.));
#3117 = DIRECTION('',(1.,-1.110223024625E-16,0.));
#3118 = PCURVE('',#961,#3119);
#3119 = DEFINITIONAL_REPRESENTATION('',(#3120),#3124);
#3120 = LINE('',#3121,#3122);
#3121 = CARTESIAN_POINT('',(0.,-26.));
#3122 = VECTOR('',#3123,1.);
#3123 = DIRECTION('',(1.,0.));
#3124 = ( GEOMETRIC_REPRESENTATION_CONTEXT(2) 
PARAMETRIC_REPRESENTATION_CONTEXT() REPRESENTATION_CONTEXT('2D SPACE',''
  ) );
#3125 = PCURVE('',#1098,#3126);
#3126 = DEFINITIONAL_REPRESENTATION('',(#3127),#3135);
#3127 = ( BOUNDED_CURVE() B_SPLINE_CURVE(2,(#3128,#3129,#3130,#3131,
#3132,#3133,#3134),.UNSPECIFIED.,.T.,.F.) B_SPLINE_CURVE_WITH_KNOTS((1,2
    ,2,2,2,1),(-2.094395102393,0.,2.094395102393,4.188790204786,
6.28318530718,8.377580409573),.UNSPECIFIED.) CURVE() 
GEOMETRIC_REPRESENTATION_ITEM() RATIONAL_B_SPLINE_CURVE((1.,0.5,1.,0.5,
1.,0.5,1.)) REPRESENTATION_ITEM('') );
#3128 = CARTESIAN_POINT('',(-30.14929584448,231.37858058607));
#3129 = CARTESIAN_POINT('',(-33.7,225.22858058607));
#3130 = CARTESIAN_POINT('',(-37.25070415551,231.37858058607));
#3131 = CARTESIAN_POINT('',(-40.80140831103,237.52858058607));
#3132 = CARTESIAN_POINT('',(-33.7,237.52858058607));
#3133 = CARTESIAN_POINT('',(-26.59859168896,237.52858058607));
#3134 = CARTESIAN_POINT('',(-30.14929584448,231.37858058607));
#3135 = ( GEOMETRIC_REPRESENTATION_CONTEXT(2) 
PARAMETRIC_REPRESENTATION_CONTEXT() REPRESENTATION_CONTEXT('2D SPACE',''
  ) );
#3136 = ORIENTED_EDGE('',*,*,#3019,.F.);
#3137 = ADVANCED_FACE('',(#3138),#931,.F.);
#3138 = FACE_BOUND('',#3139,.F.);
#3139 = EDGE_LOOP('',(#3140,#3141,#3164,#3183));
#3140 = ORIENTED_EDGE('',*,*,#916,.T.);
#3141 = ORIENTED_EDGE('',*,*,#3142,.T.);
#3142 = EDGE_CURVE('',#884,#3143,#3145,.T.);
#3143 = VERTEX_POINT('',#3144);
#3144 = CARTESIAN_POINT('',(4.1,41.4,6.));
#3145 = SURFACE_CURVE('',#3146,(#3150,#3157),.PCURVE_S1.);
#3146 = LINE('',#3147,#3148);
#3147 = CARTESIAN_POINT('',(4.1,41.4,-20.));
#3148 = VECTOR('',#3149,1.);
#3149 = DIRECTION('',(0.,0.,1.));
#3150 = PCURVE('',#931,#3151);
#3151 = DEFINITIONAL_REPRESENTATION('',(#3152),#3156);
#3152 = LINE('',#3153,#3154);
#3153 = CARTESIAN_POINT('',(0.,0.));
#3154 = VECTOR('',#3155,1.);
#3155 = DIRECTION('',(0.,-1.));
#3156 = ( GEOMETRIC_REPRESENTATION_CONTEXT(2) 
PARAMETRIC_REPRESENTATION_CONTEXT() REPRESENTATION_CONTEXT('2D SPACE',''
  ) );
#3157 = PCURVE('',#904,#3158);
#3158 = DEFINITIONAL_REPRESENTATION('',(#3159),#3163);
#3159 = LINE('',#3160,#3161);
#3160 = CARTESIAN_POINT('',(3.14159265359,0.));
#3161 = VECTOR('',#3162,1.);
#3162 = DIRECTION('',(0.,-1.));
#3163 = ( GEOMETRIC_REPRESENTATION_CONTEXT(2) 
PARAMETRIC_REPRESENTATION_CONTEXT() REPRESENTATION_CONTEXT('2D SPACE',''
  ) );
#3164 = ORIENTED_EDGE('',*,*,#3165,.F.);
#3165 = EDGE_CURVE('',#3089,#3143,#3166,.T.);
#3166 = SURFACE_CURVE('',#3167,(#3171,#3177),.PCURVE_S1.);
#3167 = LINE('',#3168,#3169);
#3168 = CARTESIAN_POINT('',(4.1,-52.65254037844,6.));
#3169 = VECTOR('',#3170,1.);
#3170 = DIRECTION('',(1.110223024625E-16,1.,-0.));
#3171 = PCURVE('',#931,#3172);
#3172 = DEFINITIONAL_REPRESENTATION('',(#3173),#3176);
#3173 = B_SPLINE_CURVE_WITH_KNOTS('',1,(#3174,#3175),.UNSPECIFIED.,.F.,
  .F.,(2,2),(91.252540378444,94.052540378444),.PIECEWISE_BEZIER_KNOTS.);
#3174 = CARTESIAN_POINT('',(2.8,-26.));
#3175 = CARTESIAN_POINT('',(0.,-26.));
#3176 = ( GEOMETRIC_REPRESENTATION_CONTEXT(2) 
PARAMETRIC_REPRESENTATION_CONTEXT() REPRESENTATION_CONTEXT('2D SPACE',''
  ) );
#3177 = PCURVE('',#1098,#3178);
#3178 = DEFINITIONAL_REPRESENTATION('',(#3179),#3182);
#3179 = B_SPLINE_CURVE_WITH_KNOTS('',1,(#3180,#3181),.UNSPECIFIED.,.F.,
  .F.,(2,2),(91.252540378444,94.052540378444),.PIECEWISE_BEZIER_KNOTS.);
#3180 = CARTESIAN_POINT('',(-30.14929584448,231.37858058607));
#3181 = CARTESIAN_POINT('',(-28.74929584448,233.80345171667));
#3182 = ( GEOMETRIC_REPRESENTATION_CONTEXT(2) 
PARAMETRIC_REPRESENTATION_CONTEXT() REPRESENTATION_CONTEXT('2D SPACE',''
  ) );
#3183 = ORIENTED_EDGE('',*,*,#3088,.F.);
#3184 = ADVANCED_FACE('',(#3185),#904,.F.);
#3185 = FACE_BOUND('',#3186,.F.);
#3186 = EDGE_LOOP('',(#3187,#3188,#3189,#3215));
#3187 = ORIENTED_EDGE('',*,*,#883,.F.);
#3188 = ORIENTED_EDGE('',*,*,#3063,.T.);
#3189 = ORIENTED_EDGE('',*,*,#3190,.T.);
#3190 = EDGE_CURVE('',#3043,#3143,#3191,.T.);
#3191 = SURFACE_CURVE('',#3192,(#3197,#3204),.PCURVE_S1.);
#3192 = CIRCLE('',#3193,4.1);
#3193 = AXIS2_PLACEMENT_3D('',#3194,#3195,#3196);
#3194 = CARTESIAN_POINT('',(2.922668544626E-15,41.4,6.));
#3195 = DIRECTION('',(0.,0.,-1.));
#3196 = DIRECTION('',(-1.,1.110223024625E-16,0.));
#3197 = PCURVE('',#904,#3198);
#3198 = DEFINITIONAL_REPRESENTATION('',(#3199),#3203);
#3199 = LINE('',#3200,#3201);
#3200 = CARTESIAN_POINT('',(0.,-26.));
#3201 = VECTOR('',#3202,1.);
#3202 = DIRECTION('',(1.,0.));
#3203 = ( GEOMETRIC_REPRESENTATION_CONTEXT(2) 
PARAMETRIC_REPRESENTATION_CONTEXT() REPRESENTATION_CONTEXT('2D SPACE',''
  ) );
#3204 = PCURVE('',#1098,#3205);
#3205 = DEFINITIONAL_REPRESENTATION('',(#3206),#3214);
#3206 = ( BOUNDED_CURVE() B_SPLINE_CURVE(2,(#3207,#3208,#3209,#3210,
#3211,#3212,#3213),.UNSPECIFIED.,.T.,.F.) B_SPLINE_CURVE_WITH_KNOTS((1,2
    ,2,2,2,1),(-2.094395102393,0.,2.094395102393,4.188790204786,
6.28318530718,8.377580409573),.UNSPECIFIED.) CURVE() 
GEOMETRIC_REPRESENTATION_ITEM() RATIONAL_B_SPLINE_CURVE((1.,0.5,1.,0.5,
1.,0.5,1.)) REPRESENTATION_ITEM('') );
#3207 = CARTESIAN_POINT('',(-35.85070415551,237.90345171667));
#3208 = CARTESIAN_POINT('',(-32.3,244.05345171667));
#3209 = CARTESIAN_POINT('',(-28.74929584448,237.90345171667));
#3210 = CARTESIAN_POINT('',(-25.19859168896,231.75345171667));
#3211 = CARTESIAN_POINT('',(-32.3,231.75345171667));
#3212 = CARTESIAN_POINT('',(-39.40140831103,231.75345171667));
#3213 = CARTESIAN_POINT('',(-35.85070415551,237.90345171667));
#3214 = ( GEOMETRIC_REPRESENTATION_CONTEXT(2) 
PARAMETRIC_REPRESENTATION_CONTEXT() REPRESENTATION_CONTEXT('2D SPACE',''
  ) );
#3215 = ORIENTED_EDGE('',*,*,#3142,.F.);
#3216 = ADVANCED_FACE('',(#3217,#3418),#1038,.F.);
#3217 = FACE_BOUND('',#3218,.F.);
#3218 = EDGE_LOOP('',(#3219,#3242,#3270,#3304,#3332,#3366,#3394,#3415,
    #3416,#3417));
#3219 = ORIENTED_EDGE('',*,*,#3220,.F.);
#3220 = EDGE_CURVE('',#3221,#1083,#3223,.T.);
#3221 = VERTEX_POINT('',#3222);
#3222 = CARTESIAN_POINT('',(69.321223432436,-14.06788102781,6.));
#3223 = SURFACE_CURVE('',#3224,(#3228,#3235),.PCURVE_S1.);
#3224 = LINE('',#3225,#3226);
#3225 = CARTESIAN_POINT('',(145.89934640057,-146.7050807568,6.));
#3226 = VECTOR('',#3227,1.);
#3227 = DIRECTION('',(-0.5,0.866025403784,0.));
#3228 = PCURVE('',#1038,#3229);
#3229 = DEFINITIONAL_REPRESENTATION('',(#3230),#3234);
#3230 = LINE('',#3231,#3232);
#3231 = CARTESIAN_POINT('',(106.,0.));
#3232 = VECTOR('',#3233,1.);
#3233 = DIRECTION('',(0.,-1.));
#3234 = ( GEOMETRIC_REPRESENTATION_CONTEXT(2) 
PARAMETRIC_REPRESENTATION_CONTEXT() REPRESENTATION_CONTEXT('2D SPACE',''
  ) );
#3235 = PCURVE('',#1098,#3236);
#3236 = DEFINITIONAL_REPRESENTATION('',(#3237),#3241);
#3237 = LINE('',#3238,#3239);
#3238 = CARTESIAN_POINT('',(0.,0.));
#3239 = VECTOR('',#3240,1.);
#3240 = DIRECTION('',(-7.437084071669E-18,1.));
#3241 = ( GEOMETRIC_REPRESENTATION_CONTEXT(2) 
PARAMETRIC_REPRESENTATION_CONTEXT() REPRESENTATION_CONTEXT('2D SPACE',''
  ) );
#3242 = ORIENTED_EDGE('',*,*,#3243,.T.);
#3243 = EDGE_CURVE('',#3221,#3244,#3246,.T.);
#3244 = VERTEX_POINT('',#3245);
#3245 = CARTESIAN_POINT('',(69.321223432436,-14.06788102781,
    -21.75117319556));
#3246 = SURFACE_CURVE('',#3247,(#3251,#3258),.PCURVE_S1.);
#3247 = LINE('',#3248,#3249);
#3248 = CARTESIAN_POINT('',(69.321223432436,-14.06788102781,-23.904));
#3249 = VECTOR('',#3250,1.);
#3250 = DIRECTION('',(0.,-0.,-1.));
#3251 = PCURVE('',#1038,#3252);
#3252 = DEFINITIONAL_REPRESENTATION('',(#3253),#3257);
#3253 = LINE('',#3254,#3255);
#3254 = CARTESIAN_POINT('',(76.096,-153.1562459362));
#3255 = VECTOR('',#3256,1.);
#3256 = DIRECTION('',(-1.,0.));
#3257 = ( GEOMETRIC_REPRESENTATION_CONTEXT(2) 
PARAMETRIC_REPRESENTATION_CONTEXT() REPRESENTATION_CONTEXT('2D SPACE',''
  ) );
#3258 = PCURVE('',#3259,#3264);
#3259 = CYLINDRICAL_SURFACE('',#3260,5.35);
#3260 = AXIS2_PLACEMENT_3D('',#3261,#3262,#3263);
#3261 = CARTESIAN_POINT('',(69.689186701682,-19.40521210546,-23.904));
#3262 = DIRECTION('',(0.,-0.,-1.));
#3263 = DIRECTION('',(0.866025403784,0.5,0.));
#3264 = DEFINITIONAL_REPRESENTATION('',(#3265),#3269);
#3265 = LINE('',#3266,#3267);
#3266 = CARTESIAN_POINT('',(-1.116030073275,0.));
#3267 = VECTOR('',#3268,1.);
#3268 = DIRECTION('',(-0.,1.));
#3269 = ( GEOMETRIC_REPRESENTATION_CONTEXT(2) 
PARAMETRIC_REPRESENTATION_CONTEXT() REPRESENTATION_CONTEXT('2D SPACE',''
  ) );
#3270 = ORIENTED_EDGE('',*,*,#3271,.T.);
#3271 = EDGE_CURVE('',#3244,#3272,#3274,.T.);
#3272 = VERTEX_POINT('',#3273);
#3273 = CARTESIAN_POINT('',(67.549346400575,-10.99889998386,
    -23.90415513553));
#3274 = SURFACE_CURVE('',#3275,(#3280,#3287),.PCURVE_S1.);
#3275 = ELLIPSE('',#3276,4.015279350173,4.);
#3276 = AXIS2_PLACEMENT_3D('',#3277,#3278,#3279);
#3277 = CARTESIAN_POINT('',(67.549346400575,-10.99889998386,
    -19.88887578536));
#3278 = DIRECTION('',(0.866025403784,0.5,-0.));
#3279 = DIRECTION('',(0.,0.,1.));
#3280 = PCURVE('',#1038,#3281);
#3281 = DEFINITIONAL_REPRESENTATION('',(#3282),#3286);
#3282 = ELLIPSE('',#3283,4.015279350173,4.);
#3283 = AXIS2_PLACEMENT_2D('',#3284,#3285);
#3284 = CARTESIAN_POINT('',(80.111124214637,-156.7));
#3285 = DIRECTION('',(1.,0.));
#3286 = ( GEOMETRIC_REPRESENTATION_CONTEXT(2) 
PARAMETRIC_REPRESENTATION_CONTEXT() REPRESENTATION_CONTEXT('2D SPACE',''
  ) );
#3287 = PCURVE('',#3288,#3293);
#3288 = CYLINDRICAL_SURFACE('',#3289,4.);
#3289 = AXIS2_PLACEMENT_3D('',#3290,#3291,#3292);
#3290 = CARTESIAN_POINT('',(62.502217431254,-13.91286125293,
    -20.39875293935));
#3291 = DIRECTION('',(0.862729915663,0.498097349046,8.715574274766E-02)
  );
#3292 = DIRECTION('',(7.547908730517E-02,4.357787137383E-02,
    -0.996194698092));
#3293 = DEFINITIONAL_REPRESENTATION('',(#3294),#3303);
#3294 = B_SPLINE_CURVE_WITH_KNOTS('',7,(#3295,#3296,#3297,#3298,#3299,
    #3300,#3301,#3302),.UNSPECIFIED.,.F.,.F.,(8,8),(1.570796326795,
    3.14159265359),.PIECEWISE_BEZIER_KNOTS.);
#3295 = CARTESIAN_POINT('',(-1.570796326795,5.850184255456));
#3296 = CARTESIAN_POINT('',(-1.346396851538,5.771654614712));
#3297 = CARTESIAN_POINT('',(-1.121997376282,5.693125292845));
#3298 = CARTESIAN_POINT('',(-0.897597901026,5.621052556515));
#3299 = CARTESIAN_POINT('',(-0.673198425769,5.561904733089));
#3300 = CARTESIAN_POINT('',(-0.448798950513,5.520788972753));
#3301 = CARTESIAN_POINT('',(-0.224399475256,5.500229601352));
#3302 = CARTESIAN_POINT('',(0.,5.500229601352));
#3303 = ( GEOMETRIC_REPRESENTATION_CONTEXT(2) 
PARAMETRIC_REPRESENTATION_CONTEXT() REPRESENTATION_CONTEXT('2D SPACE',''
  ) );
#3304 = ORIENTED_EDGE('',*,*,#3305,.T.);
#3305 = EDGE_CURVE('',#3272,#3306,#3308,.T.);
#3306 = VERTEX_POINT('',#3307);
#3307 = CARTESIAN_POINT('',(24.249346400575,63.998899983866,
    -23.90415513553));
#3308 = SURFACE_CURVE('',#3309,(#3313,#3320),.PCURVE_S1.);
#3309 = LINE('',#3310,#3311);
#3310 = CARTESIAN_POINT('',(107.72434640057,-80.58404117794,
    -23.90415513553));
#3311 = VECTOR('',#3312,1.);
#3312 = DIRECTION('',(-0.5,0.866025403784,0.));
#3313 = PCURVE('',#1038,#3314);
#3314 = DEFINITIONAL_REPRESENTATION('',(#3315),#3319);
#3315 = LINE('',#3316,#3317);
#3316 = CARTESIAN_POINT('',(76.095844864464,-76.35));
#3317 = VECTOR('',#3318,1.);
#3318 = DIRECTION('',(0.,-1.));
#3319 = ( GEOMETRIC_REPRESENTATION_CONTEXT(2) 
PARAMETRIC_REPRESENTATION_CONTEXT() REPRESENTATION_CONTEXT('2D SPACE',''
  ) );
#3320 = PCURVE('',#3321,#3326);
#3321 = PLANE('',#3322);
#3322 = AXIS2_PLACEMENT_3D('',#3323,#3324,#3325);
#3323 = CARTESIAN_POINT('',(64.804133780474,-17.20265138258,
    -24.38353173172));
#3324 = DIRECTION('',(-7.547908730517E-02,-4.357787137383E-02,
    0.996194698092));
#3325 = DIRECTION('',(-0.5,0.866025403784,0.));
#3326 = DEFINITIONAL_REPRESENTATION('',(#3327),#3331);
#3327 = LINE('',#3328,#3329);
#3328 = CARTESIAN_POINT('',(-76.35,-5.500229601352));
#3329 = VECTOR('',#3330,1.);
#3330 = DIRECTION('',(1.,7.858696607916E-18));
#3331 = ( GEOMETRIC_REPRESENTATION_CONTEXT(2) 
PARAMETRIC_REPRESENTATION_CONTEXT() REPRESENTATION_CONTEXT('2D SPACE',''
  ) );
#3332 = ORIENTED_EDGE('',*,*,#3333,.T.);
#3333 = EDGE_CURVE('',#3306,#3334,#3336,.T.);
#3334 = VERTEX_POINT('',#3335);
#3335 = CARTESIAN_POINT('',(22.249346400575,67.463001599004,
    -19.88887578536));
#3336 = SURFACE_CURVE('',#3337,(#3342,#3349),.PCURVE_S1.);
#3337 = ELLIPSE('',#3338,4.015279350173,4.);
#3338 = AXIS2_PLACEMENT_3D('',#3339,#3340,#3341);
#3339 = CARTESIAN_POINT('',(24.249346400575,63.998899983866,
    -19.88887578536));
#3340 = DIRECTION('',(0.866025403784,0.5,-0.));
#3341 = DIRECTION('',(0.,0.,1.));
#3342 = PCURVE('',#1038,#3343);
#3343 = DEFINITIONAL_REPRESENTATION('',(#3344),#3348);
#3344 = ELLIPSE('',#3345,4.015279350173,4.);
#3345 = AXIS2_PLACEMENT_2D('',#3346,#3347);
#3346 = CARTESIAN_POINT('',(80.111124214637,-243.3));
#3347 = DIRECTION('',(1.,0.));
#3348 = ( GEOMETRIC_REPRESENTATION_CONTEXT(2) 
PARAMETRIC_REPRESENTATION_CONTEXT() REPRESENTATION_CONTEXT('2D SPACE',''
  ) );
#3349 = PCURVE('',#3350,#3355);
#3350 = CYLINDRICAL_SURFACE('',#3351,4.);
#3351 = AXIS2_PLACEMENT_3D('',#3352,#3353,#3354);
#3352 = CARTESIAN_POINT('',(19.202217431254,61.084938714794,
    -20.39875293935));
#3353 = DIRECTION('',(0.862729915663,0.498097349046,8.715574274766E-02)
  );
#3354 = DIRECTION('',(7.547908730517E-02,4.357787137383E-02,
    -0.996194698092));
#3355 = DEFINITIONAL_REPRESENTATION('',(#3356),#3365);
#3356 = B_SPLINE_CURVE_WITH_KNOTS('',7,(#3357,#3358,#3359,#3360,#3361,
    #3362,#3363,#3364),.UNSPECIFIED.,.F.,.F.,(8,8),(3.14159265359,
    4.712388980385),.PIECEWISE_BEZIER_KNOTS.);
#3357 = CARTESIAN_POINT('',(0.,5.500229601352));
#3358 = CARTESIAN_POINT('',(0.224399475256,5.500229601352));
#3359 = CARTESIAN_POINT('',(0.448798950513,5.520788972755));
#3360 = CARTESIAN_POINT('',(0.67319842577,5.561904733085));
#3361 = CARTESIAN_POINT('',(0.897597901025,5.621052556519));
#3362 = CARTESIAN_POINT('',(1.121997376282,5.693125292843));
#3363 = CARTESIAN_POINT('',(1.346396851538,5.771654614712));
#3364 = CARTESIAN_POINT('',(1.570796326795,5.850184255456));
#3365 = ( GEOMETRIC_REPRESENTATION_CONTEXT(2) 
PARAMETRIC_REPRESENTATION_CONTEXT() REPRESENTATION_CONTEXT('2D SPACE',''
  ) );
#3366 = ORIENTED_EDGE('',*,*,#3367,.T.);
#3367 = EDGE_CURVE('',#3334,#3368,#3370,.T.);
#3368 = VERTEX_POINT('',#3369);
#3369 = CARTESIAN_POINT('',(22.249346400575,67.463001599004,6.));
#3370 = SURFACE_CURVE('',#3371,(#3375,#3382),.PCURVE_S1.);
#3371 = LINE('',#3372,#3373);
#3372 = CARTESIAN_POINT('',(22.249346400575,67.463001599004,
    -62.19176586586));
#3373 = VECTOR('',#3374,1.);
#3374 = DIRECTION('',(0.,0.,1.));
#3375 = PCURVE('',#1038,#3376);
#3376 = DEFINITIONAL_REPRESENTATION('',(#3377),#3381);
#3377 = LINE('',#3378,#3379);
#3378 = CARTESIAN_POINT('',(37.808234134138,-247.3));
#3379 = VECTOR('',#3380,1.);
#3380 = DIRECTION('',(1.,0.));
#3381 = ( GEOMETRIC_REPRESENTATION_CONTEXT(2) 
PARAMETRIC_REPRESENTATION_CONTEXT() REPRESENTATION_CONTEXT('2D SPACE',''
  ) );
#3382 = PCURVE('',#3383,#3388);
#3383 = PLANE('',#3384);
#3384 = AXIS2_PLACEMENT_3D('',#3385,#3386,#3387);
#3385 = CARTESIAN_POINT('',(17.504133780474,64.723351815427,
    -24.38353173172));
#3386 = DIRECTION('',(0.5,-0.866025403784,0.));
#3387 = DIRECTION('',(-7.547908730517E-02,-4.357787137383E-02,
    0.996194698092));
#3388 = DEFINITIONAL_REPRESENTATION('',(#3389),#3393);
#3389 = LINE('',#3390,#3391);
#3390 = CARTESIAN_POINT('',(-38.14191481215,-2.163244450117));
#3391 = VECTOR('',#3392,1.);
#3392 = DIRECTION('',(0.996194698092,-8.715574274766E-02));
#3393 = ( GEOMETRIC_REPRESENTATION_CONTEXT(2) 
PARAMETRIC_REPRESENTATION_CONTEXT() REPRESENTATION_CONTEXT('2D SPACE',''
  ) );
#3394 = ORIENTED_EDGE('',*,*,#3395,.F.);
#3395 = EDGE_CURVE('',#1190,#3368,#3396,.T.);
#3396 = SURFACE_CURVE('',#3397,(#3401,#3408),.PCURVE_S1.);
#3397 = LINE('',#3398,#3399);
#3398 = CARTESIAN_POINT('',(145.89934640057,-146.7050807568,6.));
#3399 = VECTOR('',#3400,1.);
#3400 = DIRECTION('',(-0.5,0.866025403784,0.));
#3401 = PCURVE('',#1038,#3402);
#3402 = DEFINITIONAL_REPRESENTATION('',(#3403),#3407);
#3403 = LINE('',#3404,#3405);
#3404 = CARTESIAN_POINT('',(106.,0.));
#3405 = VECTOR('',#3406,1.);
#3406 = DIRECTION('',(0.,-1.));
#3407 = ( GEOMETRIC_REPRESENTATION_CONTEXT(2) 
PARAMETRIC_REPRESENTATION_CONTEXT() REPRESENTATION_CONTEXT('2D SPACE',''
  ) );
#3408 = PCURVE('',#1098,#3409);
#3409 = DEFINITIONAL_REPRESENTATION('',(#3410),#3414);
#3410 = LINE('',#3411,#3412);
#3411 = CARTESIAN_POINT('',(0.,0.));
#3412 = VECTOR('',#3413,1.);
#3413 = DIRECTION('',(-7.437084071669E-18,1.));
#3414 = ( GEOMETRIC_REPRESENTATION_CONTEXT(2) 
PARAMETRIC_REPRESENTATION_CONTEXT() REPRESENTATION_CONTEXT('2D SPACE',''
  ) );
#3415 = ORIENTED_EDGE('',*,*,#1189,.T.);
#3416 = ORIENTED_EDGE('',*,*,#1024,.T.);
#3417 = ORIENTED_EDGE('',*,*,#1110,.T.);
#3418 = FACE_BOUND('',#3419,.F.);
#3419 = EDGE_LOOP('',(#3420));
#3420 = ORIENTED_EDGE('',*,*,#3421,.F.);
#3421 = EDGE_CURVE('',#3422,#3422,#3424,.T.);
#3422 = VERTEX_POINT('',#3423);
#3423 = CARTESIAN_POINT('',(45.899346400575,26.5,-5.032342189721));
#3424 = SURFACE_CURVE('',#3425,(#3430,#3437),.PCURVE_S1.);
#3425 = ELLIPSE('',#3426,6.3742559684,6.35);
#3426 = AXIS2_PLACEMENT_3D('',#3427,#3428,#3429);
#3427 = CARTESIAN_POINT('',(45.899346400575,26.5,-11.40659815812));
#3428 = DIRECTION('',(0.866025403784,0.5,-0.));
#3429 = DIRECTION('',(0.,0.,1.));
#3430 = PCURVE('',#1038,#3431);
#3431 = DEFINITIONAL_REPRESENTATION('',(#3432),#3436);
#3432 = ELLIPSE('',#3433,6.3742559684,6.35);
#3433 = AXIS2_PLACEMENT_2D('',#3434,#3435);
#3434 = CARTESIAN_POINT('',(88.593401841878,-200.));
#3435 = DIRECTION('',(1.,0.));
#3436 = ( GEOMETRIC_REPRESENTATION_CONTEXT(2) 
PARAMETRIC_REPRESENTATION_CONTEXT() REPRESENTATION_CONTEXT('2D SPACE',''
  ) );
#3437 = PCURVE('',#3438,#3443);
#3438 = CYLINDRICAL_SURFACE('',#3439,6.35);
#3439 = AXIS2_PLACEMENT_3D('',#3440,#3441,#3442);
#3440 = CARTESIAN_POINT('',(42.965664844574,24.806238163926,
    -11.70296807686));
#3441 = DIRECTION('',(0.862729915663,0.498097349046,8.715574274766E-02)
  );
#3442 = DIRECTION('',(-7.547908730517E-02,-4.357787137383E-02,
    0.996194698092));
#3443 = DEFINITIONAL_REPRESENTATION('',(#3444),#3468);
#3444 = B_SPLINE_CURVE_WITH_KNOTS('',8,(#3445,#3446,#3447,#3448,#3449,
    #3450,#3451,#3452,#3453,#3454,#3455,#3456,#3457,#3458,#3459,#3460,
    #3461,#3462,#3463,#3464,#3465,#3466,#3467),.UNSPECIFIED.,.F.,.F.,(9,
    7,7,9),(0.,1.570796326795,3.926990816987,6.28318530718),
  .UNSPECIFIED.);
#3445 = CARTESIAN_POINT('',(0.,3.95601647564));
#3446 = CARTESIAN_POINT('',(0.196349540849,3.95601647564));
#3447 = CARTESIAN_POINT('',(0.392699081699,3.931537974063));
#3448 = CARTESIAN_POINT('',(0.589048622548,3.882583930086));
#3449 = CARTESIAN_POINT('',(0.785398163397,3.811158619165));
#3450 = CARTESIAN_POINT('',(0.981747704247,3.721304233471));
#3451 = CARTESIAN_POINT('',(1.178097245096,3.618628240781));
#3452 = CARTESIAN_POINT('',(1.374446785946,3.509546041347));
#3453 = CARTESIAN_POINT('',(1.865320638069,3.236839593605));
#3454 = CARTESIAN_POINT('',(2.15984494934,3.073215132034));
#3455 = CARTESIAN_POINT('',(2.454369260621,2.931223849634));
#3456 = CARTESIAN_POINT('',(2.748893571882,2.832468105786));
#3457 = CARTESIAN_POINT('',(3.043417883168,2.792653873195));
#3458 = CARTESIAN_POINT('',(3.337942194436,2.815173847559));
#3459 = CARTESIAN_POINT('',(3.632466505713,2.891928612091));
#3460 = CARTESIAN_POINT('',(4.221515128261,3.123327706256));
#3461 = CARTESIAN_POINT('',(4.516039439536,3.277972874412));
#3462 = CARTESIAN_POINT('',(4.810563750795,3.45625889735));
#3463 = CARTESIAN_POINT('',(5.105088062094,3.635734842251));
#3464 = CARTESIAN_POINT('',(5.399612373341,3.790796413815));
#3465 = CARTESIAN_POINT('',(5.694136684632,3.900939643044));
#3466 = CARTESIAN_POINT('',(5.988660995906,3.95601647564));
#3467 = CARTESIAN_POINT('',(6.28318530718,3.95601647564));
#3468 = ( GEOMETRIC_REPRESENTATION_CONTEXT(2) 
PARAMETRIC_REPRESENTATION_CONTEXT() REPRESENTATION_CONTEXT('2D SPACE',''
  ) );
#3469 = ADVANCED_FACE('',(#3470,#3873,#3876,#3879,#3882,#3885,#4026,
    #4029,#4032),#1098,.T.);
#3470 = FACE_BOUND('',#3471,.T.);
#3471 = EDGE_LOOP('',(#3472,#3473,#3497,#3525,#3554,#3582,#3606,#3634,
    #3662,#3694,#3727,#3755,#3788,#3820,#3848,#3869,#3870,#3871,#3872));
#3472 = ORIENTED_EDGE('',*,*,#3220,.F.);
#3473 = ORIENTED_EDGE('',*,*,#3474,.T.);
#3474 = EDGE_CURVE('',#3221,#3475,#3477,.T.);
#3475 = VERTEX_POINT('',#3476);
#3476 = CARTESIAN_POINT('',(75.035450243008,-19.20529675667,6.));
#3477 = SURFACE_CURVE('',#3478,(#3483,#3490),.PCURVE_S1.);
#3478 = CIRCLE('',#3479,5.35);
#3479 = AXIS2_PLACEMENT_3D('',#3480,#3481,#3482);
#3480 = CARTESIAN_POINT('',(69.689186701682,-19.40521210546,6.));
#3481 = DIRECTION('',(0.,-0.,1.));
#3482 = DIRECTION('',(0.866025403784,0.5,0.));
#3483 = PCURVE('',#1098,#3484);
#3484 = DEFINITIONAL_REPRESENTATION('',(#3485),#3489);
#3485 = CIRCLE('',#3486,5.35);
#3486 = AXIS2_PLACEMENT_2D('',#3487,#3488);
#3487 = CARTESIAN_POINT('',(-2.35,148.35));
#3488 = DIRECTION('',(1.,-7.437084071669E-18));
#3489 = ( GEOMETRIC_REPRESENTATION_CONTEXT(2) 
PARAMETRIC_REPRESENTATION_CONTEXT() REPRESENTATION_CONTEXT('2D SPACE',''
  ) );
#3490 = PCURVE('',#3259,#3491);
#3491 = DEFINITIONAL_REPRESENTATION('',(#3492),#3496);
#3492 = LINE('',#3493,#3494);
#3493 = CARTESIAN_POINT('',(-0.,-29.904));
#3494 = VECTOR('',#3495,1.);
#3495 = DIRECTION('',(-1.,0.));
#3496 = ( GEOMETRIC_REPRESENTATION_CONTEXT(2) 
PARAMETRIC_REPRESENTATION_CONTEXT() REPRESENTATION_CONTEXT('2D SPACE',''
  ) );
#3497 = ORIENTED_EDGE('',*,*,#3498,.T.);
#3498 = EDGE_CURVE('',#3475,#3499,#3501,.T.);
#3499 = VERTEX_POINT('',#3500);
#3500 = CARTESIAN_POINT('',(72.870345680119,-20.45532045887,6.));
#3501 = SURFACE_CURVE('',#3502,(#3506,#3513),.PCURVE_S1.);
#3502 = LINE('',#3503,#3504);
#3503 = CARTESIAN_POINT('',(70.939186701682,-21.57027561492,6.));
#3504 = VECTOR('',#3505,1.);
#3505 = DIRECTION('',(-0.866025403784,-0.5,0.));
#3506 = PCURVE('',#1098,#3507);
#3507 = DEFINITIONAL_REPRESENTATION('',(#3508),#3512);
#3508 = LINE('',#3509,#3510);
#3509 = CARTESIAN_POINT('',(-2.35,145.85));
#3510 = VECTOR('',#3511,1.);
#3511 = DIRECTION('',(-1.,7.437084071669E-18));
#3512 = ( GEOMETRIC_REPRESENTATION_CONTEXT(2) 
PARAMETRIC_REPRESENTATION_CONTEXT() REPRESENTATION_CONTEXT('2D SPACE',''
  ) );
#3513 = PCURVE('',#3514,#3519);
#3514 = PLANE('',#3515);
#3515 = AXIS2_PLACEMENT_3D('',#3516,#3517,#3518);
#3516 = CARTESIAN_POINT('',(70.939186701682,-21.57027561492,-24.904));
#3517 = DIRECTION('',(-0.5,0.866025403784,0.));
#3518 = DIRECTION('',(0.866025403784,0.5,0.));
#3519 = DEFINITIONAL_REPRESENTATION('',(#3520),#3524);
#3520 = LINE('',#3521,#3522);
#3521 = CARTESIAN_POINT('',(-1.585967487166E-14,-30.904));
#3522 = VECTOR('',#3523,1.);
#3523 = DIRECTION('',(-1.,-0.));
#3524 = ( GEOMETRIC_REPRESENTATION_CONTEXT(2) 
PARAMETRIC_REPRESENTATION_CONTEXT() REPRESENTATION_CONTEXT('2D SPACE',''
  ) );
#3525 = ORIENTED_EDGE('',*,*,#3526,.F.);
#3526 = EDGE_CURVE('',#3527,#3499,#3529,.T.);
#3527 = VERTEX_POINT('',#3528);
#3528 = CARTESIAN_POINT('',(70.370345680119,-16.12519343995,6.));
#3529 = SURFACE_CURVE('',#3530,(#3535,#3542),.PCURVE_S1.);
#3530 = CIRCLE('',#3531,3.35);
#3531 = AXIS2_PLACEMENT_3D('',#3532,#3533,#3534);
#3532 = CARTESIAN_POINT('',(69.689186701682,-19.40521210546,6.));
#3533 = DIRECTION('',(0.,-0.,1.));
#3534 = DIRECTION('',(0.866025403784,0.5,0.));
#3535 = PCURVE('',#1098,#3536);
#3536 = DEFINITIONAL_REPRESENTATION('',(#3537),#3541);
#3537 = CIRCLE('',#3538,3.35);
#3538 = AXIS2_PLACEMENT_2D('',#3539,#3540);
#3539 = CARTESIAN_POINT('',(-2.35,148.35));
#3540 = DIRECTION('',(1.,-7.437084071669E-18));
#3541 = ( GEOMETRIC_REPRESENTATION_CONTEXT(2) 
PARAMETRIC_REPRESENTATION_CONTEXT() REPRESENTATION_CONTEXT('2D SPACE',''
  ) );
#3542 = PCURVE('',#3543,#3548);
#3543 = CYLINDRICAL_SURFACE('',#3544,3.35);
#3544 = AXIS2_PLACEMENT_3D('',#3545,#3546,#3547);
#3545 = CARTESIAN_POINT('',(69.689186701682,-19.40521210546,-23.904));
#3546 = DIRECTION('',(0.,-0.,-1.));
#3547 = DIRECTION('',(0.866025403784,0.5,0.));
#3548 = DEFINITIONAL_REPRESENTATION('',(#3549),#3553);
#3549 = LINE('',#3550,#3551);
#3550 = CARTESIAN_POINT('',(-0.,-29.904));
#3551 = VECTOR('',#3552,1.);
#3552 = DIRECTION('',(-1.,0.));
#3553 = ( GEOMETRIC_REPRESENTATION_CONTEXT(2) 
PARAMETRIC_REPRESENTATION_CONTEXT() REPRESENTATION_CONTEXT('2D SPACE',''
  ) );
#3554 = ORIENTED_EDGE('',*,*,#3555,.T.);
#3555 = EDGE_CURVE('',#3527,#3556,#3558,.T.);
#3556 = VERTEX_POINT('',#3557);
#3557 = CARTESIAN_POINT('',(72.535450243008,-14.87516973774,6.));
#3558 = SURFACE_CURVE('',#3559,(#3563,#3570),.PCURVE_S1.);
#3559 = LINE('',#3560,#3561);
#3560 = CARTESIAN_POINT('',(71.188817358697,-15.652648596,6.));
#3561 = VECTOR('',#3562,1.);
#3562 = DIRECTION('',(0.866025403784,0.5,0.));
#3563 = PCURVE('',#1098,#3564);
#3564 = DEFINITIONAL_REPRESENTATION('',(#3565),#3569);
#3565 = LINE('',#3566,#3567);
#3566 = CARTESIAN_POINT('',(0.825,150.85));
#3567 = VECTOR('',#3568,1.);
#3568 = DIRECTION('',(1.,-7.437084071669E-18));
#3569 = ( GEOMETRIC_REPRESENTATION_CONTEXT(2) 
PARAMETRIC_REPRESENTATION_CONTEXT() REPRESENTATION_CONTEXT('2D SPACE',''
  ) );
#3570 = PCURVE('',#3571,#3576);
#3571 = PLANE('',#3572);
#3572 = AXIS2_PLACEMENT_3D('',#3573,#3574,#3575);
#3573 = CARTESIAN_POINT('',(73.938448015713,-14.065148596,-24.904));
#3574 = DIRECTION('',(0.5,-0.866025403784,0.));
#3575 = DIRECTION('',(-0.866025403784,-0.5,0.));
#3576 = DEFINITIONAL_REPRESENTATION('',(#3577),#3581);
#3577 = LINE('',#3578,#3579);
#3578 = CARTESIAN_POINT('',(3.175,-30.904));
#3579 = VECTOR('',#3580,1.);
#3580 = DIRECTION('',(-1.,0.));
#3581 = ( GEOMETRIC_REPRESENTATION_CONTEXT(2) 
PARAMETRIC_REPRESENTATION_CONTEXT() REPRESENTATION_CONTEXT('2D SPACE',''
  ) );
#3582 = ORIENTED_EDGE('',*,*,#3583,.T.);
#3583 = EDGE_CURVE('',#3556,#3584,#3586,.T.);
#3584 = VERTEX_POINT('',#3585);
#3585 = CARTESIAN_POINT('',(70.211407493534,-14.08076044876,6.));
#3586 = SURFACE_CURVE('',#3587,(#3592,#3599),.PCURVE_S1.);
#3587 = CIRCLE('',#3588,5.35);
#3588 = AXIS2_PLACEMENT_3D('',#3589,#3590,#3591);
#3589 = CARTESIAN_POINT('',(69.689186701682,-19.40521210546,6.));
#3590 = DIRECTION('',(0.,-0.,1.));
#3591 = DIRECTION('',(0.866025403784,0.5,0.));
#3592 = PCURVE('',#1098,#3593);
#3593 = DEFINITIONAL_REPRESENTATION('',(#3594),#3598);
#3594 = CIRCLE('',#3595,5.35);
#3595 = AXIS2_PLACEMENT_2D('',#3596,#3597);
#3596 = CARTESIAN_POINT('',(-2.35,148.35));
#3597 = DIRECTION('',(1.,-7.437084071669E-18));
#3598 = ( GEOMETRIC_REPRESENTATION_CONTEXT(2) 
PARAMETRIC_REPRESENTATION_CONTEXT() REPRESENTATION_CONTEXT('2D SPACE',''
  ) );
#3599 = PCURVE('',#3259,#3600);
#3600 = DEFINITIONAL_REPRESENTATION('',(#3601),#3605);
#3601 = LINE('',#3602,#3603);
#3602 = CARTESIAN_POINT('',(-0.,-29.904));
#3603 = VECTOR('',#3604,1.);
#3604 = DIRECTION('',(-1.,0.));
#3605 = ( GEOMETRIC_REPRESENTATION_CONTEXT(2) 
PARAMETRIC_REPRESENTATION_CONTEXT() REPRESENTATION_CONTEXT('2D SPACE',''
  ) );
#3606 = ORIENTED_EDGE('',*,*,#3607,.T.);
#3607 = EDGE_CURVE('',#3584,#3608,#3610,.T.);
#3608 = VERTEX_POINT('',#3609);
#3609 = CARTESIAN_POINT('',(72.064720703157,-13.01074956829,6.));
#3610 = SURFACE_CURVE('',#3611,(#3615,#3622),.PCURVE_S1.);
#3611 = LINE('',#3612,#3613);
#3612 = CARTESIAN_POINT('',(65.691689047796,-16.69022111007,6.));
#3613 = VECTOR('',#3614,1.);
#3614 = DIRECTION('',(0.866025403784,0.5,0.));
#3615 = PCURVE('',#1098,#3616);
#3616 = DEFINITIONAL_REPRESENTATION('',(#3617),#3621);
#3617 = LINE('',#3618,#3619);
#3618 = CARTESIAN_POINT('',(-4.454439022137,152.7));
#3619 = VECTOR('',#3620,1.);
#3620 = DIRECTION('',(1.,-7.437084071669E-18));
#3621 = ( GEOMETRIC_REPRESENTATION_CONTEXT(2) 
PARAMETRIC_REPRESENTATION_CONTEXT() REPRESENTATION_CONTEXT('2D SPACE',''
  ) );
#3622 = PCURVE('',#3623,#3628);
#3623 = PLANE('',#3624);
#3624 = AXIS2_PLACEMENT_3D('',#3625,#3626,#3627);
#3625 = CARTESIAN_POINT('',(61.834031695016,-18.91744062114,
    14.816729638185));
#3626 = DIRECTION('',(-0.5,0.866025403784,0.));
#3627 = DIRECTION('',(7.547908730517E-02,4.357787137383E-02,
    -0.996194698092));
#3628 = DEFINITIONAL_REPRESENTATION('',(#3629),#3633);
#3629 = LINE('',#3630,#3631);
#3630 = CARTESIAN_POINT('',(9.171409261567,-3.669059916605));
#3631 = VECTOR('',#3632,1.);
#3632 = DIRECTION('',(8.715574274766E-02,-0.996194698092));
#3633 = ( GEOMETRIC_REPRESENTATION_CONTEXT(2) 
PARAMETRIC_REPRESENTATION_CONTEXT() REPRESENTATION_CONTEXT('2D SPACE',''
  ) );
#3634 = ORIENTED_EDGE('',*,*,#3635,.F.);
#3635 = EDGE_CURVE('',#3636,#3608,#3638,.T.);
#3636 = VERTEX_POINT('',#3637);
#3637 = CARTESIAN_POINT('',(70.536299751893,-10.36344682535,6.));
#3638 = SURFACE_CURVE('',#3639,(#3643,#3650),.PCURVE_S1.);
#3639 = LINE('',#3640,#3641);
#3640 = CARTESIAN_POINT('',(98.414720703157,-58.65028834773,6.));
#3641 = VECTOR('',#3642,1.);
#3642 = DIRECTION('',(0.5,-0.866025403784,0.));
#3643 = PCURVE('',#1098,#3644);
#3644 = DEFINITIONAL_REPRESENTATION('',(#3645),#3649);
#3645 = LINE('',#3646,#3647);
#3646 = CARTESIAN_POINT('',(2.904504061416,100.));
#3647 = VECTOR('',#3648,1.);
#3648 = DIRECTION('',(7.437084071669E-18,-1.));
#3649 = ( GEOMETRIC_REPRESENTATION_CONTEXT(2) 
PARAMETRIC_REPRESENTATION_CONTEXT() REPRESENTATION_CONTEXT('2D SPACE',''
  ) );
#3650 = PCURVE('',#3651,#3656);
#3651 = PLANE('',#3652);
#3652 = AXIS2_PLACEMENT_3D('',#3653,#3654,#3655);
#3653 = CARTESIAN_POINT('',(49.159111810036,28.382026436647,
    -3.824687876546));
#3654 = DIRECTION('',(0.862729915663,0.498097349046,8.715574274766E-02)
  );
#3655 = DIRECTION('',(-7.547908730517E-02,-4.357787137383E-02,
    0.996194698092));
#3656 = DEFINITIONAL_REPRESENTATION('',(#3657),#3661);
#3657 = LINE('',#3658,#3659);
#3658 = CARTESIAN_POINT('',(9.862216588148,100.));
#3659 = VECTOR('',#3660,1.);
#3660 = DIRECTION('',(-3.410564202805E-18,1.));
#3661 = ( GEOMETRIC_REPRESENTATION_CONTEXT(2) 
PARAMETRIC_REPRESENTATION_CONTEXT() REPRESENTATION_CONTEXT('2D SPACE',''
  ) );
#3662 = ORIENTED_EDGE('',*,*,#3663,.T.);
#3663 = EDGE_CURVE('',#3636,#3664,#3666,.T.);
#3664 = VERTEX_POINT('',#3665);
#3665 = CARTESIAN_POINT('',(72.548250011176,-9.832967546561,6.));
#3666 = SURFACE_CURVE('',#3667,(#3672,#3679),.PCURVE_S1.);
#3667 = ELLIPSE('',#3668,45.894852982679,4.);
#3668 = AXIS2_PLACEMENT_3D('',#3669,#3670,#3671);
#3669 = CARTESIAN_POINT('',(108.69015385556,12.753756274953,6.));
#3670 = DIRECTION('',(0.,-0.,1.));
#3671 = DIRECTION('',(0.866025403784,0.5,0.));
#3672 = PCURVE('',#1098,#3673);
#3673 = DEFINITIONAL_REPRESENTATION('',(#3674),#3678);
#3674 = ELLIPSE('',#3675,45.894852982679,4.);
#3675 = AXIS2_PLACEMENT_2D('',#3676,#3677);
#3676 = CARTESIAN_POINT('',(47.505312517639,156.7));
#3677 = DIRECTION('',(1.,-7.437084071669E-18));
#3678 = ( GEOMETRIC_REPRESENTATION_CONTEXT(2) 
PARAMETRIC_REPRESENTATION_CONTEXT() REPRESENTATION_CONTEXT('2D SPACE',''
  ) );
#3679 = PCURVE('',#3680,#3685);
#3680 = CYLINDRICAL_SURFACE('',#3681,4.);
#3681 = AXIS2_PLACEMENT_3D('',#3682,#3683,#3684);
#3682 = CARTESIAN_POINT('',(70.358124263388,-9.377251328678,
    2.127575444553));
#3683 = DIRECTION('',(0.862729915663,0.498097349046,8.715574274766E-02)
  );
#3684 = DIRECTION('',(-7.547908730517E-02,-4.357787137383E-02,
    0.996194698092));
#3685 = DEFINITIONAL_REPRESENTATION('',(#3686),#3693);
#3686 = B_SPLINE_CURVE_WITH_KNOTS('',5,(#3687,#3688,#3689,#3690,#3691,
    #3692),.UNSPECIFIED.,.F.,.F.,(6,6),(3.379623517628,3.523219967583),
  .PIECEWISE_BEZIER_KNOTS.);
#3687 = CARTESIAN_POINT('',(0.238030864038,-5.999999928008E-07));
#3688 = CARTESIAN_POINT('',(0.266750154029,0.309603222983));
#3689 = CARTESIAN_POINT('',(0.29546944402,0.665015355307));
#3690 = CARTESIAN_POINT('',(0.324188734011,1.065703872441));
#3691 = CARTESIAN_POINT('',(0.352908024003,1.510979079161));
#3692 = CARTESIAN_POINT('',(0.381627313994,2.0000006));
#3693 = ( GEOMETRIC_REPRESENTATION_CONTEXT(2) 
PARAMETRIC_REPRESENTATION_CONTEXT() REPRESENTATION_CONTEXT('2D SPACE',''
  ) );
#3694 = ORIENTED_EDGE('',*,*,#3695,.F.);
#3695 = EDGE_CURVE('',#3696,#3664,#3698,.T.);
#3696 = VERTEX_POINT('',#3697);
#3697 = CARTESIAN_POINT('',(72.077532251663,-8.3845506638,6.));
#3698 = SURFACE_CURVE('',#3699,(#3704,#3711),.PCURVE_S1.);
#3699 = HYPERBOLA('',#3700,3.401161382733,3.375226862958);
#3700 = AXIS2_PLACEMENT_3D('',#3701,#3702,#3703);
#3701 = CARTESIAN_POINT('',(75.02302441148,-6.683969972434,6.));
#3702 = DIRECTION('',(0.,0.,1.));
#3703 = DIRECTION('',(-0.866025403784,-0.5,0.));
#3704 = PCURVE('',#1098,#3705);
#3705 = DEFINITIONAL_REPRESENTATION('',(#3706),#3710);
#3706 = HYPERBOLA('',#3707,3.401161382733,3.375226862958);
#3707 = AXIS2_PLACEMENT_2D('',#3708,#3709);
#3708 = CARTESIAN_POINT('',(8.629860022865,156.7));
#3709 = DIRECTION('',(-1.,7.437084071669E-18));
#3710 = ( GEOMETRIC_REPRESENTATION_CONTEXT(2) 
PARAMETRIC_REPRESENTATION_CONTEXT() REPRESENTATION_CONTEXT('2D SPACE',''
  ) );
#3711 = PCURVE('',#3712,#3717);
#3712 = CONICAL_SURFACE('',#3713,4.,0.785398163397);
#3713 = AXIS2_PLACEMENT_3D('',#3714,#3715,#3716);
#3714 = CARTESIAN_POINT('',(72.083584094713,-8.381056630586,
    2.301886930048));
#3715 = DIRECTION('',(-0.862729915663,-0.498097349046,
    -8.715574274766E-02));
#3716 = DIRECTION('',(-7.547908730517E-02,-4.357787137383E-02,
    0.996194698092));
#3717 = DEFINITIONAL_REPRESENTATION('',(#3718),#3726);
#3718 = B_SPLINE_CURVE_WITH_KNOTS('',6,(#3719,#3720,#3721,#3722,#3723,
    #3724,#3725),.UNSPECIFIED.,.F.,.F.,(7,7),(0.,0.428167339808),
  .PIECEWISE_BEZIER_KNOTS.);
#3719 = CARTESIAN_POINT('',(0.,-0.31535031665));
#3720 = CARTESIAN_POINT('',(-6.53685800712E-02,-0.31535031665));
#3721 = CARTESIAN_POINT('',(-0.13073707987,-0.294645216939));
#3722 = CARTESIAN_POINT('',(-0.195555120491,-0.253235031666));
#3723 = CARTESIAN_POINT('',(-0.259269378294,-0.190803396377));
#3724 = CARTESIAN_POINT('',(-0.321412199292,-0.106717784371));
#3725 = CARTESIAN_POINT('',(-0.381627278757,3.996802888651E-15));
#3726 = ( GEOMETRIC_REPRESENTATION_CONTEXT(2) 
PARAMETRIC_REPRESENTATION_CONTEXT() REPRESENTATION_CONTEXT('2D SPACE',''
  ) );
#3727 = ORIENTED_EDGE('',*,*,#3728,.F.);
#3728 = EDGE_CURVE('',#3729,#3696,#3731,.T.);
#3729 = VERTEX_POINT('',#3730);
#3730 = CARTESIAN_POINT('',(28.777532251663,66.613249303932,6.));
#3731 = SURFACE_CURVE('',#3732,(#3736,#3743),.PCURVE_S1.);
#3732 = LINE('',#3733,#3734);
#3733 = CARTESIAN_POINT('',(89.602532251663,-38.73874106644,6.));
#3734 = VECTOR('',#3735,1.);
#3735 = DIRECTION('',(0.5,-0.866025403784,0.));
#3736 = PCURVE('',#1098,#3737);
#3737 = DEFINITIONAL_REPRESENTATION('',(#3738),#3742);
#3738 = LINE('',#3739,#3740);
#3739 = CARTESIAN_POINT('',(5.228698640132,121.65));
#3740 = VECTOR('',#3741,1.);
#3741 = DIRECTION('',(7.437084071669E-18,-1.));
#3742 = ( GEOMETRIC_REPRESENTATION_CONTEXT(2) 
PARAMETRIC_REPRESENTATION_CONTEXT() REPRESENTATION_CONTEXT('2D SPACE',''
  ) );
#3743 = PCURVE('',#3744,#3749);
#3744 = PLANE('',#3745);
#3745 = AXIS2_PLACEMENT_3D('',#3746,#3747,#3748);
#3746 = CARTESIAN_POINT('',(28.716219996235,66.577850656756,
    6.059405983579));
#3747 = DIRECTION('',(-0.556670399226,-0.321393804843,-0.766044443119));
#3748 = DIRECTION('',(-0.5,0.866025403784,-1.447451562408E-18));
#3749 = DEFINITIONAL_REPRESENTATION('',(#3750),#3754);
#3750 = LINE('',#3751,#3752);
#3751 = CARTESIAN_POINT('',(-121.65,9.241930411169E-02));
#3752 = VECTOR('',#3753,1.);
#3753 = DIRECTION('',(-1.,3.080220888473E-17));
#3754 = ( GEOMETRIC_REPRESENTATION_CONTEXT(2) 
PARAMETRIC_REPRESENTATION_CONTEXT() REPRESENTATION_CONTEXT('2D SPACE',''
  ) );
#3755 = ORIENTED_EDGE('',*,*,#3756,.F.);
#3756 = EDGE_CURVE('',#3757,#3729,#3759,.T.);
#3757 = VERTEX_POINT('',#3758);
#3758 = CARTESIAN_POINT('',(27.758525315679,67.745111283064,6.));
#3759 = SURFACE_CURVE('',#3760,(#3765,#3772),.PCURVE_S1.);
#3760 = HYPERBOLA('',#3761,3.401161382733,3.375226862958);
#3761 = AXIS2_PLACEMENT_3D('',#3762,#3763,#3764);
#3762 = CARTESIAN_POINT('',(31.72302441148,68.313829995299,6.));
#3763 = DIRECTION('',(0.,0.,1.));
#3764 = DIRECTION('',(-0.866025403784,-0.5,0.));
#3765 = PCURVE('',#1098,#3766);
#3766 = DEFINITIONAL_REPRESENTATION('',(#3767),#3771);
#3767 = HYPERBOLA('',#3768,3.401161382733,3.375226862958);
#3768 = AXIS2_PLACEMENT_2D('',#3769,#3770);
#3769 = CARTESIAN_POINT('',(8.629860022865,243.3));
#3770 = DIRECTION('',(-1.,7.437084071669E-18));
#3771 = ( GEOMETRIC_REPRESENTATION_CONTEXT(2) 
PARAMETRIC_REPRESENTATION_CONTEXT() REPRESENTATION_CONTEXT('2D SPACE',''
  ) );
#3772 = PCURVE('',#3773,#3778);
#3773 = CONICAL_SURFACE('',#3774,4.,0.785398163397);
#3774 = AXIS2_PLACEMENT_3D('',#3775,#3776,#3777);
#3775 = CARTESIAN_POINT('',(28.783584094713,66.616743337147,
    2.301886930048));
#3776 = DIRECTION('',(-0.862729915663,-0.498097349046,
    -8.715574274766E-02));
#3777 = DIRECTION('',(-0.5,0.866025403784,0.));
#3778 = DEFINITIONAL_REPRESENTATION('',(#3779),#3787);
#3779 = B_SPLINE_CURVE_WITH_KNOTS('',6,(#3780,#3781,#3782,#3783,#3784,
    #3785,#3786),.UNSPECIFIED.,.F.,.F.,(7,7),(-0.428167339808,0.),
  .PIECEWISE_BEZIER_KNOTS.);
#3780 = CARTESIAN_POINT('',(-1.189169048038,3.996802888651E-15));
#3781 = CARTESIAN_POINT('',(-1.249384127503,-0.106717784371));
#3782 = CARTESIAN_POINT('',(-1.311526948501,-0.190803396377));
#3783 = CARTESIAN_POINT('',(-1.375241206304,-0.253235031666));
#3784 = CARTESIAN_POINT('',(-1.440059246925,-0.294645216939));
#3785 = CARTESIAN_POINT('',(-1.505427746724,-0.31535031665));
#3786 = CARTESIAN_POINT('',(-1.570796326795,-0.31535031665));
#3787 = ( GEOMETRIC_REPRESENTATION_CONTEXT(2) 
PARAMETRIC_REPRESENTATION_CONTEXT() REPRESENTATION_CONTEXT('2D SPACE',''
  ) );
#3788 = ORIENTED_EDGE('',*,*,#3789,.T.);
#3789 = EDGE_CURVE('',#3757,#3790,#3792,.T.);
#3790 = VERTEX_POINT('',#3791);
#3791 = CARTESIAN_POINT('',(26.293141654421,66.26795088677,6.));
#3792 = SURFACE_CURVE('',#3793,(#3798,#3805),.PCURVE_S1.);
#3793 = ELLIPSE('',#3794,45.894852982679,4.);
#3794 = AXIS2_PLACEMENT_3D('',#3795,#3796,#3797);
#3795 = CARTESIAN_POINT('',(65.390153855569,87.751556242686,6.));
#3796 = DIRECTION('',(0.,-0.,1.));
#3797 = DIRECTION('',(0.866025403784,0.5,0.));
#3798 = PCURVE('',#1098,#3799);
#3799 = DEFINITIONAL_REPRESENTATION('',(#3800),#3804);
#3800 = ELLIPSE('',#3801,45.894852982679,4.);
#3801 = AXIS2_PLACEMENT_2D('',#3802,#3803);
#3802 = CARTESIAN_POINT('',(47.505312517639,243.3));
#3803 = DIRECTION('',(1.,-7.437084071669E-18));
#3804 = ( GEOMETRIC_REPRESENTATION_CONTEXT(2) 
PARAMETRIC_REPRESENTATION_CONTEXT() REPRESENTATION_CONTEXT('2D SPACE',''
  ) );
#3805 = PCURVE('',#3806,#3811);
#3806 = CYLINDRICAL_SURFACE('',#3807,4.);
#3807 = AXIS2_PLACEMENT_3D('',#3808,#3809,#3810);
#3808 = CARTESIAN_POINT('',(27.058124263388,65.620548639055,
    2.127575444553));
#3809 = DIRECTION('',(0.862729915663,0.498097349046,8.715574274766E-02)
  );
#3810 = DIRECTION('',(-0.5,0.866025403784,0.));
#3811 = DEFINITIONAL_REPRESENTATION('',(#3812),#3819);
#3812 = B_SPLINE_CURVE_WITH_KNOTS('',5,(#3813,#3814,#3815,#3816,#3817,
    #3818),.UNSPECIFIED.,.F.,.F.,(6,6),(2.759965339596,2.903561789552),
  .PIECEWISE_BEZIER_KNOTS.);
#3813 = CARTESIAN_POINT('',(1.189169012801,2.0000006));
#3814 = CARTESIAN_POINT('',(1.217888302792,1.510979079161));
#3815 = CARTESIAN_POINT('',(1.246607592783,1.06570387244));
#3816 = CARTESIAN_POINT('',(1.275326882775,0.665015355307));
#3817 = CARTESIAN_POINT('',(1.304046172766,0.309603222983));
#3818 = CARTESIAN_POINT('',(1.332765462757,-5.999999928008E-07));
#3819 = ( GEOMETRIC_REPRESENTATION_CONTEXT(2) 
PARAMETRIC_REPRESENTATION_CONTEXT() REPRESENTATION_CONTEXT('2D SPACE',''
  ) );
#3820 = ORIENTED_EDGE('',*,*,#3821,.F.);
#3821 = EDGE_CURVE('',#3822,#3790,#3824,.T.);
#3822 = VERTEX_POINT('',#3823);
#3823 = CARTESIAN_POINT('',(24.764720703157,68.915253629712,6.));
#3824 = SURFACE_CURVE('',#3825,(#3829,#3836),.PCURVE_S1.);
#3825 = LINE('',#3826,#3827);
#3826 = CARTESIAN_POINT('',(98.414720703157,-58.65028834773,6.));
#3827 = VECTOR('',#3828,1.);
#3828 = DIRECTION('',(0.5,-0.866025403784,0.));
#3829 = PCURVE('',#1098,#3830);
#3830 = DEFINITIONAL_REPRESENTATION('',(#3831),#3835);
#3831 = LINE('',#3832,#3833);
#3832 = CARTESIAN_POINT('',(2.904504061416,100.));
#3833 = VECTOR('',#3834,1.);
#3834 = DIRECTION('',(7.437084071669E-18,-1.));
#3835 = ( GEOMETRIC_REPRESENTATION_CONTEXT(2) 
PARAMETRIC_REPRESENTATION_CONTEXT() REPRESENTATION_CONTEXT('2D SPACE',''
  ) );
#3836 = PCURVE('',#3837,#3842);
#3837 = PLANE('',#3838);
#3838 = AXIS2_PLACEMENT_3D('',#3839,#3840,#3841);
#3839 = CARTESIAN_POINT('',(49.159111810036,28.382026436647,
    -3.824687876546));
#3840 = DIRECTION('',(0.862729915663,0.498097349046,8.715574274766E-02)
  );
#3841 = DIRECTION('',(-7.547908730517E-02,-4.357787137383E-02,
    0.996194698092));
#3842 = DEFINITIONAL_REPRESENTATION('',(#3843),#3847);
#3843 = LINE('',#3844,#3845);
#3844 = CARTESIAN_POINT('',(9.862216588148,100.));
#3845 = VECTOR('',#3846,1.);
#3846 = DIRECTION('',(-3.410564202805E-18,1.));
#3847 = ( GEOMETRIC_REPRESENTATION_CONTEXT(2) 
PARAMETRIC_REPRESENTATION_CONTEXT() REPRESENTATION_CONTEXT('2D SPACE',''
  ) );
#3848 = ORIENTED_EDGE('',*,*,#3849,.T.);
#3849 = EDGE_CURVE('',#3822,#3368,#3850,.T.);
#3850 = SURFACE_CURVE('',#3851,(#3855,#3862),.PCURVE_S1.);
#3851 = LINE('',#3852,#3853);
#3852 = CARTESIAN_POINT('',(19.876740090525,66.093176707215,6.));
#3853 = VECTOR('',#3854,1.);
#3854 = DIRECTION('',(-0.866025403784,-0.5,0.));
#3855 = PCURVE('',#1098,#3856);
#3856 = DEFINITIONAL_REPRESENTATION('',(#3857),#3861);
#3857 = LINE('',#3858,#3859);
#3858 = CARTESIAN_POINT('',(-2.739649783577,247.3));
#3859 = VECTOR('',#3860,1.);
#3860 = DIRECTION('',(-1.,7.437084071669E-18));
#3861 = ( GEOMETRIC_REPRESENTATION_CONTEXT(2) 
PARAMETRIC_REPRESENTATION_CONTEXT() REPRESENTATION_CONTEXT('2D SPACE',''
  ) );
#3862 = PCURVE('',#3383,#3863);
#3863 = DEFINITIONAL_REPRESENTATION('',(#3864),#3868);
#3864 = LINE('',#3865,#3866);
#3865 = CARTESIAN_POINT('',(30.029137008691,-5.377323864403));
#3866 = VECTOR('',#3867,1.);
#3867 = DIRECTION('',(8.715574274766E-02,0.996194698092));
#3868 = ( GEOMETRIC_REPRESENTATION_CONTEXT(2) 
PARAMETRIC_REPRESENTATION_CONTEXT() REPRESENTATION_CONTEXT('2D SPACE',''
  ) );
#3869 = ORIENTED_EDGE('',*,*,#3395,.F.);
#3870 = ORIENTED_EDGE('',*,*,#1212,.T.);
#3871 = ORIENTED_EDGE('',*,*,#1163,.T.);
#3872 = ORIENTED_EDGE('',*,*,#1082,.T.);
#3873 = FACE_BOUND('',#3874,.T.);
#3874 = EDGE_LOOP('',(#3875));
#3875 = ORIENTED_EDGE('',*,*,#1262,.T.);
#3876 = FACE_BOUND('',#3877,.T.);
#3877 = EDGE_LOOP('',(#3878));
#3878 = ORIENTED_EDGE('',*,*,#1370,.T.);
#3879 = FACE_BOUND('',#3880,.T.);
#3880 = EDGE_LOOP('',(#3881));
#3881 = ORIENTED_EDGE('',*,*,#2880,.T.);
#3882 = FACE_BOUND('',#3883,.T.);
#3883 = EDGE_LOOP('',(#3884));
#3884 = ORIENTED_EDGE('',*,*,#1316,.T.);
#3885 = FACE_BOUND('',#3886,.T.);
#3886 = EDGE_LOOP('',(#3887,#3888,#3914,#3915,#3916,#3917,#3943,#3944,
    #3945,#3971,#3972,#3973,#3999,#4000));
#3887 = ORIENTED_EDGE('',*,*,#2419,.T.);
#3888 = ORIENTED_EDGE('',*,*,#3889,.T.);
#3889 = EDGE_CURVE('',#2399,#1997,#3890,.T.);
#3890 = SURFACE_CURVE('',#3891,(#3896,#3907),.PCURVE_S1.);
#3891 = CIRCLE('',#3892,25.1);
#3892 = AXIS2_PLACEMENT_3D('',#3893,#3894,#3895);
#3893 = CARTESIAN_POINT('',(0.,0.,6.));
#3894 = DIRECTION('',(0.,0.,-1.));
#3895 = DIRECTION('',(0.793883824502,0.60806946412,0.));
#3896 = PCURVE('',#1098,#3897);
#3897 = DEFINITIONAL_REPRESENTATION('',(#3898),#3906);
#3898 = ( BOUNDED_CURVE() B_SPLINE_CURVE(2,(#3899,#3900,#3901,#3902,
#3903,#3904,#3905),.UNSPECIFIED.,.T.,.F.) B_SPLINE_CURVE_WITH_KNOTS((1,2
    ,2,2,2,1),(-2.094395102393,0.,2.094395102393,4.188790204786,
6.28318530718,8.377580409573),.UNSPECIFIED.) CURVE() 
GEOMETRIC_REPRESENTATION_ITEM() RATIONAL_B_SPLINE_CURVE((1.,0.5,1.,0.5,
1.,0.5,1.)) REPRESENTATION_ITEM('') );
#3899 = CARTESIAN_POINT('',(-28.11188687753,203.25450844265));
#3900 = CARTESIAN_POINT('',(-22.47491290119,160.14703201001));
#3901 = CARTESIAN_POINT('',(-62.62556957306,176.81900756235));
#3902 = CARTESIAN_POINT('',(-102.7762262449,193.49098311469));
#3903 = CARTESIAN_POINT('',(-68.2625435494,219.92648399499));
#3904 = CARTESIAN_POINT('',(-33.74886085387,246.36198487528));
#3905 = CARTESIAN_POINT('',(-28.11188687753,203.25450844265));
#3906 = ( GEOMETRIC_REPRESENTATION_CONTEXT(2) 
PARAMETRIC_REPRESENTATION_CONTEXT() REPRESENTATION_CONTEXT('2D SPACE',''
  ) );
#3907 = PCURVE('',#2011,#3908);
#3908 = DEFINITIONAL_REPRESENTATION('',(#3909),#3913);
#3909 = LINE('',#3910,#3911);
#3910 = CARTESIAN_POINT('',(-6.936811865585,-4.));
#3911 = VECTOR('',#3912,1.);
#3912 = DIRECTION('',(1.,-0.));
#3913 = ( GEOMETRIC_REPRESENTATION_CONTEXT(2) 
PARAMETRIC_REPRESENTATION_CONTEXT() REPRESENTATION_CONTEXT('2D SPACE',''
  ) );
#3914 = ORIENTED_EDGE('',*,*,#2022,.F.);
#3915 = ORIENTED_EDGE('',*,*,#1851,.T.);
#3916 = ORIENTED_EDGE('',*,*,#1713,.F.);
#3917 = ORIENTED_EDGE('',*,*,#3918,.T.);
#3918 = EDGE_CURVE('',#1714,#1498,#3919,.T.);
#3919 = SURFACE_CURVE('',#3920,(#3925,#3936),.PCURVE_S1.);
#3920 = CIRCLE('',#3921,25.1);
#3921 = AXIS2_PLACEMENT_3D('',#3922,#3923,#3924);
#3922 = CARTESIAN_POINT('',(0.,0.,6.));
#3923 = DIRECTION('',(0.,0.,-1.));
#3924 = DIRECTION('',(0.793883824502,0.60806946412,0.));
#3925 = PCURVE('',#1098,#3926);
#3926 = DEFINITIONAL_REPRESENTATION('',(#3927),#3935);
#3927 = ( BOUNDED_CURVE() B_SPLINE_CURVE(2,(#3928,#3929,#3930,#3931,
#3932,#3933,#3934),.UNSPECIFIED.,.T.,.F.) B_SPLINE_CURVE_WITH_KNOTS((1,2
    ,2,2,2,1),(-2.094395102393,0.,2.094395102393,4.188790204786,
6.28318530718,8.377580409573),.UNSPECIFIED.) CURVE() 
GEOMETRIC_REPRESENTATION_ITEM() RATIONAL_B_SPLINE_CURVE((1.,0.5,1.,0.5,
1.,0.5,1.)) REPRESENTATION_ITEM('') );
#3928 = CARTESIAN_POINT('',(-28.11188687753,203.25450844265));
#3929 = CARTESIAN_POINT('',(-22.47491290119,160.14703201001));
#3930 = CARTESIAN_POINT('',(-62.62556957306,176.81900756235));
#3931 = CARTESIAN_POINT('',(-102.7762262449,193.49098311469));
#3932 = CARTESIAN_POINT('',(-68.2625435494,219.92648399499));
#3933 = CARTESIAN_POINT('',(-33.74886085387,246.36198487528));
#3934 = CARTESIAN_POINT('',(-28.11188687753,203.25450844265));
#3935 = ( GEOMETRIC_REPRESENTATION_CONTEXT(2) 
PARAMETRIC_REPRESENTATION_CONTEXT() REPRESENTATION_CONTEXT('2D SPACE',''
  ) );
#3936 = PCURVE('',#1540,#3937);
#3937 = DEFINITIONAL_REPRESENTATION('',(#3938),#3942);
#3938 = LINE('',#3939,#3940);
#3939 = CARTESIAN_POINT('',(-6.936811865585,-4.));
#3940 = VECTOR('',#3941,1.);
#3941 = DIRECTION('',(1.,-0.));
#3942 = ( GEOMETRIC_REPRESENTATION_CONTEXT(2) 
PARAMETRIC_REPRESENTATION_CONTEXT() REPRESENTATION_CONTEXT('2D SPACE',''
  ) );
#3943 = ORIENTED_EDGE('',*,*,#1497,.T.);
#3944 = ORIENTED_EDGE('',*,*,#1610,.T.);
#3945 = ORIENTED_EDGE('',*,*,#3946,.T.);
#3946 = EDGE_CURVE('',#1585,#2090,#3947,.T.);
#3947 = SURFACE_CURVE('',#3948,(#3953,#3964),.PCURVE_S1.);
#3948 = CIRCLE('',#3949,25.1);
#3949 = AXIS2_PLACEMENT_3D('',#3950,#3951,#3952);
#3950 = CARTESIAN_POINT('',(0.,0.,6.));
#3951 = DIRECTION('',(0.,0.,-1.));
#3952 = DIRECTION('',(0.793883824502,0.60806946412,0.));
#3953 = PCURVE('',#1098,#3954);
#3954 = DEFINITIONAL_REPRESENTATION('',(#3955),#3963);
#3955 = ( BOUNDED_CURVE() B_SPLINE_CURVE(2,(#3956,#3957,#3958,#3959,
#3960,#3961,#3962),.UNSPECIFIED.,.T.,.F.) B_SPLINE_CURVE_WITH_KNOTS((1,2
    ,2,2,2,1),(-2.094395102393,0.,2.094395102393,4.188790204786,
6.28318530718,8.377580409573),.UNSPECIFIED.) CURVE() 
GEOMETRIC_REPRESENTATION_ITEM() RATIONAL_B_SPLINE_CURVE((1.,0.5,1.,0.5,
1.,0.5,1.)) REPRESENTATION_ITEM('') );
#3956 = CARTESIAN_POINT('',(-28.11188687753,203.25450844265));
#3957 = CARTESIAN_POINT('',(-22.47491290119,160.14703201001));
#3958 = CARTESIAN_POINT('',(-62.62556957306,176.81900756235));
#3959 = CARTESIAN_POINT('',(-102.7762262449,193.49098311469));
#3960 = CARTESIAN_POINT('',(-68.2625435494,219.92648399499));
#3961 = CARTESIAN_POINT('',(-33.74886085387,246.36198487528));
#3962 = CARTESIAN_POINT('',(-28.11188687753,203.25450844265));
#3963 = ( GEOMETRIC_REPRESENTATION_CONTEXT(2) 
PARAMETRIC_REPRESENTATION_CONTEXT() REPRESENTATION_CONTEXT('2D SPACE',''
  ) );
#3964 = PCURVE('',#1599,#3965);
#3965 = DEFINITIONAL_REPRESENTATION('',(#3966),#3970);
#3966 = LINE('',#3967,#3968);
#3967 = CARTESIAN_POINT('',(-6.936811865585,-4.));
#3968 = VECTOR('',#3969,1.);
#3969 = DIRECTION('',(1.,-0.));
#3970 = ( GEOMETRIC_REPRESENTATION_CONTEXT(2) 
PARAMETRIC_REPRESENTATION_CONTEXT() REPRESENTATION_CONTEXT('2D SPACE',''
  ) );
#3971 = ORIENTED_EDGE('',*,*,#2089,.T.);
#3972 = ORIENTED_EDGE('',*,*,#2192,.T.);
#3973 = ORIENTED_EDGE('',*,*,#3974,.T.);
#3974 = EDGE_CURVE('',#2167,#2749,#3975,.T.);
#3975 = SURFACE_CURVE('',#3976,(#3981,#3992),.PCURVE_S1.);
#3976 = CIRCLE('',#3977,25.1);
#3977 = AXIS2_PLACEMENT_3D('',#3978,#3979,#3980);
#3978 = CARTESIAN_POINT('',(0.,0.,6.));
#3979 = DIRECTION('',(0.,0.,-1.));
#3980 = DIRECTION('',(0.793883824502,0.60806946412,0.));
#3981 = PCURVE('',#1098,#3982);
#3982 = DEFINITIONAL_REPRESENTATION('',(#3983),#3991);
#3983 = ( BOUNDED_CURVE() B_SPLINE_CURVE(2,(#3984,#3985,#3986,#3987,
#3988,#3989,#3990),.UNSPECIFIED.,.T.,.F.) B_SPLINE_CURVE_WITH_KNOTS((1,2
    ,2,2,2,1),(-2.094395102393,0.,2.094395102393,4.188790204786,
6.28318530718,8.377580409573),.UNSPECIFIED.) CURVE() 
GEOMETRIC_REPRESENTATION_ITEM() RATIONAL_B_SPLINE_CURVE((1.,0.5,1.,0.5,
1.,0.5,1.)) REPRESENTATION_ITEM('') );
#3984 = CARTESIAN_POINT('',(-28.11188687753,203.25450844265));
#3985 = CARTESIAN_POINT('',(-22.47491290119,160.14703201001));
#3986 = CARTESIAN_POINT('',(-62.62556957306,176.81900756235));
#3987 = CARTESIAN_POINT('',(-102.7762262449,193.49098311469));
#3988 = CARTESIAN_POINT('',(-68.2625435494,219.92648399499));
#3989 = CARTESIAN_POINT('',(-33.74886085387,246.36198487528));
#3990 = CARTESIAN_POINT('',(-28.11188687753,203.25450844265));
#3991 = ( GEOMETRIC_REPRESENTATION_CONTEXT(2) 
PARAMETRIC_REPRESENTATION_CONTEXT() REPRESENTATION_CONTEXT('2D SPACE',''
  ) );
#3992 = PCURVE('',#2181,#3993);
#3993 = DEFINITIONAL_REPRESENTATION('',(#3994),#3998);
#3994 = LINE('',#3995,#3996);
#3995 = CARTESIAN_POINT('',(-6.936811865585,-4.));
#3996 = VECTOR('',#3997,1.);
#3997 = DIRECTION('',(1.,-0.));
#3998 = ( GEOMETRIC_REPRESENTATION_CONTEXT(2) 
PARAMETRIC_REPRESENTATION_CONTEXT() REPRESENTATION_CONTEXT('2D SPACE',''
  ) );
#3999 = ORIENTED_EDGE('',*,*,#2748,.T.);
#4000 = ORIENTED_EDGE('',*,*,#4001,.T.);
#4001 = EDGE_CURVE('',#2728,#2420,#4002,.T.);
#4002 = SURFACE_CURVE('',#4003,(#4008,#4019),.PCURVE_S1.);
#4003 = CIRCLE('',#4004,25.1);
#4004 = AXIS2_PLACEMENT_3D('',#4005,#4006,#4007);
#4005 = CARTESIAN_POINT('',(0.,0.,6.));
#4006 = DIRECTION('',(0.,0.,-1.));
#4007 = DIRECTION('',(0.793883824502,0.60806946412,0.));
#4008 = PCURVE('',#1098,#4009);
#4009 = DEFINITIONAL_REPRESENTATION('',(#4010),#4018);
#4010 = ( BOUNDED_CURVE() B_SPLINE_CURVE(2,(#4011,#4012,#4013,#4014,
#4015,#4016,#4017),.UNSPECIFIED.,.T.,.F.) B_SPLINE_CURVE_WITH_KNOTS((1,2
    ,2,2,2,1),(-2.094395102393,0.,2.094395102393,4.188790204786,
6.28318530718,8.377580409573),.UNSPECIFIED.) CURVE() 
GEOMETRIC_REPRESENTATION_ITEM() RATIONAL_B_SPLINE_CURVE((1.,0.5,1.,0.5,
1.,0.5,1.)) REPRESENTATION_ITEM('') );
#4011 = CARTESIAN_POINT('',(-28.11188687753,203.25450844265));
#4012 = CARTESIAN_POINT('',(-22.47491290119,160.14703201001));
#4013 = CARTESIAN_POINT('',(-62.62556957306,176.81900756235));
#4014 = CARTESIAN_POINT('',(-102.7762262449,193.49098311469));
#4015 = CARTESIAN_POINT('',(-68.2625435494,219.92648399499));
#4016 = CARTESIAN_POINT('',(-33.74886085387,246.36198487528));
#4017 = CARTESIAN_POINT('',(-28.11188687753,203.25450844265));
#4018 = ( GEOMETRIC_REPRESENTATION_CONTEXT(2) 
PARAMETRIC_REPRESENTATION_CONTEXT() REPRESENTATION_CONTEXT('2D SPACE',''
  ) );
#4019 = PCURVE('',#2462,#4020);
#4020 = DEFINITIONAL_REPRESENTATION('',(#4021),#4025);
#4021 = LINE('',#4022,#4023);
#4022 = CARTESIAN_POINT('',(-6.936811865585,-4.));
#4023 = VECTOR('',#4024,1.);
#4024 = DIRECTION('',(1.,-0.));
#4025 = ( GEOMETRIC_REPRESENTATION_CONTEXT(2) 
PARAMETRIC_REPRESENTATION_CONTEXT() REPRESENTATION_CONTEXT('2D SPACE',''
  ) );
#4026 = FACE_BOUND('',#4027,.T.);
#4027 = EDGE_LOOP('',(#4028));
#4028 = ORIENTED_EDGE('',*,*,#2988,.T.);
#4029 = FACE_BOUND('',#4030,.T.);
#4030 = EDGE_LOOP('',(#4031));
#4031 = ORIENTED_EDGE('',*,*,#2934,.T.);
#4032 = FACE_BOUND('',#4033,.T.);
#4033 = EDGE_LOOP('',(#4034,#4035,#4036,#4037));
#4034 = ORIENTED_EDGE('',*,*,#3042,.F.);
#4035 = ORIENTED_EDGE('',*,*,#3190,.T.);
#4036 = ORIENTED_EDGE('',*,*,#3165,.F.);
#4037 = ORIENTED_EDGE('',*,*,#3111,.T.);
#4038 = ADVANCED_FACE('',(#4039),#1419,.F.);
#4039 = FACE_BOUND('',#4040,.F.);
#4040 = EDGE_LOOP('',(#4041,#4042,#4043,#4044,#4045,#4046,#4047,#4048,
    #4049,#4077,#4106,#4135,#4161,#4162,#4163,#4164,#4165));
#4041 = ORIENTED_EDGE('',*,*,#2648,.T.);
#4042 = ORIENTED_EDGE('',*,*,#2824,.T.);
#4043 = ORIENTED_EDGE('',*,*,#2552,.T.);
#4044 = ORIENTED_EDGE('',*,*,#2241,.T.);
#4045 = ORIENTED_EDGE('',*,*,#1881,.T.);
#4046 = ORIENTED_EDGE('',*,*,#1659,.T.);
#4047 = ORIENTED_EDGE('',*,*,#1400,.T.);
#4048 = ORIENTED_EDGE('',*,*,#1804,.F.);
#4049 = ORIENTED_EDGE('',*,*,#4050,.T.);
#4050 = EDGE_CURVE('',#1777,#4051,#4053,.T.);
#4051 = VERTEX_POINT('',#4052);
#4052 = CARTESIAN_POINT('',(1.432536316735,20.850847457627,-3.));
#4053 = SURFACE_CURVE('',#4054,(#4059,#4070),.PCURVE_S1.);
#4054 = CIRCLE('',#4055,3.1);
#4055 = AXIS2_PLACEMENT_3D('',#4056,#4057,#4058);
#4056 = CARTESIAN_POINT('',(1.09668586407E-15,23.6,-3.));
#4057 = DIRECTION('',(0.,0.,-1.));
#4058 = DIRECTION('',(1.,3.223228136009E-17,0.));
#4059 = PCURVE('',#1419,#4060);
#4060 = DEFINITIONAL_REPRESENTATION('',(#4061),#4069);
#4061 = ( BOUNDED_CURVE() B_SPLINE_CURVE(2,(#4062,#4063,#4064,#4065,
#4066,#4067,#4068),.UNSPECIFIED.,.T.,.F.) B_SPLINE_CURVE_WITH_KNOTS((1,2
    ,2,2,2,1),(-2.094395102393,0.,2.094395102393,4.188790204786,
6.28318530718,8.377580409573),.UNSPECIFIED.) CURVE() 
GEOMETRIC_REPRESENTATION_ITEM() RATIONAL_B_SPLINE_CURVE((1.,0.5,1.,0.5,
1.,0.5,1.)) REPRESENTATION_ITEM('') );
#4062 = CARTESIAN_POINT('',(3.1,23.6));
#4063 = CARTESIAN_POINT('',(3.1,18.230642496536));
#4064 = CARTESIAN_POINT('',(-1.55,20.915321248268));
#4065 = CARTESIAN_POINT('',(-6.2,23.6));
#4066 = CARTESIAN_POINT('',(-1.55,26.284678751732));
#4067 = CARTESIAN_POINT('',(3.1,28.969357503464));
#4068 = CARTESIAN_POINT('',(3.1,23.6));
#4069 = ( GEOMETRIC_REPRESENTATION_CONTEXT(2) 
PARAMETRIC_REPRESENTATION_CONTEXT() REPRESENTATION_CONTEXT('2D SPACE',''
  ) );
#4070 = PCURVE('',#1792,#4071);
#4071 = DEFINITIONAL_REPRESENTATION('',(#4072),#4076);
#4072 = LINE('',#4073,#4074);
#4073 = CARTESIAN_POINT('',(0.,-17.));
#4074 = VECTOR('',#4075,1.);
#4075 = DIRECTION('',(1.,0.));
#4076 = ( GEOMETRIC_REPRESENTATION_CONTEXT(2) 
PARAMETRIC_REPRESENTATION_CONTEXT() REPRESENTATION_CONTEXT('2D SPACE',''
  ) );
#4077 = ORIENTED_EDGE('',*,*,#4078,.F.);
#4078 = EDGE_CURVE('',#4079,#4051,#4081,.T.);
#4079 = VERTEX_POINT('',#4080);
#4080 = CARTESIAN_POINT('',(20.9,-8.628779536711E-16,-3.));
#4081 = SURFACE_CURVE('',#4082,(#4087,#4094),.PCURVE_S1.);
#4082 = CIRCLE('',#4083,20.9);
#4083 = AXIS2_PLACEMENT_3D('',#4084,#4085,#4086);
#4084 = CARTESIAN_POINT('',(1.191989025406E-13,-8.628779536711E-16,-3.)
  );
#4085 = DIRECTION('',(0.,0.,1.));
#4086 = DIRECTION('',(1.,0.,0.));
#4087 = PCURVE('',#1419,#4088);
#4088 = DEFINITIONAL_REPRESENTATION('',(#4089),#4093);
#4089 = CIRCLE('',#4090,20.9);
#4090 = AXIS2_PLACEMENT_2D('',#4091,#4092);
#4091 = CARTESIAN_POINT('',(1.209562553213E-13,-2.482450281539E-15));
#4092 = DIRECTION('',(1.,0.));
#4093 = ( GEOMETRIC_REPRESENTATION_CONTEXT(2) 
PARAMETRIC_REPRESENTATION_CONTEXT() REPRESENTATION_CONTEXT('2D SPACE',''
  ) );
#4094 = PCURVE('',#4095,#4100);
#4095 = CYLINDRICAL_SURFACE('',#4096,20.9);
#4096 = AXIS2_PLACEMENT_3D('',#4097,#4098,#4099);
#4097 = CARTESIAN_POINT('',(1.191989025406E-13,-8.628779536711E-16,-3.)
  );
#4098 = DIRECTION('',(-0.,-0.,-1.));
#4099 = DIRECTION('',(1.,0.,0.));
#4100 = DEFINITIONAL_REPRESENTATION('',(#4101),#4105);
#4101 = LINE('',#4102,#4103);
#4102 = CARTESIAN_POINT('',(-0.,0.));
#4103 = VECTOR('',#4104,1.);
#4104 = DIRECTION('',(-1.,0.));
#4105 = ( GEOMETRIC_REPRESENTATION_CONTEXT(2) 
PARAMETRIC_REPRESENTATION_CONTEXT() REPRESENTATION_CONTEXT('2D SPACE',''
  ) );
#4106 = ORIENTED_EDGE('',*,*,#4107,.F.);
#4107 = EDGE_CURVE('',#4108,#4079,#4110,.T.);
#4108 = VERTEX_POINT('',#4109);
#4109 = CARTESIAN_POINT('',(-1.432536316735,20.850847457627,-3.));
#4110 = SURFACE_CURVE('',#4111,(#4116,#4123),.PCURVE_S1.);
#4111 = CIRCLE('',#4112,20.9);
#4112 = AXIS2_PLACEMENT_3D('',#4113,#4114,#4115);
#4113 = CARTESIAN_POINT('',(1.191989025406E-13,-8.628779536711E-16,-3.)
  );
#4114 = DIRECTION('',(0.,0.,1.));
#4115 = DIRECTION('',(1.,0.,0.));
#4116 = PCURVE('',#1419,#4117);
#4117 = DEFINITIONAL_REPRESENTATION('',(#4118),#4122);
#4118 = CIRCLE('',#4119,20.9);
#4119 = AXIS2_PLACEMENT_2D('',#4120,#4121);
#4120 = CARTESIAN_POINT('',(1.209562553213E-13,-2.482450281539E-15));
#4121 = DIRECTION('',(1.,0.));
#4122 = ( GEOMETRIC_REPRESENTATION_CONTEXT(2) 
PARAMETRIC_REPRESENTATION_CONTEXT() REPRESENTATION_CONTEXT('2D SPACE',''
  ) );
#4123 = PCURVE('',#4124,#4129);
#4124 = CYLINDRICAL_SURFACE('',#4125,20.9);
#4125 = AXIS2_PLACEMENT_3D('',#4126,#4127,#4128);
#4126 = CARTESIAN_POINT('',(1.191989025406E-13,-8.628779536711E-16,-3.)
  );
#4127 = DIRECTION('',(-0.,-0.,-1.));
#4128 = DIRECTION('',(1.,0.,0.));
#4129 = DEFINITIONAL_REPRESENTATION('',(#4130),#4134);
#4130 = LINE('',#4131,#4132);
#4131 = CARTESIAN_POINT('',(-0.,0.));
#4132 = VECTOR('',#4133,1.);
#4133 = DIRECTION('',(-1.,0.));
#4134 = ( GEOMETRIC_REPRESENTATION_CONTEXT(2) 
PARAMETRIC_REPRESENTATION_CONTEXT() REPRESENTATION_CONTEXT('2D SPACE',''
  ) );
#4135 = ORIENTED_EDGE('',*,*,#4136,.T.);
#4136 = EDGE_CURVE('',#4108,#1932,#4137,.T.);
#4137 = SURFACE_CURVE('',#4138,(#4143,#4154),.PCURVE_S1.);
#4138 = CIRCLE('',#4139,3.1);
#4139 = AXIS2_PLACEMENT_3D('',#4140,#4141,#4142);
#4140 = CARTESIAN_POINT('',(1.09668586407E-15,23.6,-3.));
#4141 = DIRECTION('',(0.,0.,-1.));
#4142 = DIRECTION('',(1.,3.223228136009E-17,0.));
#4143 = PCURVE('',#1419,#4144);
#4144 = DEFINITIONAL_REPRESENTATION('',(#4145),#4153);
#4145 = ( BOUNDED_CURVE() B_SPLINE_CURVE(2,(#4146,#4147,#4148,#4149,
#4150,#4151,#4152),.UNSPECIFIED.,.T.,.F.) B_SPLINE_CURVE_WITH_KNOTS((1,2
    ,2,2,2,1),(-2.094395102393,0.,2.094395102393,4.188790204786,
6.28318530718,8.377580409573),.UNSPECIFIED.) CURVE() 
GEOMETRIC_REPRESENTATION_ITEM() RATIONAL_B_SPLINE_CURVE((1.,0.5,1.,0.5,
1.,0.5,1.)) REPRESENTATION_ITEM('') );
#4146 = CARTESIAN_POINT('',(3.1,23.6));
#4147 = CARTESIAN_POINT('',(3.1,18.230642496536));
#4148 = CARTESIAN_POINT('',(-1.55,20.915321248268));
#4149 = CARTESIAN_POINT('',(-6.2,23.6));
#4150 = CARTESIAN_POINT('',(-1.55,26.284678751732));
#4151 = CARTESIAN_POINT('',(3.1,28.969357503464));
#4152 = CARTESIAN_POINT('',(3.1,23.6));
#4153 = ( GEOMETRIC_REPRESENTATION_CONTEXT(2) 
PARAMETRIC_REPRESENTATION_CONTEXT() REPRESENTATION_CONTEXT('2D SPACE',''
  ) );
#4154 = PCURVE('',#1792,#4155);
#4155 = DEFINITIONAL_REPRESENTATION('',(#4156),#4160);
#4156 = LINE('',#4157,#4158);
#4157 = CARTESIAN_POINT('',(0.,-17.));
#4158 = VECTOR('',#4159,1.);
#4159 = DIRECTION('',(1.,0.));
#4160 = ( GEOMETRIC_REPRESENTATION_CONTEXT(2) 
PARAMETRIC_REPRESENTATION_CONTEXT() REPRESENTATION_CONTEXT('2D SPACE',''
  ) );
#4161 = ORIENTED_EDGE('',*,*,#1929,.F.);
#4162 = ORIENTED_EDGE('',*,*,#2271,.T.);
#4163 = ORIENTED_EDGE('',*,*,#2319,.T.);
#4164 = ORIENTED_EDGE('',*,*,#2500,.T.);
#4165 = ORIENTED_EDGE('',*,*,#2600,.T.);
#4166 = ADVANCED_FACE('',(#4167),#1599,.F.);
#4167 = FACE_BOUND('',#4168,.T.);
#4168 = EDGE_LOOP('',(#4169,#4170,#4171,#4197));
#4169 = ORIENTED_EDGE('',*,*,#3946,.F.);
#4170 = ORIENTED_EDGE('',*,*,#1584,.T.);
#4171 = ORIENTED_EDGE('',*,*,#4172,.T.);
#4172 = EDGE_CURVE('',#1552,#2118,#4173,.T.);
#4173 = SURFACE_CURVE('',#4174,(#4179,#4186),.PCURVE_S1.);
#4174 = CIRCLE('',#4175,25.1);
#4175 = AXIS2_PLACEMENT_3D('',#4176,#4177,#4178);
#4176 = CARTESIAN_POINT('',(0.,0.,2.));
#4177 = DIRECTION('',(0.,0.,-1.));
#4178 = DIRECTION('',(0.793883824502,0.60806946412,0.));
#4179 = PCURVE('',#1599,#4180);
#4180 = DEFINITIONAL_REPRESENTATION('',(#4181),#4185);
#4181 = LINE('',#4182,#4183);
#4182 = CARTESIAN_POINT('',(-6.936811865585,0.));
#4183 = VECTOR('',#4184,1.);
#4184 = DIRECTION('',(1.,-0.));
#4185 = ( GEOMETRIC_REPRESENTATION_CONTEXT(2) 
PARAMETRIC_REPRESENTATION_CONTEXT() REPRESENTATION_CONTEXT('2D SPACE',''
  ) );
#4186 = PCURVE('',#1568,#4187);
#4187 = DEFINITIONAL_REPRESENTATION('',(#4188),#4196);
#4188 = ( BOUNDED_CURVE() B_SPLINE_CURVE(2,(#4189,#4190,#4191,#4192,
#4193,#4194,#4195),.UNSPECIFIED.,.T.,.F.) B_SPLINE_CURVE_WITH_KNOTS((1,2
    ,2,2,2,1),(-2.094395102393,0.,2.094395102393,4.188790204786,
6.28318530718,8.377580409573),.UNSPECIFIED.) CURVE() 
GEOMETRIC_REPRESENTATION_ITEM() RATIONAL_B_SPLINE_CURVE((1.,0.5,1.,0.5,
1.,0.5,1.)) REPRESENTATION_ITEM('') );
#4189 = CARTESIAN_POINT('',(19.926483994991,15.262543549402));
#4190 = CARTESIAN_POINT('',(46.361984875287,-19.25113914613));
#4191 = CARTESIAN_POINT('',(3.254508442653,-24.88811312246));
#4192 = CARTESIAN_POINT('',(-39.85296798998,-30.5250870988));
#4193 = CARTESIAN_POINT('',(-23.18099243764,9.625569573065));
#4194 = CARTESIAN_POINT('',(-6.509016885306,49.776226244933));
#4195 = CARTESIAN_POINT('',(19.926483994991,15.262543549402));
#4196 = ( GEOMETRIC_REPRESENTATION_CONTEXT(2) 
PARAMETRIC_REPRESENTATION_CONTEXT() REPRESENTATION_CONTEXT('2D SPACE',''
  ) );
#4197 = ORIENTED_EDGE('',*,*,#2117,.F.);
#4198 = ADVANCED_FACE('',(#4199,#4340),#1568,.T.);
#4199 = FACE_BOUND('',#4200,.T.);
#4200 = EDGE_LOOP('',(#4201,#4202,#4203,#4229,#4230,#4256,#4257,#4283,
    #4284,#4285,#4311,#4312,#4313,#4339));
#4201 = ORIENTED_EDGE('',*,*,#4172,.F.);
#4202 = ORIENTED_EDGE('',*,*,#1551,.T.);
#4203 = ORIENTED_EDGE('',*,*,#4204,.F.);
#4204 = EDGE_CURVE('',#1735,#1526,#4205,.T.);
#4205 = SURFACE_CURVE('',#4206,(#4211,#4222),.PCURVE_S1.);
#4206 = CIRCLE('',#4207,25.1);
#4207 = AXIS2_PLACEMENT_3D('',#4208,#4209,#4210);
#4208 = CARTESIAN_POINT('',(0.,0.,2.));
#4209 = DIRECTION('',(0.,0.,-1.));
#4210 = DIRECTION('',(0.793883824502,0.60806946412,0.));
#4211 = PCURVE('',#1568,#4212);
#4212 = DEFINITIONAL_REPRESENTATION('',(#4213),#4221);
#4213 = ( BOUNDED_CURVE() B_SPLINE_CURVE(2,(#4214,#4215,#4216,#4217,
#4218,#4219,#4220),.UNSPECIFIED.,.T.,.F.) B_SPLINE_CURVE_WITH_KNOTS((1,2
    ,2,2,2,1),(-2.094395102393,0.,2.094395102393,4.188790204786,
6.28318530718,8.377580409573),.UNSPECIFIED.) CURVE() 
GEOMETRIC_REPRESENTATION_ITEM() RATIONAL_B_SPLINE_CURVE((1.,0.5,1.,0.5,
1.,0.5,1.)) REPRESENTATION_ITEM('') );
#4214 = CARTESIAN_POINT('',(19.926483994991,15.262543549402));
#4215 = CARTESIAN_POINT('',(46.361984875287,-19.25113914613));
#4216 = CARTESIAN_POINT('',(3.254508442653,-24.88811312246));
#4217 = CARTESIAN_POINT('',(-39.85296798998,-30.5250870988));
#4218 = CARTESIAN_POINT('',(-23.18099243764,9.625569573065));
#4219 = CARTESIAN_POINT('',(-6.509016885306,49.776226244933));
#4220 = CARTESIAN_POINT('',(19.926483994991,15.262543549402));
#4221 = ( GEOMETRIC_REPRESENTATION_CONTEXT(2) 
PARAMETRIC_REPRESENTATION_CONTEXT() REPRESENTATION_CONTEXT('2D SPACE',''
  ) );
#4222 = PCURVE('',#1540,#4223);
#4223 = DEFINITIONAL_REPRESENTATION('',(#4224),#4228);
#4224 = LINE('',#4225,#4226);
#4225 = CARTESIAN_POINT('',(-6.936811865585,0.));
#4226 = VECTOR('',#4227,1.);
#4227 = DIRECTION('',(1.,-0.));
#4228 = ( GEOMETRIC_REPRESENTATION_CONTEXT(2) 
PARAMETRIC_REPRESENTATION_CONTEXT() REPRESENTATION_CONTEXT('2D SPACE',''
  ) );
#4229 = ORIENTED_EDGE('',*,*,#1755,.F.);
#4230 = ORIENTED_EDGE('',*,*,#4231,.T.);
#4231 = EDGE_CURVE('',#1756,#1953,#4232,.T.);
#4232 = SURFACE_CURVE('',#4233,(#4238,#4249),.PCURVE_S1.);
#4233 = CIRCLE('',#4234,3.1);
#4234 = AXIS2_PLACEMENT_3D('',#4235,#4236,#4237);
#4235 = CARTESIAN_POINT('',(1.09668586407E-15,23.6,2.));
#4236 = DIRECTION('',(0.,0.,-1.));
#4237 = DIRECTION('',(1.,3.223228136009E-17,0.));
#4238 = PCURVE('',#1568,#4239);
#4239 = DEFINITIONAL_REPRESENTATION('',(#4240),#4248);
#4240 = ( BOUNDED_CURVE() B_SPLINE_CURVE(2,(#4241,#4242,#4243,#4244,
#4245,#4246,#4247),.UNSPECIFIED.,.T.,.F.) B_SPLINE_CURVE_WITH_KNOTS((1,2
    ,2,2,2,1),(-2.094395102393,0.,2.094395102393,4.188790204786,
6.28318530718,8.377580409573),.UNSPECIFIED.) CURVE() 
GEOMETRIC_REPRESENTATION_ITEM() RATIONAL_B_SPLINE_CURVE((1.,0.5,1.,0.5,
1.,0.5,1.)) REPRESENTATION_ITEM('') );
#4241 = CARTESIAN_POINT('',(3.1,23.6));
#4242 = CARTESIAN_POINT('',(3.1,18.230642496536));
#4243 = CARTESIAN_POINT('',(-1.55,20.915321248268));
#4244 = CARTESIAN_POINT('',(-6.2,23.6));
#4245 = CARTESIAN_POINT('',(-1.55,26.284678751732));
#4246 = CARTESIAN_POINT('',(3.1,28.969357503464));
#4247 = CARTESIAN_POINT('',(3.1,23.6));
#4248 = ( GEOMETRIC_REPRESENTATION_CONTEXT(2) 
PARAMETRIC_REPRESENTATION_CONTEXT() REPRESENTATION_CONTEXT('2D SPACE',''
  ) );
#4249 = PCURVE('',#1792,#4250);
#4250 = DEFINITIONAL_REPRESENTATION('',(#4251),#4255);
#4251 = LINE('',#4252,#4253);
#4252 = CARTESIAN_POINT('',(0.,-22.));
#4253 = VECTOR('',#4254,1.);
#4254 = DIRECTION('',(1.,0.));
#4255 = ( GEOMETRIC_REPRESENTATION_CONTEXT(2) 
PARAMETRIC_REPRESENTATION_CONTEXT() REPRESENTATION_CONTEXT('2D SPACE',''
  ) );
#4256 = ORIENTED_EDGE('',*,*,#1975,.F.);
#4257 = ORIENTED_EDGE('',*,*,#4258,.F.);
#4258 = EDGE_CURVE('',#2371,#1976,#4259,.T.);
#4259 = SURFACE_CURVE('',#4260,(#4265,#4276),.PCURVE_S1.);
#4260 = CIRCLE('',#4261,25.1);
#4261 = AXIS2_PLACEMENT_3D('',#4262,#4263,#4264);
#4262 = CARTESIAN_POINT('',(0.,0.,2.));
#4263 = DIRECTION('',(0.,0.,-1.));
#4264 = DIRECTION('',(0.793883824502,0.60806946412,0.));
#4265 = PCURVE('',#1568,#4266);
#4266 = DEFINITIONAL_REPRESENTATION('',(#4267),#4275);
#4267 = ( BOUNDED_CURVE() B_SPLINE_CURVE(2,(#4268,#4269,#4270,#4271,
#4272,#4273,#4274),.UNSPECIFIED.,.T.,.F.) B_SPLINE_CURVE_WITH_KNOTS((1,2
    ,2,2,2,1),(-2.094395102393,0.,2.094395102393,4.188790204786,
6.28318530718,8.377580409573),.UNSPECIFIED.) CURVE() 
GEOMETRIC_REPRESENTATION_ITEM() RATIONAL_B_SPLINE_CURVE((1.,0.5,1.,0.5,
1.,0.5,1.)) REPRESENTATION_ITEM('') );
#4268 = CARTESIAN_POINT('',(19.926483994991,15.262543549402));
#4269 = CARTESIAN_POINT('',(46.361984875287,-19.25113914613));
#4270 = CARTESIAN_POINT('',(3.254508442653,-24.88811312246));
#4271 = CARTESIAN_POINT('',(-39.85296798998,-30.5250870988));
#4272 = CARTESIAN_POINT('',(-23.18099243764,9.625569573065));
#4273 = CARTESIAN_POINT('',(-6.509016885306,49.776226244933));
#4274 = CARTESIAN_POINT('',(19.926483994991,15.262543549402));
#4275 = ( GEOMETRIC_REPRESENTATION_CONTEXT(2) 
PARAMETRIC_REPRESENTATION_CONTEXT() REPRESENTATION_CONTEXT('2D SPACE',''
  ) );
#4276 = PCURVE('',#2011,#4277);
#4277 = DEFINITIONAL_REPRESENTATION('',(#4278),#4282);
#4278 = LINE('',#4279,#4280);
#4279 = CARTESIAN_POINT('',(-6.936811865585,0.));
#4280 = VECTOR('',#4281,1.);
#4281 = DIRECTION('',(1.,-0.));
#4282 = ( GEOMETRIC_REPRESENTATION_CONTEXT(2) 
PARAMETRIC_REPRESENTATION_CONTEXT() REPRESENTATION_CONTEXT('2D SPACE',''
  ) );
#4283 = ORIENTED_EDGE('',*,*,#2370,.T.);
#4284 = ORIENTED_EDGE('',*,*,#2473,.T.);
#4285 = ORIENTED_EDGE('',*,*,#4286,.F.);
#4286 = EDGE_CURVE('',#2700,#2448,#4287,.T.);
#4287 = SURFACE_CURVE('',#4288,(#4293,#4304),.PCURVE_S1.);
#4288 = CIRCLE('',#4289,25.1);
#4289 = AXIS2_PLACEMENT_3D('',#4290,#4291,#4292);
#4290 = CARTESIAN_POINT('',(0.,0.,2.));
#4291 = DIRECTION('',(0.,0.,-1.));
#4292 = DIRECTION('',(0.793883824502,0.60806946412,0.));
#4293 = PCURVE('',#1568,#4294);
#4294 = DEFINITIONAL_REPRESENTATION('',(#4295),#4303);
#4295 = ( BOUNDED_CURVE() B_SPLINE_CURVE(2,(#4296,#4297,#4298,#4299,
#4300,#4301,#4302),.UNSPECIFIED.,.T.,.F.) B_SPLINE_CURVE_WITH_KNOTS((1,2
    ,2,2,2,1),(-2.094395102393,0.,2.094395102393,4.188790204786,
6.28318530718,8.377580409573),.UNSPECIFIED.) CURVE() 
GEOMETRIC_REPRESENTATION_ITEM() RATIONAL_B_SPLINE_CURVE((1.,0.5,1.,0.5,
1.,0.5,1.)) REPRESENTATION_ITEM('') );
#4296 = CARTESIAN_POINT('',(19.926483994991,15.262543549402));
#4297 = CARTESIAN_POINT('',(46.361984875287,-19.25113914613));
#4298 = CARTESIAN_POINT('',(3.254508442653,-24.88811312246));
#4299 = CARTESIAN_POINT('',(-39.85296798998,-30.5250870988));
#4300 = CARTESIAN_POINT('',(-23.18099243764,9.625569573065));
#4301 = CARTESIAN_POINT('',(-6.509016885306,49.776226244933));
#4302 = CARTESIAN_POINT('',(19.926483994991,15.262543549402));
#4303 = ( GEOMETRIC_REPRESENTATION_CONTEXT(2) 
PARAMETRIC_REPRESENTATION_CONTEXT() REPRESENTATION_CONTEXT('2D SPACE',''
  ) );
#4304 = PCURVE('',#2462,#4305);
#4305 = DEFINITIONAL_REPRESENTATION('',(#4306),#4310);
#4306 = LINE('',#4307,#4308);
#4307 = CARTESIAN_POINT('',(-6.936811865585,0.));
#4308 = VECTOR('',#4309,1.);
#4309 = DIRECTION('',(1.,-0.));
#4310 = ( GEOMETRIC_REPRESENTATION_CONTEXT(2) 
PARAMETRIC_REPRESENTATION_CONTEXT() REPRESENTATION_CONTEXT('2D SPACE',''
  ) );
#4311 = ORIENTED_EDGE('',*,*,#2699,.T.);
#4312 = ORIENTED_EDGE('',*,*,#2797,.T.);
#4313 = ORIENTED_EDGE('',*,*,#4314,.F.);
#4314 = EDGE_CURVE('',#2139,#2777,#4315,.T.);
#4315 = SURFACE_CURVE('',#4316,(#4321,#4332),.PCURVE_S1.);
#4316 = CIRCLE('',#4317,25.1);
#4317 = AXIS2_PLACEMENT_3D('',#4318,#4319,#4320);
#4318 = CARTESIAN_POINT('',(0.,0.,2.));
#4319 = DIRECTION('',(0.,0.,-1.));
#4320 = DIRECTION('',(0.793883824502,0.60806946412,0.));
#4321 = PCURVE('',#1568,#4322);
#4322 = DEFINITIONAL_REPRESENTATION('',(#4323),#4331);
#4323 = ( BOUNDED_CURVE() B_SPLINE_CURVE(2,(#4324,#4325,#4326,#4327,
#4328,#4329,#4330),.UNSPECIFIED.,.T.,.F.) B_SPLINE_CURVE_WITH_KNOTS((1,2
    ,2,2,2,1),(-2.094395102393,0.,2.094395102393,4.188790204786,
6.28318530718,8.377580409573),.UNSPECIFIED.) CURVE() 
GEOMETRIC_REPRESENTATION_ITEM() RATIONAL_B_SPLINE_CURVE((1.,0.5,1.,0.5,
1.,0.5,1.)) REPRESENTATION_ITEM('') );
#4324 = CARTESIAN_POINT('',(19.926483994991,15.262543549402));
#4325 = CARTESIAN_POINT('',(46.361984875287,-19.25113914613));
#4326 = CARTESIAN_POINT('',(3.254508442653,-24.88811312246));
#4327 = CARTESIAN_POINT('',(-39.85296798998,-30.5250870988));
#4328 = CARTESIAN_POINT('',(-23.18099243764,9.625569573065));
#4329 = CARTESIAN_POINT('',(-6.509016885306,49.776226244933));
#4330 = CARTESIAN_POINT('',(19.926483994991,15.262543549402));
#4331 = ( GEOMETRIC_REPRESENTATION_CONTEXT(2) 
PARAMETRIC_REPRESENTATION_CONTEXT() REPRESENTATION_CONTEXT('2D SPACE',''
  ) );
#4332 = PCURVE('',#2181,#4333);
#4333 = DEFINITIONAL_REPRESENTATION('',(#4334),#4338);
#4334 = LINE('',#4335,#4336);
#4335 = CARTESIAN_POINT('',(-6.936811865585,0.));
#4336 = VECTOR('',#4337,1.);
#4337 = DIRECTION('',(1.,-0.));
#4338 = ( GEOMETRIC_REPRESENTATION_CONTEXT(2) 
PARAMETRIC_REPRESENTATION_CONTEXT() REPRESENTATION_CONTEXT('2D SPACE',''
  ) );
#4339 = ORIENTED_EDGE('',*,*,#2138,.T.);
#4340 = FACE_BOUND('',#4341,.T.);
#4341 = EDGE_LOOP('',(#4342));
#4342 = ORIENTED_EDGE('',*,*,#4343,.T.);
#4343 = EDGE_CURVE('',#4344,#4344,#4346,.T.);
#4344 = VERTEX_POINT('',#4345);
#4345 = CARTESIAN_POINT('',(12.,8.498032742688E-17,2.));
#4346 = SURFACE_CURVE('',#4347,(#4352,#4363),.PCURVE_S1.);
#4347 = CIRCLE('',#4348,12.);
#4348 = AXIS2_PLACEMENT_3D('',#4349,#4350,#4351);
#4349 = CARTESIAN_POINT('',(0.,0.,2.));
#4350 = DIRECTION('',(0.,0.,-1.));
#4351 = DIRECTION('',(1.,0.,0.));
#4352 = PCURVE('',#1568,#4353);
#4353 = DEFINITIONAL_REPRESENTATION('',(#4354),#4362);
#4354 = ( BOUNDED_CURVE() B_SPLINE_CURVE(2,(#4355,#4356,#4357,#4358,
#4359,#4360,#4361),.UNSPECIFIED.,.T.,.F.) B_SPLINE_CURVE_WITH_KNOTS((1,2
    ,2,2,2,1),(-2.094395102393,0.,2.094395102393,4.188790204786,
6.28318530718,8.377580409573),.UNSPECIFIED.) CURVE() 
GEOMETRIC_REPRESENTATION_ITEM() RATIONAL_B_SPLINE_CURVE((1.,0.5,1.,0.5,
1.,0.5,1.)) REPRESENTATION_ITEM('') );
#4355 = CARTESIAN_POINT('',(12.,-7.187288144848E-16));
#4356 = CARTESIAN_POINT('',(12.,-20.78460969082));
#4357 = CARTESIAN_POINT('',(-6.,-10.39230484541));
#4358 = CARTESIAN_POINT('',(-24.,-3.657881132438E-15));
#4359 = CARTESIAN_POINT('',(-6.,10.392304845413));
#4360 = CARTESIAN_POINT('',(12.,20.784609690827));
#4361 = CARTESIAN_POINT('',(12.,-7.187288144848E-16));
#4362 = ( GEOMETRIC_REPRESENTATION_CONTEXT(2) 
PARAMETRIC_REPRESENTATION_CONTEXT() REPRESENTATION_CONTEXT('2D SPACE',''
  ) );
#4363 = PCURVE('',#4364,#4369);
#4364 = CYLINDRICAL_SURFACE('',#4365,12.);
#4365 = AXIS2_PLACEMENT_3D('',#4366,#4367,#4368);
#4366 = CARTESIAN_POINT('',(0.,0.,-20.));
#4367 = DIRECTION('',(-0.,-0.,-1.));
#4368 = DIRECTION('',(1.,0.,0.));
#4369 = DEFINITIONAL_REPRESENTATION('',(#4370),#4374);
#4370 = LINE('',#4371,#4372);
#4371 = CARTESIAN_POINT('',(-6.28318530718,-22.));
#4372 = VECTOR('',#4373,1.);
#4373 = DIRECTION('',(1.,-0.));
#4374 = ( GEOMETRIC_REPRESENTATION_CONTEXT(2) 
PARAMETRIC_REPRESENTATION_CONTEXT() REPRESENTATION_CONTEXT('2D SPACE',''
  ) );
#4375 = ADVANCED_FACE('',(#4376),#1540,.F.);
#4376 = FACE_BOUND('',#4377,.T.);
#4377 = EDGE_LOOP('',(#4378,#4379,#4380,#4381));
#4378 = ORIENTED_EDGE('',*,*,#3918,.F.);
#4379 = ORIENTED_EDGE('',*,*,#1734,.T.);
#4380 = ORIENTED_EDGE('',*,*,#4204,.T.);
#4381 = ORIENTED_EDGE('',*,*,#1525,.F.);
#4382 = ADVANCED_FACE('',(#4383),#1792,.F.);
#4383 = FACE_BOUND('',#4384,.F.);
#4384 = EDGE_LOOP('',(#4385,#4386,#4387,#4388,#4389,#4390,#4411,#4444));
#4385 = ORIENTED_EDGE('',*,*,#4050,.F.);
#4386 = ORIENTED_EDGE('',*,*,#1776,.T.);
#4387 = ORIENTED_EDGE('',*,*,#4231,.T.);
#4388 = ORIENTED_EDGE('',*,*,#1952,.F.);
#4389 = ORIENTED_EDGE('',*,*,#4136,.F.);
#4390 = ORIENTED_EDGE('',*,*,#4391,.F.);
#4391 = EDGE_CURVE('',#4392,#4108,#4394,.T.);
#4392 = VERTEX_POINT('',#4393);
#4393 = CARTESIAN_POINT('',(-1.432536316735,20.850847457627,0.));
#4394 = SURFACE_CURVE('',#4395,(#4399,#4405),.PCURVE_S1.);
#4395 = LINE('',#4396,#4397);
#4396 = CARTESIAN_POINT('',(-1.432536316735,20.850847457627,-3.));
#4397 = VECTOR('',#4398,1.);
#4398 = DIRECTION('',(-0.,-0.,-1.));
#4399 = PCURVE('',#1792,#4400);
#4400 = DEFINITIONAL_REPRESENTATION('',(#4401),#4404);
#4401 = B_SPLINE_CURVE_WITH_KNOTS('',1,(#4402,#4403),.UNSPECIFIED.,.F.,
  .F.,(2,2),(-3.0000006,5.999999999062E-07),.PIECEWISE_BEZIER_KNOTS.);
#4402 = CARTESIAN_POINT('',(2.051167631702,-20.0000006));
#4403 = CARTESIAN_POINT('',(2.051167631702,-16.9999994));
#4404 = ( GEOMETRIC_REPRESENTATION_CONTEXT(2) 
PARAMETRIC_REPRESENTATION_CONTEXT() REPRESENTATION_CONTEXT('2D SPACE',''
  ) );
#4405 = PCURVE('',#4124,#4406);
#4406 = DEFINITIONAL_REPRESENTATION('',(#4407),#4410);
#4407 = B_SPLINE_CURVE_WITH_KNOTS('',1,(#4408,#4409),.UNSPECIFIED.,.F.,
  .F.,(2,2),(-3.0000006,5.999999999062E-07),.PIECEWISE_BEZIER_KNOTS.);
#4408 = CARTESIAN_POINT('',(-1.639392517486,-3.0000006));
#4409 = CARTESIAN_POINT('',(-1.639392517486,5.999999999062E-07));
#4410 = ( GEOMETRIC_REPRESENTATION_CONTEXT(2) 
PARAMETRIC_REPRESENTATION_CONTEXT() REPRESENTATION_CONTEXT('2D SPACE',''
  ) );
#4411 = ORIENTED_EDGE('',*,*,#4412,.F.);
#4412 = EDGE_CURVE('',#4413,#4392,#4415,.T.);
#4413 = VERTEX_POINT('',#4414);
#4414 = CARTESIAN_POINT('',(1.432536316735,20.850847457627,0.));
#4415 = SURFACE_CURVE('',#4416,(#4421,#4428),.PCURVE_S1.);
#4416 = CIRCLE('',#4417,3.1);
#4417 = AXIS2_PLACEMENT_3D('',#4418,#4419,#4420);
#4418 = CARTESIAN_POINT('',(1.09668586407E-15,23.6,0.));
#4419 = DIRECTION('',(0.,0.,-1.));
#4420 = DIRECTION('',(1.,3.223228136009E-17,0.));
#4421 = PCURVE('',#1792,#4422);
#4422 = DEFINITIONAL_REPRESENTATION('',(#4423),#4427);
#4423 = LINE('',#4424,#4425);
#4424 = CARTESIAN_POINT('',(0.,-20.));
#4425 = VECTOR('',#4426,1.);
#4426 = DIRECTION('',(1.,0.));
#4427 = ( GEOMETRIC_REPRESENTATION_CONTEXT(2) 
PARAMETRIC_REPRESENTATION_CONTEXT() REPRESENTATION_CONTEXT('2D SPACE',''
  ) );
#4428 = PCURVE('',#4429,#4434);
#4429 = PLANE('',#4430);
#4430 = AXIS2_PLACEMENT_3D('',#4431,#4432,#4433);
#4431 = CARTESIAN_POINT('',(-2.734880265079E-15,1.687072141469E-15,0.));
#4432 = DIRECTION('',(0.,0.,1.));
#4433 = DIRECTION('',(1.,0.,-0.));
#4434 = DEFINITIONAL_REPRESENTATION('',(#4435),#4443);
#4435 = ( BOUNDED_CURVE() B_SPLINE_CURVE(2,(#4436,#4437,#4438,#4439,
#4440,#4441,#4442),.UNSPECIFIED.,.T.,.F.) B_SPLINE_CURVE_WITH_KNOTS((1,2
    ,2,2,2,1),(-2.094395102393,0.,2.094395102393,4.188790204786,
6.28318530718,8.377580409573),.UNSPECIFIED.) CURVE() 
GEOMETRIC_REPRESENTATION_ITEM() RATIONAL_B_SPLINE_CURVE((1.,0.5,1.,0.5,
1.,0.5,1.)) REPRESENTATION_ITEM('') );
#4436 = CARTESIAN_POINT('',(3.1,23.6));
#4437 = CARTESIAN_POINT('',(3.1,18.230642496536));
#4438 = CARTESIAN_POINT('',(-1.55,20.915321248268));
#4439 = CARTESIAN_POINT('',(-6.2,23.6));
#4440 = CARTESIAN_POINT('',(-1.55,26.284678751732));
#4441 = CARTESIAN_POINT('',(3.1,28.969357503464));
#4442 = CARTESIAN_POINT('',(3.1,23.6));
#4443 = ( GEOMETRIC_REPRESENTATION_CONTEXT(2) 
PARAMETRIC_REPRESENTATION_CONTEXT() REPRESENTATION_CONTEXT('2D SPACE',''
  ) );
#4444 = ORIENTED_EDGE('',*,*,#4445,.T.);
#4445 = EDGE_CURVE('',#4413,#4051,#4446,.T.);
#4446 = SURFACE_CURVE('',#4447,(#4451,#4457),.PCURVE_S1.);
#4447 = LINE('',#4448,#4449);
#4448 = CARTESIAN_POINT('',(1.432536316735,20.850847457627,-3.));
#4449 = VECTOR('',#4450,1.);
#4450 = DIRECTION('',(-0.,-0.,-1.));
#4451 = PCURVE('',#1792,#4452);
#4452 = DEFINITIONAL_REPRESENTATION('',(#4453),#4456);
#4453 = B_SPLINE_CURVE_WITH_KNOTS('',1,(#4454,#4455),.UNSPECIFIED.,.F.,
  .F.,(2,2),(-3.0000006,5.999999999062E-07),.PIECEWISE_BEZIER_KNOTS.);
#4454 = CARTESIAN_POINT('',(1.090425021888,-20.0000006));
#4455 = CARTESIAN_POINT('',(1.090425021888,-16.9999994));
#4456 = ( GEOMETRIC_REPRESENTATION_CONTEXT(2) 
PARAMETRIC_REPRESENTATION_CONTEXT() REPRESENTATION_CONTEXT('2D SPACE',''
  ) );
#4457 = PCURVE('',#4095,#4458);
#4458 = DEFINITIONAL_REPRESENTATION('',(#4459),#4462);
#4459 = B_SPLINE_CURVE_WITH_KNOTS('',1,(#4460,#4461),.UNSPECIFIED.,.F.,
  .F.,(2,2),(-3.0000006,5.999999999062E-07),.PIECEWISE_BEZIER_KNOTS.);
#4460 = CARTESIAN_POINT('',(-1.502200136104,-3.0000006));
#4461 = CARTESIAN_POINT('',(-1.502200136104,5.999999999062E-07));
#4462 = ( GEOMETRIC_REPRESENTATION_CONTEXT(2) 
PARAMETRIC_REPRESENTATION_CONTEXT() REPRESENTATION_CONTEXT('2D SPACE',''
  ) );
#4463 = ADVANCED_FACE('',(#4464),#2011,.F.);
#4464 = FACE_BOUND('',#4465,.T.);
#4465 = EDGE_LOOP('',(#4466,#4467,#4468,#4469));
#4466 = ORIENTED_EDGE('',*,*,#3889,.F.);
#4467 = ORIENTED_EDGE('',*,*,#2398,.T.);
#4468 = ORIENTED_EDGE('',*,*,#4258,.T.);
#4469 = ORIENTED_EDGE('',*,*,#1996,.F.);
#4470 = ADVANCED_FACE('',(#4471),#2181,.F.);
#4471 = FACE_BOUND('',#4472,.T.);
#4472 = EDGE_LOOP('',(#4473,#4474,#4475,#4476));
#4473 = ORIENTED_EDGE('',*,*,#3974,.F.);
#4474 = ORIENTED_EDGE('',*,*,#2166,.T.);
#4475 = ORIENTED_EDGE('',*,*,#4314,.T.);
#4476 = ORIENTED_EDGE('',*,*,#2776,.F.);
#4477 = ADVANCED_FACE('',(#4478),#2462,.F.);
#4478 = FACE_BOUND('',#4479,.T.);
#4479 = EDGE_LOOP('',(#4480,#4481,#4482,#4483));
#4480 = ORIENTED_EDGE('',*,*,#4001,.F.);
#4481 = ORIENTED_EDGE('',*,*,#2727,.T.);
#4482 = ORIENTED_EDGE('',*,*,#4286,.T.);
#4483 = ORIENTED_EDGE('',*,*,#2447,.F.);
#4484 = ADVANCED_FACE('',(#4485),#3383,.F.);
#4485 = FACE_BOUND('',#4486,.F.);
#4486 = EDGE_LOOP('',(#4487,#4488,#4511,#4539,#4562,#4583));
#4487 = ORIENTED_EDGE('',*,*,#3367,.F.);
#4488 = ORIENTED_EDGE('',*,*,#4489,.T.);
#4489 = EDGE_CURVE('',#3334,#4490,#4492,.T.);
#4490 = VERTEX_POINT('',#4491);
#4491 = CARTESIAN_POINT('',(28.41770633487,71.024305867528,
    -19.26572828363));
#4492 = SURFACE_CURVE('',#4493,(#4497,#4504),.PCURVE_S1.);
#4493 = LINE('',#4494,#4495);
#4494 = CARTESIAN_POINT('',(17.202217431254,64.549040329931,
    -20.39875293935));
#4495 = VECTOR('',#4496,1.);
#4496 = DIRECTION('',(0.862729915663,0.498097349046,8.715574274766E-02)
  );
#4497 = PCURVE('',#3383,#4498);
#4498 = DEFINITIONAL_REPRESENTATION('',(#4499),#4503);
#4499 = LINE('',#4500,#4501);
#4500 = CARTESIAN_POINT('',(4.,6.896088592818E-15));
#4501 = VECTOR('',#4502,1.);
#4502 = DIRECTION('',(-1.157957318589E-17,-1.));
#4503 = ( GEOMETRIC_REPRESENTATION_CONTEXT(2) 
PARAMETRIC_REPRESENTATION_CONTEXT() REPRESENTATION_CONTEXT('2D SPACE',''
  ) );
#4504 = PCURVE('',#3350,#4505);
#4505 = DEFINITIONAL_REPRESENTATION('',(#4506),#4510);
#4506 = LINE('',#4507,#4508);
#4507 = CARTESIAN_POINT('',(1.570796326795,0.));
#4508 = VECTOR('',#4509,1.);
#4509 = DIRECTION('',(0.,1.));
#4510 = ( GEOMETRIC_REPRESENTATION_CONTEXT(2) 
PARAMETRIC_REPRESENTATION_CONTEXT() REPRESENTATION_CONTEXT('2D SPACE',''
  ) );
#4511 = ORIENTED_EDGE('',*,*,#4512,.T.);
#4512 = EDGE_CURVE('',#4490,#4513,#4515,.T.);
#4513 = VERTEX_POINT('',#4514);
#4514 = CARTESIAN_POINT('',(26.783584094713,70.080844952284,
    2.301886930048));
#4515 = SURFACE_CURVE('',#4516,(#4520,#4527),.PCURVE_S1.);
#4516 = LINE('',#4517,#4518);
#4517 = CARTESIAN_POINT('',(28.41770633487,71.024305867528,
    -19.26572828363));
#4518 = VECTOR('',#4519,1.);
#4519 = DIRECTION('',(-7.547908730517E-02,-4.357787137383E-02,
    0.996194698092));
#4520 = PCURVE('',#3383,#4521);
#4521 = DEFINITIONAL_REPRESENTATION('',(#4522),#4526);
#4522 = LINE('',#4523,#4524);
#4523 = CARTESIAN_POINT('',(4.,-13.));
#4524 = VECTOR('',#4525,1.);
#4525 = DIRECTION('',(1.,1.157957318589E-17));
#4526 = ( GEOMETRIC_REPRESENTATION_CONTEXT(2) 
PARAMETRIC_REPRESENTATION_CONTEXT() REPRESENTATION_CONTEXT('2D SPACE',''
  ) );
#4527 = PCURVE('',#4528,#4533);
#4528 = PLANE('',#4529);
#4529 = AXIS2_PLACEMENT_3D('',#4530,#4531,#4532);
#4530 = CARTESIAN_POINT('',(28.758388813786,70.932323853843,
    -19.24393934795));
#4531 = DIRECTION('',(-0.256488783104,-0.964580448897,
    -6.162841671622E-02));
#4532 = DIRECTION('',(7.547908730517E-02,4.357787137383E-02,
    -0.996194698092));
#4533 = DEFINITIONAL_REPRESENTATION('',(#4534),#4538);
#4534 = LINE('',#4535,#4536);
#4535 = CARTESIAN_POINT('',(-6.6562251645E-16,-0.353553390593));
#4536 = VECTOR('',#4537,1.);
#4537 = DIRECTION('',(-1.,6.053904699522E-18));
#4538 = ( GEOMETRIC_REPRESENTATION_CONTEXT(2) 
PARAMETRIC_REPRESENTATION_CONTEXT() REPRESENTATION_CONTEXT('2D SPACE',''
  ) );
#4539 = ORIENTED_EDGE('',*,*,#4540,.F.);
#4540 = EDGE_CURVE('',#4541,#4513,#4543,.T.);
#4541 = VERTEX_POINT('',#4542);
#4542 = CARTESIAN_POINT('',(25.058124263388,69.084650254193,
    2.127575444553));
#4543 = SURFACE_CURVE('',#4544,(#4548,#4555),.PCURVE_S1.);
#4544 = LINE('',#4545,#4546);
#4545 = CARTESIAN_POINT('',(25.058124263388,69.084650254193,
    2.127575444553));
#4546 = VECTOR('',#4547,1.);
#4547 = DIRECTION('',(0.862729915663,0.498097349046,8.715574274766E-02)
  );
#4548 = PCURVE('',#3383,#4549);
#4549 = DEFINITIONAL_REPRESENTATION('',(#4550),#4554);
#4550 = LINE('',#4551,#4552);
#4551 = CARTESIAN_POINT('',(25.65,-11.));
#4552 = VECTOR('',#4553,1.);
#4553 = DIRECTION('',(-1.157957318589E-17,-1.));
#4554 = ( GEOMETRIC_REPRESENTATION_CONTEXT(2) 
PARAMETRIC_REPRESENTATION_CONTEXT() REPRESENTATION_CONTEXT('2D SPACE',''
  ) );
#4555 = PCURVE('',#3806,#4556);
#4556 = DEFINITIONAL_REPRESENTATION('',(#4557),#4561);
#4557 = LINE('',#4558,#4559);
#4558 = CARTESIAN_POINT('',(0.,0.));
#4559 = VECTOR('',#4560,1.);
#4560 = DIRECTION('',(0.,1.));
#4561 = ( GEOMETRIC_REPRESENTATION_CONTEXT(2) 
PARAMETRIC_REPRESENTATION_CONTEXT() REPRESENTATION_CONTEXT('2D SPACE',''
  ) );
#4562 = ORIENTED_EDGE('',*,*,#4563,.T.);
#4563 = EDGE_CURVE('',#4541,#3822,#4564,.T.);
#4564 = SURFACE_CURVE('',#4565,(#4569,#4576),.PCURVE_S1.);
#4565 = LINE('',#4566,#4567);
#4566 = CARTESIAN_POINT('',(26.994162852766,70.202422654931,
    -23.4248185615));
#4567 = VECTOR('',#4568,1.);
#4568 = DIRECTION('',(-7.547908730517E-02,-4.357787137383E-02,
    0.996194698092));
#4569 = PCURVE('',#3383,#4570);
#4570 = DEFINITIONAL_REPRESENTATION('',(#4571),#4575);
#4571 = LINE('',#4572,#4573);
#4572 = CARTESIAN_POINT('',(-6.81325015564E-16,-11.));
#4573 = VECTOR('',#4574,1.);
#4574 = DIRECTION('',(1.,1.157957318589E-17));
#4575 = ( GEOMETRIC_REPRESENTATION_CONTEXT(2) 
PARAMETRIC_REPRESENTATION_CONTEXT() REPRESENTATION_CONTEXT('2D SPACE',''
  ) );
#4576 = PCURVE('',#3837,#4577);
#4577 = DEFINITIONAL_REPRESENTATION('',(#4578),#4582);
#4578 = LINE('',#4579,#4580);
#4579 = CARTESIAN_POINT('',(-19.675,-47.3));
#4580 = VECTOR('',#4581,1.);
#4581 = DIRECTION('',(1.,-2.748962873712E-18));
#4582 = ( GEOMETRIC_REPRESENTATION_CONTEXT(2) 
PARAMETRIC_REPRESENTATION_CONTEXT() REPRESENTATION_CONTEXT('2D SPACE',''
  ) );
#4583 = ORIENTED_EDGE('',*,*,#3849,.T.);
#4584 = ADVANCED_FACE('',(#4585),#3350,.T.);
#4585 = FACE_BOUND('',#4586,.T.);
#4586 = EDGE_LOOP('',(#4587,#4610,#4611,#4612));
#4587 = ORIENTED_EDGE('',*,*,#4588,.F.);
#4588 = EDGE_CURVE('',#3306,#4589,#4591,.T.);
#4589 = VERTEX_POINT('',#4590);
#4590 = CARTESIAN_POINT('',(30.719622684091,67.734515737885,
    -23.250507076));
#4591 = SURFACE_CURVE('',#4592,(#4596,#4603),.PCURVE_S1.);
#4592 = LINE('',#4593,#4594);
#4593 = CARTESIAN_POINT('',(19.504133780474,61.259250200289,
    -24.38353173172));
#4594 = VECTOR('',#4595,1.);
#4595 = DIRECTION('',(0.862729915663,0.498097349046,8.715574274766E-02)
  );
#4596 = PCURVE('',#3350,#4597);
#4597 = DEFINITIONAL_REPRESENTATION('',(#4598),#4602);
#4598 = LINE('',#4599,#4600);
#4599 = CARTESIAN_POINT('',(0.,0.));
#4600 = VECTOR('',#4601,1.);
#4601 = DIRECTION('',(0.,1.));
#4602 = ( GEOMETRIC_REPRESENTATION_CONTEXT(2) 
PARAMETRIC_REPRESENTATION_CONTEXT() REPRESENTATION_CONTEXT('2D SPACE',''
  ) );
#4603 = PCURVE('',#3321,#4604);
#4604 = DEFINITIONAL_REPRESENTATION('',(#4605),#4609);
#4605 = LINE('',#4606,#4607);
#4606 = CARTESIAN_POINT('',(90.6,9.538382767963E-15));
#4607 = VECTOR('',#4608,1.);
#4608 = DIRECTION('',(-7.620020411169E-18,-1.));
#4609 = ( GEOMETRIC_REPRESENTATION_CONTEXT(2) 
PARAMETRIC_REPRESENTATION_CONTEXT() REPRESENTATION_CONTEXT('2D SPACE',''
  ) );
#4610 = ORIENTED_EDGE('',*,*,#3333,.T.);
#4611 = ORIENTED_EDGE('',*,*,#4489,.T.);
#4612 = ORIENTED_EDGE('',*,*,#4613,.F.);
#4613 = EDGE_CURVE('',#4589,#4490,#4614,.T.);
#4614 = SURFACE_CURVE('',#4615,(#4620,#4627),.PCURVE_S1.);
#4615 = CIRCLE('',#4616,4.);
#4616 = AXIS2_PLACEMENT_3D('',#4617,#4618,#4619);
#4617 = CARTESIAN_POINT('',(30.41770633487,67.56020425239,
    -19.26572828363));
#4618 = DIRECTION('',(0.862729915663,0.498097349046,8.715574274766E-02)
  );
#4619 = DIRECTION('',(7.547908730517E-02,4.357787137383E-02,
    -0.996194698092));
#4620 = PCURVE('',#3350,#4621);
#4621 = DEFINITIONAL_REPRESENTATION('',(#4622),#4626);
#4622 = LINE('',#4623,#4624);
#4623 = CARTESIAN_POINT('',(0.,13.));
#4624 = VECTOR('',#4625,1.);
#4625 = DIRECTION('',(1.,0.));
#4626 = ( GEOMETRIC_REPRESENTATION_CONTEXT(2) 
PARAMETRIC_REPRESENTATION_CONTEXT() REPRESENTATION_CONTEXT('2D SPACE',''
  ) );
#4627 = PCURVE('',#4628,#4633);
#4628 = CONICAL_SURFACE('',#4629,4.,0.785398163397);
#4629 = AXIS2_PLACEMENT_3D('',#4630,#4631,#4632);
#4630 = CARTESIAN_POINT('',(30.41770633487,67.56020425239,
    -19.26572828363));
#4631 = DIRECTION('',(-0.862729915663,-0.498097349046,
    -8.715574274766E-02));
#4632 = DIRECTION('',(7.547908730517E-02,4.357787137383E-02,
    -0.996194698092));
#4633 = DEFINITIONAL_REPRESENTATION('',(#4634),#4638);
#4634 = LINE('',#4635,#4636);
#4635 = CARTESIAN_POINT('',(-0.,-0.));
#4636 = VECTOR('',#4637,1.);
#4637 = DIRECTION('',(-1.,-0.));
#4638 = ( GEOMETRIC_REPRESENTATION_CONTEXT(2) 
PARAMETRIC_REPRESENTATION_CONTEXT() REPRESENTATION_CONTEXT('2D SPACE',''
  ) );
#4639 = ADVANCED_FACE('',(#4640),#3321,.F.);
#4640 = FACE_BOUND('',#4641,.F.);
#4641 = EDGE_LOOP('',(#4642,#4643,#4666,#4692));
#4642 = ORIENTED_EDGE('',*,*,#3305,.F.);
#4643 = ORIENTED_EDGE('',*,*,#4644,.F.);
#4644 = EDGE_CURVE('',#4645,#3272,#4647,.T.);
#4645 = VERTEX_POINT('',#4646);
#4646 = CARTESIAN_POINT('',(74.019622684091,-7.263284229847,
    -23.250507076));
#4647 = SURFACE_CURVE('',#4648,(#4652,#4659),.PCURVE_S1.);
#4648 = LINE('',#4649,#4650);
#4649 = CARTESIAN_POINT('',(74.019622684091,-7.263284229847,
    -23.250507076));
#4650 = VECTOR('',#4651,1.);
#4651 = DIRECTION('',(-0.862729915663,-0.498097349046,
    -8.715574274766E-02));
#4652 = PCURVE('',#3321,#4653);
#4653 = DEFINITIONAL_REPRESENTATION('',(#4654),#4658);
#4654 = LINE('',#4655,#4656);
#4655 = CARTESIAN_POINT('',(4.,-13.));
#4656 = VECTOR('',#4657,1.);
#4657 = DIRECTION('',(7.620020411169E-18,1.));
#4658 = ( GEOMETRIC_REPRESENTATION_CONTEXT(2) 
PARAMETRIC_REPRESENTATION_CONTEXT() REPRESENTATION_CONTEXT('2D SPACE',''
  ) );
#4659 = PCURVE('',#3288,#4660);
#4660 = DEFINITIONAL_REPRESENTATION('',(#4661),#4665);
#4661 = LINE('',#4662,#4663);
#4662 = CARTESIAN_POINT('',(-0.,13.));
#4663 = VECTOR('',#4664,1.);
#4664 = DIRECTION('',(-0.,-1.));
#4665 = ( GEOMETRIC_REPRESENTATION_CONTEXT(2) 
PARAMETRIC_REPRESENTATION_CONTEXT() REPRESENTATION_CONTEXT('2D SPACE',''
  ) );
#4666 = ORIENTED_EDGE('',*,*,#4667,.T.);
#4667 = EDGE_CURVE('',#4645,#4589,#4668,.T.);
#4668 = SURFACE_CURVE('',#4669,(#4673,#4680),.PCURVE_S1.);
#4669 = LINE('',#4670,#4671);
#4670 = CARTESIAN_POINT('',(74.019622684091,-7.263284229847,
    -23.250507076));
#4671 = VECTOR('',#4672,1.);
#4672 = DIRECTION('',(-0.5,0.866025403784,0.));
#4673 = PCURVE('',#3321,#4674);
#4674 = DEFINITIONAL_REPRESENTATION('',(#4675),#4679);
#4675 = LINE('',#4676,#4677);
#4676 = CARTESIAN_POINT('',(4.,-13.));
#4677 = VECTOR('',#4678,1.);
#4678 = DIRECTION('',(1.,7.858696607916E-18));
#4679 = ( GEOMETRIC_REPRESENTATION_CONTEXT(2) 
PARAMETRIC_REPRESENTATION_CONTEXT() REPRESENTATION_CONTEXT('2D SPACE',''
  ) );
#4680 = PCURVE('',#4681,#4686);
#4681 = PLANE('',#4682);
#4682 = AXIS2_PLACEMENT_3D('',#4683,#4684,#4685);
#4683 = CARTESIAN_POINT('',(74.216435391181,-7.149654360429,
    -22.97966946579));
#4684 = DIRECTION('',(-0.663413948169,-0.383022221559,0.642787609687));
#4685 = DIRECTION('',(0.5,-0.866025403784,1.214556072163E-18));
#4686 = DEFINITIONAL_REPRESENTATION('',(#4687),#4691);
#4687 = LINE('',#4688,#4689);
#4688 = CARTESIAN_POINT('',(2.439209218851E-15,-0.353553390593));
#4689 = VECTOR('',#4690,1.);
#4690 = DIRECTION('',(-1.,-3.380994803421E-17));
#4691 = ( GEOMETRIC_REPRESENTATION_CONTEXT(2) 
PARAMETRIC_REPRESENTATION_CONTEXT() REPRESENTATION_CONTEXT('2D SPACE',''
  ) );
#4692 = ORIENTED_EDGE('',*,*,#4588,.F.);
#4693 = ADVANCED_FACE('',(#4694),#3288,.T.);
#4694 = FACE_BOUND('',#4695,.F.);
#4695 = EDGE_LOOP('',(#4696,#4725,#4726,#4727,#4783));
#4696 = ORIENTED_EDGE('',*,*,#4697,.T.);
#4697 = EDGE_CURVE('',#4698,#4645,#4700,.T.);
#4698 = VERTEX_POINT('',#4699);
#4699 = CARTESIAN_POINT('',(75.71770633487,-10.90169733048,
    -19.26572828363));
#4700 = SURFACE_CURVE('',#4701,(#4706,#4713),.PCURVE_S1.);
#4701 = CIRCLE('',#4702,4.);
#4702 = AXIS2_PLACEMENT_3D('',#4703,#4704,#4705);
#4703 = CARTESIAN_POINT('',(73.71770633487,-7.437595715342,
    -19.26572828363));
#4704 = DIRECTION('',(0.862729915663,0.498097349046,8.715574274766E-02)
  );
#4705 = DIRECTION('',(0.5,-0.866025403784,0.));
#4706 = PCURVE('',#3288,#4707);
#4707 = DEFINITIONAL_REPRESENTATION('',(#4708),#4712);
#4708 = LINE('',#4709,#4710);
#4709 = CARTESIAN_POINT('',(-1.570796326795,13.));
#4710 = VECTOR('',#4711,1.);
#4711 = DIRECTION('',(1.,-0.));
#4712 = ( GEOMETRIC_REPRESENTATION_CONTEXT(2) 
PARAMETRIC_REPRESENTATION_CONTEXT() REPRESENTATION_CONTEXT('2D SPACE',''
  ) );
#4713 = PCURVE('',#4714,#4719);
#4714 = CONICAL_SURFACE('',#4715,4.,0.785398163397);
#4715 = AXIS2_PLACEMENT_3D('',#4716,#4717,#4718);
#4716 = CARTESIAN_POINT('',(73.71770633487,-7.437595715342,
    -19.26572828363));
#4717 = DIRECTION('',(-0.862729915663,-0.498097349046,
    -8.715574274766E-02));
#4718 = DIRECTION('',(0.5,-0.866025403784,0.));
#4719 = DEFINITIONAL_REPRESENTATION('',(#4720),#4724);
#4720 = LINE('',#4721,#4722);
#4721 = CARTESIAN_POINT('',(-0.,-0.));
#4722 = VECTOR('',#4723,1.);
#4723 = DIRECTION('',(-1.,-0.));
#4724 = ( GEOMETRIC_REPRESENTATION_CONTEXT(2) 
PARAMETRIC_REPRESENTATION_CONTEXT() REPRESENTATION_CONTEXT('2D SPACE',''
  ) );
#4725 = ORIENTED_EDGE('',*,*,#4644,.T.);
#4726 = ORIENTED_EDGE('',*,*,#3271,.F.);
#4727 = ORIENTED_EDGE('',*,*,#4728,.F.);
#4728 = EDGE_CURVE('',#4729,#3244,#4731,.T.);
#4729 = VERTEX_POINT('',#4730);
#4730 = CARTESIAN_POINT('',(70.211407493534,-14.08076044876,
    -19.8219922506));
#4731 = SURFACE_CURVE('',#4732,(#4747,#4765),.PCURVE_S1.);
#4732 = B_SPLINE_CURVE_WITH_KNOTS('',7,(#4733,#4734,#4735,#4736,#4737,
    #4738,#4739,#4740,#4741,#4742,#4743,#4744,#4745,#4746),
  .UNSPECIFIED.,.F.,.F.,(8,6,8),(0.,0.590547803237,1.),.UNSPECIFIED.);
#4733 = CARTESIAN_POINT('',(70.211407493534,-14.08076044876,
    -19.8219922506));
#4734 = CARTESIAN_POINT('',(70.211407493534,-14.08076044876,
    -20.02674589028));
#4735 = CARTESIAN_POINT('',(70.190661772481,-14.07872576763,
    -20.2311914234));
#4736 = CARTESIAN_POINT('',(70.149823873877,-14.07472015466,
    -20.43300430355));
#4737 = CARTESIAN_POINT('',(70.089764785737,-14.06934424619,
    -20.6300671774));
#4738 = CARTESIAN_POINT('',(70.011514271481,-14.06363532626,
    -20.82062003253));
#4739 = CARTESIAN_POINT('',(69.916214191378,-14.05887621173,
    -21.00329829155));
#4740 = CARTESIAN_POINT('',(69.728084076319,-14.05479871517,
    -21.29754577876));
#4741 = CARTESIAN_POINT('',(69.643564994268,-14.0542615779,
    -21.41357558137));
#4742 = CARTESIAN_POINT('',(69.552096923002,-14.0553205568,-21.524698149
    ));
#4743 = CARTESIAN_POINT('',(69.454287460966,-14.05845190518,
    -21.63056708203));
#4744 = CARTESIAN_POINT('',(69.350809004882,-14.06411116124,
    -21.7309326321));
#4745 = CARTESIAN_POINT('',(69.242395753531,-14.07269989306,
    -21.82562799541));
#4746 = CARTESIAN_POINT('',(69.129840711535,-14.08453244368,
    -21.91455560602));
#4747 = PCURVE('',#3288,#4748);
#4748 = DEFINITIONAL_REPRESENTATION('',(#4749),#4764);
#4749 = B_SPLINE_CURVE_WITH_KNOTS('',7,(#4750,#4751,#4752,#4753,#4754,
    #4755,#4756,#4757,#4758,#4759,#4760,#4761,#4762,#4763),
  .UNSPECIFIED.,.F.,.F.,(8,6,8),(0.,0.590547803237,1.),.UNSPECIFIED.);
#4750 = CARTESIAN_POINT('',(-1.570796326795,6.617586754128));
#4751 = CARTESIAN_POINT('',(-1.51980270423,6.599741298582));
#4752 = CARTESIAN_POINT('',(-1.469255099632,6.565038211395));
#4753 = CARTESIAN_POINT('',(-1.419504329381,6.51421216831));
#4754 = CARTESIAN_POINT('',(-1.370867902355,6.447899960885));
#4755 = CARTESIAN_POINT('',(-1.323633350418,6.366626723582));
#4756 = CARTESIAN_POINT('',(-1.278063850388,6.270857536491));
#4757 = CARTESIAN_POINT('',(-1.204144569823,6.084937690123));
#4758 = CARTESIAN_POINT('',(-1.174841627227,6.002175432615));
#4759 = CARTESIAN_POINT('',(-1.14661394131,5.913050746709));
#4760 = CARTESIAN_POINT('',(-1.119564904091,5.817880795955));
#4761 = CARTESIAN_POINT('',(-1.09378909609,5.717040541761));
#4762 = CARTESIAN_POINT('',(-1.069371870275,5.610977917288));
#4763 = CARTESIAN_POINT('',(-1.046388936009,5.500229001352));
#4764 = ( GEOMETRIC_REPRESENTATION_CONTEXT(2) 
PARAMETRIC_REPRESENTATION_CONTEXT() REPRESENTATION_CONTEXT('2D SPACE',''
  ) );
#4765 = PCURVE('',#3259,#4766);
#4766 = DEFINITIONAL_REPRESENTATION('',(#4767),#4782);
#4767 = B_SPLINE_CURVE_WITH_KNOTS('',7,(#4768,#4769,#4770,#4771,#4772,
    #4773,#4774,#4775,#4776,#4777,#4778,#4779,#4780,#4781),
  .UNSPECIFIED.,.F.,.F.,(8,6,8),(0.,0.590547803237,1.),.UNSPECIFIED.);
#4768 = CARTESIAN_POINT('',(-0.949430513346,-4.082007749395));
#4769 = CARTESIAN_POINT('',(-0.949430513346,-3.87725410972));
#4770 = CARTESIAN_POINT('',(-0.95332682073,-3.672808576592));
#4771 = CARTESIAN_POINT('',(-0.960996715998,-3.470995696441));
#4772 = CARTESIAN_POINT('',(-0.97226716952,-3.273932822599));
#4773 = CARTESIAN_POINT('',(-0.986927737593,-3.083379967469));
#4774 = CARTESIAN_POINT('',(-1.004755933377,-2.900701708449));
#4775 = CARTESIAN_POINT('',(-1.03992869923,-2.606454221234));
#4776 = CARTESIAN_POINT('',(-1.055725249485,-2.490424418621));
#4777 = CARTESIAN_POINT('',(-1.072818443658,-2.379301850996));
#4778 = CARTESIAN_POINT('',(-1.091102471971,-2.27343291797));
#4779 = CARTESIAN_POINT('',(-1.110464540623,-2.173067367897));
#4780 = CARTESIAN_POINT('',(-1.130785357464,-2.078372004582));
#4781 = CARTESIAN_POINT('',(-1.151939617662,-1.989444393979));
#4782 = ( GEOMETRIC_REPRESENTATION_CONTEXT(2) 
PARAMETRIC_REPRESENTATION_CONTEXT() REPRESENTATION_CONTEXT('2D SPACE',''
  ) );
#4783 = ORIENTED_EDGE('',*,*,#4784,.F.);
#4784 = EDGE_CURVE('',#4698,#4729,#4785,.T.);
#4785 = SURFACE_CURVE('',#4786,(#4790,#4797),.PCURVE_S1.);
#4786 = LINE('',#4787,#4788);
#4787 = CARTESIAN_POINT('',(75.71770633487,-10.90169733048,
    -19.26572828363));
#4788 = VECTOR('',#4789,1.);
#4789 = DIRECTION('',(-0.862729915663,-0.498097349046,
    -8.715574274766E-02));
#4790 = PCURVE('',#3288,#4791);
#4791 = DEFINITIONAL_REPRESENTATION('',(#4792),#4796);
#4792 = LINE('',#4793,#4794);
#4793 = CARTESIAN_POINT('',(-1.570796326795,13.));
#4794 = VECTOR('',#4795,1.);
#4795 = DIRECTION('',(-0.,-1.));
#4796 = ( GEOMETRIC_REPRESENTATION_CONTEXT(2) 
PARAMETRIC_REPRESENTATION_CONTEXT() REPRESENTATION_CONTEXT('2D SPACE',''
  ) );
#4797 = PCURVE('',#3623,#4798);
#4798 = DEFINITIONAL_REPRESENTATION('',(#4799),#4803);
#4799 = LINE('',#4800,#4801);
#4800 = CARTESIAN_POINT('',(35.35,-13.));
#4801 = VECTOR('',#4802,1.);
#4802 = DIRECTION('',(-1.157957318589E-17,1.));
#4803 = ( GEOMETRIC_REPRESENTATION_CONTEXT(2) 
PARAMETRIC_REPRESENTATION_CONTEXT() REPRESENTATION_CONTEXT('2D SPACE',''
  ) );
#4804 = ADVANCED_FACE('',(#4805),#3259,.T.);
#4805 = FACE_BOUND('',#4806,.F.);
#4806 = EDGE_LOOP('',(#4807,#4838,#4859,#4860,#4881,#4882,#4883,#4884));
#4807 = ORIENTED_EDGE('',*,*,#4808,.F.);
#4808 = EDGE_CURVE('',#4809,#4811,#4813,.T.);
#4809 = VERTEX_POINT('',#4810);
#4810 = CARTESIAN_POINT('',(72.535450243008,-14.87516973774,-23.904));
#4811 = VERTEX_POINT('',#4812);
#4812 = CARTESIAN_POINT('',(75.035450243008,-19.20529675667,-23.904));
#4813 = SURFACE_CURVE('',#4814,(#4819,#4826),.PCURVE_S1.);
#4814 = CIRCLE('',#4815,5.35);
#4815 = AXIS2_PLACEMENT_3D('',#4816,#4817,#4818);
#4816 = CARTESIAN_POINT('',(69.689186701682,-19.40521210546,-23.904));
#4817 = DIRECTION('',(0.,-0.,1.));
#4818 = DIRECTION('',(0.866025403784,0.5,0.));
#4819 = PCURVE('',#3259,#4820);
#4820 = DEFINITIONAL_REPRESENTATION('',(#4821),#4825);
#4821 = LINE('',#4822,#4823);
#4822 = CARTESIAN_POINT('',(-0.,0.));
#4823 = VECTOR('',#4824,1.);
#4824 = DIRECTION('',(-1.,0.));
#4825 = ( GEOMETRIC_REPRESENTATION_CONTEXT(2) 
PARAMETRIC_REPRESENTATION_CONTEXT() REPRESENTATION_CONTEXT('2D SPACE',''
  ) );
#4826 = PCURVE('',#4827,#4832);
#4827 = PLANE('',#4828);
#4828 = AXIS2_PLACEMENT_3D('',#4829,#4830,#4831);
#4829 = CARTESIAN_POINT('',(69.689186701682,-19.40521210546,-23.904));
#4830 = DIRECTION('',(0.,0.,1.));
#4831 = DIRECTION('',(0.866025403784,0.5,0.));
#4832 = DEFINITIONAL_REPRESENTATION('',(#4833),#4837);
#4833 = CIRCLE('',#4834,5.35);
#4834 = AXIS2_PLACEMENT_2D('',#4835,#4836);
#4835 = CARTESIAN_POINT('',(1.053060435345E-14,-1.018216765581E-14));
#4836 = DIRECTION('',(1.,-7.437084071669E-18));
#4837 = ( GEOMETRIC_REPRESENTATION_CONTEXT(2) 
PARAMETRIC_REPRESENTATION_CONTEXT() REPRESENTATION_CONTEXT('2D SPACE',''
  ) );
#4838 = ORIENTED_EDGE('',*,*,#4839,.F.);
#4839 = EDGE_CURVE('',#3556,#4809,#4840,.T.);
#4840 = SURFACE_CURVE('',#4841,(#4845,#4852),.PCURVE_S1.);
#4841 = LINE('',#4842,#4843);
#4842 = CARTESIAN_POINT('',(72.535450243008,-14.87516973774,-23.904));
#4843 = VECTOR('',#4844,1.);
#4844 = DIRECTION('',(0.,-0.,-1.));
#4845 = PCURVE('',#3259,#4846);
#4846 = DEFINITIONAL_REPRESENTATION('',(#4847),#4851);
#4847 = LINE('',#4848,#4849);
#4848 = CARTESIAN_POINT('',(-0.486222719089,0.));
#4849 = VECTOR('',#4850,1.);
#4850 = DIRECTION('',(-0.,1.));
#4851 = ( GEOMETRIC_REPRESENTATION_CONTEXT(2) 
PARAMETRIC_REPRESENTATION_CONTEXT() REPRESENTATION_CONTEXT('2D SPACE',''
  ) );
#4852 = PCURVE('',#3571,#4853);
#4853 = DEFINITIONAL_REPRESENTATION('',(#4854),#4858);
#4854 = LINE('',#4855,#4856);
#4855 = CARTESIAN_POINT('',(1.620042283487,-1.));
#4856 = VECTOR('',#4857,1.);
#4857 = DIRECTION('',(-0.,1.));
#4858 = ( GEOMETRIC_REPRESENTATION_CONTEXT(2) 
PARAMETRIC_REPRESENTATION_CONTEXT() REPRESENTATION_CONTEXT('2D SPACE',''
  ) );
#4859 = ORIENTED_EDGE('',*,*,#3583,.T.);
#4860 = ORIENTED_EDGE('',*,*,#4861,.T.);
#4861 = EDGE_CURVE('',#3584,#4729,#4862,.T.);
#4862 = SURFACE_CURVE('',#4863,(#4867,#4874),.PCURVE_S1.);
#4863 = LINE('',#4864,#4865);
#4864 = CARTESIAN_POINT('',(70.211407493534,-14.08076044876,-23.904));
#4865 = VECTOR('',#4866,1.);
#4866 = DIRECTION('',(0.,-0.,-1.));
#4867 = PCURVE('',#3259,#4868);
#4868 = DEFINITIONAL_REPRESENTATION('',(#4869),#4873);
#4869 = LINE('',#4870,#4871);
#4870 = CARTESIAN_POINT('',(-0.949430513346,0.));
#4871 = VECTOR('',#4872,1.);
#4872 = DIRECTION('',(-0.,1.));
#4873 = ( GEOMETRIC_REPRESENTATION_CONTEXT(2) 
PARAMETRIC_REPRESENTATION_CONTEXT() REPRESENTATION_CONTEXT('2D SPACE',''
  ) );
#4874 = PCURVE('',#3623,#4875);
#4875 = DEFINITIONAL_REPRESENTATION('',(#4876),#4880);
#4876 = LINE('',#4877,#4878);
#4877 = CARTESIAN_POINT('',(39.416474477517,-6.261816336828));
#4878 = VECTOR('',#4879,1.);
#4879 = DIRECTION('',(0.996194698092,8.715574274766E-02));
#4880 = ( GEOMETRIC_REPRESENTATION_CONTEXT(2) 
PARAMETRIC_REPRESENTATION_CONTEXT() REPRESENTATION_CONTEXT('2D SPACE',''
  ) );
#4881 = ORIENTED_EDGE('',*,*,#4728,.T.);
#4882 = ORIENTED_EDGE('',*,*,#3243,.F.);
#4883 = ORIENTED_EDGE('',*,*,#3474,.T.);
#4884 = ORIENTED_EDGE('',*,*,#4885,.T.);
#4885 = EDGE_CURVE('',#3475,#4811,#4886,.T.);
#4886 = SURFACE_CURVE('',#4887,(#4891,#4898),.PCURVE_S1.);
#4887 = LINE('',#4888,#4889);
#4888 = CARTESIAN_POINT('',(75.035450243008,-19.20529675667,-23.904));
#4889 = VECTOR('',#4890,1.);
#4890 = DIRECTION('',(0.,-0.,-1.));
#4891 = PCURVE('',#3259,#4892);
#4892 = DEFINITIONAL_REPRESENTATION('',(#4893),#4897);
#4893 = LINE('',#4894,#4895);
#4894 = CARTESIAN_POINT('',(-5.796962588091,0.));
#4895 = VECTOR('',#4896,1.);
#4896 = DIRECTION('',(-0.,1.));
#4897 = ( GEOMETRIC_REPRESENTATION_CONTEXT(2) 
PARAMETRIC_REPRESENTATION_CONTEXT() REPRESENTATION_CONTEXT('2D SPACE',''
  ) );
#4898 = PCURVE('',#3514,#4899);
#4899 = DEFINITIONAL_REPRESENTATION('',(#4900),#4904);
#4900 = LINE('',#4901,#4902);
#4901 = CARTESIAN_POINT('',(4.729957716513,-1.));
#4902 = VECTOR('',#4903,1.);
#4903 = DIRECTION('',(0.,1.));
#4904 = ( GEOMETRIC_REPRESENTATION_CONTEXT(2) 
PARAMETRIC_REPRESENTATION_CONTEXT() REPRESENTATION_CONTEXT('2D SPACE',''
  ) );
#4905 = ADVANCED_FACE('',(#4906),#3438,.F.);
#4906 = FACE_BOUND('',#4907,.F.);
#4907 = EDGE_LOOP('',(#4908,#4931,#4958,#4959));
#4908 = ORIENTED_EDGE('',*,*,#4909,.T.);
#4909 = EDGE_CURVE('',#3422,#4910,#4912,.T.);
#4910 = VERTEX_POINT('',#4911);
#4911 = CARTESIAN_POINT('',(45.937292302837,26.521908076886,
    -5.028508772987));
#4912 = SEAM_CURVE('',#4913,(#4917,#4924),.PCURVE_S1.);
#4913 = LINE('',#4914,#4915);
#4914 = CARTESIAN_POINT('',(42.486372640186,24.529518680702,
    -5.377131743978));
#4915 = VECTOR('',#4916,1.);
#4916 = DIRECTION('',(0.862729915663,0.498097349046,8.715574274766E-02)
  );
#4917 = PCURVE('',#3438,#4918);
#4918 = DEFINITIONAL_REPRESENTATION('',(#4919),#4923);
#4919 = LINE('',#4920,#4921);
#4920 = CARTESIAN_POINT('',(6.28318530718,-0.));
#4921 = VECTOR('',#4922,1.);
#4922 = DIRECTION('',(0.,1.));
#4923 = ( GEOMETRIC_REPRESENTATION_CONTEXT(2) 
PARAMETRIC_REPRESENTATION_CONTEXT() REPRESENTATION_CONTEXT('2D SPACE',''
  ) );
#4924 = PCURVE('',#3438,#4925);
#4925 = DEFINITIONAL_REPRESENTATION('',(#4926),#4930);
#4926 = LINE('',#4927,#4928);
#4927 = CARTESIAN_POINT('',(0.,-0.));
#4928 = VECTOR('',#4929,1.);
#4929 = DIRECTION('',(0.,1.));
#4930 = ( GEOMETRIC_REPRESENTATION_CONTEXT(2) 
PARAMETRIC_REPRESENTATION_CONTEXT() REPRESENTATION_CONTEXT('2D SPACE',''
  ) );
#4931 = ORIENTED_EDGE('',*,*,#4932,.F.);
#4932 = EDGE_CURVE('',#4910,#4910,#4933,.T.);
#4933 = SURFACE_CURVE('',#4934,(#4939,#4946),.PCURVE_S1.);
#4934 = CIRCLE('',#4935,6.35);
#4935 = AXIS2_PLACEMENT_3D('',#4936,#4937,#4938);
#4936 = CARTESIAN_POINT('',(46.416584507225,26.798627560109,
    -11.35434510587));
#4937 = DIRECTION('',(0.862729915663,0.498097349046,8.715574274766E-02)
  );
#4938 = DIRECTION('',(-7.547908730517E-02,-4.357787137383E-02,
    0.996194698092));
#4939 = PCURVE('',#3438,#4940);
#4940 = DEFINITIONAL_REPRESENTATION('',(#4941),#4945);
#4941 = LINE('',#4942,#4943);
#4942 = CARTESIAN_POINT('',(0.,4.));
#4943 = VECTOR('',#4944,1.);
#4944 = DIRECTION('',(1.,0.));
#4945 = ( GEOMETRIC_REPRESENTATION_CONTEXT(2) 
PARAMETRIC_REPRESENTATION_CONTEXT() REPRESENTATION_CONTEXT('2D SPACE',''
  ) );
#4946 = PCURVE('',#4947,#4952);
#4947 = CONICAL_SURFACE('',#4948,6.35,0.715584993318);
#4948 = AXIS2_PLACEMENT_3D('',#4949,#4950,#4951);
#4949 = CARTESIAN_POINT('',(46.416584507225,26.798627560109,
    -11.35434510587));
#4950 = DIRECTION('',(-0.862729915663,-0.498097349046,
    -8.715574274766E-02));
#4951 = DIRECTION('',(-7.547908730517E-02,-4.357787137383E-02,
    0.996194698092));
#4952 = DEFINITIONAL_REPRESENTATION('',(#4953),#4957);
#4953 = LINE('',#4954,#4955);
#4954 = CARTESIAN_POINT('',(-0.,-0.));
#4955 = VECTOR('',#4956,1.);
#4956 = DIRECTION('',(-1.,-0.));
#4957 = ( GEOMETRIC_REPRESENTATION_CONTEXT(2) 
PARAMETRIC_REPRESENTATION_CONTEXT() REPRESENTATION_CONTEXT('2D SPACE',''
  ) );
#4958 = ORIENTED_EDGE('',*,*,#4909,.F.);
#4959 = ORIENTED_EDGE('',*,*,#3421,.T.);
#4960 = ADVANCED_FACE('',(#4961),#3514,.T.);
#4961 = FACE_BOUND('',#4962,.T.);
#4962 = EDGE_LOOP('',(#4963,#4964,#4965,#4988));
#4963 = ORIENTED_EDGE('',*,*,#3498,.F.);
#4964 = ORIENTED_EDGE('',*,*,#4885,.T.);
#4965 = ORIENTED_EDGE('',*,*,#4966,.T.);
#4966 = EDGE_CURVE('',#4811,#4967,#4969,.T.);
#4967 = VERTEX_POINT('',#4968);
#4968 = CARTESIAN_POINT('',(72.870345680119,-20.45532045887,-23.904));
#4969 = SURFACE_CURVE('',#4970,(#4974,#4981),.PCURVE_S1.);
#4970 = LINE('',#4971,#4972);
#4971 = CARTESIAN_POINT('',(70.939186701682,-21.57027561492,-23.904));
#4972 = VECTOR('',#4973,1.);
#4973 = DIRECTION('',(-0.866025403784,-0.5,0.));
#4974 = PCURVE('',#3514,#4975);
#4975 = DEFINITIONAL_REPRESENTATION('',(#4976),#4980);
#4976 = LINE('',#4977,#4978);
#4977 = CARTESIAN_POINT('',(-1.585967487166E-14,-1.));
#4978 = VECTOR('',#4979,1.);
#4979 = DIRECTION('',(-1.,-0.));
#4980 = ( GEOMETRIC_REPRESENTATION_CONTEXT(2) 
PARAMETRIC_REPRESENTATION_CONTEXT() REPRESENTATION_CONTEXT('2D SPACE',''
  ) );
#4981 = PCURVE('',#4827,#4982);
#4982 = DEFINITIONAL_REPRESENTATION('',(#4983),#4987);
#4983 = LINE('',#4984,#4985);
#4984 = CARTESIAN_POINT('',(-4.468647674116E-15,-2.5));
#4985 = VECTOR('',#4986,1.);
#4986 = DIRECTION('',(-1.,7.437084071669E-18));
#4987 = ( GEOMETRIC_REPRESENTATION_CONTEXT(2) 
PARAMETRIC_REPRESENTATION_CONTEXT() REPRESENTATION_CONTEXT('2D SPACE',''
  ) );
#4988 = ORIENTED_EDGE('',*,*,#4989,.F.);
#4989 = EDGE_CURVE('',#3499,#4967,#4990,.T.);
#4990 = SURFACE_CURVE('',#4991,(#4995,#5002),.PCURVE_S1.);
#4991 = LINE('',#4992,#4993);
#4992 = CARTESIAN_POINT('',(72.870345680119,-20.45532045887,-23.904));
#4993 = VECTOR('',#4994,1.);
#4994 = DIRECTION('',(0.,-0.,-1.));
#4995 = PCURVE('',#3514,#4996);
#4996 = DEFINITIONAL_REPRESENTATION('',(#4997),#5001);
#4997 = LINE('',#4998,#4999);
#4998 = CARTESIAN_POINT('',(2.229910312098,-1.));
#4999 = VECTOR('',#5000,1.);
#5000 = DIRECTION('',(0.,1.));
#5001 = ( GEOMETRIC_REPRESENTATION_CONTEXT(2) 
PARAMETRIC_REPRESENTATION_CONTEXT() REPRESENTATION_CONTEXT('2D SPACE',''
  ) );
#5002 = PCURVE('',#3543,#5003);
#5003 = DEFINITIONAL_REPRESENTATION('',(#5004),#5008);
#5004 = LINE('',#5005,#5006);
#5005 = CARTESIAN_POINT('',(-5.440746590569,0.));
#5006 = VECTOR('',#5007,1.);
#5007 = DIRECTION('',(-0.,1.));
#5008 = ( GEOMETRIC_REPRESENTATION_CONTEXT(2) 
PARAMETRIC_REPRESENTATION_CONTEXT() REPRESENTATION_CONTEXT('2D SPACE',''
  ) );
#5009 = ADVANCED_FACE('',(#5010),#3543,.F.);
#5010 = FACE_BOUND('',#5011,.T.);
#5011 = EDGE_LOOP('',(#5012,#5036,#5057,#5058));
#5012 = ORIENTED_EDGE('',*,*,#5013,.F.);
#5013 = EDGE_CURVE('',#5014,#4967,#5016,.T.);
#5014 = VERTEX_POINT('',#5015);
#5015 = CARTESIAN_POINT('',(70.370345680119,-16.12519343995,-23.904));
#5016 = SURFACE_CURVE('',#5017,(#5022,#5029),.PCURVE_S1.);
#5017 = CIRCLE('',#5018,3.35);
#5018 = AXIS2_PLACEMENT_3D('',#5019,#5020,#5021);
#5019 = CARTESIAN_POINT('',(69.689186701682,-19.40521210546,-23.904));
#5020 = DIRECTION('',(0.,-0.,1.));
#5021 = DIRECTION('',(0.866025403784,0.5,0.));
#5022 = PCURVE('',#3543,#5023);
#5023 = DEFINITIONAL_REPRESENTATION('',(#5024),#5028);
#5024 = LINE('',#5025,#5026);
#5025 = CARTESIAN_POINT('',(-0.,0.));
#5026 = VECTOR('',#5027,1.);
#5027 = DIRECTION('',(-1.,0.));
#5028 = ( GEOMETRIC_REPRESENTATION_CONTEXT(2) 
PARAMETRIC_REPRESENTATION_CONTEXT() REPRESENTATION_CONTEXT('2D SPACE',''
  ) );
#5029 = PCURVE('',#4827,#5030);
#5030 = DEFINITIONAL_REPRESENTATION('',(#5031),#5035);
#5031 = CIRCLE('',#5032,3.35);
#5032 = AXIS2_PLACEMENT_2D('',#5033,#5034);
#5033 = CARTESIAN_POINT('',(2.994299290391E-14,-4.980633820561E-15));
#5034 = DIRECTION('',(1.,-7.437084071669E-18));
#5035 = ( GEOMETRIC_REPRESENTATION_CONTEXT(2) 
PARAMETRIC_REPRESENTATION_CONTEXT() REPRESENTATION_CONTEXT('2D SPACE',''
  ) );
#5036 = ORIENTED_EDGE('',*,*,#5037,.F.);
#5037 = EDGE_CURVE('',#3527,#5014,#5038,.T.);
#5038 = SURFACE_CURVE('',#5039,(#5043,#5050),.PCURVE_S1.);
#5039 = LINE('',#5040,#5041);
#5040 = CARTESIAN_POINT('',(70.370345680119,-16.12519343995,-23.904));
#5041 = VECTOR('',#5042,1.);
#5042 = DIRECTION('',(0.,-0.,-1.));
#5043 = PCURVE('',#3543,#5044);
#5044 = DEFINITIONAL_REPRESENTATION('',(#5045),#5049);
#5045 = LINE('',#5046,#5047);
#5046 = CARTESIAN_POINT('',(-0.842438716611,0.));
#5047 = VECTOR('',#5048,1.);
#5048 = DIRECTION('',(-0.,1.));
#5049 = ( GEOMETRIC_REPRESENTATION_CONTEXT(2) 
PARAMETRIC_REPRESENTATION_CONTEXT() REPRESENTATION_CONTEXT('2D SPACE',''
  ) );
#5050 = PCURVE('',#3571,#5051);
#5051 = DEFINITIONAL_REPRESENTATION('',(#5052),#5056);
#5052 = LINE('',#5053,#5054);
#5053 = CARTESIAN_POINT('',(4.120089687902,-1.));
#5054 = VECTOR('',#5055,1.);
#5055 = DIRECTION('',(-0.,1.));
#5056 = ( GEOMETRIC_REPRESENTATION_CONTEXT(2) 
PARAMETRIC_REPRESENTATION_CONTEXT() REPRESENTATION_CONTEXT('2D SPACE',''
  ) );
#5057 = ORIENTED_EDGE('',*,*,#3526,.T.);
#5058 = ORIENTED_EDGE('',*,*,#4989,.T.);
#5059 = ADVANCED_FACE('',(#5060),#3571,.T.);
#5060 = FACE_BOUND('',#5061,.T.);
#5061 = EDGE_LOOP('',(#5062,#5063,#5064,#5065));
#5062 = ORIENTED_EDGE('',*,*,#4839,.F.);
#5063 = ORIENTED_EDGE('',*,*,#3555,.F.);
#5064 = ORIENTED_EDGE('',*,*,#5037,.T.);
#5065 = ORIENTED_EDGE('',*,*,#5066,.T.);
#5066 = EDGE_CURVE('',#5014,#4809,#5067,.T.);
#5067 = SURFACE_CURVE('',#5068,(#5072,#5079),.PCURVE_S1.);
#5068 = LINE('',#5069,#5070);
#5069 = CARTESIAN_POINT('',(71.188817358697,-15.652648596,-23.904));
#5070 = VECTOR('',#5071,1.);
#5071 = DIRECTION('',(0.866025403784,0.5,0.));
#5072 = PCURVE('',#3571,#5073);
#5073 = DEFINITIONAL_REPRESENTATION('',(#5074),#5078);
#5074 = LINE('',#5075,#5076);
#5075 = CARTESIAN_POINT('',(3.175,-1.));
#5076 = VECTOR('',#5077,1.);
#5077 = DIRECTION('',(-1.,0.));
#5078 = ( GEOMETRIC_REPRESENTATION_CONTEXT(2) 
PARAMETRIC_REPRESENTATION_CONTEXT() REPRESENTATION_CONTEXT('2D SPACE',''
  ) );
#5079 = PCURVE('',#4827,#5080);
#5080 = DEFINITIONAL_REPRESENTATION('',(#5081),#5085);
#5081 = LINE('',#5082,#5083);
#5082 = CARTESIAN_POINT('',(3.175,2.5));
#5083 = VECTOR('',#5084,1.);
#5084 = DIRECTION('',(1.,-7.437084071669E-18));
#5085 = ( GEOMETRIC_REPRESENTATION_CONTEXT(2) 
PARAMETRIC_REPRESENTATION_CONTEXT() REPRESENTATION_CONTEXT('2D SPACE',''
  ) );
#5086 = ADVANCED_FACE('',(#5087),#3623,.F.);
#5087 = FACE_BOUND('',#5088,.F.);
#5088 = EDGE_LOOP('',(#5089,#5117,#5118,#5119,#5120,#5143));
#5089 = ORIENTED_EDGE('',*,*,#5090,.T.);
#5090 = EDGE_CURVE('',#5091,#4698,#5093,.T.);
#5091 = VERTEX_POINT('',#5092);
#5092 = CARTESIAN_POINT('',(74.083584094713,-11.84515824572,
    2.301886930048));
#5093 = SURFACE_CURVE('',#5094,(#5098,#5105),.PCURVE_S1.);
#5094 = LINE('',#5095,#5096);
#5095 = CARTESIAN_POINT('',(74.083584094713,-11.84515824572,
    2.301886930048));
#5096 = VECTOR('',#5097,1.);
#5097 = DIRECTION('',(7.547908730517E-02,4.357787137383E-02,
    -0.996194698092));
#5098 = PCURVE('',#3623,#5099);
#5099 = DEFINITIONAL_REPRESENTATION('',(#5100),#5104);
#5100 = LINE('',#5101,#5102);
#5101 = CARTESIAN_POINT('',(13.7,-13.));
#5102 = VECTOR('',#5103,1.);
#5103 = DIRECTION('',(1.,-1.157957318589E-17));
#5104 = ( GEOMETRIC_REPRESENTATION_CONTEXT(2) 
PARAMETRIC_REPRESENTATION_CONTEXT() REPRESENTATION_CONTEXT('2D SPACE',''
  ) );
#5105 = PCURVE('',#5106,#5111);
#5106 = PLANE('',#5107);
#5107 = AXIS2_PLACEMENT_3D('',#5108,#5109,#5110);
#5108 = CARTESIAN_POINT('',(74.174266573629,-11.50412755751,
    2.323675865735));
#5109 = DIRECTION('',(-0.963595564291,0.260164422494,-6.162841671622E-02
    ));
#5110 = DIRECTION('',(-7.547908730517E-02,-4.357787137383E-02,
    0.996194698092));
#5111 = DEFINITIONAL_REPRESENTATION('',(#5112),#5116);
#5112 = LINE('',#5113,#5114);
#5113 = CARTESIAN_POINT('',(-2.420674697104E-15,-0.353553390593));
#5114 = VECTOR('',#5115,1.);
#5115 = DIRECTION('',(-1.,-6.053904699522E-18));
#5116 = ( GEOMETRIC_REPRESENTATION_CONTEXT(2) 
PARAMETRIC_REPRESENTATION_CONTEXT() REPRESENTATION_CONTEXT('2D SPACE',''
  ) );
#5117 = ORIENTED_EDGE('',*,*,#4784,.T.);
#5118 = ORIENTED_EDGE('',*,*,#4861,.F.);
#5119 = ORIENTED_EDGE('',*,*,#3607,.T.);
#5120 = ORIENTED_EDGE('',*,*,#5121,.T.);
#5121 = EDGE_CURVE('',#3608,#5122,#5124,.T.);
#5122 = VERTEX_POINT('',#5123);
#5123 = CARTESIAN_POINT('',(72.358124263388,-12.84135294381,
    2.127575444553));
#5124 = SURFACE_CURVE('',#5125,(#5129,#5136),.PCURVE_S1.);
#5125 = LINE('',#5126,#5127);
#5126 = CARTESIAN_POINT('',(71.324060767307,-13.43836978163,
    15.775442808409));
#5127 = VECTOR('',#5128,1.);
#5128 = DIRECTION('',(7.547908730517E-02,4.357787137383E-02,
    -0.996194698092));
#5129 = PCURVE('',#3623,#5130);
#5130 = DEFINITIONAL_REPRESENTATION('',(#5131),#5135);
#5131 = LINE('',#5132,#5133);
#5132 = CARTESIAN_POINT('',(-2.524802607708E-15,-11.));
#5133 = VECTOR('',#5134,1.);
#5134 = DIRECTION('',(1.,-1.157957318589E-17));
#5135 = ( GEOMETRIC_REPRESENTATION_CONTEXT(2) 
PARAMETRIC_REPRESENTATION_CONTEXT() REPRESENTATION_CONTEXT('2D SPACE',''
  ) );
#5136 = PCURVE('',#3651,#5137);
#5137 = DEFINITIONAL_REPRESENTATION('',(#5138),#5142);
#5138 = LINE('',#5139,#5140);
#5139 = CARTESIAN_POINT('',(19.675,47.3));
#5140 = VECTOR('',#5141,1.);
#5141 = DIRECTION('',(-1.,2.748962873712E-18));
#5142 = ( GEOMETRIC_REPRESENTATION_CONTEXT(2) 
PARAMETRIC_REPRESENTATION_CONTEXT() REPRESENTATION_CONTEXT('2D SPACE',''
  ) );
#5143 = ORIENTED_EDGE('',*,*,#5144,.T.);
#5144 = EDGE_CURVE('',#5122,#5091,#5145,.T.);
#5145 = SURFACE_CURVE('',#5146,(#5150,#5157),.PCURVE_S1.);
#5146 = LINE('',#5147,#5148);
#5147 = CARTESIAN_POINT('',(72.358124263388,-12.84135294381,
    2.127575444553));
#5148 = VECTOR('',#5149,1.);
#5149 = DIRECTION('',(0.862729915663,0.498097349046,8.715574274766E-02)
  );
#5150 = PCURVE('',#3623,#5151);
#5151 = DEFINITIONAL_REPRESENTATION('',(#5152),#5156);
#5152 = LINE('',#5153,#5154);
#5153 = CARTESIAN_POINT('',(13.7,-11.));
#5154 = VECTOR('',#5155,1.);
#5155 = DIRECTION('',(1.157957318589E-17,-1.));
#5156 = ( GEOMETRIC_REPRESENTATION_CONTEXT(2) 
PARAMETRIC_REPRESENTATION_CONTEXT() REPRESENTATION_CONTEXT('2D SPACE',''
  ) );
#5157 = PCURVE('',#3680,#5158);
#5158 = DEFINITIONAL_REPRESENTATION('',(#5159),#5163);
#5159 = LINE('',#5160,#5161);
#5160 = CARTESIAN_POINT('',(1.570796326795,0.));
#5161 = VECTOR('',#5162,1.);
#5162 = DIRECTION('',(0.,1.));
#5163 = ( GEOMETRIC_REPRESENTATION_CONTEXT(2) 
PARAMETRIC_REPRESENTATION_CONTEXT() REPRESENTATION_CONTEXT('2D SPACE',''
  ) );
#5164 = ADVANCED_FACE('',(#5165),#3837,.T.);
#5165 = FACE_BOUND('',#5166,.T.);
#5166 = EDGE_LOOP('',(#5167,#5168,#5169));
#5167 = ORIENTED_EDGE('',*,*,#4563,.T.);
#5168 = ORIENTED_EDGE('',*,*,#3821,.T.);
#5169 = ORIENTED_EDGE('',*,*,#5170,.F.);
#5170 = EDGE_CURVE('',#4541,#3790,#5171,.T.);
#5171 = SURFACE_CURVE('',#5172,(#5177,#5184),.PCURVE_S1.);
#5172 = CIRCLE('',#5173,4.);
#5173 = AXIS2_PLACEMENT_3D('',#5174,#5175,#5176);
#5174 = CARTESIAN_POINT('',(27.058124263388,65.620548639055,
    2.127575444553));
#5175 = DIRECTION('',(0.862729915663,0.498097349046,8.715574274766E-02)
  );
#5176 = DIRECTION('',(-7.547908730517E-02,-4.357787137383E-02,
    0.996194698092));
#5177 = PCURVE('',#3837,#5178);
#5178 = DEFINITIONAL_REPRESENTATION('',(#5179),#5183);
#5179 = CIRCLE('',#5180,4.);
#5180 = AXIS2_PLACEMENT_2D('',#5181,#5182);
#5181 = CARTESIAN_POINT('',(5.975,-43.3));
#5182 = DIRECTION('',(1.,-2.748962873712E-18));
#5183 = ( GEOMETRIC_REPRESENTATION_CONTEXT(2) 
PARAMETRIC_REPRESENTATION_CONTEXT() REPRESENTATION_CONTEXT('2D SPACE',''
  ) );
#5184 = PCURVE('',#3806,#5185);
#5185 = DEFINITIONAL_REPRESENTATION('',(#5186),#5190);
#5186 = LINE('',#5187,#5188);
#5187 = CARTESIAN_POINT('',(-4.712388980385,0.));
#5188 = VECTOR('',#5189,1.);
#5189 = DIRECTION('',(1.,0.));
#5190 = ( GEOMETRIC_REPRESENTATION_CONTEXT(2) 
PARAMETRIC_REPRESENTATION_CONTEXT() REPRESENTATION_CONTEXT('2D SPACE',''
  ) );
#5191 = ADVANCED_FACE('',(#5192),#3651,.T.);
#5192 = FACE_BOUND('',#5193,.T.);
#5193 = EDGE_LOOP('',(#5194,#5195,#5196));
#5194 = ORIENTED_EDGE('',*,*,#3635,.T.);
#5195 = ORIENTED_EDGE('',*,*,#5121,.T.);
#5196 = ORIENTED_EDGE('',*,*,#5197,.F.);
#5197 = EDGE_CURVE('',#3636,#5122,#5198,.T.);
#5198 = SURFACE_CURVE('',#5199,(#5204,#5211),.PCURVE_S1.);
#5199 = CIRCLE('',#5200,4.);
#5200 = AXIS2_PLACEMENT_3D('',#5201,#5202,#5203);
#5201 = CARTESIAN_POINT('',(70.358124263388,-9.377251328678,
    2.127575444553));
#5202 = DIRECTION('',(0.862729915663,0.498097349046,8.715574274766E-02)
  );
#5203 = DIRECTION('',(-7.547908730517E-02,-4.357787137383E-02,
    0.996194698092));
#5204 = PCURVE('',#3651,#5205);
#5205 = DEFINITIONAL_REPRESENTATION('',(#5206),#5210);
#5206 = CIRCLE('',#5207,4.);
#5207 = AXIS2_PLACEMENT_2D('',#5208,#5209);
#5208 = CARTESIAN_POINT('',(5.975,43.3));
#5209 = DIRECTION('',(1.,-2.748962873712E-18));
#5210 = ( GEOMETRIC_REPRESENTATION_CONTEXT(2) 
PARAMETRIC_REPRESENTATION_CONTEXT() REPRESENTATION_CONTEXT('2D SPACE',''
  ) );
#5211 = PCURVE('',#3680,#5212);
#5212 = DEFINITIONAL_REPRESENTATION('',(#5213),#5217);
#5213 = LINE('',#5214,#5215);
#5214 = CARTESIAN_POINT('',(0.,0.));
#5215 = VECTOR('',#5216,1.);
#5216 = DIRECTION('',(1.,0.));
#5217 = ( GEOMETRIC_REPRESENTATION_CONTEXT(2) 
PARAMETRIC_REPRESENTATION_CONTEXT() REPRESENTATION_CONTEXT('2D SPACE',''
  ) );
#5218 = ADVANCED_FACE('',(#5219),#3806,.T.);
#5219 = FACE_BOUND('',#5220,.T.);
#5220 = EDGE_LOOP('',(#5221,#5243,#5244,#5245));
#5221 = ORIENTED_EDGE('',*,*,#5222,.F.);
#5222 = EDGE_CURVE('',#4513,#3757,#5223,.T.);
#5223 = SURFACE_CURVE('',#5224,(#5229,#5236),.PCURVE_S1.);
#5224 = CIRCLE('',#5225,4.);
#5225 = AXIS2_PLACEMENT_3D('',#5226,#5227,#5228);
#5226 = CARTESIAN_POINT('',(28.783584094713,66.616743337147,
    2.301886930048));
#5227 = DIRECTION('',(0.862729915663,0.498097349046,8.715574274766E-02)
  );
#5228 = DIRECTION('',(-0.5,0.866025403784,0.));
#5229 = PCURVE('',#3806,#5230);
#5230 = DEFINITIONAL_REPRESENTATION('',(#5231),#5235);
#5231 = LINE('',#5232,#5233);
#5232 = CARTESIAN_POINT('',(0.,2.));
#5233 = VECTOR('',#5234,1.);
#5234 = DIRECTION('',(1.,0.));
#5235 = ( GEOMETRIC_REPRESENTATION_CONTEXT(2) 
PARAMETRIC_REPRESENTATION_CONTEXT() REPRESENTATION_CONTEXT('2D SPACE',''
  ) );
#5236 = PCURVE('',#3773,#5237);
#5237 = DEFINITIONAL_REPRESENTATION('',(#5238),#5242);
#5238 = LINE('',#5239,#5240);
#5239 = CARTESIAN_POINT('',(-0.,-0.));
#5240 = VECTOR('',#5241,1.);
#5241 = DIRECTION('',(-1.,-0.));
#5242 = ( GEOMETRIC_REPRESENTATION_CONTEXT(2) 
PARAMETRIC_REPRESENTATION_CONTEXT() REPRESENTATION_CONTEXT('2D SPACE',''
  ) );
#5243 = ORIENTED_EDGE('',*,*,#4540,.F.);
#5244 = ORIENTED_EDGE('',*,*,#5170,.T.);
#5245 = ORIENTED_EDGE('',*,*,#3789,.F.);
#5246 = ADVANCED_FACE('',(#5247),#3680,.T.);
#5247 = FACE_BOUND('',#5248,.T.);
#5248 = EDGE_LOOP('',(#5249,#5271,#5272,#5273));
#5249 = ORIENTED_EDGE('',*,*,#5250,.F.);
#5250 = EDGE_CURVE('',#3664,#5091,#5251,.T.);
#5251 = SURFACE_CURVE('',#5252,(#5257,#5264),.PCURVE_S1.);
#5252 = CIRCLE('',#5253,4.);
#5253 = AXIS2_PLACEMENT_3D('',#5254,#5255,#5256);
#5254 = CARTESIAN_POINT('',(72.083584094713,-8.381056630586,
    2.301886930048));
#5255 = DIRECTION('',(0.862729915663,0.498097349046,8.715574274766E-02)
  );
#5256 = DIRECTION('',(-7.547908730517E-02,-4.357787137383E-02,
    0.996194698092));
#5257 = PCURVE('',#3680,#5258);
#5258 = DEFINITIONAL_REPRESENTATION('',(#5259),#5263);
#5259 = LINE('',#5260,#5261);
#5260 = CARTESIAN_POINT('',(0.,2.));
#5261 = VECTOR('',#5262,1.);
#5262 = DIRECTION('',(1.,0.));
#5263 = ( GEOMETRIC_REPRESENTATION_CONTEXT(2) 
PARAMETRIC_REPRESENTATION_CONTEXT() REPRESENTATION_CONTEXT('2D SPACE',''
  ) );
#5264 = PCURVE('',#3712,#5265);
#5265 = DEFINITIONAL_REPRESENTATION('',(#5266),#5270);
#5266 = LINE('',#5267,#5268);
#5267 = CARTESIAN_POINT('',(-0.,-0.));
#5268 = VECTOR('',#5269,1.);
#5269 = DIRECTION('',(-1.,-0.));
#5270 = ( GEOMETRIC_REPRESENTATION_CONTEXT(2) 
PARAMETRIC_REPRESENTATION_CONTEXT() REPRESENTATION_CONTEXT('2D SPACE',''
  ) );
#5271 = ORIENTED_EDGE('',*,*,#3663,.F.);
#5272 = ORIENTED_EDGE('',*,*,#5197,.T.);
#5273 = ORIENTED_EDGE('',*,*,#5144,.T.);
#5274 = ADVANCED_FACE('',(#5275),#3773,.T.);
#5275 = FACE_BOUND('',#5276,.T.);
#5276 = EDGE_LOOP('',(#5277,#5300,#5301,#5302,#5325));
#5277 = ORIENTED_EDGE('',*,*,#5278,.F.);
#5278 = EDGE_CURVE('',#4513,#5279,#5281,.T.);
#5279 = VERTEX_POINT('',#5280);
#5280 = CARTESIAN_POINT('',(27.464949052545,69.896880924915,
    2.345464801422));
#5281 = SURFACE_CURVE('',#5282,(#5286,#5293),.PCURVE_S1.);
#5282 = LINE('',#5283,#5284);
#5283 = CARTESIAN_POINT('',(27.124266573629,69.9888629386,2.323675865735
    ));
#5284 = VECTOR('',#5285,1.);
#5285 = DIRECTION('',(0.963595564291,-0.260164422494,6.162841671622E-02)
  );
#5286 = PCURVE('',#3773,#5287);
#5287 = DEFINITIONAL_REPRESENTATION('',(#5288),#5292);
#5288 = LINE('',#5289,#5290);
#5289 = CARTESIAN_POINT('',(-0.,-0.25));
#5290 = VECTOR('',#5291,1.);
#5291 = DIRECTION('',(-0.,-1.));
#5292 = ( GEOMETRIC_REPRESENTATION_CONTEXT(2) 
PARAMETRIC_REPRESENTATION_CONTEXT() REPRESENTATION_CONTEXT('2D SPACE',''
  ) );
#5293 = PCURVE('',#4528,#5294);
#5294 = DEFINITIONAL_REPRESENTATION('',(#5295),#5299);
#5295 = LINE('',#5296,#5297);
#5296 = CARTESIAN_POINT('',(-21.65,-4.185881536833E-15));
#5297 = VECTOR('',#5298,1.);
#5298 = DIRECTION('',(9.113937905993E-19,1.));
#5299 = ( GEOMETRIC_REPRESENTATION_CONTEXT(2) 
PARAMETRIC_REPRESENTATION_CONTEXT() REPRESENTATION_CONTEXT('2D SPACE',''
  ) );
#5300 = ORIENTED_EDGE('',*,*,#5222,.T.);
#5301 = ORIENTED_EDGE('',*,*,#3756,.T.);
#5302 = ORIENTED_EDGE('',*,*,#5303,.T.);
#5303 = EDGE_CURVE('',#3729,#5304,#5306,.T.);
#5304 = VERTEX_POINT('',#5305);
#5305 = CARTESIAN_POINT('',(28.950772246977,66.713269461861,
    5.832146244743));
#5306 = SURFACE_CURVE('',#5307,(#5311,#5318),.PCURVE_S1.);
#5307 = LINE('',#5308,#5309);
#5308 = CARTESIAN_POINT('',(28.481667745493,66.442431851651,
    6.286665722415));
#5309 = VECTOR('',#5310,1.);
#5310 = DIRECTION('',(0.663413948169,0.383022221559,-0.642787609687));
#5311 = PCURVE('',#3773,#5312);
#5312 = DEFINITIONAL_REPRESENTATION('',(#5313),#5317);
#5313 = LINE('',#5314,#5315);
#5314 = CARTESIAN_POINT('',(-1.570796326795,-0.));
#5315 = VECTOR('',#5316,1.);
#5316 = DIRECTION('',(-0.,-1.));
#5317 = ( GEOMETRIC_REPRESENTATION_CONTEXT(2) 
PARAMETRIC_REPRESENTATION_CONTEXT() REPRESENTATION_CONTEXT('2D SPACE',''
  ) );
#5318 = PCURVE('',#3744,#5319);
#5319 = DEFINITIONAL_REPRESENTATION('',(#5320),#5324);
#5320 = LINE('',#5321,#5322);
#5321 = CARTESIAN_POINT('',(-6.896731965603E-15,-0.353553390593));
#5322 = VECTOR('',#5323,1.);
#5323 = DIRECTION('',(-1.775387529559E-17,1.));
#5324 = ( GEOMETRIC_REPRESENTATION_CONTEXT(2) 
PARAMETRIC_REPRESENTATION_CONTEXT() REPRESENTATION_CONTEXT('2D SPACE',''
  ) );
#5325 = ORIENTED_EDGE('',*,*,#5326,.F.);
#5326 = EDGE_CURVE('',#5279,#5304,#5327,.T.);
#5327 = SURFACE_CURVE('',#5328,(#5333,#5340),.PCURVE_S1.);
#5328 = CIRCLE('',#5329,3.5);
#5329 = AXIS2_PLACEMENT_3D('',#5330,#5331,#5332);
#5330 = CARTESIAN_POINT('',(29.214949052545,66.86579201167,
    2.345464801422));
#5331 = DIRECTION('',(0.862729915663,0.498097349046,8.715574274766E-02)
  );
#5332 = DIRECTION('',(-0.5,0.866025403784,0.));
#5333 = PCURVE('',#3773,#5334);
#5334 = DEFINITIONAL_REPRESENTATION('',(#5335),#5339);
#5335 = LINE('',#5336,#5337);
#5336 = CARTESIAN_POINT('',(-0.,-0.5));
#5337 = VECTOR('',#5338,1.);
#5338 = DIRECTION('',(-1.,-0.));
#5339 = ( GEOMETRIC_REPRESENTATION_CONTEXT(2) 
PARAMETRIC_REPRESENTATION_CONTEXT() REPRESENTATION_CONTEXT('2D SPACE',''
  ) );
#5340 = PCURVE('',#5341,#5346);
#5341 = PLANE('',#5342);
#5342 = AXIS2_PLACEMENT_3D('',#5343,#5344,#5345);
#5343 = CARTESIAN_POINT('',(51.682010172623,29.838622485425,
    -8.438342805421));
#5344 = DIRECTION('',(0.862729915663,0.498097349046,8.715574274766E-02)
  );
#5345 = DIRECTION('',(-7.547908730517E-02,-4.357787137383E-02,
    0.996194698092));
#5346 = DEFINITIONAL_REPRESENTATION('',(#5347),#5351);
#5347 = CIRCLE('',#5348,3.5);
#5348 = AXIS2_PLACEMENT_2D('',#5349,#5350);
#5349 = CARTESIAN_POINT('',(10.825,-43.3));
#5350 = DIRECTION('',(1.462997699119E-18,-1.));
#5351 = ( GEOMETRIC_REPRESENTATION_CONTEXT(2) 
PARAMETRIC_REPRESENTATION_CONTEXT() REPRESENTATION_CONTEXT('2D SPACE',''
  ) );
#5352 = ADVANCED_FACE('',(#5353),#3712,.T.);
#5353 = FACE_BOUND('',#5354,.T.);
#5354 = EDGE_LOOP('',(#5355,#5378,#5379,#5380,#5403));
#5355 = ORIENTED_EDGE('',*,*,#5356,.F.);
#5356 = EDGE_CURVE('',#3696,#5357,#5359,.T.);
#5357 = VERTEX_POINT('',#5358);
#5358 = CARTESIAN_POINT('',(72.250772246977,-8.284530505871,
    5.832146244743));
#5359 = SURFACE_CURVE('',#5360,(#5364,#5371),.PCURVE_S1.);
#5360 = LINE('',#5361,#5362);
#5361 = CARTESIAN_POINT('',(72.016219996235,-8.419949310976,
    6.059405983579));
#5362 = VECTOR('',#5363,1.);
#5363 = DIRECTION('',(0.663413948169,0.383022221559,-0.642787609687));
#5364 = PCURVE('',#3712,#5365);
#5365 = DEFINITIONAL_REPRESENTATION('',(#5366),#5370);
#5366 = LINE('',#5367,#5368);
#5367 = CARTESIAN_POINT('',(-0.,-0.25));
#5368 = VECTOR('',#5369,1.);
#5369 = DIRECTION('',(-0.,-1.));
#5370 = ( GEOMETRIC_REPRESENTATION_CONTEXT(2) 
PARAMETRIC_REPRESENTATION_CONTEXT() REPRESENTATION_CONTEXT('2D SPACE',''
  ) );
#5371 = PCURVE('',#3744,#5372);
#5372 = DEFINITIONAL_REPRESENTATION('',(#5373),#5377);
#5373 = LINE('',#5374,#5375);
#5374 = CARTESIAN_POINT('',(-86.6,3.302192470506E-15));
#5375 = VECTOR('',#5376,1.);
#5376 = DIRECTION('',(-1.775387529559E-17,1.));
#5377 = ( GEOMETRIC_REPRESENTATION_CONTEXT(2) 
PARAMETRIC_REPRESENTATION_CONTEXT() REPRESENTATION_CONTEXT('2D SPACE',''
  ) );
#5378 = ORIENTED_EDGE('',*,*,#3695,.T.);
#5379 = ORIENTED_EDGE('',*,*,#5250,.T.);
#5380 = ORIENTED_EDGE('',*,*,#5381,.T.);
#5381 = EDGE_CURVE('',#5091,#5382,#5384,.T.);
#5382 = VERTEX_POINT('',#5383);
#5383 = CARTESIAN_POINT('',(74.264949052545,-11.1630968693,
    2.345464801422));
#5384 = SURFACE_CURVE('',#5385,(#5389,#5396),.PCURVE_S1.);
#5385 = LINE('',#5386,#5387);
#5386 = CARTESIAN_POINT('',(74.083584094713,-11.84515824572,
    2.301886930048));
#5387 = VECTOR('',#5388,1.);
#5388 = DIRECTION('',(0.256488783104,0.964580448897,6.162841671622E-02)
  );
#5389 = PCURVE('',#3712,#5390);
#5390 = DEFINITIONAL_REPRESENTATION('',(#5391),#5395);
#5391 = LINE('',#5392,#5393);
#5392 = CARTESIAN_POINT('',(-1.570796326795,-0.));
#5393 = VECTOR('',#5394,1.);
#5394 = DIRECTION('',(-0.,-1.));
#5395 = ( GEOMETRIC_REPRESENTATION_CONTEXT(2) 
PARAMETRIC_REPRESENTATION_CONTEXT() REPRESENTATION_CONTEXT('2D SPACE',''
  ) );
#5396 = PCURVE('',#5106,#5397);
#5397 = DEFINITIONAL_REPRESENTATION('',(#5398),#5402);
#5398 = LINE('',#5399,#5400);
#5399 = CARTESIAN_POINT('',(-2.420674697104E-15,-0.353553390593));
#5400 = VECTOR('',#5401,1.);
#5401 = DIRECTION('',(-3.542103120664E-17,1.));
#5402 = ( GEOMETRIC_REPRESENTATION_CONTEXT(2) 
PARAMETRIC_REPRESENTATION_CONTEXT() REPRESENTATION_CONTEXT('2D SPACE',''
  ) );
#5403 = ORIENTED_EDGE('',*,*,#5404,.F.);
#5404 = EDGE_CURVE('',#5357,#5382,#5405,.T.);
#5405 = SURFACE_CURVE('',#5406,(#5411,#5418),.PCURVE_S1.);
#5406 = CIRCLE('',#5407,3.5);
#5407 = AXIS2_PLACEMENT_3D('',#5408,#5409,#5410);
#5408 = CARTESIAN_POINT('',(72.514949052545,-8.132007956063,
    2.345464801422));
#5409 = DIRECTION('',(0.862729915663,0.498097349046,8.715574274766E-02)
  );
#5410 = DIRECTION('',(-7.547908730517E-02,-4.357787137383E-02,
    0.996194698092));
#5411 = PCURVE('',#3712,#5412);
#5412 = DEFINITIONAL_REPRESENTATION('',(#5413),#5417);
#5413 = LINE('',#5414,#5415);
#5414 = CARTESIAN_POINT('',(-0.,-0.5));
#5415 = VECTOR('',#5416,1.);
#5416 = DIRECTION('',(-1.,-0.));
#5417 = ( GEOMETRIC_REPRESENTATION_CONTEXT(2) 
PARAMETRIC_REPRESENTATION_CONTEXT() REPRESENTATION_CONTEXT('2D SPACE',''
  ) );
#5418 = PCURVE('',#5341,#5419);
#5419 = DEFINITIONAL_REPRESENTATION('',(#5420),#5424);
#5420 = CIRCLE('',#5421,3.5);
#5421 = AXIS2_PLACEMENT_2D('',#5422,#5423);
#5422 = CARTESIAN_POINT('',(10.825,43.3));
#5423 = DIRECTION('',(1.,-2.748962873712E-18));
#5424 = ( GEOMETRIC_REPRESENTATION_CONTEXT(2) 
PARAMETRIC_REPRESENTATION_CONTEXT() REPRESENTATION_CONTEXT('2D SPACE',''
  ) );
#5425 = ADVANCED_FACE('',(#5426),#3744,.F.);
#5426 = FACE_BOUND('',#5427,.T.);
#5427 = EDGE_LOOP('',(#5428,#5429,#5430,#5431));
#5428 = ORIENTED_EDGE('',*,*,#5303,.F.);
#5429 = ORIENTED_EDGE('',*,*,#3728,.T.);
#5430 = ORIENTED_EDGE('',*,*,#5356,.T.);
#5431 = ORIENTED_EDGE('',*,*,#5432,.F.);
#5432 = EDGE_CURVE('',#5304,#5357,#5433,.T.);
#5433 = SURFACE_CURVE('',#5434,(#5438,#5445),.PCURVE_S1.);
#5434 = LINE('',#5435,#5436);
#5435 = CARTESIAN_POINT('',(28.950772246977,66.713269461861,
    5.832146244743));
#5436 = VECTOR('',#5437,1.);
#5437 = DIRECTION('',(0.5,-0.866025403784,0.));
#5438 = PCURVE('',#3744,#5439);
#5439 = DEFINITIONAL_REPRESENTATION('',(#5440),#5444);
#5440 = LINE('',#5441,#5442);
#5441 = CARTESIAN_POINT('',(-5.412865819929E-15,0.353553390593));
#5442 = VECTOR('',#5443,1.);
#5443 = DIRECTION('',(-1.,3.080220888473E-17));
#5444 = ( GEOMETRIC_REPRESENTATION_CONTEXT(2) 
PARAMETRIC_REPRESENTATION_CONTEXT() REPRESENTATION_CONTEXT('2D SPACE',''
  ) );
#5445 = PCURVE('',#5341,#5446);
#5446 = DEFINITIONAL_REPRESENTATION('',(#5447),#5451);
#5447 = LINE('',#5448,#5449);
#5448 = CARTESIAN_POINT('',(14.325,-43.3));
#5449 = VECTOR('',#5450,1.);
#5450 = DIRECTION('',(-3.410564202805E-18,1.));
#5451 = ( GEOMETRIC_REPRESENTATION_CONTEXT(2) 
PARAMETRIC_REPRESENTATION_CONTEXT() REPRESENTATION_CONTEXT('2D SPACE',''
  ) );
#5452 = ADVANCED_FACE('',(#5453),#4124,.F.);
#5453 = FACE_BOUND('',#5454,.T.);
#5454 = EDGE_LOOP('',(#5455,#5479,#5500,#5501));
#5455 = ORIENTED_EDGE('',*,*,#5456,.T.);
#5456 = EDGE_CURVE('',#4392,#5457,#5459,.T.);
#5457 = VERTEX_POINT('',#5458);
#5458 = CARTESIAN_POINT('',(20.9,-8.628779536711E-16,0.));
#5459 = SURFACE_CURVE('',#5460,(#5465,#5472),.PCURVE_S1.);
#5460 = CIRCLE('',#5461,20.9);
#5461 = AXIS2_PLACEMENT_3D('',#5462,#5463,#5464);
#5462 = CARTESIAN_POINT('',(1.191989025406E-13,-8.628779536711E-16,0.));
#5463 = DIRECTION('',(0.,0.,1.));
#5464 = DIRECTION('',(1.,0.,0.));
#5465 = PCURVE('',#4124,#5466);
#5466 = DEFINITIONAL_REPRESENTATION('',(#5467),#5471);
#5467 = LINE('',#5468,#5469);
#5468 = CARTESIAN_POINT('',(-0.,-3.));
#5469 = VECTOR('',#5470,1.);
#5470 = DIRECTION('',(-1.,0.));
#5471 = ( GEOMETRIC_REPRESENTATION_CONTEXT(2) 
PARAMETRIC_REPRESENTATION_CONTEXT() REPRESENTATION_CONTEXT('2D SPACE',''
  ) );
#5472 = PCURVE('',#4429,#5473);
#5473 = DEFINITIONAL_REPRESENTATION('',(#5474),#5478);
#5474 = CIRCLE('',#5475,20.9);
#5475 = AXIS2_PLACEMENT_2D('',#5476,#5477);
#5476 = CARTESIAN_POINT('',(1.219337828056E-13,-2.549950095141E-15));
#5477 = DIRECTION('',(1.,0.));
#5478 = ( GEOMETRIC_REPRESENTATION_CONTEXT(2) 
PARAMETRIC_REPRESENTATION_CONTEXT() REPRESENTATION_CONTEXT('2D SPACE',''
  ) );
#5479 = ORIENTED_EDGE('',*,*,#5480,.F.);
#5480 = EDGE_CURVE('',#4079,#5457,#5481,.T.);
#5481 = SURFACE_CURVE('',#5482,(#5486,#5493),.PCURVE_S1.);
#5482 = LINE('',#5483,#5484);
#5483 = CARTESIAN_POINT('',(20.9,-8.628779536711E-16,-3.));
#5484 = VECTOR('',#5485,1.);
#5485 = DIRECTION('',(0.,0.,1.));
#5486 = PCURVE('',#4124,#5487);
#5487 = DEFINITIONAL_REPRESENTATION('',(#5488),#5492);
#5488 = LINE('',#5489,#5490);
#5489 = CARTESIAN_POINT('',(-6.28318530718,0.));
#5490 = VECTOR('',#5491,1.);
#5491 = DIRECTION('',(-0.,-1.));
#5492 = ( GEOMETRIC_REPRESENTATION_CONTEXT(2) 
PARAMETRIC_REPRESENTATION_CONTEXT() REPRESENTATION_CONTEXT('2D SPACE',''
  ) );
#5493 = PCURVE('',#4095,#5494);
#5494 = DEFINITIONAL_REPRESENTATION('',(#5495),#5499);
#5495 = LINE('',#5496,#5497);
#5496 = CARTESIAN_POINT('',(-0.,0.));
#5497 = VECTOR('',#5498,1.);
#5498 = DIRECTION('',(-0.,-1.));
#5499 = ( GEOMETRIC_REPRESENTATION_CONTEXT(2) 
PARAMETRIC_REPRESENTATION_CONTEXT() REPRESENTATION_CONTEXT('2D SPACE',''
  ) );
#5500 = ORIENTED_EDGE('',*,*,#4107,.F.);
#5501 = ORIENTED_EDGE('',*,*,#4391,.F.);
#5502 = ADVANCED_FACE('',(#5503),#4095,.F.);
#5503 = FACE_BOUND('',#5504,.T.);
#5504 = EDGE_LOOP('',(#5505,#5506,#5507,#5529));
#5505 = ORIENTED_EDGE('',*,*,#4078,.F.);
#5506 = ORIENTED_EDGE('',*,*,#5480,.T.);
#5507 = ORIENTED_EDGE('',*,*,#5508,.T.);
#5508 = EDGE_CURVE('',#5457,#4413,#5509,.T.);
#5509 = SURFACE_CURVE('',#5510,(#5515,#5522),.PCURVE_S1.);
#5510 = CIRCLE('',#5511,20.9);
#5511 = AXIS2_PLACEMENT_3D('',#5512,#5513,#5514);
#5512 = CARTESIAN_POINT('',(1.191989025406E-13,-8.628779536711E-16,0.));
#5513 = DIRECTION('',(0.,0.,1.));
#5514 = DIRECTION('',(1.,0.,0.));
#5515 = PCURVE('',#4095,#5516);
#5516 = DEFINITIONAL_REPRESENTATION('',(#5517),#5521);
#5517 = LINE('',#5518,#5519);
#5518 = CARTESIAN_POINT('',(-0.,-3.));
#5519 = VECTOR('',#5520,1.);
#5520 = DIRECTION('',(-1.,0.));
#5521 = ( GEOMETRIC_REPRESENTATION_CONTEXT(2) 
PARAMETRIC_REPRESENTATION_CONTEXT() REPRESENTATION_CONTEXT('2D SPACE',''
  ) );
#5522 = PCURVE('',#4429,#5523);
#5523 = DEFINITIONAL_REPRESENTATION('',(#5524),#5528);
#5524 = CIRCLE('',#5525,20.9);
#5525 = AXIS2_PLACEMENT_2D('',#5526,#5527);
#5526 = CARTESIAN_POINT('',(1.219337828056E-13,-2.549950095141E-15));
#5527 = DIRECTION('',(1.,0.));
#5528 = ( GEOMETRIC_REPRESENTATION_CONTEXT(2) 
PARAMETRIC_REPRESENTATION_CONTEXT() REPRESENTATION_CONTEXT('2D SPACE',''
  ) );
#5529 = ORIENTED_EDGE('',*,*,#4445,.T.);
#5530 = ADVANCED_FACE('',(#5531),#4364,.F.);
#5531 = FACE_BOUND('',#5532,.T.);
#5532 = EDGE_LOOP('',(#5533,#5534,#5557,#5584));
#5533 = ORIENTED_EDGE('',*,*,#4343,.F.);
#5534 = ORIENTED_EDGE('',*,*,#5535,.T.);
#5535 = EDGE_CURVE('',#4344,#5536,#5538,.T.);
#5536 = VERTEX_POINT('',#5537);
#5537 = CARTESIAN_POINT('',(12.,2.124508185672E-16,-4.));
#5538 = SEAM_CURVE('',#5539,(#5543,#5550),.PCURVE_S1.);
#5539 = LINE('',#5540,#5541);
#5540 = CARTESIAN_POINT('',(12.,0.,6.));
#5541 = VECTOR('',#5542,1.);
#5542 = DIRECTION('',(7.638334409421E-15,2.124508185672E-17,-1.));
#5543 = PCURVE('',#4364,#5544);
#5544 = DEFINITIONAL_REPRESENTATION('',(#5545),#5549);
#5545 = LINE('',#5546,#5547);
#5546 = CARTESIAN_POINT('',(-0.,-26.));
#5547 = VECTOR('',#5548,1.);
#5548 = DIRECTION('',(0.,1.));
#5549 = ( GEOMETRIC_REPRESENTATION_CONTEXT(2) 
PARAMETRIC_REPRESENTATION_CONTEXT() REPRESENTATION_CONTEXT('2D SPACE',''
  ) );
#5550 = PCURVE('',#4364,#5551);
#5551 = DEFINITIONAL_REPRESENTATION('',(#5552),#5556);
#5552 = LINE('',#5553,#5554);
#5553 = CARTESIAN_POINT('',(-6.28318530718,-26.));
#5554 = VECTOR('',#5555,1.);
#5555 = DIRECTION('',(0.,1.));
#5556 = ( GEOMETRIC_REPRESENTATION_CONTEXT(2) 
PARAMETRIC_REPRESENTATION_CONTEXT() REPRESENTATION_CONTEXT('2D SPACE',''
  ) );
#5557 = ORIENTED_EDGE('',*,*,#5558,.F.);
#5558 = EDGE_CURVE('',#5536,#5536,#5559,.T.);
#5559 = SURFACE_CURVE('',#5560,(#5565,#5572),.PCURVE_S1.);
#5560 = CIRCLE('',#5561,12.);
#5561 = AXIS2_PLACEMENT_3D('',#5562,#5563,#5564);
#5562 = CARTESIAN_POINT('',(7.555092137322E-14,2.124508185672E-16,-4.));
#5563 = DIRECTION('',(0.,0.,1.));
#5564 = DIRECTION('',(1.,0.,0.));
#5565 = PCURVE('',#4364,#5566);
#5566 = DEFINITIONAL_REPRESENTATION('',(#5567),#5571);
#5567 = LINE('',#5568,#5569);
#5568 = CARTESIAN_POINT('',(-0.,-16.));
#5569 = VECTOR('',#5570,1.);
#5570 = DIRECTION('',(-1.,0.));
#5571 = ( GEOMETRIC_REPRESENTATION_CONTEXT(2) 
PARAMETRIC_REPRESENTATION_CONTEXT() REPRESENTATION_CONTEXT('2D SPACE',''
  ) );
#5572 = PCURVE('',#5573,#5578);
#5573 = PLANE('',#5574);
#5574 = AXIS2_PLACEMENT_3D('',#5575,#5576,#5577);
#5575 = CARTESIAN_POINT('',(-6.990109303716E-16,7.59164447188E-16,-4.));
#5576 = DIRECTION('',(0.,0.,1.));
#5577 = DIRECTION('',(1.,0.,-0.));
#5578 = DEFINITIONAL_REPRESENTATION('',(#5579),#5583);
#5579 = CIRCLE('',#5580,12.);
#5580 = AXIS2_PLACEMENT_2D('',#5581,#5582);
#5581 = CARTESIAN_POINT('',(7.62499323036E-14,-5.467136286208E-16));
#5582 = DIRECTION('',(1.,0.));
#5583 = ( GEOMETRIC_REPRESENTATION_CONTEXT(2) 
PARAMETRIC_REPRESENTATION_CONTEXT() REPRESENTATION_CONTEXT('2D SPACE',''
  ) );
#5584 = ORIENTED_EDGE('',*,*,#5535,.F.);
#5585 = ADVANCED_FACE('',(#5586,#5591),#4429,.F.);
#5586 = FACE_BOUND('',#5587,.F.);
#5587 = EDGE_LOOP('',(#5588,#5589,#5590));
#5588 = ORIENTED_EDGE('',*,*,#5456,.T.);
#5589 = ORIENTED_EDGE('',*,*,#5508,.T.);
#5590 = ORIENTED_EDGE('',*,*,#4412,.T.);
#5591 = FACE_BOUND('',#5592,.F.);
#5592 = EDGE_LOOP('',(#5593));
#5593 = ORIENTED_EDGE('',*,*,#5594,.F.);
#5594 = EDGE_CURVE('',#5595,#5595,#5597,.T.);
#5595 = VERTEX_POINT('',#5596);
#5596 = CARTESIAN_POINT('',(15.65,0.,0.));
#5597 = SURFACE_CURVE('',#5598,(#5603,#5610),.PCURVE_S1.);
#5598 = CIRCLE('',#5599,15.65);
#5599 = AXIS2_PLACEMENT_3D('',#5600,#5601,#5602);
#5600 = CARTESIAN_POINT('',(0.,0.,0.));
#5601 = DIRECTION('',(0.,0.,1.));
#5602 = DIRECTION('',(1.,0.,0.));
#5603 = PCURVE('',#4429,#5604);
#5604 = DEFINITIONAL_REPRESENTATION('',(#5605),#5609);
#5605 = CIRCLE('',#5606,15.65);
#5606 = AXIS2_PLACEMENT_2D('',#5607,#5608);
#5607 = CARTESIAN_POINT('',(2.734880265079E-15,-1.687072141469E-15));
#5608 = DIRECTION('',(1.,0.));
#5609 = ( GEOMETRIC_REPRESENTATION_CONTEXT(2) 
PARAMETRIC_REPRESENTATION_CONTEXT() REPRESENTATION_CONTEXT('2D SPACE',''
  ) );
#5610 = PCURVE('',#5611,#5616);
#5611 = CYLINDRICAL_SURFACE('',#5612,15.65);
#5612 = AXIS2_PLACEMENT_3D('',#5613,#5614,#5615);
#5613 = CARTESIAN_POINT('',(0.,0.,-4.));
#5614 = DIRECTION('',(-0.,-0.,-1.));
#5615 = DIRECTION('',(1.,0.,0.));
#5616 = DEFINITIONAL_REPRESENTATION('',(#5617),#5621);
#5617 = LINE('',#5618,#5619);
#5618 = CARTESIAN_POINT('',(-0.,-4.));
#5619 = VECTOR('',#5620,1.);
#5620 = DIRECTION('',(-1.,0.));
#5621 = ( GEOMETRIC_REPRESENTATION_CONTEXT(2) 
PARAMETRIC_REPRESENTATION_CONTEXT() REPRESENTATION_CONTEXT('2D SPACE',''
  ) );
#5622 = ADVANCED_FACE('',(#5623),#4528,.F.);
#5623 = FACE_BOUND('',#5624,.T.);
#5624 = EDGE_LOOP('',(#5625,#5648,#5649,#5650));
#5625 = ORIENTED_EDGE('',*,*,#5626,.F.);
#5626 = EDGE_CURVE('',#4490,#5627,#5629,.T.);
#5627 = VERTEX_POINT('',#5628);
#5628 = CARTESIAN_POINT('',(29.099071292702,70.840341840159,
    -19.22215041226));
#5629 = SURFACE_CURVE('',#5630,(#5634,#5641),.PCURVE_S1.);
#5630 = LINE('',#5631,#5632);
#5631 = CARTESIAN_POINT('',(28.41770633487,71.024305867528,
    -19.26572828363));
#5632 = VECTOR('',#5633,1.);
#5633 = DIRECTION('',(0.963595564291,-0.260164422494,6.162841671622E-02)
  );
#5634 = PCURVE('',#4528,#5635);
#5635 = DEFINITIONAL_REPRESENTATION('',(#5636),#5640);
#5636 = LINE('',#5637,#5638);
#5637 = CARTESIAN_POINT('',(-6.6562251645E-16,-0.353553390593));
#5638 = VECTOR('',#5639,1.);
#5639 = DIRECTION('',(-4.058994670178E-17,1.));
#5640 = ( GEOMETRIC_REPRESENTATION_CONTEXT(2) 
PARAMETRIC_REPRESENTATION_CONTEXT() REPRESENTATION_CONTEXT('2D SPACE',''
  ) );
#5641 = PCURVE('',#4628,#5642);
#5642 = DEFINITIONAL_REPRESENTATION('',(#5643),#5647);
#5643 = LINE('',#5644,#5645);
#5644 = CARTESIAN_POINT('',(-1.570796326795,-0.));
#5645 = VECTOR('',#5646,1.);
#5646 = DIRECTION('',(-0.,-1.));
#5647 = ( GEOMETRIC_REPRESENTATION_CONTEXT(2) 
PARAMETRIC_REPRESENTATION_CONTEXT() REPRESENTATION_CONTEXT('2D SPACE',''
  ) );
#5648 = ORIENTED_EDGE('',*,*,#4512,.T.);
#5649 = ORIENTED_EDGE('',*,*,#5278,.T.);
#5650 = ORIENTED_EDGE('',*,*,#5651,.F.);
#5651 = EDGE_CURVE('',#5627,#5279,#5652,.T.);
#5652 = SURFACE_CURVE('',#5653,(#5657,#5664),.PCURVE_S1.);
#5653 = LINE('',#5654,#5655);
#5654 = CARTESIAN_POINT('',(29.099071292702,70.840341840159,
    -19.22215041226));
#5655 = VECTOR('',#5656,1.);
#5656 = DIRECTION('',(-7.547908730517E-02,-4.357787137383E-02,
    0.996194698092));
#5657 = PCURVE('',#4528,#5658);
#5658 = DEFINITIONAL_REPRESENTATION('',(#5659),#5663);
#5659 = LINE('',#5660,#5661);
#5660 = CARTESIAN_POINT('',(9.327699317504E-16,0.353553390593));
#5661 = VECTOR('',#5662,1.);
#5662 = DIRECTION('',(-1.,6.053904699522E-18));
#5663 = ( GEOMETRIC_REPRESENTATION_CONTEXT(2) 
PARAMETRIC_REPRESENTATION_CONTEXT() REPRESENTATION_CONTEXT('2D SPACE',''
  ) );
#5664 = PCURVE('',#5341,#5665);
#5665 = DEFINITIONAL_REPRESENTATION('',(#5666),#5670);
#5666 = LINE('',#5667,#5668);
#5667 = CARTESIAN_POINT('',(-10.825,-46.8));
#5668 = VECTOR('',#5669,1.);
#5669 = DIRECTION('',(1.,-2.748962873712E-18));
#5670 = ( GEOMETRIC_REPRESENTATION_CONTEXT(2) 
PARAMETRIC_REPRESENTATION_CONTEXT() REPRESENTATION_CONTEXT('2D SPACE',''
  ) );
#5671 = ADVANCED_FACE('',(#5672),#4628,.T.);
#5672 = FACE_BOUND('',#5673,.T.);
#5673 = EDGE_LOOP('',(#5674,#5697,#5698,#5699));
#5674 = ORIENTED_EDGE('',*,*,#5675,.F.);
#5675 = EDGE_CURVE('',#4589,#5676,#5678,.T.);
#5676 = VERTEX_POINT('',#5677);
#5677 = CARTESIAN_POINT('',(31.11324809827,67.961775476721,
    -22.70883185558));
#5678 = SURFACE_CURVE('',#5679,(#5683,#5690),.PCURVE_S1.);
#5679 = LINE('',#5680,#5681);
#5680 = CARTESIAN_POINT('',(30.916435391181,67.848145607303,
    -22.97966946579));
#5681 = VECTOR('',#5682,1.);
#5682 = DIRECTION('',(0.556670399226,0.321393804843,0.766044443119));
#5683 = PCURVE('',#4628,#5684);
#5684 = DEFINITIONAL_REPRESENTATION('',(#5685),#5689);
#5685 = LINE('',#5686,#5687);
#5686 = CARTESIAN_POINT('',(-0.,-0.25));
#5687 = VECTOR('',#5688,1.);
#5688 = DIRECTION('',(-0.,-1.));
#5689 = ( GEOMETRIC_REPRESENTATION_CONTEXT(2) 
PARAMETRIC_REPRESENTATION_CONTEXT() REPRESENTATION_CONTEXT('2D SPACE',''
  ) );
#5690 = PCURVE('',#4681,#5691);
#5691 = DEFINITIONAL_REPRESENTATION('',(#5692),#5696);
#5692 = LINE('',#5693,#5694);
#5693 = CARTESIAN_POINT('',(-86.6,7.240652022509E-15));
#5694 = VECTOR('',#5695,1.);
#5695 = DIRECTION('',(2.554014044377E-17,1.));
#5696 = ( GEOMETRIC_REPRESENTATION_CONTEXT(2) 
PARAMETRIC_REPRESENTATION_CONTEXT() REPRESENTATION_CONTEXT('2D SPACE',''
  ) );
#5697 = ORIENTED_EDGE('',*,*,#4613,.T.);
#5698 = ORIENTED_EDGE('',*,*,#5626,.T.);
#5699 = ORIENTED_EDGE('',*,*,#5700,.F.);
#5700 = EDGE_CURVE('',#5676,#5627,#5701,.T.);
#5701 = SURFACE_CURVE('',#5702,(#5707,#5714),.PCURVE_S1.);
#5702 = CIRCLE('',#5703,3.5);
#5703 = AXIS2_PLACEMENT_3D('',#5704,#5705,#5706);
#5704 = CARTESIAN_POINT('',(30.849071292702,67.809252926913,
    -19.22215041226));
#5705 = DIRECTION('',(0.862729915663,0.498097349046,8.715574274766E-02)
  );
#5706 = DIRECTION('',(7.547908730517E-02,4.357787137383E-02,
    -0.996194698092));
#5707 = PCURVE('',#4628,#5708);
#5708 = DEFINITIONAL_REPRESENTATION('',(#5709),#5713);
#5709 = LINE('',#5710,#5711);
#5710 = CARTESIAN_POINT('',(-0.,-0.5));
#5711 = VECTOR('',#5712,1.);
#5712 = DIRECTION('',(-1.,-0.));
#5713 = ( GEOMETRIC_REPRESENTATION_CONTEXT(2) 
PARAMETRIC_REPRESENTATION_CONTEXT() REPRESENTATION_CONTEXT('2D SPACE',''
  ) );
#5714 = PCURVE('',#5341,#5715);
#5715 = DEFINITIONAL_REPRESENTATION('',(#5716),#5720);
#5716 = CIRCLE('',#5717,3.5);
#5717 = AXIS2_PLACEMENT_2D('',#5718,#5719);
#5718 = CARTESIAN_POINT('',(-10.825,-43.3));
#5719 = DIRECTION('',(-1.,2.748962873712E-18));
#5720 = ( GEOMETRIC_REPRESENTATION_CONTEXT(2) 
PARAMETRIC_REPRESENTATION_CONTEXT() REPRESENTATION_CONTEXT('2D SPACE',''
  ) );
#5721 = ADVANCED_FACE('',(#5722),#4681,.F.);
#5722 = FACE_BOUND('',#5723,.T.);
#5723 = EDGE_LOOP('',(#5724,#5747,#5748,#5749));
#5724 = ORIENTED_EDGE('',*,*,#5725,.F.);
#5725 = EDGE_CURVE('',#4645,#5726,#5728,.T.);
#5726 = VERTEX_POINT('',#5727);
#5727 = CARTESIAN_POINT('',(74.41324809827,-7.036024491011,
    -22.70883185558));
#5728 = SURFACE_CURVE('',#5729,(#5733,#5740),.PCURVE_S1.);
#5729 = LINE('',#5730,#5731);
#5730 = CARTESIAN_POINT('',(74.216435391181,-7.149654360429,
    -22.97966946579));
#5731 = VECTOR('',#5732,1.);
#5732 = DIRECTION('',(0.556670399226,0.321393804843,0.766044443119));
#5733 = PCURVE('',#4681,#5734);
#5734 = DEFINITIONAL_REPRESENTATION('',(#5735),#5739);
#5735 = LINE('',#5736,#5737);
#5736 = CARTESIAN_POINT('',(-0.,0.));
#5737 = VECTOR('',#5738,1.);
#5738 = DIRECTION('',(2.554014044377E-17,1.));
#5739 = ( GEOMETRIC_REPRESENTATION_CONTEXT(2) 
PARAMETRIC_REPRESENTATION_CONTEXT() REPRESENTATION_CONTEXT('2D SPACE',''
  ) );
#5740 = PCURVE('',#4714,#5741);
#5741 = DEFINITIONAL_REPRESENTATION('',(#5742),#5746);
#5742 = LINE('',#5743,#5744);
#5743 = CARTESIAN_POINT('',(-1.570796326795,-0.25));
#5744 = VECTOR('',#5745,1.);
#5745 = DIRECTION('',(-0.,-1.));
#5746 = ( GEOMETRIC_REPRESENTATION_CONTEXT(2) 
PARAMETRIC_REPRESENTATION_CONTEXT() REPRESENTATION_CONTEXT('2D SPACE',''
  ) );
#5747 = ORIENTED_EDGE('',*,*,#4667,.T.);
#5748 = ORIENTED_EDGE('',*,*,#5675,.T.);
#5749 = ORIENTED_EDGE('',*,*,#5750,.F.);
#5750 = EDGE_CURVE('',#5726,#5676,#5751,.T.);
#5751 = SURFACE_CURVE('',#5752,(#5756,#5763),.PCURVE_S1.);
#5752 = LINE('',#5753,#5754);
#5753 = CARTESIAN_POINT('',(74.41324809827,-7.036024491011,
    -22.70883185558));
#5754 = VECTOR('',#5755,1.);
#5755 = DIRECTION('',(-0.5,0.866025403784,0.));
#5756 = PCURVE('',#4681,#5757);
#5757 = DEFINITIONAL_REPRESENTATION('',(#5758),#5762);
#5758 = LINE('',#5759,#5760);
#5759 = CARTESIAN_POINT('',(4.66621813875E-15,0.353553390593));
#5760 = VECTOR('',#5761,1.);
#5761 = DIRECTION('',(-1.,-3.380994803421E-17));
#5762 = ( GEOMETRIC_REPRESENTATION_CONTEXT(2) 
PARAMETRIC_REPRESENTATION_CONTEXT() REPRESENTATION_CONTEXT('2D SPACE',''
  ) );
#5763 = PCURVE('',#5341,#5764);
#5764 = DEFINITIONAL_REPRESENTATION('',(#5765),#5769);
#5765 = LINE('',#5766,#5767);
#5766 = CARTESIAN_POINT('',(-14.325,43.3));
#5767 = VECTOR('',#5768,1.);
#5768 = DIRECTION('',(3.410564202805E-18,-1.));
#5769 = ( GEOMETRIC_REPRESENTATION_CONTEXT(2) 
PARAMETRIC_REPRESENTATION_CONTEXT() REPRESENTATION_CONTEXT('2D SPACE',''
  ) );
#5770 = ADVANCED_FACE('',(#5771),#4714,.T.);
#5771 = FACE_BOUND('',#5772,.T.);
#5772 = EDGE_LOOP('',(#5773,#5796,#5797,#5798));
#5773 = ORIENTED_EDGE('',*,*,#5774,.F.);
#5774 = EDGE_CURVE('',#4698,#5775,#5777,.T.);
#5775 = VERTEX_POINT('',#5776);
#5776 = CARTESIAN_POINT('',(75.899071292702,-10.21963595406,
    -19.22215041226));
#5777 = SURFACE_CURVE('',#5778,(#5782,#5789),.PCURVE_S1.);
#5778 = LINE('',#5779,#5780);
#5779 = CARTESIAN_POINT('',(75.808388813786,-10.56066664227,
    -19.24393934795));
#5780 = VECTOR('',#5781,1.);
#5781 = DIRECTION('',(0.256488783104,0.964580448897,6.162841671622E-02)
  );
#5782 = PCURVE('',#4714,#5783);
#5783 = DEFINITIONAL_REPRESENTATION('',(#5784),#5788);
#5784 = LINE('',#5785,#5786);
#5785 = CARTESIAN_POINT('',(-0.,-0.25));
#5786 = VECTOR('',#5787,1.);
#5787 = DIRECTION('',(-0.,-1.));
#5788 = ( GEOMETRIC_REPRESENTATION_CONTEXT(2) 
PARAMETRIC_REPRESENTATION_CONTEXT() REPRESENTATION_CONTEXT('2D SPACE',''
  ) );
#5789 = PCURVE('',#5106,#5790);
#5790 = DEFINITIONAL_REPRESENTATION('',(#5791),#5795);
#5791 = LINE('',#5792,#5793);
#5792 = CARTESIAN_POINT('',(-21.65,3.300799602988E-15));
#5793 = VECTOR('',#5794,1.);
#5794 = DIRECTION('',(-8.849892043856E-19,1.));
#5795 = ( GEOMETRIC_REPRESENTATION_CONTEXT(2) 
PARAMETRIC_REPRESENTATION_CONTEXT() REPRESENTATION_CONTEXT('2D SPACE',''
  ) );
#5796 = ORIENTED_EDGE('',*,*,#4697,.T.);
#5797 = ORIENTED_EDGE('',*,*,#5725,.T.);
#5798 = ORIENTED_EDGE('',*,*,#5799,.F.);
#5799 = EDGE_CURVE('',#5775,#5726,#5800,.T.);
#5800 = SURFACE_CURVE('',#5801,(#5806,#5813),.PCURVE_S1.);
#5801 = CIRCLE('',#5802,3.5);
#5802 = AXIS2_PLACEMENT_3D('',#5803,#5804,#5805);
#5803 = CARTESIAN_POINT('',(74.149071292702,-7.188547040819,
    -19.22215041226));
#5804 = DIRECTION('',(0.862729915663,0.498097349046,8.715574274766E-02)
  );
#5805 = DIRECTION('',(0.5,-0.866025403784,0.));
#5806 = PCURVE('',#4714,#5807);
#5807 = DEFINITIONAL_REPRESENTATION('',(#5808),#5812);
#5808 = LINE('',#5809,#5810);
#5809 = CARTESIAN_POINT('',(-0.,-0.5));
#5810 = VECTOR('',#5811,1.);
#5811 = DIRECTION('',(-1.,-0.));
#5812 = ( GEOMETRIC_REPRESENTATION_CONTEXT(2) 
PARAMETRIC_REPRESENTATION_CONTEXT() REPRESENTATION_CONTEXT('2D SPACE',''
  ) );
#5813 = PCURVE('',#5341,#5814);
#5814 = DEFINITIONAL_REPRESENTATION('',(#5815),#5819);
#5815 = CIRCLE('',#5816,3.5);
#5816 = AXIS2_PLACEMENT_2D('',#5817,#5818);
#5817 = CARTESIAN_POINT('',(-10.825,43.3));
#5818 = DIRECTION('',(-1.462997699119E-18,1.));
#5819 = ( GEOMETRIC_REPRESENTATION_CONTEXT(2) 
PARAMETRIC_REPRESENTATION_CONTEXT() REPRESENTATION_CONTEXT('2D SPACE',''
  ) );
#5820 = ADVANCED_FACE('',(#5821),#4827,.F.);
#5821 = FACE_BOUND('',#5822,.F.);
#5822 = EDGE_LOOP('',(#5823,#5824,#5825,#5826));
#5823 = ORIENTED_EDGE('',*,*,#5066,.T.);
#5824 = ORIENTED_EDGE('',*,*,#4808,.T.);
#5825 = ORIENTED_EDGE('',*,*,#4966,.T.);
#5826 = ORIENTED_EDGE('',*,*,#5013,.F.);
#5827 = ADVANCED_FACE('',(#5828),#4947,.F.);
#5828 = FACE_BOUND('',#5829,.F.);
#5829 = EDGE_LOOP('',(#5830,#5831,#5854,#5883,#5905));
#5830 = ORIENTED_EDGE('',*,*,#4932,.T.);
#5831 = ORIENTED_EDGE('',*,*,#5832,.T.);
#5832 = EDGE_CURVE('',#4910,#5833,#5835,.T.);
#5833 = VERTEX_POINT('',#5834);
#5834 = CARTESIAN_POINT('',(49.194498097894,28.402456719468,
    -7.761105902624));
#5835 = SEAM_CURVE('',#5836,(#5840,#5847),.PCURVE_S1.);
#5836 = LINE('',#5837,#5838);
#5837 = CARTESIAN_POINT('',(45.937292302837,26.521908076886,
    -5.028508772987));
#5838 = VECTOR('',#5839,1.);
#5839 = DIRECTION('',(0.700629269222,0.404508497187,-0.587785252292));
#5840 = PCURVE('',#4947,#5841);
#5841 = DEFINITIONAL_REPRESENTATION('',(#5842),#5846);
#5842 = LINE('',#5843,#5844);
#5843 = CARTESIAN_POINT('',(0.,-0.));
#5844 = VECTOR('',#5845,1.);
#5845 = DIRECTION('',(-0.,-1.));
#5846 = ( GEOMETRIC_REPRESENTATION_CONTEXT(2) 
PARAMETRIC_REPRESENTATION_CONTEXT() REPRESENTATION_CONTEXT('2D SPACE',''
  ) );
#5847 = PCURVE('',#4947,#5848);
#5848 = DEFINITIONAL_REPRESENTATION('',(#5849),#5853);
#5849 = LINE('',#5850,#5851);
#5850 = CARTESIAN_POINT('',(-6.28318530718,0.));
#5851 = VECTOR('',#5852,1.);
#5852 = DIRECTION('',(-0.,-1.));
#5853 = ( GEOMETRIC_REPRESENTATION_CONTEXT(2) 
PARAMETRIC_REPRESENTATION_CONTEXT() REPRESENTATION_CONTEXT('2D SPACE',''
  ) );
#5854 = ORIENTED_EDGE('',*,*,#5855,.F.);
#5855 = EDGE_CURVE('',#5856,#5833,#5858,.T.);
#5856 = VERTEX_POINT('',#5857);
#5857 = CARTESIAN_POINT('',(47.793579086001,31.40414752749,
    -11.04854840632));
#5858 = SURFACE_CURVE('',#5859,(#5864,#5871),.PCURVE_S1.);
#5859 = CIRCLE('',#5860,3.3);
#5860 = AXIS2_PLACEMENT_3D('',#5861,#5862,#5863);
#5861 = CARTESIAN_POINT('',(49.443579086001,28.546263695001,
    -11.04854840632));
#5862 = DIRECTION('',(0.862729915663,0.498097349046,8.715574274766E-02)
  );
#5863 = DIRECTION('',(-7.547908730517E-02,-4.357787137383E-02,
    0.996194698092));
#5864 = PCURVE('',#4947,#5865);
#5865 = DEFINITIONAL_REPRESENTATION('',(#5866),#5870);
#5866 = LINE('',#5867,#5868);
#5867 = CARTESIAN_POINT('',(-0.,-3.508623642024));
#5868 = VECTOR('',#5869,1.);
#5869 = DIRECTION('',(-1.,-0.));
#5870 = ( GEOMETRIC_REPRESENTATION_CONTEXT(2) 
PARAMETRIC_REPRESENTATION_CONTEXT() REPRESENTATION_CONTEXT('2D SPACE',''
  ) );
#5871 = PCURVE('',#5872,#5877);
#5872 = CYLINDRICAL_SURFACE('',#5873,3.3);
#5873 = AXIS2_PLACEMENT_3D('',#5874,#5875,#5876);
#5874 = CARTESIAN_POINT('',(45.553854591562,26.300530211064,
    -11.44150084861));
#5875 = DIRECTION('',(-0.862729915663,-0.498097349046,
    -8.715574274766E-02));
#5876 = DIRECTION('',(-0.5,0.866025403784,0.));
#5877 = DEFINITIONAL_REPRESENTATION('',(#5878),#5882);
#5878 = LINE('',#5879,#5880);
#5879 = CARTESIAN_POINT('',(4.712388980385,-4.508623642024));
#5880 = VECTOR('',#5881,1.);
#5881 = DIRECTION('',(-1.,0.));
#5882 = ( GEOMETRIC_REPRESENTATION_CONTEXT(2) 
PARAMETRIC_REPRESENTATION_CONTEXT() REPRESENTATION_CONTEXT('2D SPACE',''
  ) );
#5883 = ORIENTED_EDGE('',*,*,#5884,.F.);
#5884 = EDGE_CURVE('',#5833,#5856,#5885,.T.);
#5885 = SURFACE_CURVE('',#5886,(#5891,#5898),.PCURVE_S1.);
#5886 = CIRCLE('',#5887,3.3);
#5887 = AXIS2_PLACEMENT_3D('',#5888,#5889,#5890);
#5888 = CARTESIAN_POINT('',(49.443579086001,28.546263695001,
    -11.04854840632));
#5889 = DIRECTION('',(0.862729915663,0.498097349046,8.715574274766E-02)
  );
#5890 = DIRECTION('',(-7.547908730517E-02,-4.357787137383E-02,
    0.996194698092));
#5891 = PCURVE('',#4947,#5892);
#5892 = DEFINITIONAL_REPRESENTATION('',(#5893),#5897);
#5893 = LINE('',#5894,#5895);
#5894 = CARTESIAN_POINT('',(-0.,-3.508623642024));
#5895 = VECTOR('',#5896,1.);
#5896 = DIRECTION('',(-1.,-0.));
#5897 = ( GEOMETRIC_REPRESENTATION_CONTEXT(2) 
PARAMETRIC_REPRESENTATION_CONTEXT() REPRESENTATION_CONTEXT('2D SPACE',''
  ) );
#5898 = PCURVE('',#5872,#5899);
#5899 = DEFINITIONAL_REPRESENTATION('',(#5900),#5904);
#5900 = LINE('',#5901,#5902);
#5901 = CARTESIAN_POINT('',(-1.570796326795,-4.508623642024));
#5902 = VECTOR('',#5903,1.);
#5903 = DIRECTION('',(-1.,0.));
#5904 = ( GEOMETRIC_REPRESENTATION_CONTEXT(2) 
PARAMETRIC_REPRESENTATION_CONTEXT() REPRESENTATION_CONTEXT('2D SPACE',''
  ) );
#5905 = ORIENTED_EDGE('',*,*,#5832,.F.);
#5906 = ADVANCED_FACE('',(#5907),#5106,.F.);
#5907 = FACE_BOUND('',#5908,.T.);
#5908 = EDGE_LOOP('',(#5909,#5910,#5911,#5912));
#5909 = ORIENTED_EDGE('',*,*,#5381,.F.);
#5910 = ORIENTED_EDGE('',*,*,#5090,.T.);
#5911 = ORIENTED_EDGE('',*,*,#5774,.T.);
#5912 = ORIENTED_EDGE('',*,*,#5913,.F.);
#5913 = EDGE_CURVE('',#5382,#5775,#5914,.T.);
#5914 = SURFACE_CURVE('',#5915,(#5919,#5926),.PCURVE_S1.);
#5915 = LINE('',#5916,#5917);
#5916 = CARTESIAN_POINT('',(74.264949052545,-11.1630968693,
    2.345464801422));
#5917 = VECTOR('',#5918,1.);
#5918 = DIRECTION('',(7.547908730517E-02,4.357787137383E-02,
    -0.996194698092));
#5919 = PCURVE('',#5106,#5920);
#5920 = DEFINITIONAL_REPRESENTATION('',(#5921),#5925);
#5921 = LINE('',#5922,#5923);
#5922 = CARTESIAN_POINT('',(-1.480942550159E-15,0.353553390593));
#5923 = VECTOR('',#5924,1.);
#5924 = DIRECTION('',(-1.,-6.053904699522E-18));
#5925 = ( GEOMETRIC_REPRESENTATION_CONTEXT(2) 
PARAMETRIC_REPRESENTATION_CONTEXT() REPRESENTATION_CONTEXT('2D SPACE',''
  ) );
#5926 = PCURVE('',#5341,#5927);
#5927 = DEFINITIONAL_REPRESENTATION('',(#5928),#5932);
#5928 = LINE('',#5929,#5930);
#5929 = CARTESIAN_POINT('',(10.825,46.8));
#5930 = VECTOR('',#5931,1.);
#5931 = DIRECTION('',(-1.,2.748962873712E-18));
#5932 = ( GEOMETRIC_REPRESENTATION_CONTEXT(2) 
PARAMETRIC_REPRESENTATION_CONTEXT() REPRESENTATION_CONTEXT('2D SPACE',''
  ) );
#5933 = ADVANCED_FACE('',(#5934,#6164),#5341,.T.);
#5934 = FACE_BOUND('',#5935,.T.);
#5935 = EDGE_LOOP('',(#5936,#5967,#5995,#6024,#6052,#6081,#6109,#6138));
#5936 = ORIENTED_EDGE('',*,*,#5937,.F.);
#5937 = EDGE_CURVE('',#5938,#5940,#5942,.T.);
#5938 = VERTEX_POINT('',#5939);
#5939 = CARTESIAN_POINT('',(31.075508554617,67.939986541034,
    -22.21073450654));
#5940 = VERTEX_POINT('',#5941);
#5941 = CARTESIAN_POINT('',(29.349071292702,70.407329138266,
    -19.22215041226));
#5942 = SURFACE_CURVE('',#5943,(#5948,#5955),.PCURVE_S1.);
#5943 = CIRCLE('',#5944,3.);
#5944 = AXIS2_PLACEMENT_3D('',#5945,#5946,#5947);
#5945 = CARTESIAN_POINT('',(30.849071292702,67.809252926913,
    -19.22215041226));
#5946 = DIRECTION('',(0.862729915663,0.498097349046,8.715574274766E-02)
  );
#5947 = DIRECTION('',(7.547908730517E-02,4.357787137383E-02,
    -0.996194698092));
#5948 = PCURVE('',#5341,#5949);
#5949 = DEFINITIONAL_REPRESENTATION('',(#5950),#5954);
#5950 = CIRCLE('',#5951,3.);
#5951 = AXIS2_PLACEMENT_2D('',#5952,#5953);
#5952 = CARTESIAN_POINT('',(-10.825,-43.3));
#5953 = DIRECTION('',(-1.,2.748962873712E-18));
#5954 = ( GEOMETRIC_REPRESENTATION_CONTEXT(2) 
PARAMETRIC_REPRESENTATION_CONTEXT() REPRESENTATION_CONTEXT('2D SPACE',''
  ) );
#5955 = PCURVE('',#5956,#5961);
#5956 = CONICAL_SURFACE('',#5957,2.,0.785398163397);
#5957 = AXIS2_PLACEMENT_3D('',#5958,#5959,#5960);
#5958 = CARTESIAN_POINT('',(29.986341377039,67.311155577867,
    -19.30930615501));
#5959 = DIRECTION('',(0.862729915663,0.498097349046,8.715574274766E-02)
  );
#5960 = DIRECTION('',(7.547908730517E-02,4.357787137383E-02,
    -0.996194698092));
#5961 = DEFINITIONAL_REPRESENTATION('',(#5962),#5966);
#5962 = LINE('',#5963,#5964);
#5963 = CARTESIAN_POINT('',(-0.,1.));
#5964 = VECTOR('',#5965,1.);
#5965 = DIRECTION('',(1.,-0.));
#5966 = ( GEOMETRIC_REPRESENTATION_CONTEXT(2) 
PARAMETRIC_REPRESENTATION_CONTEXT() REPRESENTATION_CONTEXT('2D SPACE',''
  ) );
#5967 = ORIENTED_EDGE('',*,*,#5968,.F.);
#5968 = EDGE_CURVE('',#5969,#5938,#5971,.T.);
#5969 = VERTEX_POINT('',#5970);
#5970 = CARTESIAN_POINT('',(74.375508554617,-7.057813426698,
    -22.21073450654));
#5971 = SURFACE_CURVE('',#5972,(#5976,#5983),.PCURVE_S1.);
#5972 = LINE('',#5973,#5974);
#5973 = CARTESIAN_POINT('',(74.375508554617,-7.057813426698,
    -22.21073450654));
#5974 = VECTOR('',#5975,1.);
#5975 = DIRECTION('',(-0.5,0.866025403784,0.));
#5976 = PCURVE('',#5341,#5977);
#5977 = DEFINITIONAL_REPRESENTATION('',(#5978),#5982);
#5978 = LINE('',#5979,#5980);
#5979 = CARTESIAN_POINT('',(-13.825,43.3));
#5980 = VECTOR('',#5981,1.);
#5981 = DIRECTION('',(3.410564202805E-18,-1.));
#5982 = ( GEOMETRIC_REPRESENTATION_CONTEXT(2) 
PARAMETRIC_REPRESENTATION_CONTEXT() REPRESENTATION_CONTEXT('2D SPACE',''
  ) );
#5983 = PCURVE('',#5984,#5989);
#5984 = PLANE('',#5985);
#5985 = AXIS2_PLACEMENT_3D('',#5986,#5987,#5988);
#5986 = CARTESIAN_POINT('',(73.906404053133,-7.328651036908,
    -21.75621502886));
#5987 = DIRECTION('',(0.556670399226,0.321393804843,0.766044443119));
#5988 = DIRECTION('',(-0.5,0.866025403784,-4.528632314452E-18));
#5989 = DEFINITIONAL_REPRESENTATION('',(#5990),#5994);
#5990 = LINE('',#5991,#5992);
#5991 = CARTESIAN_POINT('',(7.827415630511E-15,-0.707106781187));
#5992 = VECTOR('',#5993,1.);
#5993 = DIRECTION('',(1.,3.080220888473E-17));
#5994 = ( GEOMETRIC_REPRESENTATION_CONTEXT(2) 
PARAMETRIC_REPRESENTATION_CONTEXT() REPRESENTATION_CONTEXT('2D SPACE',''
  ) );
#5995 = ORIENTED_EDGE('',*,*,#5996,.F.);
#5996 = EDGE_CURVE('',#5997,#5969,#5999,.T.);
#5997 = VERTEX_POINT('',#5998);
#5998 = CARTESIAN_POINT('',(75.649071292702,-9.786623252173,
    -19.22215041226));
#5999 = SURFACE_CURVE('',#6000,(#6005,#6012),.PCURVE_S1.);
#6000 = CIRCLE('',#6001,3.);
#6001 = AXIS2_PLACEMENT_3D('',#6002,#6003,#6004);
#6002 = CARTESIAN_POINT('',(74.149071292702,-7.188547040819,
    -19.22215041226));
#6003 = DIRECTION('',(0.862729915663,0.498097349046,8.715574274766E-02)
  );
#6004 = DIRECTION('',(0.5,-0.866025403784,0.));
#6005 = PCURVE('',#5341,#6006);
#6006 = DEFINITIONAL_REPRESENTATION('',(#6007),#6011);
#6007 = CIRCLE('',#6008,3.);
#6008 = AXIS2_PLACEMENT_2D('',#6009,#6010);
#6009 = CARTESIAN_POINT('',(-10.825,43.3));
#6010 = DIRECTION('',(-1.462997699119E-18,1.));
#6011 = ( GEOMETRIC_REPRESENTATION_CONTEXT(2) 
PARAMETRIC_REPRESENTATION_CONTEXT() REPRESENTATION_CONTEXT('2D SPACE',''
  ) );
#6012 = PCURVE('',#6013,#6018);
#6013 = CONICAL_SURFACE('',#6014,2.,0.785398163397);
#6014 = AXIS2_PLACEMENT_3D('',#6015,#6016,#6017);
#6015 = CARTESIAN_POINT('',(73.286341377039,-7.686644389865,
    -19.30930615501));
#6016 = DIRECTION('',(0.862729915663,0.498097349046,8.715574274766E-02)
  );
#6017 = DIRECTION('',(0.5,-0.866025403784,0.));
#6018 = DEFINITIONAL_REPRESENTATION('',(#6019),#6023);
#6019 = LINE('',#6020,#6021);
#6020 = CARTESIAN_POINT('',(-0.,1.));
#6021 = VECTOR('',#6022,1.);
#6022 = DIRECTION('',(1.,-0.));
#6023 = ( GEOMETRIC_REPRESENTATION_CONTEXT(2) 
PARAMETRIC_REPRESENTATION_CONTEXT() REPRESENTATION_CONTEXT('2D SPACE',''
  ) );
#6024 = ORIENTED_EDGE('',*,*,#6025,.F.);
#6025 = EDGE_CURVE('',#6026,#5997,#6028,.T.);
#6026 = VERTEX_POINT('',#6027);
#6027 = CARTESIAN_POINT('',(74.014949052545,-10.73008416741,
    2.345464801422));
#6028 = SURFACE_CURVE('',#6029,(#6033,#6040),.PCURVE_S1.);
#6029 = LINE('',#6030,#6031);
#6030 = CARTESIAN_POINT('',(74.014949052545,-10.73008416741,
    2.345464801422));
#6031 = VECTOR('',#6032,1.);
#6032 = DIRECTION('',(7.547908730517E-02,4.357787137383E-02,
    -0.996194698092));
#6033 = PCURVE('',#5341,#6034);
#6034 = DEFINITIONAL_REPRESENTATION('',(#6035),#6039);
#6035 = LINE('',#6036,#6037);
#6036 = CARTESIAN_POINT('',(10.825,46.3));
#6037 = VECTOR('',#6038,1.);
#6038 = DIRECTION('',(-1.,2.748962873712E-18));
#6039 = ( GEOMETRIC_REPRESENTATION_CONTEXT(2) 
PARAMETRIC_REPRESENTATION_CONTEXT() REPRESENTATION_CONTEXT('2D SPACE',''
  ) );
#6040 = PCURVE('',#6041,#6046);
#6041 = PLANE('',#6042);
#6042 = AXIS2_PLACEMENT_3D('',#6043,#6044,#6045);
#6043 = CARTESIAN_POINT('',(73.333584094713,-10.54612014004,
    2.301886930048));
#6044 = DIRECTION('',(0.256488783104,0.964580448897,6.162841671622E-02)
  );
#6045 = DIRECTION('',(7.547908730517E-02,4.357787137383E-02,
    -0.996194698092));
#6046 = DEFINITIONAL_REPRESENTATION('',(#6047),#6051);
#6047 = LINE('',#6048,#6049);
#6048 = CARTESIAN_POINT('',(-7.28095882876E-16,-0.707106781187));
#6049 = VECTOR('',#6050,1.);
#6050 = DIRECTION('',(1.,6.053904699522E-18));
#6051 = ( GEOMETRIC_REPRESENTATION_CONTEXT(2) 
PARAMETRIC_REPRESENTATION_CONTEXT() REPRESENTATION_CONTEXT('2D SPACE',''
  ) );
#6052 = ORIENTED_EDGE('',*,*,#6053,.F.);
#6053 = EDGE_CURVE('',#6054,#6026,#6056,.T.);
#6054 = VERTEX_POINT('',#6055);
#6055 = CARTESIAN_POINT('',(72.288511790629,-8.262741570184,
    5.334048895697));
#6056 = SURFACE_CURVE('',#6057,(#6062,#6069),.PCURVE_S1.);
#6057 = CIRCLE('',#6058,3.);
#6058 = AXIS2_PLACEMENT_3D('',#6059,#6060,#6061);
#6059 = CARTESIAN_POINT('',(72.514949052545,-8.132007956063,
    2.345464801422));
#6060 = DIRECTION('',(0.862729915663,0.498097349046,8.715574274766E-02)
  );
#6061 = DIRECTION('',(-7.547908730517E-02,-4.357787137383E-02,
    0.996194698092));
#6062 = PCURVE('',#5341,#6063);
#6063 = DEFINITIONAL_REPRESENTATION('',(#6064),#6068);
#6064 = CIRCLE('',#6065,3.);
#6065 = AXIS2_PLACEMENT_2D('',#6066,#6067);
#6066 = CARTESIAN_POINT('',(10.825,43.3));
#6067 = DIRECTION('',(1.,-2.748962873712E-18));
#6068 = ( GEOMETRIC_REPRESENTATION_CONTEXT(2) 
PARAMETRIC_REPRESENTATION_CONTEXT() REPRESENTATION_CONTEXT('2D SPACE',''
  ) );
#6069 = PCURVE('',#6070,#6075);
#6070 = CONICAL_SURFACE('',#6071,2.,0.785398163397);
#6071 = AXIS2_PLACEMENT_3D('',#6072,#6073,#6074);
#6072 = CARTESIAN_POINT('',(71.652219136882,-8.630105305109,
    2.258309058674));
#6073 = DIRECTION('',(0.862729915663,0.498097349046,8.715574274766E-02)
  );
#6074 = DIRECTION('',(-7.547908730517E-02,-4.357787137383E-02,
    0.996194698092));
#6075 = DEFINITIONAL_REPRESENTATION('',(#6076),#6080);
#6076 = LINE('',#6077,#6078);
#6077 = CARTESIAN_POINT('',(-0.,1.));
#6078 = VECTOR('',#6079,1.);
#6079 = DIRECTION('',(1.,-0.));
#6080 = ( GEOMETRIC_REPRESENTATION_CONTEXT(2) 
PARAMETRIC_REPRESENTATION_CONTEXT() REPRESENTATION_CONTEXT('2D SPACE',''
  ) );
#6081 = ORIENTED_EDGE('',*,*,#6082,.F.);
#6082 = EDGE_CURVE('',#6083,#6054,#6085,.T.);
#6083 = VERTEX_POINT('',#6084);
#6084 = CARTESIAN_POINT('',(28.988511790629,66.735058397548,
    5.334048895697));
#6085 = SURFACE_CURVE('',#6086,(#6090,#6097),.PCURVE_S1.);
#6086 = LINE('',#6087,#6088);
#6087 = CARTESIAN_POINT('',(28.988511790629,66.735058397548,
    5.334048895697));
#6088 = VECTOR('',#6089,1.);
#6089 = DIRECTION('',(0.5,-0.866025403784,0.));
#6090 = PCURVE('',#5341,#6091);
#6091 = DEFINITIONAL_REPRESENTATION('',(#6092),#6096);
#6092 = LINE('',#6093,#6094);
#6093 = CARTESIAN_POINT('',(13.825,-43.3));
#6094 = VECTOR('',#6095,1.);
#6095 = DIRECTION('',(-3.410564202805E-18,1.));
#6096 = ( GEOMETRIC_REPRESENTATION_CONTEXT(2) 
PARAMETRIC_REPRESENTATION_CONTEXT() REPRESENTATION_CONTEXT('2D SPACE',''
  ) );
#6097 = PCURVE('',#6098,#6103);
#6098 = PLANE('',#6099);
#6099 = AXIS2_PLACEMENT_3D('',#6100,#6101,#6102);
#6100 = CARTESIAN_POINT('',(28.594886376451,66.507798658712,
    4.792373675277));
#6101 = DIRECTION('',(0.663413948169,0.383022221559,-0.642787609687));
#6102 = DIRECTION('',(0.5,-0.866025403784,3.799973704794E-18));
#6103 = DEFINITIONAL_REPRESENTATION('',(#6104),#6108);
#6104 = LINE('',#6105,#6106);
#6105 = CARTESIAN_POINT('',(9.694659217169E-15,-0.707106781187));
#6106 = VECTOR('',#6107,1.);
#6107 = DIRECTION('',(1.,-3.380994803421E-17));
#6108 = ( GEOMETRIC_REPRESENTATION_CONTEXT(2) 
PARAMETRIC_REPRESENTATION_CONTEXT() REPRESENTATION_CONTEXT('2D SPACE',''
  ) );
#6109 = ORIENTED_EDGE('',*,*,#6110,.F.);
#6110 = EDGE_CURVE('',#6111,#6083,#6113,.T.);
#6111 = VERTEX_POINT('',#6112);
#6112 = CARTESIAN_POINT('',(27.714949052545,69.463868223023,
    2.345464801422));
#6113 = SURFACE_CURVE('',#6114,(#6119,#6126),.PCURVE_S1.);
#6114 = CIRCLE('',#6115,3.);
#6115 = AXIS2_PLACEMENT_3D('',#6116,#6117,#6118);
#6116 = CARTESIAN_POINT('',(29.214949052545,66.86579201167,
    2.345464801422));
#6117 = DIRECTION('',(0.862729915663,0.498097349046,8.715574274766E-02)
  );
#6118 = DIRECTION('',(-0.5,0.866025403784,0.));
#6119 = PCURVE('',#5341,#6120);
#6120 = DEFINITIONAL_REPRESENTATION('',(#6121),#6125);
#6121 = CIRCLE('',#6122,3.);
#6122 = AXIS2_PLACEMENT_2D('',#6123,#6124);
#6123 = CARTESIAN_POINT('',(10.825,-43.3));
#6124 = DIRECTION('',(1.462997699119E-18,-1.));
#6125 = ( GEOMETRIC_REPRESENTATION_CONTEXT(2) 
PARAMETRIC_REPRESENTATION_CONTEXT() REPRESENTATION_CONTEXT('2D SPACE',''
  ) );
#6126 = PCURVE('',#6127,#6132);
#6127 = CONICAL_SURFACE('',#6128,2.,0.785398163397);
#6128 = AXIS2_PLACEMENT_3D('',#6129,#6130,#6131);
#6129 = CARTESIAN_POINT('',(28.352219136882,66.367694662624,
    2.258309058674));
#6130 = DIRECTION('',(0.862729915663,0.498097349046,8.715574274766E-02)
  );
#6131 = DIRECTION('',(-0.5,0.866025403784,0.));
#6132 = DEFINITIONAL_REPRESENTATION('',(#6133),#6137);
#6133 = LINE('',#6134,#6135);
#6134 = CARTESIAN_POINT('',(-0.,1.));
#6135 = VECTOR('',#6136,1.);
#6136 = DIRECTION('',(1.,-0.));
#6137 = ( GEOMETRIC_REPRESENTATION_CONTEXT(2) 
PARAMETRIC_REPRESENTATION_CONTEXT() REPRESENTATION_CONTEXT('2D SPACE',''
  ) );
#6138 = ORIENTED_EDGE('',*,*,#6139,.F.);
#6139 = EDGE_CURVE('',#5940,#6111,#6140,.T.);
#6140 = SURFACE_CURVE('',#6141,(#6145,#6152),.PCURVE_S1.);
#6141 = LINE('',#6142,#6143);
#6142 = CARTESIAN_POINT('',(29.349071292702,70.407329138266,
    -19.22215041226));
#6143 = VECTOR('',#6144,1.);
#6144 = DIRECTION('',(-7.547908730517E-02,-4.357787137383E-02,
    0.996194698092));
#6145 = PCURVE('',#5341,#6146);
#6146 = DEFINITIONAL_REPRESENTATION('',(#6147),#6151);
#6147 = LINE('',#6148,#6149);
#6148 = CARTESIAN_POINT('',(-10.825,-46.3));
#6149 = VECTOR('',#6150,1.);
#6150 = DIRECTION('',(1.,-2.748962873712E-18));
#6151 = ( GEOMETRIC_REPRESENTATION_CONTEXT(2) 
PARAMETRIC_REPRESENTATION_CONTEXT() REPRESENTATION_CONTEXT('2D SPACE',''
  ) );
#6152 = PCURVE('',#6153,#6158);
#6153 = PLANE('',#6154);
#6154 = AXIS2_PLACEMENT_3D('',#6155,#6156,#6157);
#6155 = CARTESIAN_POINT('',(29.16770633487,69.725267761851,
    -19.26572828363));
#6156 = DIRECTION('',(0.963595564291,-0.260164422494,6.162841671622E-02)
  );
#6157 = DIRECTION('',(-7.547908730517E-02,-4.357787137383E-02,
    0.996194698092));
#6158 = DEFINITIONAL_REPRESENTATION('',(#6159),#6163);
#6159 = LINE('',#6160,#6161);
#6160 = CARTESIAN_POINT('',(-1.386756184131E-15,-0.707106781187));
#6161 = VECTOR('',#6162,1.);
#6162 = DIRECTION('',(1.,-6.053904699522E-18));
#6163 = ( GEOMETRIC_REPRESENTATION_CONTEXT(2) 
PARAMETRIC_REPRESENTATION_CONTEXT() REPRESENTATION_CONTEXT('2D SPACE',''
  ) );
#6164 = FACE_BOUND('',#6165,.T.);
#6165 = EDGE_LOOP('',(#6166,#6167,#6168,#6169,#6170,#6171,#6172,#6173));
#6166 = ORIENTED_EDGE('',*,*,#5750,.T.);
#6167 = ORIENTED_EDGE('',*,*,#5700,.T.);
#6168 = ORIENTED_EDGE('',*,*,#5651,.T.);
#6169 = ORIENTED_EDGE('',*,*,#5326,.T.);
#6170 = ORIENTED_EDGE('',*,*,#5432,.T.);
#6171 = ORIENTED_EDGE('',*,*,#5404,.T.);
#6172 = ORIENTED_EDGE('',*,*,#5913,.T.);
#6173 = ORIENTED_EDGE('',*,*,#5799,.T.);
#6174 = ADVANCED_FACE('',(#6175,#6206),#5573,.F.);
#6175 = FACE_BOUND('',#6176,.F.);
#6176 = EDGE_LOOP('',(#6177));
#6177 = ORIENTED_EDGE('',*,*,#6178,.T.);
#6178 = EDGE_CURVE('',#6179,#6179,#6181,.T.);
#6179 = VERTEX_POINT('',#6180);
#6180 = CARTESIAN_POINT('',(14.85,0.,-4.));
#6181 = SURFACE_CURVE('',#6182,(#6187,#6194),.PCURVE_S1.);
#6182 = CIRCLE('',#6183,14.85);
#6183 = AXIS2_PLACEMENT_3D('',#6184,#6185,#6186);
#6184 = CARTESIAN_POINT('',(0.,0.,-4.));
#6185 = DIRECTION('',(0.,0.,1.));
#6186 = DIRECTION('',(1.,0.,-0.));
#6187 = PCURVE('',#5573,#6188);
#6188 = DEFINITIONAL_REPRESENTATION('',(#6189),#6193);
#6189 = CIRCLE('',#6190,14.85);
#6190 = AXIS2_PLACEMENT_2D('',#6191,#6192);
#6191 = CARTESIAN_POINT('',(6.990109303716E-16,-7.59164447188E-16));
#6192 = DIRECTION('',(1.,0.));
#6193 = ( GEOMETRIC_REPRESENTATION_CONTEXT(2) 
PARAMETRIC_REPRESENTATION_CONTEXT() REPRESENTATION_CONTEXT('2D SPACE',''
  ) );
#6194 = PCURVE('',#6195,#6200);
#6195 = CONICAL_SURFACE('',#6196,15.65,0.785398163397);
#6196 = AXIS2_PLACEMENT_3D('',#6197,#6198,#6199);
#6197 = CARTESIAN_POINT('',(0.,0.,-3.2));
#6198 = DIRECTION('',(0.,0.,1.));
#6199 = DIRECTION('',(1.,0.,-0.));
#6200 = DEFINITIONAL_REPRESENTATION('',(#6201),#6205);
#6201 = LINE('',#6202,#6203);
#6202 = CARTESIAN_POINT('',(0.,-0.8));
#6203 = VECTOR('',#6204,1.);
#6204 = DIRECTION('',(1.,-0.));
#6205 = ( GEOMETRIC_REPRESENTATION_CONTEXT(2) 
PARAMETRIC_REPRESENTATION_CONTEXT() REPRESENTATION_CONTEXT('2D SPACE',''
  ) );
#6206 = FACE_BOUND('',#6207,.F.);
#6207 = EDGE_LOOP('',(#6208));
#6208 = ORIENTED_EDGE('',*,*,#5558,.F.);
#6209 = ADVANCED_FACE('',(#6210),#5611,.T.);
#6210 = FACE_BOUND('',#6211,.F.);
#6211 = EDGE_LOOP('',(#6212,#6235,#6236,#6237));
#6212 = ORIENTED_EDGE('',*,*,#6213,.T.);
#6213 = EDGE_CURVE('',#6214,#5595,#6216,.T.);
#6214 = VERTEX_POINT('',#6215);
#6215 = CARTESIAN_POINT('',(15.65,0.,-3.2));
#6216 = SEAM_CURVE('',#6217,(#6221,#6228),.PCURVE_S1.);
#6217 = LINE('',#6218,#6219);
#6218 = CARTESIAN_POINT('',(15.65,0.,-4.));
#6219 = VECTOR('',#6220,1.);
#6220 = DIRECTION('',(0.,0.,1.));
#6221 = PCURVE('',#5611,#6222);
#6222 = DEFINITIONAL_REPRESENTATION('',(#6223),#6227);
#6223 = LINE('',#6224,#6225);
#6224 = CARTESIAN_POINT('',(-0.,0.));
#6225 = VECTOR('',#6226,1.);
#6226 = DIRECTION('',(-0.,-1.));
#6227 = ( GEOMETRIC_REPRESENTATION_CONTEXT(2) 
PARAMETRIC_REPRESENTATION_CONTEXT() REPRESENTATION_CONTEXT('2D SPACE',''
  ) );
#6228 = PCURVE('',#5611,#6229);
#6229 = DEFINITIONAL_REPRESENTATION('',(#6230),#6234);
#6230 = LINE('',#6231,#6232);
#6231 = CARTESIAN_POINT('',(-6.28318530718,0.));
#6232 = VECTOR('',#6233,1.);
#6233 = DIRECTION('',(-0.,-1.));
#6234 = ( GEOMETRIC_REPRESENTATION_CONTEXT(2) 
PARAMETRIC_REPRESENTATION_CONTEXT() REPRESENTATION_CONTEXT('2D SPACE',''
  ) );
#6235 = ORIENTED_EDGE('',*,*,#5594,.T.);
#6236 = ORIENTED_EDGE('',*,*,#6213,.F.);
#6237 = ORIENTED_EDGE('',*,*,#6238,.F.);
#6238 = EDGE_CURVE('',#6214,#6214,#6239,.T.);
#6239 = SURFACE_CURVE('',#6240,(#6245,#6252),.PCURVE_S1.);
#6240 = CIRCLE('',#6241,15.65);
#6241 = AXIS2_PLACEMENT_3D('',#6242,#6243,#6244);
#6242 = CARTESIAN_POINT('',(0.,0.,-3.2));
#6243 = DIRECTION('',(0.,0.,1.));
#6244 = DIRECTION('',(1.,0.,-0.));
#6245 = PCURVE('',#5611,#6246);
#6246 = DEFINITIONAL_REPRESENTATION('',(#6247),#6251);
#6247 = LINE('',#6248,#6249);
#6248 = CARTESIAN_POINT('',(-0.,-0.8));
#6249 = VECTOR('',#6250,1.);
#6250 = DIRECTION('',(-1.,0.));
#6251 = ( GEOMETRIC_REPRESENTATION_CONTEXT(2) 
PARAMETRIC_REPRESENTATION_CONTEXT() REPRESENTATION_CONTEXT('2D SPACE',''
  ) );
#6252 = PCURVE('',#6195,#6253);
#6253 = DEFINITIONAL_REPRESENTATION('',(#6254),#6258);
#6254 = LINE('',#6255,#6256);
#6255 = CARTESIAN_POINT('',(0.,-0.));
#6256 = VECTOR('',#6257,1.);
#6257 = DIRECTION('',(1.,-0.));
#6258 = ( GEOMETRIC_REPRESENTATION_CONTEXT(2) 
PARAMETRIC_REPRESENTATION_CONTEXT() REPRESENTATION_CONTEXT('2D SPACE',''
  ) );
#6259 = ADVANCED_FACE('',(#6260),#5872,.F.);
#6260 = FACE_BOUND('',#6261,.T.);
#6261 = EDGE_LOOP('',(#6262,#6285,#6286,#6287,#6288));
#6262 = ORIENTED_EDGE('',*,*,#6263,.F.);
#6263 = EDGE_CURVE('',#5856,#6264,#6266,.T.);
#6264 = VERTEX_POINT('',#6265);
#6265 = CARTESIAN_POINT('',(48.054448215816,31.554760389812,
    -11.02219457025));
#6266 = SEAM_CURVE('',#6267,(#6271,#6278),.PCURVE_S1.);
#6267 = LINE('',#6268,#6269);
#6268 = CARTESIAN_POINT('',(43.903854591562,29.158414043552,
    -11.44150084861));
#6269 = VECTOR('',#6270,1.);
#6270 = DIRECTION('',(0.862729915663,0.498097349046,8.715574274766E-02)
  );
#6271 = PCURVE('',#5872,#6272);
#6272 = DEFINITIONAL_REPRESENTATION('',(#6273),#6277);
#6273 = LINE('',#6274,#6275);
#6274 = CARTESIAN_POINT('',(-6.28318530718,0.));
#6275 = VECTOR('',#6276,1.);
#6276 = DIRECTION('',(-0.,-1.));
#6277 = ( GEOMETRIC_REPRESENTATION_CONTEXT(2) 
PARAMETRIC_REPRESENTATION_CONTEXT() REPRESENTATION_CONTEXT('2D SPACE',''
  ) );
#6278 = PCURVE('',#5872,#6279);
#6279 = DEFINITIONAL_REPRESENTATION('',(#6280),#6284);
#6280 = LINE('',#6281,#6282);
#6281 = CARTESIAN_POINT('',(-0.,0.));
#6282 = VECTOR('',#6283,1.);
#6283 = DIRECTION('',(-0.,-1.));
#6284 = ( GEOMETRIC_REPRESENTATION_CONTEXT(2) 
PARAMETRIC_REPRESENTATION_CONTEXT() REPRESENTATION_CONTEXT('2D SPACE',''
  ) );
#6285 = ORIENTED_EDGE('',*,*,#5884,.F.);
#6286 = ORIENTED_EDGE('',*,*,#5855,.F.);
#6287 = ORIENTED_EDGE('',*,*,#6263,.T.);
#6288 = ORIENTED_EDGE('',*,*,#6289,.F.);
#6289 = EDGE_CURVE('',#6264,#6264,#6290,.T.);
#6290 = SURFACE_CURVE('',#6291,(#6296,#6303),.PCURVE_S1.);
#6291 = CIRCLE('',#6292,3.3);
#6292 = AXIS2_PLACEMENT_3D('',#6293,#6294,#6295);
#6293 = CARTESIAN_POINT('',(49.704448215816,28.696876557323,
    -11.02219457025));
#6294 = DIRECTION('',(-0.862729915663,-0.498097349046,
    -8.715574274766E-02));
#6295 = DIRECTION('',(-0.5,0.866025403784,0.));
#6296 = PCURVE('',#5872,#6297);
#6297 = DEFINITIONAL_REPRESENTATION('',(#6298),#6302);
#6298 = LINE('',#6299,#6300);
#6299 = CARTESIAN_POINT('',(-6.28318530718,-4.811));
#6300 = VECTOR('',#6301,1.);
#6301 = DIRECTION('',(1.,-0.));
#6302 = ( GEOMETRIC_REPRESENTATION_CONTEXT(2) 
PARAMETRIC_REPRESENTATION_CONTEXT() REPRESENTATION_CONTEXT('2D SPACE',''
  ) );
#6303 = PCURVE('',#6304,#6309);
#6304 = PLANE('',#6305);
#6305 = AXIS2_PLACEMENT_3D('',#6306,#6307,#6308);
#6306 = CARTESIAN_POINT('',(49.159111810036,28.382026436647,
    -3.824687876546));
#6307 = DIRECTION('',(0.862729915663,0.498097349046,8.715574274766E-02)
  );
#6308 = DIRECTION('',(-7.547908730517E-02,-4.357787137383E-02,
    0.996194698092));
#6309 = DEFINITIONAL_REPRESENTATION('',(#6310),#6318);
#6310 = ( BOUNDED_CURVE() B_SPLINE_CURVE(2,(#6311,#6312,#6313,#6314,
#6315,#6316,#6317),.UNSPECIFIED.,.T.,.F.) B_SPLINE_CURVE_WITH_KNOTS((1,2
    ,2,2,2,1),(-2.094395102393,0.,2.094395102393,4.188790204786,
6.28318530718,8.377580409573),.UNSPECIFIED.) CURVE() 
GEOMETRIC_REPRESENTATION_ITEM() RATIONAL_B_SPLINE_CURVE((1.,0.5,1.,0.5,
1.,0.5,1.)) REPRESENTATION_ITEM('') );
#6311 = CARTESIAN_POINT('',(-7.225,-3.3));
#6312 = CARTESIAN_POINT('',(-12.94076766497,-3.3));
#6313 = CARTESIAN_POINT('',(-10.08288383248,1.65));
#6314 = CARTESIAN_POINT('',(-7.225,6.6));
#6315 = CARTESIAN_POINT('',(-4.367116167511,1.65));
#6316 = CARTESIAN_POINT('',(-1.509232335023,-3.3));
#6317 = CARTESIAN_POINT('',(-7.225,-3.3));
#6318 = ( GEOMETRIC_REPRESENTATION_CONTEXT(2) 
PARAMETRIC_REPRESENTATION_CONTEXT() REPRESENTATION_CONTEXT('2D SPACE',''
  ) );
#6319 = ADVANCED_FACE('',(#6320),#5956,.F.);
#6320 = FACE_BOUND('',#6321,.T.);
#6321 = EDGE_LOOP('',(#6322,#6345,#6346,#6369));
#6322 = ORIENTED_EDGE('',*,*,#6323,.F.);
#6323 = EDGE_CURVE('',#5938,#6324,#6326,.T.);
#6324 = VERTEX_POINT('',#6325);
#6325 = CARTESIAN_POINT('',(30.137299551649,67.398311320615,
    -21.30169555119));
#6326 = SURFACE_CURVE('',#6327,(#6331,#6338),.PCURVE_S1.);
#6327 = LINE('',#6328,#6329);
#6328 = CARTESIAN_POINT('',(30.137299551649,67.398311320615,
    -21.30169555119));
#6329 = VECTOR('',#6330,1.);
#6330 = DIRECTION('',(-0.663413948169,-0.383022221559,0.642787609687));
#6331 = PCURVE('',#5956,#6332);
#6332 = DEFINITIONAL_REPRESENTATION('',(#6333),#6337);
#6333 = LINE('',#6334,#6335);
#6334 = CARTESIAN_POINT('',(0.,-0.));
#6335 = VECTOR('',#6336,1.);
#6336 = DIRECTION('',(0.,-1.));
#6337 = ( GEOMETRIC_REPRESENTATION_CONTEXT(2) 
PARAMETRIC_REPRESENTATION_CONTEXT() REPRESENTATION_CONTEXT('2D SPACE',''
  ) );
#6338 = PCURVE('',#5984,#6339);
#6339 = DEFINITIONAL_REPRESENTATION('',(#6340),#6344);
#6340 = LINE('',#6341,#6342);
#6341 = CARTESIAN_POINT('',(86.6,0.707106781187));
#6342 = VECTOR('',#6343,1.);
#6343 = DIRECTION('',(1.577333048497E-17,1.));
#6344 = ( GEOMETRIC_REPRESENTATION_CONTEXT(2) 
PARAMETRIC_REPRESENTATION_CONTEXT() REPRESENTATION_CONTEXT('2D SPACE',''
  ) );
#6345 = ORIENTED_EDGE('',*,*,#5937,.T.);
#6346 = ORIENTED_EDGE('',*,*,#6347,.T.);
#6347 = EDGE_CURVE('',#5940,#6348,#6350,.T.);
#6348 = VERTEX_POINT('',#6349);
#6349 = CARTESIAN_POINT('',(28.986341377039,69.043206385436,
    -19.30930615501));
#6350 = SURFACE_CURVE('',#6351,(#6355,#6362),.PCURVE_S1.);
#6351 = LINE('',#6352,#6353);
#6352 = CARTESIAN_POINT('',(28.986341377039,69.043206385436,
    -19.30930615501));
#6353 = VECTOR('',#6354,1.);
#6354 = DIRECTION('',(-0.256488783104,-0.964580448897,
    -6.162841671622E-02));
#6355 = PCURVE('',#5956,#6356);
#6356 = DEFINITIONAL_REPRESENTATION('',(#6357),#6361);
#6357 = LINE('',#6358,#6359);
#6358 = CARTESIAN_POINT('',(1.570796326795,-0.));
#6359 = VECTOR('',#6360,1.);
#6360 = DIRECTION('',(0.,-1.));
#6361 = ( GEOMETRIC_REPRESENTATION_CONTEXT(2) 
PARAMETRIC_REPRESENTATION_CONTEXT() REPRESENTATION_CONTEXT('2D SPACE',''
  ) );
#6362 = PCURVE('',#6153,#6363);
#6363 = DEFINITIONAL_REPRESENTATION('',(#6364),#6368);
#6364 = LINE('',#6365,#6366);
#6365 = CARTESIAN_POINT('',(-1.264259926828E-15,0.707106781187));
#6366 = VECTOR('',#6367,1.);
#6367 = DIRECTION('',(4.235992511055E-17,1.));
#6368 = ( GEOMETRIC_REPRESENTATION_CONTEXT(2) 
PARAMETRIC_REPRESENTATION_CONTEXT() REPRESENTATION_CONTEXT('2D SPACE',''
  ) );
#6369 = ORIENTED_EDGE('',*,*,#6370,.F.);
#6370 = EDGE_CURVE('',#6324,#6348,#6371,.T.);
#6371 = SURFACE_CURVE('',#6372,(#6377,#6384),.PCURVE_S1.);
#6372 = CIRCLE('',#6373,2.);
#6373 = AXIS2_PLACEMENT_3D('',#6374,#6375,#6376);
#6374 = CARTESIAN_POINT('',(29.986341377039,67.311155577867,
    -19.30930615501));
#6375 = DIRECTION('',(0.862729915663,0.498097349046,8.715574274766E-02)
  );
#6376 = DIRECTION('',(7.547908730517E-02,4.357787137383E-02,
    -0.996194698092));
#6377 = PCURVE('',#5956,#6378);
#6378 = DEFINITIONAL_REPRESENTATION('',(#6379),#6383);
#6379 = LINE('',#6380,#6381);
#6380 = CARTESIAN_POINT('',(0.,-0.));
#6381 = VECTOR('',#6382,1.);
#6382 = DIRECTION('',(1.,-0.));
#6383 = ( GEOMETRIC_REPRESENTATION_CONTEXT(2) 
PARAMETRIC_REPRESENTATION_CONTEXT() REPRESENTATION_CONTEXT('2D SPACE',''
  ) );
#6384 = PCURVE('',#6385,#6390);
#6385 = CYLINDRICAL_SURFACE('',#6386,2.);
#6386 = AXIS2_PLACEMENT_3D('',#6387,#6388,#6389);
#6387 = CARTESIAN_POINT('',(27.829516587882,66.065912205252,
    -19.52719551188));
#6388 = DIRECTION('',(0.862729915663,0.498097349046,8.715574274766E-02)
  );
#6389 = DIRECTION('',(7.547908730517E-02,4.357787137383E-02,
    -0.996194698092));
#6390 = DEFINITIONAL_REPRESENTATION('',(#6391),#6395);
#6391 = LINE('',#6392,#6393);
#6392 = CARTESIAN_POINT('',(0.,2.5));
#6393 = VECTOR('',#6394,1.);
#6394 = DIRECTION('',(1.,0.));
#6395 = ( GEOMETRIC_REPRESENTATION_CONTEXT(2) 
PARAMETRIC_REPRESENTATION_CONTEXT() REPRESENTATION_CONTEXT('2D SPACE',''
  ) );
#6396 = ADVANCED_FACE('',(#6397),#5984,.T.);
#6397 = FACE_BOUND('',#6398,.T.);
#6398 = EDGE_LOOP('',(#6399,#6422,#6423,#6424));
#6399 = ORIENTED_EDGE('',*,*,#6400,.F.);
#6400 = EDGE_CURVE('',#5969,#6401,#6403,.T.);
#6401 = VERTEX_POINT('',#6402);
#6402 = CARTESIAN_POINT('',(73.437299551649,-7.599488647118,
    -21.30169555119));
#6403 = SURFACE_CURVE('',#6404,(#6408,#6415),.PCURVE_S1.);
#6404 = LINE('',#6405,#6406);
#6405 = CARTESIAN_POINT('',(73.437299551649,-7.599488647118,
    -21.30169555119));
#6406 = VECTOR('',#6407,1.);
#6407 = DIRECTION('',(-0.663413948169,-0.383022221559,0.642787609687));
#6408 = PCURVE('',#5984,#6409);
#6409 = DEFINITIONAL_REPRESENTATION('',(#6410),#6414);
#6410 = LINE('',#6411,#6412);
#6411 = CARTESIAN_POINT('',(1.581724503187E-15,0.707106781187));
#6412 = VECTOR('',#6413,1.);
#6413 = DIRECTION('',(1.577333048497E-17,1.));
#6414 = ( GEOMETRIC_REPRESENTATION_CONTEXT(2) 
PARAMETRIC_REPRESENTATION_CONTEXT() REPRESENTATION_CONTEXT('2D SPACE',''
  ) );
#6415 = PCURVE('',#6013,#6416);
#6416 = DEFINITIONAL_REPRESENTATION('',(#6417),#6421);
#6417 = LINE('',#6418,#6419);
#6418 = CARTESIAN_POINT('',(1.570796326795,-0.));
#6419 = VECTOR('',#6420,1.);
#6420 = DIRECTION('',(0.,-1.));
#6421 = ( GEOMETRIC_REPRESENTATION_CONTEXT(2) 
PARAMETRIC_REPRESENTATION_CONTEXT() REPRESENTATION_CONTEXT('2D SPACE',''
  ) );
#6422 = ORIENTED_EDGE('',*,*,#5968,.T.);
#6423 = ORIENTED_EDGE('',*,*,#6323,.T.);
#6424 = ORIENTED_EDGE('',*,*,#6425,.F.);
#6425 = EDGE_CURVE('',#6401,#6324,#6426,.T.);
#6426 = SURFACE_CURVE('',#6427,(#6431,#6438),.PCURVE_S1.);
#6427 = LINE('',#6428,#6429);
#6428 = CARTESIAN_POINT('',(73.437299551649,-7.599488647118,
    -21.30169555119));
#6429 = VECTOR('',#6430,1.);
#6430 = DIRECTION('',(-0.5,0.866025403784,0.));
#6431 = PCURVE('',#5984,#6432);
#6432 = DEFINITIONAL_REPRESENTATION('',(#6433),#6437);
#6433 = LINE('',#6434,#6435);
#6434 = CARTESIAN_POINT('',(1.581724503187E-15,0.707106781187));
#6435 = VECTOR('',#6436,1.);
#6436 = DIRECTION('',(1.,3.080220888473E-17));
#6437 = ( GEOMETRIC_REPRESENTATION_CONTEXT(2) 
PARAMETRIC_REPRESENTATION_CONTEXT() REPRESENTATION_CONTEXT('2D SPACE',''
  ) );
#6438 = PCURVE('',#6439,#6444);
#6439 = PLANE('',#6440);
#6440 = AXIS2_PLACEMENT_3D('',#6441,#6442,#6443);
#6441 = CARTESIAN_POINT('',(72.280474762492,-10.5767828273,
    -21.51958490806));
#6442 = DIRECTION('',(-7.547908730517E-02,-4.357787137383E-02,
    0.996194698092));
#6443 = DIRECTION('',(-0.5,0.866025403784,0.));
#6444 = DEFINITIONAL_REPRESENTATION('',(#6445),#6449);
#6445 = LINE('',#6446,#6447);
#6446 = CARTESIAN_POINT('',(2.,-2.5));
#6447 = VECTOR('',#6448,1.);
#6448 = DIRECTION('',(1.,7.858696607916E-18));
#6449 = ( GEOMETRIC_REPRESENTATION_CONTEXT(2) 
PARAMETRIC_REPRESENTATION_CONTEXT() REPRESENTATION_CONTEXT('2D SPACE',''
  ) );
#6450 = ADVANCED_FACE('',(#6451),#6153,.T.);
#6451 = FACE_BOUND('',#6452,.T.);
#6452 = EDGE_LOOP('',(#6453,#6454,#6455,#6478));
#6453 = ORIENTED_EDGE('',*,*,#6347,.F.);
#6454 = ORIENTED_EDGE('',*,*,#6139,.T.);
#6455 = ORIENTED_EDGE('',*,*,#6456,.T.);
#6456 = EDGE_CURVE('',#6111,#6457,#6459,.T.);
#6457 = VERTEX_POINT('',#6458);
#6458 = CARTESIAN_POINT('',(27.352219136882,68.099745470193,
    2.258309058674));
#6459 = SURFACE_CURVE('',#6460,(#6464,#6471),.PCURVE_S1.);
#6460 = LINE('',#6461,#6462);
#6461 = CARTESIAN_POINT('',(27.533584094713,68.781806846608,
    2.301886930048));
#6462 = VECTOR('',#6463,1.);
#6463 = DIRECTION('',(-0.256488783104,-0.964580448897,
    -6.162841671622E-02));
#6464 = PCURVE('',#6153,#6465);
#6465 = DEFINITIONAL_REPRESENTATION('',(#6466),#6470);
#6466 = LINE('',#6467,#6468);
#6467 = CARTESIAN_POINT('',(21.65,7.072461400859E-15));
#6468 = VECTOR('',#6469,1.);
#6469 = DIRECTION('',(7.823883108293E-18,1.));
#6470 = ( GEOMETRIC_REPRESENTATION_CONTEXT(2) 
PARAMETRIC_REPRESENTATION_CONTEXT() REPRESENTATION_CONTEXT('2D SPACE',''
  ) );
#6471 = PCURVE('',#6127,#6472);
#6472 = DEFINITIONAL_REPRESENTATION('',(#6473),#6477);
#6473 = LINE('',#6474,#6475);
#6474 = CARTESIAN_POINT('',(-0.,0.5));
#6475 = VECTOR('',#6476,1.);
#6476 = DIRECTION('',(0.,-1.));
#6477 = ( GEOMETRIC_REPRESENTATION_CONTEXT(2) 
PARAMETRIC_REPRESENTATION_CONTEXT() REPRESENTATION_CONTEXT('2D SPACE',''
  ) );
#6478 = ORIENTED_EDGE('',*,*,#6479,.F.);
#6479 = EDGE_CURVE('',#6348,#6457,#6480,.T.);
#6480 = SURFACE_CURVE('',#6481,(#6485,#6492),.PCURVE_S1.);
#6481 = LINE('',#6482,#6483);
#6482 = CARTESIAN_POINT('',(28.986341377039,69.043206385436,
    -19.30930615501));
#6483 = VECTOR('',#6484,1.);
#6484 = DIRECTION('',(-7.547908730517E-02,-4.357787137383E-02,
    0.996194698092));
#6485 = PCURVE('',#6153,#6486);
#6486 = DEFINITIONAL_REPRESENTATION('',(#6487),#6491);
#6487 = LINE('',#6488,#6489);
#6488 = CARTESIAN_POINT('',(-1.264259926828E-15,0.707106781187));
#6489 = VECTOR('',#6490,1.);
#6490 = DIRECTION('',(1.,-6.053904699522E-18));
#6491 = ( GEOMETRIC_REPRESENTATION_CONTEXT(2) 
PARAMETRIC_REPRESENTATION_CONTEXT() REPRESENTATION_CONTEXT('2D SPACE',''
  ) );
#6492 = PCURVE('',#6493,#6498);
#6493 = PLANE('',#6494);
#6494 = AXIS2_PLACEMENT_3D('',#6495,#6496,#6497);
#6495 = CARTESIAN_POINT('',(26.980474762492,67.885118755569,
    -21.51958490806));
#6496 = DIRECTION('',(0.5,-0.866025403784,0.));
#6497 = DIRECTION('',(-7.547908730517E-02,-4.357787137383E-02,
    0.996194698092));
#6498 = DEFINITIONAL_REPRESENTATION('',(#6499),#6503);
#6499 = LINE('',#6500,#6501);
#6500 = CARTESIAN_POINT('',(2.,-2.5));
#6501 = VECTOR('',#6502,1.);
#6502 = DIRECTION('',(1.,1.157957318589E-17));
#6503 = ( GEOMETRIC_REPRESENTATION_CONTEXT(2) 
PARAMETRIC_REPRESENTATION_CONTEXT() REPRESENTATION_CONTEXT('2D SPACE',''
  ) );
#6504 = ADVANCED_FACE('',(#6505),#6013,.F.);
#6505 = FACE_BOUND('',#6506,.T.);
#6506 = EDGE_LOOP('',(#6507,#6530,#6531,#6532));
#6507 = ORIENTED_EDGE('',*,*,#6508,.F.);
#6508 = EDGE_CURVE('',#5997,#6509,#6511,.T.);
#6509 = VERTEX_POINT('',#6510);
#6510 = CARTESIAN_POINT('',(74.286341377039,-9.418695197434,
    -19.30930615501));
#6511 = SURFACE_CURVE('',#6512,(#6516,#6523),.PCURVE_S1.);
#6512 = LINE('',#6513,#6514);
#6513 = CARTESIAN_POINT('',(74.96770633487,-9.602659224803,
    -19.26572828363));
#6514 = VECTOR('',#6515,1.);
#6515 = DIRECTION('',(-0.963595564291,0.260164422494,-6.162841671622E-02
    ));
#6516 = PCURVE('',#6013,#6517);
#6517 = DEFINITIONAL_REPRESENTATION('',(#6518),#6522);
#6518 = LINE('',#6519,#6520);
#6519 = CARTESIAN_POINT('',(-0.,0.5));
#6520 = VECTOR('',#6521,1.);
#6521 = DIRECTION('',(0.,-1.));
#6522 = ( GEOMETRIC_REPRESENTATION_CONTEXT(2) 
PARAMETRIC_REPRESENTATION_CONTEXT() REPRESENTATION_CONTEXT('2D SPACE',''
  ) );
#6523 = PCURVE('',#6041,#6524);
#6524 = DEFINITIONAL_REPRESENTATION('',(#6525),#6529);
#6525 = LINE('',#6526,#6527);
#6526 = CARTESIAN_POINT('',(21.65,-9.514952055034E-15));
#6527 = VECTOR('',#6528,1.);
#6528 = DIRECTION('',(-9.113937905993E-19,1.));
#6529 = ( GEOMETRIC_REPRESENTATION_CONTEXT(2) 
PARAMETRIC_REPRESENTATION_CONTEXT() REPRESENTATION_CONTEXT('2D SPACE',''
  ) );
#6530 = ORIENTED_EDGE('',*,*,#5996,.T.);
#6531 = ORIENTED_EDGE('',*,*,#6400,.T.);
#6532 = ORIENTED_EDGE('',*,*,#6533,.F.);
#6533 = EDGE_CURVE('',#6509,#6401,#6534,.T.);
#6534 = SURFACE_CURVE('',#6535,(#6540,#6547),.PCURVE_S1.);
#6535 = CIRCLE('',#6536,2.);
#6536 = AXIS2_PLACEMENT_3D('',#6537,#6538,#6539);
#6537 = CARTESIAN_POINT('',(73.286341377039,-7.686644389865,
    -19.30930615501));
#6538 = DIRECTION('',(0.862729915663,0.498097349046,8.715574274766E-02)
  );
#6539 = DIRECTION('',(0.5,-0.866025403784,0.));
#6540 = PCURVE('',#6013,#6541);
#6541 = DEFINITIONAL_REPRESENTATION('',(#6542),#6546);
#6542 = LINE('',#6543,#6544);
#6543 = CARTESIAN_POINT('',(0.,-0.));
#6544 = VECTOR('',#6545,1.);
#6545 = DIRECTION('',(1.,-0.));
#6546 = ( GEOMETRIC_REPRESENTATION_CONTEXT(2) 
PARAMETRIC_REPRESENTATION_CONTEXT() REPRESENTATION_CONTEXT('2D SPACE',''
  ) );
#6547 = PCURVE('',#6548,#6553);
#6548 = CYLINDRICAL_SURFACE('',#6549,2.);
#6549 = AXIS2_PLACEMENT_3D('',#6550,#6551,#6552);
#6550 = CARTESIAN_POINT('',(71.129516587882,-8.93188776248,
    -19.52719551188));
#6551 = DIRECTION('',(0.862729915663,0.498097349046,8.715574274766E-02)
  );
#6552 = DIRECTION('',(7.547908730517E-02,4.357787137383E-02,
    -0.996194698092));
#6553 = DEFINITIONAL_REPRESENTATION('',(#6554),#6558);
#6554 = LINE('',#6555,#6556);
#6555 = CARTESIAN_POINT('',(-1.570796326795,2.5));
#6556 = VECTOR('',#6557,1.);
#6557 = DIRECTION('',(1.,-0.));
#6558 = ( GEOMETRIC_REPRESENTATION_CONTEXT(2) 
PARAMETRIC_REPRESENTATION_CONTEXT() REPRESENTATION_CONTEXT('2D SPACE',''
  ) );
#6559 = ADVANCED_FACE('',(#6560),#6127,.F.);
#6560 = FACE_BOUND('',#6561,.T.);
#6561 = EDGE_LOOP('',(#6562,#6563,#6564,#6587));
#6562 = ORIENTED_EDGE('',*,*,#6456,.F.);
#6563 = ORIENTED_EDGE('',*,*,#6110,.T.);
#6564 = ORIENTED_EDGE('',*,*,#6565,.T.);
#6565 = EDGE_CURVE('',#6083,#6566,#6568,.T.);
#6566 = VERTEX_POINT('',#6567);
#6567 = CARTESIAN_POINT('',(28.201260962272,66.280538919876,
    4.250698454858));
#6568 = SURFACE_CURVE('',#6569,(#6573,#6580),.PCURVE_S1.);
#6569 = LINE('',#6570,#6571);
#6570 = CARTESIAN_POINT('',(28.201260962272,66.280538919876,
    4.250698454858));
#6571 = VECTOR('',#6572,1.);
#6572 = DIRECTION('',(-0.556670399226,-0.321393804843,-0.766044443119));
#6573 = PCURVE('',#6127,#6574);
#6574 = DEFINITIONAL_REPRESENTATION('',(#6575),#6579);
#6575 = LINE('',#6576,#6577);
#6576 = CARTESIAN_POINT('',(1.570796326795,-0.));
#6577 = VECTOR('',#6578,1.);
#6578 = DIRECTION('',(0.,-1.));
#6579 = ( GEOMETRIC_REPRESENTATION_CONTEXT(2) 
PARAMETRIC_REPRESENTATION_CONTEXT() REPRESENTATION_CONTEXT('2D SPACE',''
  ) );
#6580 = PCURVE('',#6098,#6581);
#6581 = DEFINITIONAL_REPRESENTATION('',(#6582),#6586);
#6582 = LINE('',#6583,#6584);
#6583 = CARTESIAN_POINT('',(2.62881635617E-15,0.707106781187));
#6584 = VECTOR('',#6585,1.);
#6585 = DIRECTION('',(2.799046597687E-17,1.));
#6586 = ( GEOMETRIC_REPRESENTATION_CONTEXT(2) 
PARAMETRIC_REPRESENTATION_CONTEXT() REPRESENTATION_CONTEXT('2D SPACE',''
  ) );
#6587 = ORIENTED_EDGE('',*,*,#6588,.F.);
#6588 = EDGE_CURVE('',#6457,#6566,#6589,.T.);
#6589 = SURFACE_CURVE('',#6590,(#6595,#6602),.PCURVE_S1.);
#6590 = CIRCLE('',#6591,2.);
#6591 = AXIS2_PLACEMENT_3D('',#6592,#6593,#6594);
#6592 = CARTESIAN_POINT('',(28.352219136882,66.367694662624,
    2.258309058674));
#6593 = DIRECTION('',(0.862729915663,0.498097349046,8.715574274766E-02)
  );
#6594 = DIRECTION('',(-0.5,0.866025403784,0.));
#6595 = PCURVE('',#6127,#6596);
#6596 = DEFINITIONAL_REPRESENTATION('',(#6597),#6601);
#6597 = LINE('',#6598,#6599);
#6598 = CARTESIAN_POINT('',(0.,-0.));
#6599 = VECTOR('',#6600,1.);
#6600 = DIRECTION('',(1.,-0.));
#6601 = ( GEOMETRIC_REPRESENTATION_CONTEXT(2) 
PARAMETRIC_REPRESENTATION_CONTEXT() REPRESENTATION_CONTEXT('2D SPACE',''
  ) );
#6602 = PCURVE('',#6603,#6608);
#6603 = CYLINDRICAL_SURFACE('',#6604,2.);
#6604 = AXIS2_PLACEMENT_3D('',#6605,#6606,#6607);
#6605 = CARTESIAN_POINT('',(26.195394347725,65.122451290009,
    2.040419701805));
#6606 = DIRECTION('',(0.862729915663,0.498097349046,8.715574274766E-02)
  );
#6607 = DIRECTION('',(-0.5,0.866025403784,0.));
#6608 = DEFINITIONAL_REPRESENTATION('',(#6609),#6613);
#6609 = LINE('',#6610,#6611);
#6610 = CARTESIAN_POINT('',(0.,2.5));
#6611 = VECTOR('',#6612,1.);
#6612 = DIRECTION('',(1.,0.));
#6613 = ( GEOMETRIC_REPRESENTATION_CONTEXT(2) 
PARAMETRIC_REPRESENTATION_CONTEXT() REPRESENTATION_CONTEXT('2D SPACE',''
  ) );
#6614 = ADVANCED_FACE('',(#6615),#6041,.T.);
#6615 = FACE_BOUND('',#6616,.T.);
#6616 = EDGE_LOOP('',(#6617,#6640,#6641,#6642));
#6617 = ORIENTED_EDGE('',*,*,#6618,.F.);
#6618 = EDGE_CURVE('',#6026,#6619,#6621,.T.);
#6619 = VERTEX_POINT('',#6620);
#6620 = CARTESIAN_POINT('',(72.652219136882,-10.36215611267,
    2.258309058674));
#6621 = SURFACE_CURVE('',#6622,(#6626,#6633),.PCURVE_S1.);
#6622 = LINE('',#6623,#6624);
#6623 = CARTESIAN_POINT('',(72.652219136882,-10.36215611267,
    2.258309058674));
#6624 = VECTOR('',#6625,1.);
#6625 = DIRECTION('',(-0.963595564291,0.260164422494,-6.162841671622E-02
    ));
#6626 = PCURVE('',#6041,#6627);
#6627 = DEFINITIONAL_REPRESENTATION('',(#6628),#6632);
#6628 = LINE('',#6629,#6630);
#6629 = CARTESIAN_POINT('',(2.856965665436E-16,0.707106781187));
#6630 = VECTOR('',#6631,1.);
#6631 = DIRECTION('',(4.752884060568E-17,1.));
#6632 = ( GEOMETRIC_REPRESENTATION_CONTEXT(2) 
PARAMETRIC_REPRESENTATION_CONTEXT() REPRESENTATION_CONTEXT('2D SPACE',''
  ) );
#6633 = PCURVE('',#6070,#6634);
#6634 = DEFINITIONAL_REPRESENTATION('',(#6635),#6639);
#6635 = LINE('',#6636,#6637);
#6636 = CARTESIAN_POINT('',(1.570796326795,-0.));
#6637 = VECTOR('',#6638,1.);
#6638 = DIRECTION('',(0.,-1.));
#6639 = ( GEOMETRIC_REPRESENTATION_CONTEXT(2) 
PARAMETRIC_REPRESENTATION_CONTEXT() REPRESENTATION_CONTEXT('2D SPACE',''
  ) );
#6640 = ORIENTED_EDGE('',*,*,#6025,.T.);
#6641 = ORIENTED_EDGE('',*,*,#6508,.T.);
#6642 = ORIENTED_EDGE('',*,*,#6643,.F.);
#6643 = EDGE_CURVE('',#6619,#6509,#6644,.T.);
#6644 = SURFACE_CURVE('',#6645,(#6649,#6656),.PCURVE_S1.);
#6645 = LINE('',#6646,#6647);
#6646 = CARTESIAN_POINT('',(72.652219136882,-10.36215611267,
    2.258309058674));
#6647 = VECTOR('',#6648,1.);
#6648 = DIRECTION('',(7.547908730517E-02,4.357787137383E-02,
    -0.996194698092));
#6649 = PCURVE('',#6041,#6650);
#6650 = DEFINITIONAL_REPRESENTATION('',(#6651),#6655);
#6651 = LINE('',#6652,#6653);
#6652 = CARTESIAN_POINT('',(2.856965665436E-16,0.707106781187));
#6653 = VECTOR('',#6654,1.);
#6654 = DIRECTION('',(1.,6.053904699522E-18));
#6655 = ( GEOMETRIC_REPRESENTATION_CONTEXT(2) 
PARAMETRIC_REPRESENTATION_CONTEXT() REPRESENTATION_CONTEXT('2D SPACE',''
  ) );
#6656 = PCURVE('',#6657,#6662);
#6657 = PLANE('',#6658);
#6658 = AXIS2_PLACEMENT_3D('',#6659,#6660,#6661);
#6659 = CARTESIAN_POINT('',(70.344436173115,-11.69455522804,
    4.032809097988));
#6660 = DIRECTION('',(-0.5,0.866025403784,0.));
#6661 = DIRECTION('',(7.547908730517E-02,4.357787137383E-02,
    -0.996194698092));
#6662 = DEFINITIONAL_REPRESENTATION('',(#6663),#6667);
#6663 = LINE('',#6664,#6665);
#6664 = CARTESIAN_POINT('',(2.,-2.5));
#6665 = VECTOR('',#6666,1.);
#6666 = DIRECTION('',(1.,-1.157957318589E-17));
#6667 = ( GEOMETRIC_REPRESENTATION_CONTEXT(2) 
PARAMETRIC_REPRESENTATION_CONTEXT() REPRESENTATION_CONTEXT('2D SPACE',''
  ) );
#6668 = ADVANCED_FACE('',(#6669),#6098,.T.);
#6669 = FACE_BOUND('',#6670,.T.);
#6670 = EDGE_LOOP('',(#6671,#6672,#6673,#6696));
#6671 = ORIENTED_EDGE('',*,*,#6565,.F.);
#6672 = ORIENTED_EDGE('',*,*,#6082,.T.);
#6673 = ORIENTED_EDGE('',*,*,#6674,.T.);
#6674 = EDGE_CURVE('',#6054,#6675,#6677,.T.);
#6675 = VERTEX_POINT('',#6676);
#6676 = CARTESIAN_POINT('',(71.501260962272,-8.717261047856,
    4.250698454858));
#6677 = SURFACE_CURVE('',#6678,(#6682,#6689),.PCURVE_S1.);
#6678 = LINE('',#6679,#6680);
#6679 = CARTESIAN_POINT('',(71.894886376451,-8.49000130902,
    4.792373675277));
#6680 = VECTOR('',#6681,1.);
#6681 = DIRECTION('',(-0.556670399226,-0.321393804843,-0.766044443119));
#6682 = PCURVE('',#6098,#6683);
#6683 = DEFINITIONAL_REPRESENTATION('',(#6684),#6688);
#6684 = LINE('',#6685,#6686);
#6685 = CARTESIAN_POINT('',(86.6,-1.199701323807E-15));
#6686 = VECTOR('',#6687,1.);
#6687 = DIRECTION('',(-2.752068525439E-17,1.));
#6688 = ( GEOMETRIC_REPRESENTATION_CONTEXT(2) 
PARAMETRIC_REPRESENTATION_CONTEXT() REPRESENTATION_CONTEXT('2D SPACE',''
  ) );
#6689 = PCURVE('',#6070,#6690);
#6690 = DEFINITIONAL_REPRESENTATION('',(#6691),#6695);
#6691 = LINE('',#6692,#6693);
#6692 = CARTESIAN_POINT('',(-0.,0.5));
#6693 = VECTOR('',#6694,1.);
#6694 = DIRECTION('',(0.,-1.));
#6695 = ( GEOMETRIC_REPRESENTATION_CONTEXT(2) 
PARAMETRIC_REPRESENTATION_CONTEXT() REPRESENTATION_CONTEXT('2D SPACE',''
  ) );
#6696 = ORIENTED_EDGE('',*,*,#6697,.F.);
#6697 = EDGE_CURVE('',#6566,#6675,#6698,.T.);
#6698 = SURFACE_CURVE('',#6699,(#6703,#6710),.PCURVE_S1.);
#6699 = LINE('',#6700,#6701);
#6700 = CARTESIAN_POINT('',(28.201260962272,66.280538919876,
    4.250698454858));
#6701 = VECTOR('',#6702,1.);
#6702 = DIRECTION('',(0.5,-0.866025403784,0.));
#6703 = PCURVE('',#6098,#6704);
#6704 = DEFINITIONAL_REPRESENTATION('',(#6705),#6709);
#6705 = LINE('',#6706,#6707);
#6706 = CARTESIAN_POINT('',(2.62881635617E-15,0.707106781187));
#6707 = VECTOR('',#6708,1.);
#6708 = DIRECTION('',(1.,-3.380994803421E-17));
#6709 = ( GEOMETRIC_REPRESENTATION_CONTEXT(2) 
PARAMETRIC_REPRESENTATION_CONTEXT() REPRESENTATION_CONTEXT('2D SPACE',''
  ) );
#6710 = PCURVE('',#6711,#6716);
#6711 = PLANE('',#6712);
#6712 = AXIS2_PLACEMENT_3D('',#6713,#6714,#6715);
#6713 = CARTESIAN_POINT('',(25.044436173115,66.76734635483,
    4.032809097988));
#6714 = DIRECTION('',(7.547908730517E-02,4.357787137383E-02,
    -0.996194698092));
#6715 = DIRECTION('',(0.5,-0.866025403784,0.));
#6716 = DEFINITIONAL_REPRESENTATION('',(#6717),#6721);
#6717 = LINE('',#6718,#6719);
#6718 = CARTESIAN_POINT('',(2.,-2.5));
#6719 = VECTOR('',#6720,1.);
#6720 = DIRECTION('',(1.,-7.858696607916E-18));
#6721 = ( GEOMETRIC_REPRESENTATION_CONTEXT(2) 
PARAMETRIC_REPRESENTATION_CONTEXT() REPRESENTATION_CONTEXT('2D SPACE',''
  ) );
#6722 = ADVANCED_FACE('',(#6723),#6070,.F.);
#6723 = FACE_BOUND('',#6724,.T.);
#6724 = EDGE_LOOP('',(#6725,#6726,#6727,#6728));
#6725 = ORIENTED_EDGE('',*,*,#6674,.F.);
#6726 = ORIENTED_EDGE('',*,*,#6053,.T.);
#6727 = ORIENTED_EDGE('',*,*,#6618,.T.);
#6728 = ORIENTED_EDGE('',*,*,#6729,.F.);
#6729 = EDGE_CURVE('',#6675,#6619,#6730,.T.);
#6730 = SURFACE_CURVE('',#6731,(#6736,#6743),.PCURVE_S1.);
#6731 = CIRCLE('',#6732,2.);
#6732 = AXIS2_PLACEMENT_3D('',#6733,#6734,#6735);
#6733 = CARTESIAN_POINT('',(71.652219136882,-8.630105305109,
    2.258309058674));
#6734 = DIRECTION('',(0.862729915663,0.498097349046,8.715574274766E-02)
  );
#6735 = DIRECTION('',(-7.547908730517E-02,-4.357787137383E-02,
    0.996194698092));
#6736 = PCURVE('',#6070,#6737);
#6737 = DEFINITIONAL_REPRESENTATION('',(#6738),#6742);
#6738 = LINE('',#6739,#6740);
#6739 = CARTESIAN_POINT('',(0.,-0.));
#6740 = VECTOR('',#6741,1.);
#6741 = DIRECTION('',(1.,-0.));
#6742 = ( GEOMETRIC_REPRESENTATION_CONTEXT(2) 
PARAMETRIC_REPRESENTATION_CONTEXT() REPRESENTATION_CONTEXT('2D SPACE',''
  ) );
#6743 = PCURVE('',#6744,#6749);
#6744 = CYLINDRICAL_SURFACE('',#6745,2.);
#6745 = AXIS2_PLACEMENT_3D('',#6746,#6747,#6748);
#6746 = CARTESIAN_POINT('',(69.495394347725,-9.875348677723,
    2.040419701805));
#6747 = DIRECTION('',(0.862729915663,0.498097349046,8.715574274766E-02)
  );
#6748 = DIRECTION('',(-7.547908730517E-02,-4.357787137383E-02,
    0.996194698092));
#6749 = DEFINITIONAL_REPRESENTATION('',(#6750),#6754);
#6750 = LINE('',#6751,#6752);
#6751 = CARTESIAN_POINT('',(0.,2.5));
#6752 = VECTOR('',#6753,1.);
#6753 = DIRECTION('',(1.,0.));
#6754 = ( GEOMETRIC_REPRESENTATION_CONTEXT(2) 
PARAMETRIC_REPRESENTATION_CONTEXT() REPRESENTATION_CONTEXT('2D SPACE',''
  ) );
#6755 = ADVANCED_FACE('',(#6756),#6195,.T.);
#6756 = FACE_BOUND('',#6757,.F.);
#6757 = EDGE_LOOP('',(#6758,#6777,#6778,#6779));
#6758 = ORIENTED_EDGE('',*,*,#6759,.F.);
#6759 = EDGE_CURVE('',#6214,#6179,#6760,.T.);
#6760 = SEAM_CURVE('',#6761,(#6765,#6771),.PCURVE_S1.);
#6761 = LINE('',#6762,#6763);
#6762 = CARTESIAN_POINT('',(15.65,0.,-3.2));
#6763 = VECTOR('',#6764,1.);
#6764 = DIRECTION('',(-0.707106781187,-0.,-0.707106781187));
#6765 = PCURVE('',#6195,#6766);
#6766 = DEFINITIONAL_REPRESENTATION('',(#6767),#6770);
#6767 = B_SPLINE_CURVE_WITH_KNOTS('',1,(#6768,#6769),.UNSPECIFIED.,.F.,
  .F.,(2,2),(0.,1.131370849898),.PIECEWISE_BEZIER_KNOTS.);
#6768 = CARTESIAN_POINT('',(0.,0.));
#6769 = CARTESIAN_POINT('',(0.,-0.8));
#6770 = ( GEOMETRIC_REPRESENTATION_CONTEXT(2) 
PARAMETRIC_REPRESENTATION_CONTEXT() REPRESENTATION_CONTEXT('2D SPACE',''
  ) );
#6771 = PCURVE('',#6195,#6772);
#6772 = DEFINITIONAL_REPRESENTATION('',(#6773),#6776);
#6773 = B_SPLINE_CURVE_WITH_KNOTS('',1,(#6774,#6775),.UNSPECIFIED.,.F.,
  .F.,(2,2),(0.,1.131370849898),.PIECEWISE_BEZIER_KNOTS.);
#6774 = CARTESIAN_POINT('',(6.28318530718,0.));
#6775 = CARTESIAN_POINT('',(6.28318530718,-0.8));
#6776 = ( GEOMETRIC_REPRESENTATION_CONTEXT(2) 
PARAMETRIC_REPRESENTATION_CONTEXT() REPRESENTATION_CONTEXT('2D SPACE',''
  ) );
#6777 = ORIENTED_EDGE('',*,*,#6238,.T.);
#6778 = ORIENTED_EDGE('',*,*,#6759,.T.);
#6779 = ORIENTED_EDGE('',*,*,#6178,.F.);
#6780 = ADVANCED_FACE('',(#6781,#6971),#6304,.T.);
#6781 = FACE_BOUND('',#6782,.T.);
#6782 = EDGE_LOOP('',(#6783,#6808,#6832,#6855,#6879,#6902,#6926,#6949));
#6783 = ORIENTED_EDGE('',*,*,#6784,.F.);
#6784 = EDGE_CURVE('',#6785,#6787,#6789,.T.);
#6785 = VERTEX_POINT('',#6786);
#6786 = CARTESIAN_POINT('',(28.843204678155,66.651165297046,
    -21.43242916531));
#6787 = VERTEX_POINT('',#6788);
#6788 = CARTESIAN_POINT('',(72.143204678155,-8.346634670686,
    -21.43242916531));
#6789 = SURFACE_CURVE('',#6790,(#6794,#6801),.PCURVE_S1.);
#6790 = LINE('',#6791,#6792);
#6791 = CARTESIAN_POINT('',(61.818204678155,9.536789917462,
    -21.43242916531));
#6792 = VECTOR('',#6793,1.);
#6793 = DIRECTION('',(0.5,-0.866025403784,0.));
#6794 = PCURVE('',#6304,#6795);
#6795 = DEFINITIONAL_REPRESENTATION('',(#6796),#6800);
#6796 = LINE('',#6797,#6798);
#6797 = CARTESIAN_POINT('',(-17.675,22.65));
#6798 = VECTOR('',#6799,1.);
#6799 = DIRECTION('',(-3.410564202805E-18,1.));
#6800 = ( GEOMETRIC_REPRESENTATION_CONTEXT(2) 
PARAMETRIC_REPRESENTATION_CONTEXT() REPRESENTATION_CONTEXT('2D SPACE',''
  ) );
#6801 = PCURVE('',#6439,#6802);
#6802 = DEFINITIONAL_REPRESENTATION('',(#6803),#6807);
#6803 = LINE('',#6804,#6805);
#6804 = CARTESIAN_POINT('',(22.65,-1.));
#6805 = VECTOR('',#6806,1.);
#6806 = DIRECTION('',(-1.,-7.858696607916E-18));
#6807 = ( GEOMETRIC_REPRESENTATION_CONTEXT(2) 
PARAMETRIC_REPRESENTATION_CONTEXT() REPRESENTATION_CONTEXT('2D SPACE',''
  ) );
#6808 = ORIENTED_EDGE('',*,*,#6809,.T.);
#6809 = EDGE_CURVE('',#6785,#6810,#6812,.T.);
#6810 = VERTEX_POINT('',#6811);
#6811 = CARTESIAN_POINT('',(27.692246503545,68.296060361867,
    -19.44003976913));
#6812 = SURFACE_CURVE('',#6813,(#6818,#6825),.PCURVE_S1.);
#6813 = CIRCLE('',#6814,2.);
#6814 = AXIS2_PLACEMENT_3D('',#6815,#6816,#6817);
#6815 = CARTESIAN_POINT('',(28.692246503545,66.564009554298,
    -19.44003976913));
#6816 = DIRECTION('',(0.862729915663,0.498097349046,8.715574274766E-02)
  );
#6817 = DIRECTION('',(7.547908730517E-02,4.357787137383E-02,
    -0.996194698092));
#6818 = PCURVE('',#6304,#6819);
#6819 = DEFINITIONAL_REPRESENTATION('',(#6820),#6824);
#6820 = CIRCLE('',#6821,2.);
#6821 = AXIS2_PLACEMENT_2D('',#6822,#6823);
#6822 = CARTESIAN_POINT('',(-15.675,-43.3));
#6823 = DIRECTION('',(-1.,2.748962873712E-18));
#6824 = ( GEOMETRIC_REPRESENTATION_CONTEXT(2) 
PARAMETRIC_REPRESENTATION_CONTEXT() REPRESENTATION_CONTEXT('2D SPACE',''
  ) );
#6825 = PCURVE('',#6385,#6826);
#6826 = DEFINITIONAL_REPRESENTATION('',(#6827),#6831);
#6827 = LINE('',#6828,#6829);
#6828 = CARTESIAN_POINT('',(0.,1.));
#6829 = VECTOR('',#6830,1.);
#6830 = DIRECTION('',(1.,0.));
#6831 = ( GEOMETRIC_REPRESENTATION_CONTEXT(2) 
PARAMETRIC_REPRESENTATION_CONTEXT() REPRESENTATION_CONTEXT('2D SPACE',''
  ) );
#6832 = ORIENTED_EDGE('',*,*,#6833,.F.);
#6833 = EDGE_CURVE('',#6834,#6810,#6836,.T.);
#6834 = VERTEX_POINT('',#6835);
#6835 = CARTESIAN_POINT('',(26.058124263388,67.352599446624,
    2.127575444553));
#6836 = SURFACE_CURVE('',#6837,(#6841,#6848),.PCURVE_S1.);
#6837 = LINE('',#6838,#6839);
#6838 = CARTESIAN_POINT('',(27.359195030811,68.10377300443,
    -15.0443306638));
#6839 = VECTOR('',#6840,1.);
#6840 = DIRECTION('',(7.547908730517E-02,4.357787137383E-02,
    -0.996194698092));
#6841 = PCURVE('',#6304,#6842);
#6842 = DEFINITIONAL_REPRESENTATION('',(#6843),#6847);
#6843 = LINE('',#6844,#6845);
#6844 = CARTESIAN_POINT('',(-11.2625,-45.3));
#6845 = VECTOR('',#6846,1.);
#6846 = DIRECTION('',(-1.,2.748962873712E-18));
#6847 = ( GEOMETRIC_REPRESENTATION_CONTEXT(2) 
PARAMETRIC_REPRESENTATION_CONTEXT() REPRESENTATION_CONTEXT('2D SPACE',''
  ) );
#6848 = PCURVE('',#6493,#6849);
#6849 = DEFINITIONAL_REPRESENTATION('',(#6850),#6854);
#6850 = LINE('',#6851,#6852);
#6851 = CARTESIAN_POINT('',(6.4125,-1.));
#6852 = VECTOR('',#6853,1.);
#6853 = DIRECTION('',(-1.,-1.157957318589E-17));
#6854 = ( GEOMETRIC_REPRESENTATION_CONTEXT(2) 
PARAMETRIC_REPRESENTATION_CONTEXT() REPRESENTATION_CONTEXT('2D SPACE',''
  ) );
#6855 = ORIENTED_EDGE('',*,*,#6856,.T.);
#6856 = EDGE_CURVE('',#6834,#6857,#6859,.T.);
#6857 = VERTEX_POINT('',#6858);
#6858 = CARTESIAN_POINT('',(26.907166088777,65.533392896307,
    4.119964840736));
#6859 = SURFACE_CURVE('',#6860,(#6865,#6872),.PCURVE_S1.);
#6860 = CIRCLE('',#6861,2.);
#6861 = AXIS2_PLACEMENT_3D('',#6862,#6863,#6864);
#6862 = CARTESIAN_POINT('',(27.058124263388,65.620548639055,
    2.127575444553));
#6863 = DIRECTION('',(0.862729915663,0.498097349046,8.715574274766E-02)
  );
#6864 = DIRECTION('',(-0.5,0.866025403784,0.));
#6865 = PCURVE('',#6304,#6866);
#6866 = DEFINITIONAL_REPRESENTATION('',(#6867),#6871);
#6867 = CIRCLE('',#6868,2.);
#6868 = AXIS2_PLACEMENT_2D('',#6869,#6870);
#6869 = CARTESIAN_POINT('',(5.975,-43.3));
#6870 = DIRECTION('',(1.462997699119E-18,-1.));
#6871 = ( GEOMETRIC_REPRESENTATION_CONTEXT(2) 
PARAMETRIC_REPRESENTATION_CONTEXT() REPRESENTATION_CONTEXT('2D SPACE',''
  ) );
#6872 = PCURVE('',#6603,#6873);
#6873 = DEFINITIONAL_REPRESENTATION('',(#6874),#6878);
#6874 = LINE('',#6875,#6876);
#6875 = CARTESIAN_POINT('',(0.,1.));
#6876 = VECTOR('',#6877,1.);
#6877 = DIRECTION('',(1.,0.));
#6878 = ( GEOMETRIC_REPRESENTATION_CONTEXT(2) 
PARAMETRIC_REPRESENTATION_CONTEXT() REPRESENTATION_CONTEXT('2D SPACE',''
  ) );
#6879 = ORIENTED_EDGE('',*,*,#6880,.F.);
#6880 = EDGE_CURVE('',#6881,#6857,#6883,.T.);
#6881 = VERTEX_POINT('',#6882);
#6882 = CARTESIAN_POINT('',(70.207166088777,-9.464407071425,
    4.119964840736));
#6883 = SURFACE_CURVE('',#6884,(#6888,#6895),.PCURVE_S1.);
#6884 = LINE('',#6885,#6886);
#6885 = CARTESIAN_POINT('',(37.232166088777,47.649968308159,
    4.119964840736));
#6886 = VECTOR('',#6887,1.);
#6887 = DIRECTION('',(-0.5,0.866025403784,0.));
#6888 = PCURVE('',#6304,#6889);
#6889 = DEFINITIONAL_REPRESENTATION('',(#6890),#6894);
#6890 = LINE('',#6891,#6892);
#6891 = CARTESIAN_POINT('',(7.975,-22.65));
#6892 = VECTOR('',#6893,1.);
#6893 = DIRECTION('',(3.410564202805E-18,-1.));
#6894 = ( GEOMETRIC_REPRESENTATION_CONTEXT(2) 
PARAMETRIC_REPRESENTATION_CONTEXT() REPRESENTATION_CONTEXT('2D SPACE',''
  ) );
#6895 = PCURVE('',#6711,#6896);
#6896 = DEFINITIONAL_REPRESENTATION('',(#6897),#6901);
#6897 = LINE('',#6898,#6899);
#6898 = CARTESIAN_POINT('',(22.65,-1.));
#6899 = VECTOR('',#6900,1.);
#6900 = DIRECTION('',(-1.,7.858696607916E-18));
#6901 = ( GEOMETRIC_REPRESENTATION_CONTEXT(2) 
PARAMETRIC_REPRESENTATION_CONTEXT() REPRESENTATION_CONTEXT('2D SPACE',''
  ) );
#6902 = ORIENTED_EDGE('',*,*,#6903,.T.);
#6903 = EDGE_CURVE('',#6881,#6904,#6906,.T.);
#6904 = VERTEX_POINT('',#6905);
#6905 = CARTESIAN_POINT('',(71.358124263388,-11.10930213624,
    2.127575444553));
#6906 = SURFACE_CURVE('',#6907,(#6912,#6919),.PCURVE_S1.);
#6907 = CIRCLE('',#6908,2.);
#6908 = AXIS2_PLACEMENT_3D('',#6909,#6910,#6911);
#6909 = CARTESIAN_POINT('',(70.358124263388,-9.377251328678,
    2.127575444553));
#6910 = DIRECTION('',(0.862729915663,0.498097349046,8.715574274766E-02)
  );
#6911 = DIRECTION('',(-7.547908730517E-02,-4.357787137383E-02,
    0.996194698092));
#6912 = PCURVE('',#6304,#6913);
#6913 = DEFINITIONAL_REPRESENTATION('',(#6914),#6918);
#6914 = CIRCLE('',#6915,2.);
#6915 = AXIS2_PLACEMENT_2D('',#6916,#6917);
#6916 = CARTESIAN_POINT('',(5.975,43.3));
#6917 = DIRECTION('',(1.,-2.748962873712E-18));
#6918 = ( GEOMETRIC_REPRESENTATION_CONTEXT(2) 
PARAMETRIC_REPRESENTATION_CONTEXT() REPRESENTATION_CONTEXT('2D SPACE',''
  ) );
#6919 = PCURVE('',#6744,#6920);
#6920 = DEFINITIONAL_REPRESENTATION('',(#6921),#6925);
#6921 = LINE('',#6922,#6923);
#6922 = CARTESIAN_POINT('',(0.,1.));
#6923 = VECTOR('',#6924,1.);
#6924 = DIRECTION('',(1.,0.));
#6925 = ( GEOMETRIC_REPRESENTATION_CONTEXT(2) 
PARAMETRIC_REPRESENTATION_CONTEXT() REPRESENTATION_CONTEXT('2D SPACE',''
  ) );
#6926 = ORIENTED_EDGE('',*,*,#6927,.F.);
#6927 = EDGE_CURVE('',#6928,#6904,#6930,.T.);
#6928 = VERTEX_POINT('',#6929);
#6929 = CARTESIAN_POINT('',(72.992246503545,-10.165841221,
    -19.44003976913));
#6930 = SURFACE_CURVE('',#6931,(#6935,#6942),.PCURVE_S1.);
#6931 = LINE('',#6932,#6933);
#6932 = CARTESIAN_POINT('',(71.691175736122,-10.9170147788,
    -2.268133660777));
#6933 = VECTOR('',#6934,1.);
#6934 = DIRECTION('',(-7.547908730517E-02,-4.357787137383E-02,
    0.996194698092));
#6935 = PCURVE('',#6304,#6936);
#6936 = DEFINITIONAL_REPRESENTATION('',(#6937),#6941);
#6937 = LINE('',#6938,#6939);
#6938 = CARTESIAN_POINT('',(1.5625,45.3));
#6939 = VECTOR('',#6940,1.);
#6940 = DIRECTION('',(1.,-2.748962873712E-18));
#6941 = ( GEOMETRIC_REPRESENTATION_CONTEXT(2) 
PARAMETRIC_REPRESENTATION_CONTEXT() REPRESENTATION_CONTEXT('2D SPACE',''
  ) );
#6942 = PCURVE('',#6657,#6943);
#6943 = DEFINITIONAL_REPRESENTATION('',(#6944),#6948);
#6944 = LINE('',#6945,#6946);
#6945 = CARTESIAN_POINT('',(6.4125,-1.));
#6946 = VECTOR('',#6947,1.);
#6947 = DIRECTION('',(-1.,1.157957318589E-17));
#6948 = ( GEOMETRIC_REPRESENTATION_CONTEXT(2) 
PARAMETRIC_REPRESENTATION_CONTEXT() REPRESENTATION_CONTEXT('2D SPACE',''
  ) );
#6949 = ORIENTED_EDGE('',*,*,#6950,.T.);
#6950 = EDGE_CURVE('',#6928,#6787,#6951,.T.);
#6951 = SURFACE_CURVE('',#6952,(#6957,#6964),.PCURVE_S1.);
#6952 = CIRCLE('',#6953,2.);
#6953 = AXIS2_PLACEMENT_3D('',#6954,#6955,#6956);
#6954 = CARTESIAN_POINT('',(71.992246503545,-8.433790413434,
    -19.44003976913));
#6955 = DIRECTION('',(0.862729915663,0.498097349046,8.715574274766E-02)
  );
#6956 = DIRECTION('',(7.547908730517E-02,4.357787137383E-02,
    -0.996194698092));
#6957 = PCURVE('',#6304,#6958);
#6958 = DEFINITIONAL_REPRESENTATION('',(#6959),#6963);
#6959 = CIRCLE('',#6960,2.);
#6960 = AXIS2_PLACEMENT_2D('',#6961,#6962);
#6961 = CARTESIAN_POINT('',(-15.675,43.3));
#6962 = DIRECTION('',(-1.,2.748962873712E-18));
#6963 = ( GEOMETRIC_REPRESENTATION_CONTEXT(2) 
PARAMETRIC_REPRESENTATION_CONTEXT() REPRESENTATION_CONTEXT('2D SPACE',''
  ) );
#6964 = PCURVE('',#6548,#6965);
#6965 = DEFINITIONAL_REPRESENTATION('',(#6966),#6970);
#6966 = LINE('',#6967,#6968);
#6967 = CARTESIAN_POINT('',(-6.28318530718,1.));
#6968 = VECTOR('',#6969,1.);
#6969 = DIRECTION('',(1.,-0.));
#6970 = ( GEOMETRIC_REPRESENTATION_CONTEXT(2) 
PARAMETRIC_REPRESENTATION_CONTEXT() REPRESENTATION_CONTEXT('2D SPACE',''
  ) );
#6971 = FACE_BOUND('',#6972,.T.);
#6972 = EDGE_LOOP('',(#6973));
#6973 = ORIENTED_EDGE('',*,*,#6289,.T.);
#6974 = ADVANCED_FACE('',(#6975),#6385,.F.);
#6975 = FACE_BOUND('',#6976,.F.);
#6976 = EDGE_LOOP('',(#6977,#6998,#6999,#7020));
#6977 = ORIENTED_EDGE('',*,*,#6978,.F.);
#6978 = EDGE_CURVE('',#6785,#6324,#6979,.T.);
#6979 = SURFACE_CURVE('',#6980,(#6984,#6991),.PCURVE_S1.);
#6980 = LINE('',#6981,#6982);
#6981 = CARTESIAN_POINT('',(27.980474762492,66.153067948,-21.51958490806
    ));
#6982 = VECTOR('',#6983,1.);
#6983 = DIRECTION('',(0.862729915663,0.498097349046,8.715574274766E-02)
  );
#6984 = PCURVE('',#6385,#6985);
#6985 = DEFINITIONAL_REPRESENTATION('',(#6986),#6990);
#6986 = LINE('',#6987,#6988);
#6987 = CARTESIAN_POINT('',(0.,0.));
#6988 = VECTOR('',#6989,1.);
#6989 = DIRECTION('',(0.,1.));
#6990 = ( GEOMETRIC_REPRESENTATION_CONTEXT(2) 
PARAMETRIC_REPRESENTATION_CONTEXT() REPRESENTATION_CONTEXT('2D SPACE',''
  ) );
#6991 = PCURVE('',#6439,#6992);
#6992 = DEFINITIONAL_REPRESENTATION('',(#6993),#6997);
#6993 = LINE('',#6994,#6995);
#6994 = CARTESIAN_POINT('',(88.6,-6.36164459371E-15));
#6995 = VECTOR('',#6996,1.);
#6996 = DIRECTION('',(-7.620020411169E-18,-1.));
#6997 = ( GEOMETRIC_REPRESENTATION_CONTEXT(2) 
PARAMETRIC_REPRESENTATION_CONTEXT() REPRESENTATION_CONTEXT('2D SPACE',''
  ) );
#6998 = ORIENTED_EDGE('',*,*,#6809,.T.);
#6999 = ORIENTED_EDGE('',*,*,#7000,.T.);
#7000 = EDGE_CURVE('',#6810,#6348,#7001,.T.);
#7001 = SURFACE_CURVE('',#7002,(#7006,#7013),.PCURVE_S1.);
#7002 = LINE('',#7003,#7004);
#7003 = CARTESIAN_POINT('',(26.829516587882,67.797963012821,
    -19.52719551188));
#7004 = VECTOR('',#7005,1.);
#7005 = DIRECTION('',(0.862729915663,0.498097349046,8.715574274766E-02)
  );
#7006 = PCURVE('',#6385,#7007);
#7007 = DEFINITIONAL_REPRESENTATION('',(#7008),#7012);
#7008 = LINE('',#7009,#7010);
#7009 = CARTESIAN_POINT('',(1.570796326795,0.));
#7010 = VECTOR('',#7011,1.);
#7011 = DIRECTION('',(0.,1.));
#7012 = ( GEOMETRIC_REPRESENTATION_CONTEXT(2) 
PARAMETRIC_REPRESENTATION_CONTEXT() REPRESENTATION_CONTEXT('2D SPACE',''
  ) );
#7013 = PCURVE('',#6493,#7014);
#7014 = DEFINITIONAL_REPRESENTATION('',(#7015),#7019);
#7015 = LINE('',#7016,#7017);
#7016 = CARTESIAN_POINT('',(2.,-3.15778270011E-15));
#7017 = VECTOR('',#7018,1.);
#7018 = DIRECTION('',(-1.157957318589E-17,-1.));
#7019 = ( GEOMETRIC_REPRESENTATION_CONTEXT(2) 
PARAMETRIC_REPRESENTATION_CONTEXT() REPRESENTATION_CONTEXT('2D SPACE',''
  ) );
#7020 = ORIENTED_EDGE('',*,*,#6370,.F.);
#7021 = ADVANCED_FACE('',(#7022),#6439,.T.);
#7022 = FACE_BOUND('',#7023,.T.);
#7023 = EDGE_LOOP('',(#7024,#7025,#7026,#7047));
#7024 = ORIENTED_EDGE('',*,*,#6978,.F.);
#7025 = ORIENTED_EDGE('',*,*,#6784,.T.);
#7026 = ORIENTED_EDGE('',*,*,#7027,.T.);
#7027 = EDGE_CURVE('',#6787,#6401,#7028,.T.);
#7028 = SURFACE_CURVE('',#7029,(#7033,#7040),.PCURVE_S1.);
#7029 = LINE('',#7030,#7031);
#7030 = CARTESIAN_POINT('',(71.280474762492,-8.844732019732,
    -21.51958490806));
#7031 = VECTOR('',#7032,1.);
#7032 = DIRECTION('',(0.862729915663,0.498097349046,8.715574274766E-02)
  );
#7033 = PCURVE('',#6439,#7034);
#7034 = DEFINITIONAL_REPRESENTATION('',(#7035),#7039);
#7035 = LINE('',#7036,#7037);
#7036 = CARTESIAN_POINT('',(2.,1.33226762955E-15));
#7037 = VECTOR('',#7038,1.);
#7038 = DIRECTION('',(-7.620020411169E-18,-1.));
#7039 = ( GEOMETRIC_REPRESENTATION_CONTEXT(2) 
PARAMETRIC_REPRESENTATION_CONTEXT() REPRESENTATION_CONTEXT('2D SPACE',''
  ) );
#7040 = PCURVE('',#6548,#7041);
#7041 = DEFINITIONAL_REPRESENTATION('',(#7042),#7046);
#7042 = LINE('',#7043,#7044);
#7043 = CARTESIAN_POINT('',(-0.,0.));
#7044 = VECTOR('',#7045,1.);
#7045 = DIRECTION('',(-0.,1.));
#7046 = ( GEOMETRIC_REPRESENTATION_CONTEXT(2) 
PARAMETRIC_REPRESENTATION_CONTEXT() REPRESENTATION_CONTEXT('2D SPACE',''
  ) );
#7047 = ORIENTED_EDGE('',*,*,#6425,.T.);
#7048 = ADVANCED_FACE('',(#7049),#6493,.T.);
#7049 = FACE_BOUND('',#7050,.T.);
#7050 = EDGE_LOOP('',(#7051,#7072,#7073,#7074));
#7051 = ORIENTED_EDGE('',*,*,#7052,.F.);
#7052 = EDGE_CURVE('',#6834,#6457,#7053,.T.);
#7053 = SURFACE_CURVE('',#7054,(#7058,#7065),.PCURVE_S1.);
#7054 = LINE('',#7055,#7056);
#7055 = CARTESIAN_POINT('',(25.195394347725,66.854502097578,
    2.040419701805));
#7056 = VECTOR('',#7057,1.);
#7057 = DIRECTION('',(0.862729915663,0.498097349046,8.715574274766E-02)
  );
#7058 = PCURVE('',#6493,#7059);
#7059 = DEFINITIONAL_REPRESENTATION('',(#7060),#7064);
#7060 = LINE('',#7061,#7062);
#7061 = CARTESIAN_POINT('',(23.65,8.117366972149E-15));
#7062 = VECTOR('',#7063,1.);
#7063 = DIRECTION('',(-1.157957318589E-17,-1.));
#7064 = ( GEOMETRIC_REPRESENTATION_CONTEXT(2) 
PARAMETRIC_REPRESENTATION_CONTEXT() REPRESENTATION_CONTEXT('2D SPACE',''
  ) );
#7065 = PCURVE('',#6603,#7066);
#7066 = DEFINITIONAL_REPRESENTATION('',(#7067),#7071);
#7067 = LINE('',#7068,#7069);
#7068 = CARTESIAN_POINT('',(0.,0.));
#7069 = VECTOR('',#7070,1.);
#7070 = DIRECTION('',(0.,1.));
#7071 = ( GEOMETRIC_REPRESENTATION_CONTEXT(2) 
PARAMETRIC_REPRESENTATION_CONTEXT() REPRESENTATION_CONTEXT('2D SPACE',''
  ) );
#7072 = ORIENTED_EDGE('',*,*,#6833,.T.);
#7073 = ORIENTED_EDGE('',*,*,#7000,.T.);
#7074 = ORIENTED_EDGE('',*,*,#6479,.T.);
#7075 = ADVANCED_FACE('',(#7076),#6548,.F.);
#7076 = FACE_BOUND('',#7077,.T.);
#7077 = EDGE_LOOP('',(#7078,#7079,#7080,#7101));
#7078 = ORIENTED_EDGE('',*,*,#7027,.F.);
#7079 = ORIENTED_EDGE('',*,*,#6950,.F.);
#7080 = ORIENTED_EDGE('',*,*,#7081,.T.);
#7081 = EDGE_CURVE('',#6928,#6509,#7082,.T.);
#7082 = SURFACE_CURVE('',#7083,(#7087,#7094),.PCURVE_S1.);
#7083 = LINE('',#7084,#7085);
#7084 = CARTESIAN_POINT('',(72.129516587882,-10.66393857004,
    -19.52719551188));
#7085 = VECTOR('',#7086,1.);
#7086 = DIRECTION('',(0.862729915663,0.498097349046,8.715574274766E-02)
  );
#7087 = PCURVE('',#6548,#7088);
#7088 = DEFINITIONAL_REPRESENTATION('',(#7089),#7093);
#7089 = LINE('',#7090,#7091);
#7090 = CARTESIAN_POINT('',(-1.570796326795,0.));
#7091 = VECTOR('',#7092,1.);
#7092 = DIRECTION('',(-0.,1.));
#7093 = ( GEOMETRIC_REPRESENTATION_CONTEXT(2) 
PARAMETRIC_REPRESENTATION_CONTEXT() REPRESENTATION_CONTEXT('2D SPACE',''
  ) );
#7094 = PCURVE('',#6657,#7095);
#7095 = DEFINITIONAL_REPRESENTATION('',(#7096),#7100);
#7096 = LINE('',#7097,#7098);
#7097 = CARTESIAN_POINT('',(23.65,-1.456028824398E-15));
#7098 = VECTOR('',#7099,1.);
#7099 = DIRECTION('',(1.157957318589E-17,-1.));
#7100 = ( GEOMETRIC_REPRESENTATION_CONTEXT(2) 
PARAMETRIC_REPRESENTATION_CONTEXT() REPRESENTATION_CONTEXT('2D SPACE',''
  ) );
#7101 = ORIENTED_EDGE('',*,*,#6533,.T.);
#7102 = ADVANCED_FACE('',(#7103),#6603,.F.);
#7103 = FACE_BOUND('',#7104,.F.);
#7104 = EDGE_LOOP('',(#7105,#7106,#7107,#7128));
#7105 = ORIENTED_EDGE('',*,*,#7052,.F.);
#7106 = ORIENTED_EDGE('',*,*,#6856,.T.);
#7107 = ORIENTED_EDGE('',*,*,#7108,.T.);
#7108 = EDGE_CURVE('',#6857,#6566,#7109,.T.);
#7109 = SURFACE_CURVE('',#7110,(#7114,#7121),.PCURVE_S1.);
#7110 = LINE('',#7111,#7112);
#7111 = CARTESIAN_POINT('',(26.044436173115,65.035295547261,
    4.032809097988));
#7112 = VECTOR('',#7113,1.);
#7113 = DIRECTION('',(0.862729915663,0.498097349046,8.715574274766E-02)
  );
#7114 = PCURVE('',#6603,#7115);
#7115 = DEFINITIONAL_REPRESENTATION('',(#7116),#7120);
#7116 = LINE('',#7117,#7118);
#7117 = CARTESIAN_POINT('',(1.570796326795,0.));
#7118 = VECTOR('',#7119,1.);
#7119 = DIRECTION('',(0.,1.));
#7120 = ( GEOMETRIC_REPRESENTATION_CONTEXT(2) 
PARAMETRIC_REPRESENTATION_CONTEXT() REPRESENTATION_CONTEXT('2D SPACE',''
  ) );
#7121 = PCURVE('',#6711,#7122);
#7122 = DEFINITIONAL_REPRESENTATION('',(#7123),#7127);
#7123 = LINE('',#7124,#7125);
#7124 = CARTESIAN_POINT('',(2.,-4.884981308351E-15));
#7125 = VECTOR('',#7126,1.);
#7126 = DIRECTION('',(7.620020411169E-18,-1.));
#7127 = ( GEOMETRIC_REPRESENTATION_CONTEXT(2) 
PARAMETRIC_REPRESENTATION_CONTEXT() REPRESENTATION_CONTEXT('2D SPACE',''
  ) );
#7128 = ORIENTED_EDGE('',*,*,#6588,.F.);
#7129 = ADVANCED_FACE('',(#7130),#6657,.T.);
#7130 = FACE_BOUND('',#7131,.T.);
#7131 = EDGE_LOOP('',(#7132,#7133,#7134,#7155));
#7132 = ORIENTED_EDGE('',*,*,#7081,.F.);
#7133 = ORIENTED_EDGE('',*,*,#6927,.T.);
#7134 = ORIENTED_EDGE('',*,*,#7135,.T.);
#7135 = EDGE_CURVE('',#6904,#6619,#7136,.T.);
#7136 = SURFACE_CURVE('',#7137,(#7141,#7148),.PCURVE_S1.);
#7137 = LINE('',#7138,#7139);
#7138 = CARTESIAN_POINT('',(70.495394347725,-11.60739948529,
    2.040419701805));
#7139 = VECTOR('',#7140,1.);
#7140 = DIRECTION('',(0.862729915663,0.498097349046,8.715574274766E-02)
  );
#7141 = PCURVE('',#6657,#7142);
#7142 = DEFINITIONAL_REPRESENTATION('',(#7143),#7147);
#7143 = LINE('',#7144,#7145);
#7144 = CARTESIAN_POINT('',(2.,-5.612979194428E-15));
#7145 = VECTOR('',#7146,1.);
#7146 = DIRECTION('',(1.157957318589E-17,-1.));
#7147 = ( GEOMETRIC_REPRESENTATION_CONTEXT(2) 
PARAMETRIC_REPRESENTATION_CONTEXT() REPRESENTATION_CONTEXT('2D SPACE',''
  ) );
#7148 = PCURVE('',#6744,#7149);
#7149 = DEFINITIONAL_REPRESENTATION('',(#7150),#7154);
#7150 = LINE('',#7151,#7152);
#7151 = CARTESIAN_POINT('',(1.570796326795,0.));
#7152 = VECTOR('',#7153,1.);
#7153 = DIRECTION('',(0.,1.));
#7154 = ( GEOMETRIC_REPRESENTATION_CONTEXT(2) 
PARAMETRIC_REPRESENTATION_CONTEXT() REPRESENTATION_CONTEXT('2D SPACE',''
  ) );
#7155 = ORIENTED_EDGE('',*,*,#6643,.T.);
#7156 = ADVANCED_FACE('',(#7157),#6711,.T.);
#7157 = FACE_BOUND('',#7158,.T.);
#7158 = EDGE_LOOP('',(#7159,#7180,#7181,#7182));
#7159 = ORIENTED_EDGE('',*,*,#7160,.F.);
#7160 = EDGE_CURVE('',#6881,#6675,#7161,.T.);
#7161 = SURFACE_CURVE('',#7162,(#7166,#7173),.PCURVE_S1.);
#7162 = LINE('',#7163,#7164);
#7163 = CARTESIAN_POINT('',(69.344436173115,-9.962504420471,
    4.032809097988));
#7164 = VECTOR('',#7165,1.);
#7165 = DIRECTION('',(0.862729915663,0.498097349046,8.715574274766E-02)
  );
#7166 = PCURVE('',#6711,#7167);
#7167 = DEFINITIONAL_REPRESENTATION('',(#7168),#7172);
#7168 = LINE('',#7169,#7170);
#7169 = CARTESIAN_POINT('',(88.6,-7.437827638913E-16));
#7170 = VECTOR('',#7171,1.);
#7171 = DIRECTION('',(7.620020411169E-18,-1.));
#7172 = ( GEOMETRIC_REPRESENTATION_CONTEXT(2) 
PARAMETRIC_REPRESENTATION_CONTEXT() REPRESENTATION_CONTEXT('2D SPACE',''
  ) );
#7173 = PCURVE('',#6744,#7174);
#7174 = DEFINITIONAL_REPRESENTATION('',(#7175),#7179);
#7175 = LINE('',#7176,#7177);
#7176 = CARTESIAN_POINT('',(0.,0.));
#7177 = VECTOR('',#7178,1.);
#7178 = DIRECTION('',(0.,1.));
#7179 = ( GEOMETRIC_REPRESENTATION_CONTEXT(2) 
PARAMETRIC_REPRESENTATION_CONTEXT() REPRESENTATION_CONTEXT('2D SPACE',''
  ) );
#7180 = ORIENTED_EDGE('',*,*,#6880,.T.);
#7181 = ORIENTED_EDGE('',*,*,#7108,.T.);
#7182 = ORIENTED_EDGE('',*,*,#6697,.T.);
#7183 = ADVANCED_FACE('',(#7184),#6744,.F.);
#7184 = FACE_BOUND('',#7185,.F.);
#7185 = EDGE_LOOP('',(#7186,#7187,#7188,#7189));
#7186 = ORIENTED_EDGE('',*,*,#7160,.F.);
#7187 = ORIENTED_EDGE('',*,*,#6903,.T.);
#7188 = ORIENTED_EDGE('',*,*,#7135,.T.);
#7189 = ORIENTED_EDGE('',*,*,#6729,.F.);
#7190 = ( GEOMETRIC_REPRESENTATION_CONTEXT(3) 
GLOBAL_UNCERTAINTY_ASSIGNED_CONTEXT((#7194)) 
GLOBAL_UNIT_ASSIGNED_CONTEXT((#7191,#7192,#7193)) REPRESENTATION_CONTEXT
('Context #1','3D Context with UNIT and UNCERTAINTY') );
#7191 = ( LENGTH_UNIT() NAMED_UNIT(*) SI_UNIT(.MILLI.,.METRE.) );
#7192 = ( NAMED_UNIT(*) PLANE_ANGLE_UNIT() SI_UNIT($,.RADIAN.) );
#7193 = ( NAMED_UNIT(*) SI_UNIT($,.STERADIAN.) SOLID_ANGLE_UNIT() );
#7194 = UNCERTAINTY_MEASURE_WITH_UNIT(LENGTH_MEASURE(1.E-07),#7191,
  'distance_accuracy_value','confusion accuracy');
#7195 = PRODUCT_RELATED_PRODUCT_CATEGORY('part',$,(#7));
ENDSEC;
END-ISO-10303-21;
