ISO-10303-21;
HEADER;
FILE_DESCRIPTION(('Open CASCADE Model'),'2;1');
FILE_NAME('Open CASCADE Shape Model','2026-10-02T21:35:56',('Author'),(
    'Open CASCADE'),'Open CASCADE STEP processor 7.9','Open CASCADE 7.9'
  ,'Unknown');
FILE_SCHEMA(('AUTOMOTIVE_DESIGN { 1 0 10303 214 1 1 1 1 }'));
ENDSEC;
DATA;
#1 = APPLICATION_PROTOCOL_DEFINITION('international standard',
  'automotive_design',2000,#2);
#2 = APPLICATION_CONTEXT(
  'core data for automotive mechanical design processes');
#3 = SHAPE_DEFINITION_REPRESENTATION(#4,#10);
#4 = PRODUCT_DEFINITION_SHAPE('','',#5);
#5 = PRODUCT_DEFINITION('design','',#6,#9);
#6 = PRODUCT_DEFINITION_FORMATION('','',#7);
#7 = PRODUCT('Open CASCADE STEP translator 7.9 1',
  'Open CASCADE STEP translator 7.9 1','',(#8));
#8 = PRODUCT_CONTEXT('',#2,'mechanical');
#9 = PRODUCT_DEFINITION_CONTEXT('part definition',#2,'design');
#10 = ADVANCED_BREP_SHAPE_REPRESENTATION('',(#11,#15),#4586);
#11 = AXIS2_PLACEMENT_3D('',#12,#13,#14);
#12 = CARTESIAN_POINT('',(0.,0.,0.));
#13 = DIRECTION('',(0.,0.,1.));
#14 = DIRECTION('',(1.,0.,-0.));
#15 = MANIFOLD_SOLID_BREP('',#16);
#16 = CLOSED_SHELL('',(#17,#212,#302,#379,#428,#478,#773,#1486,#1685,
    #1712,#1739,#1794,#1821,#1868,#1895,#1922,#1929,#1956,#2112,#2212,
    #2261,#2288,#2338,#2366,#2393,#2471,#2520,#2620,#2692,#2719,#2726,
    #2781,#2836,#2890,#2924,#2979,#3032,#3039,#3088,#3417,#3444,#3483,
    #3510,#3537,#3544,#3623,#3653,#3730,#3784,#3838,#3893,#3948,#4002,
    #4056,#4089,#4116,#4176,#4248,#4297,#4346,#4396,#4446,#4495,#4544,
    #4572));
#17 = ADVANCED_FACE('',(#18),#33,.T.);
#18 = FACE_BOUND('',#19,.F.);
#19 = EDGE_LOOP('',(#20,#55,#78,#105,#106,#129,#155,#188));
#20 = ORIENTED_EDGE('',*,*,#21,.T.);
#21 = EDGE_CURVE('',#22,#24,#26,.T.);
#22 = VERTEX_POINT('',#23);
#23 = CARTESIAN_POINT('',(-28.,14.430869689662,5.));
#24 = VERTEX_POINT('',#25);
#25 = CARTESIAN_POINT('',(31.5,0.,5.));
#26 = SURFACE_CURVE('',#27,(#32,#44),.PCURVE_S1.);
#27 = CIRCLE('',#28,31.5);
#28 = AXIS2_PLACEMENT_3D('',#29,#30,#31);
#29 = CARTESIAN_POINT('',(0.,0.,5.));
#30 = DIRECTION('',(0.,0.,1.));
#31 = DIRECTION('',(1.,0.,-0.));
#32 = PCURVE('',#33,#38);
#33 = CYLINDRICAL_SURFACE('',#34,31.5);
#34 = AXIS2_PLACEMENT_3D('',#35,#36,#37);
#35 = CARTESIAN_POINT('',(0.,0.,0.));
#36 = DIRECTION('',(-0.,-0.,-1.));
#37 = DIRECTION('',(1.,0.,0.));
#38 = DEFINITIONAL_REPRESENTATION('',(#39),#43);
#39 = LINE('',#40,#41);
#40 = CARTESIAN_POINT('',(-0.,-5.));
#41 = VECTOR('',#42,1.);
#42 = DIRECTION('',(-1.,0.));
#43 = ( GEOMETRIC_REPRESENTATION_CONTEXT(2) 
PARAMETRIC_REPRESENTATION_CONTEXT() REPRESENTATION_CONTEXT('2D SPACE',''
  ) );
#44 = PCURVE('',#45,#50);
#45 = CONICAL_SURFACE('',#46,31.5,0.785398163397);
#46 = AXIS2_PLACEMENT_3D('',#47,#48,#49);
#47 = CARTESIAN_POINT('',(0.,0.,5.));
#48 = DIRECTION('',(-0.,-0.,-1.));
#49 = DIRECTION('',(1.,0.,0.));
#50 = DEFINITIONAL_REPRESENTATION('',(#51),#54);
#51 = B_SPLINE_CURVE_WITH_KNOTS('',1,(#52,#53),.UNSPECIFIED.,.F.,.F.,(2,
    2),(2.665710403929,6.28318530718),.PIECEWISE_BEZIER_KNOTS.);
#52 = CARTESIAN_POINT('',(-2.665710403929,0.));
#53 = CARTESIAN_POINT('',(-6.28318530718,0.));
#54 = ( GEOMETRIC_REPRESENTATION_CONTEXT(2) 
PARAMETRIC_REPRESENTATION_CONTEXT() REPRESENTATION_CONTEXT('2D SPACE',''
  ) );
#55 = ORIENTED_EDGE('',*,*,#56,.F.);
#56 = EDGE_CURVE('',#57,#24,#59,.T.);
#57 = VERTEX_POINT('',#58);
#58 = CARTESIAN_POINT('',(31.5,0.,0.));
#59 = SEAM_CURVE('',#60,(#64,#71),.PCURVE_S1.);
#60 = LINE('',#61,#62);
#61 = CARTESIAN_POINT('',(31.5,0.,0.));
#62 = VECTOR('',#63,1.);
#63 = DIRECTION('',(0.,0.,1.));
#64 = PCURVE('',#33,#65);
#65 = DEFINITIONAL_REPRESENTATION('',(#66),#70);
#66 = LINE('',#67,#68);
#67 = CARTESIAN_POINT('',(-0.,0.));
#68 = VECTOR('',#69,1.);
#69 = DIRECTION('',(-0.,-1.));
#70 = ( GEOMETRIC_REPRESENTATION_CONTEXT(2) 
PARAMETRIC_REPRESENTATION_CONTEXT() REPRESENTATION_CONTEXT('2D SPACE',''
  ) );
#71 = PCURVE('',#33,#72);
#72 = DEFINITIONAL_REPRESENTATION('',(#73),#77);
#73 = LINE('',#74,#75);
#74 = CARTESIAN_POINT('',(-6.28318530718,0.));
#75 = VECTOR('',#76,1.);
#76 = DIRECTION('',(-0.,-1.));
#77 = ( GEOMETRIC_REPRESENTATION_CONTEXT(2) 
PARAMETRIC_REPRESENTATION_CONTEXT() REPRESENTATION_CONTEXT('2D SPACE',''
  ) );
#78 = ORIENTED_EDGE('',*,*,#79,.F.);
#79 = EDGE_CURVE('',#57,#57,#80,.T.);
#80 = SURFACE_CURVE('',#81,(#86,#93),.PCURVE_S1.);
#81 = CIRCLE('',#82,31.5);
#82 = AXIS2_PLACEMENT_3D('',#83,#84,#85);
#83 = CARTESIAN_POINT('',(0.,0.,0.));
#84 = DIRECTION('',(0.,0.,1.));
#85 = DIRECTION('',(1.,0.,0.));
#86 = PCURVE('',#33,#87);
#87 = DEFINITIONAL_REPRESENTATION('',(#88),#92);
#88 = LINE('',#89,#90);
#89 = CARTESIAN_POINT('',(-0.,0.));
#90 = VECTOR('',#91,1.);
#91 = DIRECTION('',(-1.,0.));
#92 = ( GEOMETRIC_REPRESENTATION_CONTEXT(2) 
PARAMETRIC_REPRESENTATION_CONTEXT() REPRESENTATION_CONTEXT('2D SPACE',''
  ) );
#93 = PCURVE('',#94,#99);
#94 = PLANE('',#95);
#95 = AXIS2_PLACEMENT_3D('',#96,#97,#98);
#96 = CARTESIAN_POINT('',(-2.083718297203E-15,1.492411923833E-15,0.));
#97 = DIRECTION('',(0.,0.,1.));
#98 = DIRECTION('',(1.,0.,-0.));
#99 = DEFINITIONAL_REPRESENTATION('',(#100),#104);
#100 = CIRCLE('',#101,31.5);
#101 = AXIS2_PLACEMENT_2D('',#102,#103);
#102 = CARTESIAN_POINT('',(2.083718297203E-15,-1.492411923833E-15));
#103 = DIRECTION('',(1.,0.));
#104 = ( GEOMETRIC_REPRESENTATION_CONTEXT(2) 
PARAMETRIC_REPRESENTATION_CONTEXT() REPRESENTATION_CONTEXT('2D SPACE',''
  ) );
#105 = ORIENTED_EDGE('',*,*,#56,.T.);
#106 = ORIENTED_EDGE('',*,*,#107,.T.);
#107 = EDGE_CURVE('',#24,#108,#110,.T.);
#108 = VERTEX_POINT('',#109);
#109 = CARTESIAN_POINT('',(28.,14.430869689662,5.));
#110 = SURFACE_CURVE('',#111,(#116,#123),.PCURVE_S1.);
#111 = CIRCLE('',#112,31.5);
#112 = AXIS2_PLACEMENT_3D('',#113,#114,#115);
#113 = CARTESIAN_POINT('',(0.,0.,5.));
#114 = DIRECTION('',(0.,0.,1.));
#115 = DIRECTION('',(1.,0.,-0.));
#116 = PCURVE('',#33,#117);
#117 = DEFINITIONAL_REPRESENTATION('',(#118),#122);
#118 = LINE('',#119,#120);
#119 = CARTESIAN_POINT('',(-0.,-5.));
#120 = VECTOR('',#121,1.);
#121 = DIRECTION('',(-1.,0.));
#122 = ( GEOMETRIC_REPRESENTATION_CONTEXT(2) 
PARAMETRIC_REPRESENTATION_CONTEXT() REPRESENTATION_CONTEXT('2D SPACE',''
  ) );
#123 = PCURVE('',#45,#124);
#124 = DEFINITIONAL_REPRESENTATION('',(#125),#128);
#125 = B_SPLINE_CURVE_WITH_KNOTS('',1,(#126,#127),.UNSPECIFIED.,.F.,.F.,
  (2,2),(0.,0.47588224966),.PIECEWISE_BEZIER_KNOTS.);
#126 = CARTESIAN_POINT('',(-6.28318530718,0.));
#127 = CARTESIAN_POINT('',(-6.75906755684,0.));
#128 = ( GEOMETRIC_REPRESENTATION_CONTEXT(2) 
PARAMETRIC_REPRESENTATION_CONTEXT() REPRESENTATION_CONTEXT('2D SPACE',''
  ) );
#129 = ORIENTED_EDGE('',*,*,#130,.T.);
#130 = EDGE_CURVE('',#108,#131,#133,.T.);
#131 = VERTEX_POINT('',#132);
#132 = CARTESIAN_POINT('',(28.,14.430869689662,3.));
#133 = SURFACE_CURVE('',#134,(#138,#144),.PCURVE_S1.);
#134 = LINE('',#135,#136);
#135 = CARTESIAN_POINT('',(28.,14.430869689662,0.));
#136 = VECTOR('',#137,1.);
#137 = DIRECTION('',(-0.,-0.,-1.));
#138 = PCURVE('',#33,#139);
#139 = DEFINITIONAL_REPRESENTATION('',(#140),#143);
#140 = B_SPLINE_CURVE_WITH_KNOTS('',1,(#141,#142),.UNSPECIFIED.,.F.,.F.,
  (2,2),(-5.0000006,-2.7),.PIECEWISE_BEZIER_KNOTS.);
#141 = CARTESIAN_POINT('',(-0.47588224966,-5.0000006));
#142 = CARTESIAN_POINT('',(-0.47588224966,-2.7));
#143 = ( GEOMETRIC_REPRESENTATION_CONTEXT(2) 
PARAMETRIC_REPRESENTATION_CONTEXT() REPRESENTATION_CONTEXT('2D SPACE',''
  ) );
#144 = PCURVE('',#145,#150);
#145 = PLANE('',#146);
#146 = AXIS2_PLACEMENT_3D('',#147,#148,#149);
#147 = CARTESIAN_POINT('',(28.,11.5,3.));
#148 = DIRECTION('',(-1.,1.110223024625E-16,0.));
#149 = DIRECTION('',(1.110223024625E-16,1.,0.));
#150 = DEFINITIONAL_REPRESENTATION('',(#151),#154);
#151 = B_SPLINE_CURVE_WITH_KNOTS('',1,(#152,#153),.UNSPECIFIED.,.F.,.F.,
  (2,2),(-5.0000006,-2.7),.PIECEWISE_BEZIER_KNOTS.);
#152 = CARTESIAN_POINT('',(2.930869689662,-2.0000006));
#153 = CARTESIAN_POINT('',(2.930869689662,0.3));
#154 = ( GEOMETRIC_REPRESENTATION_CONTEXT(2) 
PARAMETRIC_REPRESENTATION_CONTEXT() REPRESENTATION_CONTEXT('2D SPACE',''
  ) );
#155 = ORIENTED_EDGE('',*,*,#156,.F.);
#156 = EDGE_CURVE('',#157,#131,#159,.T.);
#157 = VERTEX_POINT('',#158);
#158 = CARTESIAN_POINT('',(-28.,14.430869689662,3.));
#159 = SURFACE_CURVE('',#160,(#165,#172),.PCURVE_S1.);
#160 = CIRCLE('',#161,31.5);
#161 = AXIS2_PLACEMENT_3D('',#162,#163,#164);
#162 = CARTESIAN_POINT('',(0.,0.,3.));
#163 = DIRECTION('',(0.,0.,-1.));
#164 = DIRECTION('',(1.,0.,0.));
#165 = PCURVE('',#33,#166);
#166 = DEFINITIONAL_REPRESENTATION('',(#167),#171);
#167 = LINE('',#168,#169);
#168 = CARTESIAN_POINT('',(-6.28318530718,-3.));
#169 = VECTOR('',#170,1.);
#170 = DIRECTION('',(1.,-0.));
#171 = ( GEOMETRIC_REPRESENTATION_CONTEXT(2) 
PARAMETRIC_REPRESENTATION_CONTEXT() REPRESENTATION_CONTEXT('2D SPACE',''
  ) );
#172 = PCURVE('',#173,#178);
#173 = PLANE('',#174);
#174 = AXIS2_PLACEMENT_3D('',#175,#176,#177);
#175 = CARTESIAN_POINT('',(3.386180225107E-15,30.5,3.));
#176 = DIRECTION('',(0.,0.,1.));
#177 = DIRECTION('',(1.110223024625E-16,1.,0.));
#178 = DEFINITIONAL_REPRESENTATION('',(#179),#187);
#179 = ( BOUNDED_CURVE() B_SPLINE_CURVE(2,(#180,#181,#182,#183,#184,#185
,#186),.UNSPECIFIED.,.T.,.F.) B_SPLINE_CURVE_WITH_KNOTS((1,2,2,2,2,1),(
    -2.094395102393,0.,2.094395102393,4.188790204786,6.28318530718,
8.377580409573),.UNSPECIFIED.) CURVE() GEOMETRIC_REPRESENTATION_ITEM() 
RATIONAL_B_SPLINE_CURVE((1.,0.5,1.,0.5,1.,0.5,1.)) REPRESENTATION_ITEM(
  '') );
#180 = CARTESIAN_POINT('',(-30.5,-31.5));
#181 = CARTESIAN_POINT('',(-85.05960043842,-31.5));
#182 = CARTESIAN_POINT('',(-57.77980021921,15.75));
#183 = CARTESIAN_POINT('',(-30.5,63.));
#184 = CARTESIAN_POINT('',(-3.22019978079,15.75));
#185 = CARTESIAN_POINT('',(24.05960043842,-31.5));
#186 = CARTESIAN_POINT('',(-30.5,-31.5));
#187 = ( GEOMETRIC_REPRESENTATION_CONTEXT(2) 
PARAMETRIC_REPRESENTATION_CONTEXT() REPRESENTATION_CONTEXT('2D SPACE',''
  ) );
#188 = ORIENTED_EDGE('',*,*,#189,.F.);
#189 = EDGE_CURVE('',#22,#157,#190,.T.);
#190 = SURFACE_CURVE('',#191,(#195,#201),.PCURVE_S1.);
#191 = LINE('',#192,#193);
#192 = CARTESIAN_POINT('',(-28.,14.430869689662,0.));
#193 = VECTOR('',#194,1.);
#194 = DIRECTION('',(-0.,-0.,-1.));
#195 = PCURVE('',#33,#196);
#196 = DEFINITIONAL_REPRESENTATION('',(#197),#200);
#197 = B_SPLINE_CURVE_WITH_KNOTS('',1,(#198,#199),.UNSPECIFIED.,.F.,.F.,
  (2,2),(-5.0000006,-2.7),.PIECEWISE_BEZIER_KNOTS.);
#198 = CARTESIAN_POINT('',(-2.665710403929,-5.0000006));
#199 = CARTESIAN_POINT('',(-2.665710403929,-2.7));
#200 = ( GEOMETRIC_REPRESENTATION_CONTEXT(2) 
PARAMETRIC_REPRESENTATION_CONTEXT() REPRESENTATION_CONTEXT('2D SPACE',''
  ) );
#201 = PCURVE('',#202,#207);
#202 = PLANE('',#203);
#203 = AXIS2_PLACEMENT_3D('',#204,#205,#206);
#204 = CARTESIAN_POINT('',(-28.,49.5,3.));
#205 = DIRECTION('',(1.,-1.110223024625E-16,0.));
#206 = DIRECTION('',(-1.110223024625E-16,-1.,0.));
#207 = DEFINITIONAL_REPRESENTATION('',(#208),#211);
#208 = B_SPLINE_CURVE_WITH_KNOTS('',1,(#209,#210),.UNSPECIFIED.,.F.,.F.,
  (2,2),(-5.0000006,-2.7),.PIECEWISE_BEZIER_KNOTS.);
#209 = CARTESIAN_POINT('',(35.069130310338,-2.0000006));
#210 = CARTESIAN_POINT('',(35.069130310338,0.3));
#211 = ( GEOMETRIC_REPRESENTATION_CONTEXT(2) 
PARAMETRIC_REPRESENTATION_CONTEXT() REPRESENTATION_CONTEXT('2D SPACE',''
  ) );
#212 = ADVANCED_FACE('',(#213),#45,.T.);
#213 = FACE_BOUND('',#214,.T.);
#214 = EDGE_LOOP('',(#215,#216,#217,#244,#277));
#215 = ORIENTED_EDGE('',*,*,#21,.T.);
#216 = ORIENTED_EDGE('',*,*,#107,.T.);
#217 = ORIENTED_EDGE('',*,*,#218,.T.);
#218 = EDGE_CURVE('',#108,#219,#221,.T.);
#219 = VERTEX_POINT('',#220);
#220 = CARTESIAN_POINT('',(28.,12.093386622446,6.));
#221 = SURFACE_CURVE('',#222,(#227,#237),.PCURVE_S1.);
#222 = HYPERBOLA('',#223,28.,28.);
#223 = AXIS2_PLACEMENT_3D('',#224,#225,#226);
#224 = CARTESIAN_POINT('',(28.,-3.10862446895E-15,36.5));
#225 = DIRECTION('',(-1.,1.110223024625E-16,0.));
#226 = DIRECTION('',(-0.,0.,-1.));
#227 = PCURVE('',#45,#228);
#228 = DEFINITIONAL_REPRESENTATION('',(#229),#236);
#229 = B_SPLINE_CURVE_WITH_KNOTS('',5,(#230,#231,#232,#233,#234,#235),
  .UNSPECIFIED.,.F.,.F.,(6,6),(-0.494932923095,-0.419494487444),
  .PIECEWISE_BEZIER_KNOTS.);
#230 = CARTESIAN_POINT('',(-6.75906755684,0.));
#231 = CARTESIAN_POINT('',(-6.745656279391,-0.217728446893));
#232 = CARTESIAN_POINT('',(-6.732129128336,-0.426493635781));
#233 = CARTESIAN_POINT('',(-6.718489793739,-0.626398822468));
#234 = CARTESIAN_POINT('',(-6.704742378804,-0.817538766297));
#235 = CARTESIAN_POINT('',(-6.69089138734,-1.));
#236 = ( GEOMETRIC_REPRESENTATION_CONTEXT(2) 
PARAMETRIC_REPRESENTATION_CONTEXT() REPRESENTATION_CONTEXT('2D SPACE',''
  ) );
#237 = PCURVE('',#145,#238);
#238 = DEFINITIONAL_REPRESENTATION('',(#239),#243);
#239 = ( BOUNDED_CURVE() B_SPLINE_CURVE(2,(#240,#241,#242),
.UNSPECIFIED.,.F.,.F.) B_SPLINE_CURVE_WITH_KNOTS((3,3),(-0.494932923095,
-0.419494487444),.PIECEWISE_BEZIER_KNOTS.) CURVE() 
GEOMETRIC_REPRESENTATION_ITEM() RATIONAL_B_SPLINE_CURVE((1.,
1.000711454042,1.)) REPRESENTATION_ITEM('') );
#240 = CARTESIAN_POINT('',(2.930869689662,-2.));
#241 = CARTESIAN_POINT('',(1.743277486158,-2.54406312169));
#242 = CARTESIAN_POINT('',(0.593386622448,-3.));
#243 = ( GEOMETRIC_REPRESENTATION_CONTEXT(2) 
PARAMETRIC_REPRESENTATION_CONTEXT() REPRESENTATION_CONTEXT('2D SPACE',''
  ) );
#244 = ORIENTED_EDGE('',*,*,#245,.T.);
#245 = EDGE_CURVE('',#219,#246,#248,.T.);
#246 = VERTEX_POINT('',#247);
#247 = CARTESIAN_POINT('',(-28.,12.093386622446,6.));
#248 = SURFACE_CURVE('',#249,(#254,#261),.PCURVE_S1.);
#249 = CIRCLE('',#250,30.5);
#250 = AXIS2_PLACEMENT_3D('',#251,#252,#253);
#251 = CARTESIAN_POINT('',(0.,0.,6.));
#252 = DIRECTION('',(0.,0.,-1.));
#253 = DIRECTION('',(0.918032786885,0.396504479424,0.));
#254 = PCURVE('',#45,#255);
#255 = DEFINITIONAL_REPRESENTATION('',(#256),#260);
#256 = LINE('',#257,#258);
#257 = CARTESIAN_POINT('',(-6.69089138734,-1.));
#258 = VECTOR('',#259,1.);
#259 = DIRECTION('',(1.,-0.));
#260 = ( GEOMETRIC_REPRESENTATION_CONTEXT(2) 
PARAMETRIC_REPRESENTATION_CONTEXT() REPRESENTATION_CONTEXT('2D SPACE',''
  ) );
#261 = PCURVE('',#262,#267);
#262 = PLANE('',#263);
#263 = AXIS2_PLACEMENT_3D('',#264,#265,#266);
#264 = CARTESIAN_POINT('',(-2.083718297203E-15,1.492411923833E-15,6.));
#265 = DIRECTION('',(0.,0.,1.));
#266 = DIRECTION('',(1.,0.,-0.));
#267 = DEFINITIONAL_REPRESENTATION('',(#268),#276);
#268 = ( BOUNDED_CURVE() B_SPLINE_CURVE(2,(#269,#270,#271,#272,#273,#274
,#275),.UNSPECIFIED.,.T.,.F.) B_SPLINE_CURVE_WITH_KNOTS((1,2,2,2,2,1),(
    -2.094395102393,0.,2.094395102393,4.188790204786,6.28318530718,
8.377580409573),.UNSPECIFIED.) CURVE() GEOMETRIC_REPRESENTATION_ITEM() 
RATIONAL_B_SPLINE_CURVE((1.,0.5,1.,0.5,1.,0.5,1.)) REPRESENTATION_ITEM(
  '') );
#269 = CARTESIAN_POINT('',(28.000000000001,12.093386622446));
#270 = CARTESIAN_POINT('',(48.946360065651,-36.40403598948));
#271 = CARTESIAN_POINT('',(-3.526819967175,-30.29540461718));
#272 = CARTESIAN_POINT('',(-56.,-24.18677324489));
#273 = CARTESIAN_POINT('',(-24.47318003282,18.202017994742));
#274 = CARTESIAN_POINT('',(7.05363993435,60.590809234376));
#275 = CARTESIAN_POINT('',(28.000000000001,12.093386622446));
#276 = ( GEOMETRIC_REPRESENTATION_CONTEXT(2) 
PARAMETRIC_REPRESENTATION_CONTEXT() REPRESENTATION_CONTEXT('2D SPACE',''
  ) );
#277 = ORIENTED_EDGE('',*,*,#278,.T.);
#278 = EDGE_CURVE('',#246,#22,#279,.T.);
#279 = SURFACE_CURVE('',#280,(#285,#295),.PCURVE_S1.);
#280 = HYPERBOLA('',#281,28.,28.);
#281 = AXIS2_PLACEMENT_3D('',#282,#283,#284);
#282 = CARTESIAN_POINT('',(-28.,3.10862446895E-15,36.5));
#283 = DIRECTION('',(1.,-1.110223024625E-16,0.));
#284 = DIRECTION('',(0.,-0.,-1.));
#285 = PCURVE('',#45,#286);
#286 = DEFINITIONAL_REPRESENTATION('',(#287),#294);
#287 = B_SPLINE_CURVE_WITH_KNOTS('',5,(#288,#289,#290,#291,#292,#293),
  .UNSPECIFIED.,.F.,.F.,(6,6),(0.419494487444,0.494932923095),
  .PIECEWISE_BEZIER_KNOTS.);
#288 = CARTESIAN_POINT('',(-2.733886573429,-1.));
#289 = CARTESIAN_POINT('',(-2.720035581966,-0.817538766297));
#290 = CARTESIAN_POINT('',(-2.70628816703,-0.626398822468));
#291 = CARTESIAN_POINT('',(-2.692648832433,-0.426493635781));
#292 = CARTESIAN_POINT('',(-2.679121681378,-0.217728446893));
#293 = CARTESIAN_POINT('',(-2.665710403929,3.552713678801E-15));
#294 = ( GEOMETRIC_REPRESENTATION_CONTEXT(2) 
PARAMETRIC_REPRESENTATION_CONTEXT() REPRESENTATION_CONTEXT('2D SPACE',''
  ) );
#295 = PCURVE('',#202,#296);
#296 = DEFINITIONAL_REPRESENTATION('',(#297),#301);
#297 = ( BOUNDED_CURVE() B_SPLINE_CURVE(2,(#298,#299,#300),
.UNSPECIFIED.,.F.,.F.) B_SPLINE_CURVE_WITH_KNOTS((3,3),(0.419494487444,
0.494932923095),.PIECEWISE_BEZIER_KNOTS.) CURVE() 
GEOMETRIC_REPRESENTATION_ITEM() RATIONAL_B_SPLINE_CURVE((1.,
1.000711454042,1.)) REPRESENTATION_ITEM('') );
#298 = CARTESIAN_POINT('',(37.406613377552,-3.));
#299 = CARTESIAN_POINT('',(36.256722513842,-2.54406312169));
#300 = CARTESIAN_POINT('',(35.069130310338,-2.));
#301 = ( GEOMETRIC_REPRESENTATION_CONTEXT(2) 
PARAMETRIC_REPRESENTATION_CONTEXT() REPRESENTATION_CONTEXT('2D SPACE',''
  ) );
#302 = ADVANCED_FACE('',(#303),#202,.F.);
#303 = FACE_BOUND('',#304,.F.);
#304 = EDGE_LOOP('',(#305,#328,#356,#377,#378));
#305 = ORIENTED_EDGE('',*,*,#306,.F.);
#306 = EDGE_CURVE('',#307,#157,#309,.T.);
#307 = VERTEX_POINT('',#308);
#308 = CARTESIAN_POINT('',(-28.,48.,3.));
#309 = SURFACE_CURVE('',#310,(#314,#321),.PCURVE_S1.);
#310 = LINE('',#311,#312);
#311 = CARTESIAN_POINT('',(-28.,49.5,3.));
#312 = VECTOR('',#313,1.);
#313 = DIRECTION('',(-1.110223024625E-16,-1.,0.));
#314 = PCURVE('',#202,#315);
#315 = DEFINITIONAL_REPRESENTATION('',(#316),#320);
#316 = LINE('',#317,#318);
#317 = CARTESIAN_POINT('',(0.,0.));
#318 = VECTOR('',#319,1.);
#319 = DIRECTION('',(1.,0.));
#320 = ( GEOMETRIC_REPRESENTATION_CONTEXT(2) 
PARAMETRIC_REPRESENTATION_CONTEXT() REPRESENTATION_CONTEXT('2D SPACE',''
  ) );
#321 = PCURVE('',#173,#322);
#322 = DEFINITIONAL_REPRESENTATION('',(#323),#327);
#323 = LINE('',#324,#325);
#324 = CARTESIAN_POINT('',(19.,28.));
#325 = VECTOR('',#326,1.);
#326 = DIRECTION('',(-1.,0.));
#327 = ( GEOMETRIC_REPRESENTATION_CONTEXT(2) 
PARAMETRIC_REPRESENTATION_CONTEXT() REPRESENTATION_CONTEXT('2D SPACE',''
  ) );
#328 = ORIENTED_EDGE('',*,*,#329,.F.);
#329 = EDGE_CURVE('',#330,#307,#332,.T.);
#330 = VERTEX_POINT('',#331);
#331 = CARTESIAN_POINT('',(-28.,48.,6.));
#332 = SURFACE_CURVE('',#333,(#337,#344),.PCURVE_S1.);
#333 = LINE('',#334,#335);
#334 = CARTESIAN_POINT('',(-28.,48.,-48.5));
#335 = VECTOR('',#336,1.);
#336 = DIRECTION('',(0.,0.,-1.));
#337 = PCURVE('',#202,#338);
#338 = DEFINITIONAL_REPRESENTATION('',(#339),#343);
#339 = LINE('',#340,#341);
#340 = CARTESIAN_POINT('',(1.5,51.5));
#341 = VECTOR('',#342,1.);
#342 = DIRECTION('',(-0.,1.));
#343 = ( GEOMETRIC_REPRESENTATION_CONTEXT(2) 
PARAMETRIC_REPRESENTATION_CONTEXT() REPRESENTATION_CONTEXT('2D SPACE',''
  ) );
#344 = PCURVE('',#345,#350);
#345 = PLANE('',#346);
#346 = AXIS2_PLACEMENT_3D('',#347,#348,#349);
#347 = CARTESIAN_POINT('',(200.,48.,-100.));
#348 = DIRECTION('',(1.110223024625E-16,1.,0.));
#349 = DIRECTION('',(0.,0.,1.));
#350 = DEFINITIONAL_REPRESENTATION('',(#351),#355);
#351 = LINE('',#352,#353);
#352 = CARTESIAN_POINT('',(51.5,-228.));
#353 = VECTOR('',#354,1.);
#354 = DIRECTION('',(-1.,0.));
#355 = ( GEOMETRIC_REPRESENTATION_CONTEXT(2) 
PARAMETRIC_REPRESENTATION_CONTEXT() REPRESENTATION_CONTEXT('2D SPACE',''
  ) );
#356 = ORIENTED_EDGE('',*,*,#357,.T.);
#357 = EDGE_CURVE('',#330,#246,#358,.T.);
#358 = SURFACE_CURVE('',#359,(#363,#370),.PCURVE_S1.);
#359 = LINE('',#360,#361);
#360 = CARTESIAN_POINT('',(-28.,49.5,6.));
#361 = VECTOR('',#362,1.);
#362 = DIRECTION('',(-1.110223024625E-16,-1.,0.));
#363 = PCURVE('',#202,#364);
#364 = DEFINITIONAL_REPRESENTATION('',(#365),#369);
#365 = LINE('',#366,#367);
#366 = CARTESIAN_POINT('',(0.,-3.));
#367 = VECTOR('',#368,1.);
#368 = DIRECTION('',(1.,0.));
#369 = ( GEOMETRIC_REPRESENTATION_CONTEXT(2) 
PARAMETRIC_REPRESENTATION_CONTEXT() REPRESENTATION_CONTEXT('2D SPACE',''
  ) );
#370 = PCURVE('',#262,#371);
#371 = DEFINITIONAL_REPRESENTATION('',(#372),#376);
#372 = LINE('',#373,#374);
#373 = CARTESIAN_POINT('',(-28.,49.5));
#374 = VECTOR('',#375,1.);
#375 = DIRECTION('',(-1.110223024625E-16,-1.));
#376 = ( GEOMETRIC_REPRESENTATION_CONTEXT(2) 
PARAMETRIC_REPRESENTATION_CONTEXT() REPRESENTATION_CONTEXT('2D SPACE',''
  ) );
#377 = ORIENTED_EDGE('',*,*,#278,.T.);
#378 = ORIENTED_EDGE('',*,*,#189,.T.);
#379 = ADVANCED_FACE('',(#380),#173,.F.);
#380 = FACE_BOUND('',#381,.F.);
#381 = EDGE_LOOP('',(#382,#383,#384,#407));
#382 = ORIENTED_EDGE('',*,*,#306,.T.);
#383 = ORIENTED_EDGE('',*,*,#156,.T.);
#384 = ORIENTED_EDGE('',*,*,#385,.T.);
#385 = EDGE_CURVE('',#131,#386,#388,.T.);
#386 = VERTEX_POINT('',#387);
#387 = CARTESIAN_POINT('',(28.,48.,3.));
#388 = SURFACE_CURVE('',#389,(#393,#400),.PCURVE_S1.);
#389 = LINE('',#390,#391);
#390 = CARTESIAN_POINT('',(28.,11.5,3.));
#391 = VECTOR('',#392,1.);
#392 = DIRECTION('',(1.110223024625E-16,1.,0.));
#393 = PCURVE('',#173,#394);
#394 = DEFINITIONAL_REPRESENTATION('',(#395),#399);
#395 = LINE('',#396,#397);
#396 = CARTESIAN_POINT('',(-19.,-28.));
#397 = VECTOR('',#398,1.);
#398 = DIRECTION('',(1.,0.));
#399 = ( GEOMETRIC_REPRESENTATION_CONTEXT(2) 
PARAMETRIC_REPRESENTATION_CONTEXT() REPRESENTATION_CONTEXT('2D SPACE',''
  ) );
#400 = PCURVE('',#145,#401);
#401 = DEFINITIONAL_REPRESENTATION('',(#402),#406);
#402 = LINE('',#403,#404);
#403 = CARTESIAN_POINT('',(0.,0.));
#404 = VECTOR('',#405,1.);
#405 = DIRECTION('',(1.,0.));
#406 = ( GEOMETRIC_REPRESENTATION_CONTEXT(2) 
PARAMETRIC_REPRESENTATION_CONTEXT() REPRESENTATION_CONTEXT('2D SPACE',''
  ) );
#407 = ORIENTED_EDGE('',*,*,#408,.F.);
#408 = EDGE_CURVE('',#307,#386,#409,.T.);
#409 = SURFACE_CURVE('',#410,(#414,#421),.PCURVE_S1.);
#410 = LINE('',#411,#412);
#411 = CARTESIAN_POINT('',(100.,48.,3.));
#412 = VECTOR('',#413,1.);
#413 = DIRECTION('',(1.,-1.110223024625E-16,0.));
#414 = PCURVE('',#173,#415);
#415 = DEFINITIONAL_REPRESENTATION('',(#416),#420);
#416 = LINE('',#417,#418);
#417 = CARTESIAN_POINT('',(17.5,-100.));
#418 = VECTOR('',#419,1.);
#419 = DIRECTION('',(0.,-1.));
#420 = ( GEOMETRIC_REPRESENTATION_CONTEXT(2) 
PARAMETRIC_REPRESENTATION_CONTEXT() REPRESENTATION_CONTEXT('2D SPACE',''
  ) );
#421 = PCURVE('',#345,#422);
#422 = DEFINITIONAL_REPRESENTATION('',(#423),#427);
#423 = LINE('',#424,#425);
#424 = CARTESIAN_POINT('',(103.,-100.));
#425 = VECTOR('',#426,1.);
#426 = DIRECTION('',(0.,1.));
#427 = ( GEOMETRIC_REPRESENTATION_CONTEXT(2) 
PARAMETRIC_REPRESENTATION_CONTEXT() REPRESENTATION_CONTEXT('2D SPACE',''
  ) );
#428 = ADVANCED_FACE('',(#429),#145,.F.);
#429 = FACE_BOUND('',#430,.F.);
#430 = EDGE_LOOP('',(#431,#432,#433,#434,#457));
#431 = ORIENTED_EDGE('',*,*,#385,.F.);
#432 = ORIENTED_EDGE('',*,*,#130,.F.);
#433 = ORIENTED_EDGE('',*,*,#218,.T.);
#434 = ORIENTED_EDGE('',*,*,#435,.T.);
#435 = EDGE_CURVE('',#219,#436,#438,.T.);
#436 = VERTEX_POINT('',#437);
#437 = CARTESIAN_POINT('',(28.,48.,6.));
#438 = SURFACE_CURVE('',#439,(#443,#450),.PCURVE_S1.);
#439 = LINE('',#440,#441);
#440 = CARTESIAN_POINT('',(28.,11.5,6.));
#441 = VECTOR('',#442,1.);
#442 = DIRECTION('',(1.110223024625E-16,1.,0.));
#443 = PCURVE('',#145,#444);
#444 = DEFINITIONAL_REPRESENTATION('',(#445),#449);
#445 = LINE('',#446,#447);
#446 = CARTESIAN_POINT('',(0.,-3.));
#447 = VECTOR('',#448,1.);
#448 = DIRECTION('',(1.,0.));
#449 = ( GEOMETRIC_REPRESENTATION_CONTEXT(2) 
PARAMETRIC_REPRESENTATION_CONTEXT() REPRESENTATION_CONTEXT('2D SPACE',''
  ) );
#450 = PCURVE('',#262,#451);
#451 = DEFINITIONAL_REPRESENTATION('',(#452),#456);
#452 = LINE('',#453,#454);
#453 = CARTESIAN_POINT('',(28.,11.5));
#454 = VECTOR('',#455,1.);
#455 = DIRECTION('',(1.110223024625E-16,1.));
#456 = ( GEOMETRIC_REPRESENTATION_CONTEXT(2) 
PARAMETRIC_REPRESENTATION_CONTEXT() REPRESENTATION_CONTEXT('2D SPACE',''
  ) );
#457 = ORIENTED_EDGE('',*,*,#458,.F.);
#458 = EDGE_CURVE('',#386,#436,#459,.T.);
#459 = SURFACE_CURVE('',#460,(#464,#471),.PCURVE_S1.);
#460 = LINE('',#461,#462);
#461 = CARTESIAN_POINT('',(28.,48.,-48.5));
#462 = VECTOR('',#463,1.);
#463 = DIRECTION('',(0.,0.,1.));
#464 = PCURVE('',#145,#465);
#465 = DEFINITIONAL_REPRESENTATION('',(#466),#470);
#466 = LINE('',#467,#468);
#467 = CARTESIAN_POINT('',(36.5,51.5));
#468 = VECTOR('',#469,1.);
#469 = DIRECTION('',(0.,-1.));
#470 = ( GEOMETRIC_REPRESENTATION_CONTEXT(2) 
PARAMETRIC_REPRESENTATION_CONTEXT() REPRESENTATION_CONTEXT('2D SPACE',''
  ) );
#471 = PCURVE('',#345,#472);
#472 = DEFINITIONAL_REPRESENTATION('',(#473),#477);
#473 = LINE('',#474,#475);
#474 = CARTESIAN_POINT('',(51.5,-172.));
#475 = VECTOR('',#476,1.);
#476 = DIRECTION('',(1.,0.));
#477 = ( GEOMETRIC_REPRESENTATION_CONTEXT(2) 
PARAMETRIC_REPRESENTATION_CONTEXT() REPRESENTATION_CONTEXT('2D SPACE',''
  ) );
#478 = ADVANCED_FACE('',(#479,#482,#517,#552,#583,#618,#738),#94,.F.);
#479 = FACE_BOUND('',#480,.F.);
#480 = EDGE_LOOP('',(#481));
#481 = ORIENTED_EDGE('',*,*,#79,.T.);
#482 = FACE_BOUND('',#483,.F.);
#483 = EDGE_LOOP('',(#484));
#484 = ORIENTED_EDGE('',*,*,#485,.T.);
#485 = EDGE_CURVE('',#486,#486,#488,.T.);
#486 = VERTEX_POINT('',#487);
#487 = CARTESIAN_POINT('',(-14.37766952966,-17.67766952966,0.));
#488 = SURFACE_CURVE('',#489,(#494,#505),.PCURVE_S1.);
#489 = CIRCLE('',#490,3.3);
#490 = AXIS2_PLACEMENT_3D('',#491,#492,#493);
#491 = CARTESIAN_POINT('',(-17.67766952966,-17.67766952966,0.));
#492 = DIRECTION('',(0.,0.,-1.));
#493 = DIRECTION('',(1.,0.,0.));
#494 = PCURVE('',#94,#495);
#495 = DEFINITIONAL_REPRESENTATION('',(#496),#504);
#496 = ( BOUNDED_CURVE() B_SPLINE_CURVE(2,(#497,#498,#499,#500,#501,#502
,#503),.UNSPECIFIED.,.T.,.F.) B_SPLINE_CURVE_WITH_KNOTS((1,2,2,2,2,1),(
    -2.094395102393,0.,2.094395102393,4.188790204786,6.28318530718,
8.377580409573),.UNSPECIFIED.) CURVE() GEOMETRIC_REPRESENTATION_ITEM() 
RATIONAL_B_SPLINE_CURVE((1.,0.5,1.,0.5,1.,0.5,1.)) REPRESENTATION_ITEM(
  '') );
#497 = CARTESIAN_POINT('',(-14.37766952966,-17.67766952966));
#498 = CARTESIAN_POINT('',(-14.37766952966,-23.39343719464));
#499 = CARTESIAN_POINT('',(-19.32766952966,-20.53555336215));
#500 = CARTESIAN_POINT('',(-24.27766952966,-17.67766952966));
#501 = CARTESIAN_POINT('',(-19.32766952966,-14.81978569717));
#502 = CARTESIAN_POINT('',(-14.37766952966,-11.96190186468));
#503 = CARTESIAN_POINT('',(-14.37766952966,-17.67766952966));
#504 = ( GEOMETRIC_REPRESENTATION_CONTEXT(2) 
PARAMETRIC_REPRESENTATION_CONTEXT() REPRESENTATION_CONTEXT('2D SPACE',''
  ) );
#505 = PCURVE('',#506,#511);
#506 = CYLINDRICAL_SURFACE('',#507,3.3);
#507 = AXIS2_PLACEMENT_3D('',#508,#509,#510);
#508 = CARTESIAN_POINT('',(-17.67766952966,-17.67766952966,-20.));
#509 = DIRECTION('',(-0.,-0.,-1.));
#510 = DIRECTION('',(1.,0.,0.));
#511 = DEFINITIONAL_REPRESENTATION('',(#512),#516);
#512 = LINE('',#513,#514);
#513 = CARTESIAN_POINT('',(-6.28318530718,-20.));
#514 = VECTOR('',#515,1.);
#515 = DIRECTION('',(1.,-0.));
#516 = ( GEOMETRIC_REPRESENTATION_CONTEXT(2) 
PARAMETRIC_REPRESENTATION_CONTEXT() REPRESENTATION_CONTEXT('2D SPACE',''
  ) );
#517 = FACE_BOUND('',#518,.F.);
#518 = EDGE_LOOP('',(#519));
#519 = ORIENTED_EDGE('',*,*,#520,.T.);
#520 = EDGE_CURVE('',#521,#521,#523,.T.);
#521 = VERTEX_POINT('',#522);
#522 = CARTESIAN_POINT('',(20.977669529664,-17.67766952966,0.));
#523 = SURFACE_CURVE('',#524,(#529,#540),.PCURVE_S1.);
#524 = CIRCLE('',#525,3.3);
#525 = AXIS2_PLACEMENT_3D('',#526,#527,#528);
#526 = CARTESIAN_POINT('',(17.677669529664,-17.67766952966,0.));
#527 = DIRECTION('',(0.,0.,-1.));
#528 = DIRECTION('',(1.,0.,0.));
#529 = PCURVE('',#94,#530);
#530 = DEFINITIONAL_REPRESENTATION('',(#531),#539);
#531 = ( BOUNDED_CURVE() B_SPLINE_CURVE(2,(#532,#533,#534,#535,#536,#537
,#538),.UNSPECIFIED.,.T.,.F.) B_SPLINE_CURVE_WITH_KNOTS((1,2,2,2,2,1),(
    -2.094395102393,0.,2.094395102393,4.188790204786,6.28318530718,
8.377580409573),.UNSPECIFIED.) CURVE() GEOMETRIC_REPRESENTATION_ITEM() 
RATIONAL_B_SPLINE_CURVE((1.,0.5,1.,0.5,1.,0.5,1.)) REPRESENTATION_ITEM(
  '') );
#532 = CARTESIAN_POINT('',(20.977669529664,-17.67766952966));
#533 = CARTESIAN_POINT('',(20.977669529664,-23.39343719464));
#534 = CARTESIAN_POINT('',(16.027669529664,-20.53555336215));
#535 = CARTESIAN_POINT('',(11.077669529664,-17.67766952966));
#536 = CARTESIAN_POINT('',(16.027669529664,-14.81978569717));
#537 = CARTESIAN_POINT('',(20.977669529664,-11.96190186468));
#538 = CARTESIAN_POINT('',(20.977669529664,-17.67766952966));
#539 = ( GEOMETRIC_REPRESENTATION_CONTEXT(2) 
PARAMETRIC_REPRESENTATION_CONTEXT() REPRESENTATION_CONTEXT('2D SPACE',''
  ) );
#540 = PCURVE('',#541,#546);
#541 = CYLINDRICAL_SURFACE('',#542,3.3);
#542 = AXIS2_PLACEMENT_3D('',#543,#544,#545);
#543 = CARTESIAN_POINT('',(17.677669529664,-17.67766952966,-20.));
#544 = DIRECTION('',(-0.,-0.,-1.));
#545 = DIRECTION('',(1.,0.,0.));
#546 = DEFINITIONAL_REPRESENTATION('',(#547),#551);
#547 = LINE('',#548,#549);
#548 = CARTESIAN_POINT('',(-6.28318530718,-20.));
#549 = VECTOR('',#550,1.);
#550 = DIRECTION('',(1.,-0.));
#551 = ( GEOMETRIC_REPRESENTATION_CONTEXT(2) 
PARAMETRIC_REPRESENTATION_CONTEXT() REPRESENTATION_CONTEXT('2D SPACE',''
  ) );
#552 = FACE_BOUND('',#553,.F.);
#553 = EDGE_LOOP('',(#554));
#554 = ORIENTED_EDGE('',*,*,#555,.F.);
#555 = EDGE_CURVE('',#556,#556,#558,.T.);
#556 = VERTEX_POINT('',#557);
#557 = CARTESIAN_POINT('',(15.65,0.,0.));
#558 = SURFACE_CURVE('',#559,(#564,#571),.PCURVE_S1.);
#559 = CIRCLE('',#560,15.65);
#560 = AXIS2_PLACEMENT_3D('',#561,#562,#563);
#561 = CARTESIAN_POINT('',(0.,0.,0.));
#562 = DIRECTION('',(0.,0.,1.));
#563 = DIRECTION('',(1.,0.,0.));
#564 = PCURVE('',#94,#565);
#565 = DEFINITIONAL_REPRESENTATION('',(#566),#570);
#566 = CIRCLE('',#567,15.65);
#567 = AXIS2_PLACEMENT_2D('',#568,#569);
#568 = CARTESIAN_POINT('',(2.083718297203E-15,-1.492411923833E-15));
#569 = DIRECTION('',(1.,0.));
#570 = ( GEOMETRIC_REPRESENTATION_CONTEXT(2) 
PARAMETRIC_REPRESENTATION_CONTEXT() REPRESENTATION_CONTEXT('2D SPACE',''
  ) );
#571 = PCURVE('',#572,#577);
#572 = CYLINDRICAL_SURFACE('',#573,15.65);
#573 = AXIS2_PLACEMENT_3D('',#574,#575,#576);
#574 = CARTESIAN_POINT('',(0.,0.,-4.));
#575 = DIRECTION('',(-0.,-0.,-1.));
#576 = DIRECTION('',(1.,0.,0.));
#577 = DEFINITIONAL_REPRESENTATION('',(#578),#582);
#578 = LINE('',#579,#580);
#579 = CARTESIAN_POINT('',(-0.,-4.));
#580 = VECTOR('',#581,1.);
#581 = DIRECTION('',(-1.,0.));
#582 = ( GEOMETRIC_REPRESENTATION_CONTEXT(2) 
PARAMETRIC_REPRESENTATION_CONTEXT() REPRESENTATION_CONTEXT('2D SPACE',''
  ) );
#583 = FACE_BOUND('',#584,.F.);
#584 = EDGE_LOOP('',(#585));
#585 = ORIENTED_EDGE('',*,*,#586,.T.);
#586 = EDGE_CURVE('',#587,#587,#589,.T.);
#587 = VERTEX_POINT('',#588);
#588 = CARTESIAN_POINT('',(-14.37766952966,17.677669529664,0.));
#589 = SURFACE_CURVE('',#590,(#595,#606),.PCURVE_S1.);
#590 = CIRCLE('',#591,3.3);
#591 = AXIS2_PLACEMENT_3D('',#592,#593,#594);
#592 = CARTESIAN_POINT('',(-17.67766952966,17.677669529664,0.));
#593 = DIRECTION('',(0.,0.,-1.));
#594 = DIRECTION('',(1.,0.,0.));
#595 = PCURVE('',#94,#596);
#596 = DEFINITIONAL_REPRESENTATION('',(#597),#605);
#597 = ( BOUNDED_CURVE() B_SPLINE_CURVE(2,(#598,#599,#600,#601,#602,#603
,#604),.UNSPECIFIED.,.T.,.F.) B_SPLINE_CURVE_WITH_KNOTS((1,2,2,2,2,1),(
    -2.094395102393,0.,2.094395102393,4.188790204786,6.28318530718,
8.377580409573),.UNSPECIFIED.) CURVE() GEOMETRIC_REPRESENTATION_ITEM() 
RATIONAL_B_SPLINE_CURVE((1.,0.5,1.,0.5,1.,0.5,1.)) REPRESENTATION_ITEM(
  '') );
#598 = CARTESIAN_POINT('',(-14.37766952966,17.677669529664));
#599 = CARTESIAN_POINT('',(-14.37766952966,11.961901864686));
#600 = CARTESIAN_POINT('',(-19.32766952966,14.819785697175));
#601 = CARTESIAN_POINT('',(-24.27766952966,17.677669529664));
#602 = CARTESIAN_POINT('',(-19.32766952966,20.535553362152));
#603 = CARTESIAN_POINT('',(-14.37766952966,23.393437194641));
#604 = CARTESIAN_POINT('',(-14.37766952966,17.677669529664));
#605 = ( GEOMETRIC_REPRESENTATION_CONTEXT(2) 
PARAMETRIC_REPRESENTATION_CONTEXT() REPRESENTATION_CONTEXT('2D SPACE',''
  ) );
#606 = PCURVE('',#607,#612);
#607 = CYLINDRICAL_SURFACE('',#608,3.3);
#608 = AXIS2_PLACEMENT_3D('',#609,#610,#611);
#609 = CARTESIAN_POINT('',(-17.67766952966,17.677669529664,-20.));
#610 = DIRECTION('',(-0.,-0.,-1.));
#611 = DIRECTION('',(1.,0.,0.));
#612 = DEFINITIONAL_REPRESENTATION('',(#613),#617);
#613 = LINE('',#614,#615);
#614 = CARTESIAN_POINT('',(-6.28318530718,-20.));
#615 = VECTOR('',#616,1.);
#616 = DIRECTION('',(1.,-0.));
#617 = ( GEOMETRIC_REPRESENTATION_CONTEXT(2) 
PARAMETRIC_REPRESENTATION_CONTEXT() REPRESENTATION_CONTEXT('2D SPACE',''
  ) );
#618 = FACE_BOUND('',#619,.F.);
#619 = EDGE_LOOP('',(#620,#648,#681,#707));
#620 = ORIENTED_EDGE('',*,*,#621,.F.);
#621 = EDGE_CURVE('',#622,#624,#626,.T.);
#622 = VERTEX_POINT('',#623);
#623 = CARTESIAN_POINT('',(-3.1,26.4,0.));
#624 = VERTEX_POINT('',#625);
#625 = CARTESIAN_POINT('',(-3.1,23.6,0.));
#626 = SURFACE_CURVE('',#627,(#631,#637),.PCURVE_S1.);
#627 = LINE('',#628,#629);
#628 = CARTESIAN_POINT('',(-3.1,11.8,0.));
#629 = VECTOR('',#630,1.);
#630 = DIRECTION('',(-1.110223024625E-16,-1.,0.));
#631 = PCURVE('',#94,#632);
#632 = DEFINITIONAL_REPRESENTATION('',(#633),#636);
#633 = B_SPLINE_CURVE_WITH_KNOTS('',1,(#634,#635),.UNSPECIFIED.,.F.,.F.,
  (2,2),(-14.6,-11.8),.PIECEWISE_BEZIER_KNOTS.);
#634 = CARTESIAN_POINT('',(-3.1,26.4));
#635 = CARTESIAN_POINT('',(-3.1,23.6));
#636 = ( GEOMETRIC_REPRESENTATION_CONTEXT(2) 
PARAMETRIC_REPRESENTATION_CONTEXT() REPRESENTATION_CONTEXT('2D SPACE',''
  ) );
#637 = PCURVE('',#638,#643);
#638 = PLANE('',#639);
#639 = AXIS2_PLACEMENT_3D('',#640,#641,#642);
#640 = CARTESIAN_POINT('',(-3.1,23.6,-20.));
#641 = DIRECTION('',(-1.,1.110223024625E-16,0.));
#642 = DIRECTION('',(1.110223024625E-16,1.,0.));
#643 = DEFINITIONAL_REPRESENTATION('',(#644),#647);
#644 = B_SPLINE_CURVE_WITH_KNOTS('',1,(#645,#646),.UNSPECIFIED.,.F.,.F.,
  (2,2),(-14.6,-11.8),.PIECEWISE_BEZIER_KNOTS.);
#645 = CARTESIAN_POINT('',(2.8,-20.));
#646 = CARTESIAN_POINT('',(0.,-20.));
#647 = ( GEOMETRIC_REPRESENTATION_CONTEXT(2) 
PARAMETRIC_REPRESENTATION_CONTEXT() REPRESENTATION_CONTEXT('2D SPACE',''
  ) );
#648 = ORIENTED_EDGE('',*,*,#649,.T.);
#649 = EDGE_CURVE('',#622,#650,#652,.T.);
#650 = VERTEX_POINT('',#651);
#651 = CARTESIAN_POINT('',(3.1,26.4,0.));
#652 = SURFACE_CURVE('',#653,(#658,#669),.PCURVE_S1.);
#653 = CIRCLE('',#654,3.1);
#654 = AXIS2_PLACEMENT_3D('',#655,#656,#657);
#655 = CARTESIAN_POINT('',(1.964931133798E-15,26.4,0.));
#656 = DIRECTION('',(-0.,0.,-1.));
#657 = DIRECTION('',(-1.,-3.223228136009E-17,0.));
#658 = PCURVE('',#94,#659);
#659 = DEFINITIONAL_REPRESENTATION('',(#660),#668);
#660 = ( BOUNDED_CURVE() B_SPLINE_CURVE(2,(#661,#662,#663,#664,#665,#666
,#667),.UNSPECIFIED.,.T.,.F.) B_SPLINE_CURVE_WITH_KNOTS((1,2,2,2,2,1),(
    -2.094395102393,0.,2.094395102393,4.188790204786,6.28318530718,
8.377580409573),.UNSPECIFIED.) CURVE() GEOMETRIC_REPRESENTATION_ITEM() 
RATIONAL_B_SPLINE_CURVE((1.,0.5,1.,0.5,1.,0.5,1.)) REPRESENTATION_ITEM(
  '') );
#661 = CARTESIAN_POINT('',(-3.1,26.4));
#662 = CARTESIAN_POINT('',(-3.1,31.769357503464));
#663 = CARTESIAN_POINT('',(1.55,29.084678751732));
#664 = CARTESIAN_POINT('',(6.2,26.4));
#665 = CARTESIAN_POINT('',(1.55,23.715321248268));
#666 = CARTESIAN_POINT('',(-3.1,21.030642496536));
#667 = CARTESIAN_POINT('',(-3.1,26.4));
#668 = ( GEOMETRIC_REPRESENTATION_CONTEXT(2) 
PARAMETRIC_REPRESENTATION_CONTEXT() REPRESENTATION_CONTEXT('2D SPACE',''
  ) );
#669 = PCURVE('',#670,#675);
#670 = CYLINDRICAL_SURFACE('',#671,3.1);
#671 = AXIS2_PLACEMENT_3D('',#672,#673,#674);
#672 = CARTESIAN_POINT('',(1.964931133798E-15,26.4,-20.));
#673 = DIRECTION('',(-0.,0.,-1.));
#674 = DIRECTION('',(-1.,-3.223228136009E-17,0.));
#675 = DEFINITIONAL_REPRESENTATION('',(#676),#680);
#676 = LINE('',#677,#678);
#677 = CARTESIAN_POINT('',(0.,-20.));
#678 = VECTOR('',#679,1.);
#679 = DIRECTION('',(1.,0.));
#680 = ( GEOMETRIC_REPRESENTATION_CONTEXT(2) 
PARAMETRIC_REPRESENTATION_CONTEXT() REPRESENTATION_CONTEXT('2D SPACE',''
  ) );
#681 = ORIENTED_EDGE('',*,*,#682,.F.);
#682 = EDGE_CURVE('',#683,#650,#685,.T.);
#683 = VERTEX_POINT('',#684);
#684 = CARTESIAN_POINT('',(3.1,23.6,0.));
#685 = SURFACE_CURVE('',#686,(#690,#696),.PCURVE_S1.);
#686 = LINE('',#687,#688);
#687 = CARTESIAN_POINT('',(3.1,13.2,0.));
#688 = VECTOR('',#689,1.);
#689 = DIRECTION('',(1.110223024625E-16,1.,-0.));
#690 = PCURVE('',#94,#691);
#691 = DEFINITIONAL_REPRESENTATION('',(#692),#695);
#692 = B_SPLINE_CURVE_WITH_KNOTS('',1,(#693,#694),.UNSPECIFIED.,.F.,.F.,
  (2,2),(10.4,13.2),.PIECEWISE_BEZIER_KNOTS.);
#693 = CARTESIAN_POINT('',(3.1,23.6));
#694 = CARTESIAN_POINT('',(3.1,26.4));
#695 = ( GEOMETRIC_REPRESENTATION_CONTEXT(2) 
PARAMETRIC_REPRESENTATION_CONTEXT() REPRESENTATION_CONTEXT('2D SPACE',''
  ) );
#696 = PCURVE('',#697,#702);
#697 = PLANE('',#698);
#698 = AXIS2_PLACEMENT_3D('',#699,#700,#701);
#699 = CARTESIAN_POINT('',(3.1,26.4,-20.));
#700 = DIRECTION('',(1.,-1.110223024625E-16,0.));
#701 = DIRECTION('',(-1.110223024625E-16,-1.,0.));
#702 = DEFINITIONAL_REPRESENTATION('',(#703),#706);
#703 = B_SPLINE_CURVE_WITH_KNOTS('',1,(#704,#705),.UNSPECIFIED.,.F.,.F.,
  (2,2),(10.4,13.2),.PIECEWISE_BEZIER_KNOTS.);
#704 = CARTESIAN_POINT('',(2.8,-20.));
#705 = CARTESIAN_POINT('',(0.,-20.));
#706 = ( GEOMETRIC_REPRESENTATION_CONTEXT(2) 
PARAMETRIC_REPRESENTATION_CONTEXT() REPRESENTATION_CONTEXT('2D SPACE',''
  ) );
#707 = ORIENTED_EDGE('',*,*,#708,.T.);
#708 = EDGE_CURVE('',#683,#624,#709,.T.);
#709 = SURFACE_CURVE('',#710,(#715,#726),.PCURVE_S1.);
#710 = CIRCLE('',#711,3.1);
#711 = AXIS2_PLACEMENT_3D('',#712,#713,#714);
#712 = CARTESIAN_POINT('',(1.09668586407E-15,23.6,0.));
#713 = DIRECTION('',(0.,0.,-1.));
#714 = DIRECTION('',(1.,3.223228136009E-17,0.));
#715 = PCURVE('',#94,#716);
#716 = DEFINITIONAL_REPRESENTATION('',(#717),#725);
#717 = ( BOUNDED_CURVE() B_SPLINE_CURVE(2,(#718,#719,#720,#721,#722,#723
,#724),.UNSPECIFIED.,.T.,.F.) B_SPLINE_CURVE_WITH_KNOTS((1,2,2,2,2,1),(
    -2.094395102393,0.,2.094395102393,4.188790204786,6.28318530718,
8.377580409573),.UNSPECIFIED.) CURVE() GEOMETRIC_REPRESENTATION_ITEM() 
RATIONAL_B_SPLINE_CURVE((1.,0.5,1.,0.5,1.,0.5,1.)) REPRESENTATION_ITEM(
  '') );
#718 = CARTESIAN_POINT('',(3.1,23.6));
#719 = CARTESIAN_POINT('',(3.1,18.230642496536));
#720 = CARTESIAN_POINT('',(-1.55,20.915321248268));
#721 = CARTESIAN_POINT('',(-6.2,23.6));
#722 = CARTESIAN_POINT('',(-1.55,26.284678751732));
#723 = CARTESIAN_POINT('',(3.1,28.969357503464));
#724 = CARTESIAN_POINT('',(3.1,23.6));
#725 = ( GEOMETRIC_REPRESENTATION_CONTEXT(2) 
PARAMETRIC_REPRESENTATION_CONTEXT() REPRESENTATION_CONTEXT('2D SPACE',''
  ) );
#726 = PCURVE('',#727,#732);
#727 = CYLINDRICAL_SURFACE('',#728,3.1);
#728 = AXIS2_PLACEMENT_3D('',#729,#730,#731);
#729 = CARTESIAN_POINT('',(1.09668586407E-15,23.6,-20.));
#730 = DIRECTION('',(0.,0.,-1.));
#731 = DIRECTION('',(1.,3.223228136009E-17,0.));
#732 = DEFINITIONAL_REPRESENTATION('',(#733),#737);
#733 = LINE('',#734,#735);
#734 = CARTESIAN_POINT('',(0.,-20.));
#735 = VECTOR('',#736,1.);
#736 = DIRECTION('',(1.,0.));
#737 = ( GEOMETRIC_REPRESENTATION_CONTEXT(2) 
PARAMETRIC_REPRESENTATION_CONTEXT() REPRESENTATION_CONTEXT('2D SPACE',''
  ) );
#738 = FACE_BOUND('',#739,.F.);
#739 = EDGE_LOOP('',(#740));
#740 = ORIENTED_EDGE('',*,*,#741,.T.);
#741 = EDGE_CURVE('',#742,#742,#744,.T.);
#742 = VERTEX_POINT('',#743);
#743 = CARTESIAN_POINT('',(20.977669529664,17.677669529664,0.));
#744 = SURFACE_CURVE('',#745,(#750,#761),.PCURVE_S1.);
#745 = CIRCLE('',#746,3.3);
#746 = AXIS2_PLACEMENT_3D('',#747,#748,#749);
#747 = CARTESIAN_POINT('',(17.677669529664,17.677669529664,0.));
#748 = DIRECTION('',(0.,0.,-1.));
#749 = DIRECTION('',(1.,0.,0.));
#750 = PCURVE('',#94,#751);
#751 = DEFINITIONAL_REPRESENTATION('',(#752),#760);
#752 = ( BOUNDED_CURVE() B_SPLINE_CURVE(2,(#753,#754,#755,#756,#757,#758
,#759),.UNSPECIFIED.,.T.,.F.) B_SPLINE_CURVE_WITH_KNOTS((1,2,2,2,2,1),(
    -2.094395102393,0.,2.094395102393,4.188790204786,6.28318530718,
8.377580409573),.UNSPECIFIED.) CURVE() GEOMETRIC_REPRESENTATION_ITEM() 
RATIONAL_B_SPLINE_CURVE((1.,0.5,1.,0.5,1.,0.5,1.)) REPRESENTATION_ITEM(
  '') );
#753 = CARTESIAN_POINT('',(20.977669529664,17.677669529664));
#754 = CARTESIAN_POINT('',(20.977669529664,11.961901864686));
#755 = CARTESIAN_POINT('',(16.027669529664,14.819785697175));
#756 = CARTESIAN_POINT('',(11.077669529664,17.677669529664));
#757 = CARTESIAN_POINT('',(16.027669529664,20.535553362152));
#758 = CARTESIAN_POINT('',(20.977669529664,23.393437194641));
#759 = CARTESIAN_POINT('',(20.977669529664,17.677669529664));
#760 = ( GEOMETRIC_REPRESENTATION_CONTEXT(2) 
PARAMETRIC_REPRESENTATION_CONTEXT() REPRESENTATION_CONTEXT('2D SPACE',''
  ) );
#761 = PCURVE('',#762,#767);
#762 = CYLINDRICAL_SURFACE('',#763,3.3);
#763 = AXIS2_PLACEMENT_3D('',#764,#765,#766);
#764 = CARTESIAN_POINT('',(17.677669529664,17.677669529664,-20.));
#765 = DIRECTION('',(-0.,-0.,-1.));
#766 = DIRECTION('',(1.,0.,0.));
#767 = DEFINITIONAL_REPRESENTATION('',(#768),#772);
#768 = LINE('',#769,#770);
#769 = CARTESIAN_POINT('',(-6.28318530718,-20.));
#770 = VECTOR('',#771,1.);
#771 = DIRECTION('',(1.,-0.));
#772 = ( GEOMETRIC_REPRESENTATION_CONTEXT(2) 
PARAMETRIC_REPRESENTATION_CONTEXT() REPRESENTATION_CONTEXT('2D SPACE',''
  ) );
#773 = ADVANCED_FACE('',(#774,#1231,#1261,#1291,#1326,#1356,#1456),#262,
  .T.);
#774 = FACE_BOUND('',#775,.T.);
#775 = EDGE_LOOP('',(#776,#777,#778,#801,#830,#858,#887,#915,#939,#967,
    #995,#1027,#1060,#1088,#1121,#1153,#1181,#1209,#1230));
#776 = ORIENTED_EDGE('',*,*,#245,.F.);
#777 = ORIENTED_EDGE('',*,*,#435,.T.);
#778 = ORIENTED_EDGE('',*,*,#779,.F.);
#779 = EDGE_CURVE('',#780,#436,#782,.T.);
#780 = VERTEX_POINT('',#781);
#781 = CARTESIAN_POINT('',(46.843754063721,48.,6.));
#782 = SURFACE_CURVE('',#783,(#787,#794),.PCURVE_S1.);
#783 = LINE('',#784,#785);
#784 = CARTESIAN_POINT('',(200.,48.,6.));
#785 = VECTOR('',#786,1.);
#786 = DIRECTION('',(-1.,1.110223024625E-16,0.));
#787 = PCURVE('',#262,#788);
#788 = DEFINITIONAL_REPRESENTATION('',(#789),#793);
#789 = LINE('',#790,#791);
#790 = CARTESIAN_POINT('',(200.,48.));
#791 = VECTOR('',#792,1.);
#792 = DIRECTION('',(-1.,1.110223024625E-16));
#793 = ( GEOMETRIC_REPRESENTATION_CONTEXT(2) 
PARAMETRIC_REPRESENTATION_CONTEXT() REPRESENTATION_CONTEXT('2D SPACE',''
  ) );
#794 = PCURVE('',#345,#795);
#795 = DEFINITIONAL_REPRESENTATION('',(#796),#800);
#796 = LINE('',#797,#798);
#797 = CARTESIAN_POINT('',(106.,0.));
#798 = VECTOR('',#799,1.);
#799 = DIRECTION('',(0.,-1.));
#800 = ( GEOMETRIC_REPRESENTATION_CONTEXT(2) 
PARAMETRIC_REPRESENTATION_CONTEXT() REPRESENTATION_CONTEXT('2D SPACE',''
  ) );
#801 = ORIENTED_EDGE('',*,*,#802,.T.);
#802 = EDGE_CURVE('',#780,#803,#805,.T.);
#803 = VERTEX_POINT('',#804);
#804 = CARTESIAN_POINT('',(54.15,50.379957716513,6.));
#805 = SURFACE_CURVE('',#806,(#811,#818),.PCURVE_S1.);
#806 = CIRCLE('',#807,5.35);
#807 = AXIS2_PLACEMENT_3D('',#808,#809,#810);
#808 = CARTESIAN_POINT('',(51.65,45.65,6.));
#809 = DIRECTION('',(0.,-0.,1.));
#810 = DIRECTION('',(1.110223024625E-16,1.,0.));
#811 = PCURVE('',#262,#812);
#812 = DEFINITIONAL_REPRESENTATION('',(#813),#817);
#813 = CIRCLE('',#814,5.35);
#814 = AXIS2_PLACEMENT_2D('',#815,#816);
#815 = CARTESIAN_POINT('',(51.65,45.65));
#816 = DIRECTION('',(1.110223024625E-16,1.));
#817 = ( GEOMETRIC_REPRESENTATION_CONTEXT(2) 
PARAMETRIC_REPRESENTATION_CONTEXT() REPRESENTATION_CONTEXT('2D SPACE',''
  ) );
#818 = PCURVE('',#819,#824);
#819 = CYLINDRICAL_SURFACE('',#820,5.35);
#820 = AXIS2_PLACEMENT_3D('',#821,#822,#823);
#821 = CARTESIAN_POINT('',(51.65,45.65,-23.904));
#822 = DIRECTION('',(0.,-0.,-1.));
#823 = DIRECTION('',(1.110223024625E-16,1.,0.));
#824 = DEFINITIONAL_REPRESENTATION('',(#825),#829);
#825 = LINE('',#826,#827);
#826 = CARTESIAN_POINT('',(-0.,-29.904));
#827 = VECTOR('',#828,1.);
#828 = DIRECTION('',(-1.,0.));
#829 = ( GEOMETRIC_REPRESENTATION_CONTEXT(2) 
PARAMETRIC_REPRESENTATION_CONTEXT() REPRESENTATION_CONTEXT('2D SPACE',''
  ) );
#830 = ORIENTED_EDGE('',*,*,#831,.T.);
#831 = EDGE_CURVE('',#803,#832,#834,.T.);
#832 = VERTEX_POINT('',#833);
#833 = CARTESIAN_POINT('',(54.15,47.879910312098,6.));
#834 = SURFACE_CURVE('',#835,(#839,#846),.PCURVE_S1.);
#835 = LINE('',#836,#837);
#836 = CARTESIAN_POINT('',(54.15,45.65,6.));
#837 = VECTOR('',#838,1.);
#838 = DIRECTION('',(-1.110223024625E-16,-1.,0.));
#839 = PCURVE('',#262,#840);
#840 = DEFINITIONAL_REPRESENTATION('',(#841),#845);
#841 = LINE('',#842,#843);
#842 = CARTESIAN_POINT('',(54.15,45.65));
#843 = VECTOR('',#844,1.);
#844 = DIRECTION('',(-1.110223024625E-16,-1.));
#845 = ( GEOMETRIC_REPRESENTATION_CONTEXT(2) 
PARAMETRIC_REPRESENTATION_CONTEXT() REPRESENTATION_CONTEXT('2D SPACE',''
  ) );
#846 = PCURVE('',#847,#852);
#847 = PLANE('',#848);
#848 = AXIS2_PLACEMENT_3D('',#849,#850,#851);
#849 = CARTESIAN_POINT('',(54.15,45.65,-24.904));
#850 = DIRECTION('',(-1.,1.110223024625E-16,0.));
#851 = DIRECTION('',(1.110223024625E-16,1.,0.));
#852 = DEFINITIONAL_REPRESENTATION('',(#853),#857);
#853 = LINE('',#854,#855);
#854 = CARTESIAN_POINT('',(7.105427357601E-15,-30.904));
#855 = VECTOR('',#856,1.);
#856 = DIRECTION('',(-1.,-0.));
#857 = ( GEOMETRIC_REPRESENTATION_CONTEXT(2) 
PARAMETRIC_REPRESENTATION_CONTEXT() REPRESENTATION_CONTEXT('2D SPACE',''
  ) );
#858 = ORIENTED_EDGE('',*,*,#859,.F.);
#859 = EDGE_CURVE('',#860,#832,#862,.T.);
#860 = VERTEX_POINT('',#861);
#861 = CARTESIAN_POINT('',(49.15,47.879910312098,6.));
#862 = SURFACE_CURVE('',#863,(#868,#875),.PCURVE_S1.);
#863 = CIRCLE('',#864,3.35);
#864 = AXIS2_PLACEMENT_3D('',#865,#866,#867);
#865 = CARTESIAN_POINT('',(51.65,45.65,6.));
#866 = DIRECTION('',(0.,-0.,1.));
#867 = DIRECTION('',(1.110223024625E-16,1.,0.));
#868 = PCURVE('',#262,#869);
#869 = DEFINITIONAL_REPRESENTATION('',(#870),#874);
#870 = CIRCLE('',#871,3.35);
#871 = AXIS2_PLACEMENT_2D('',#872,#873);
#872 = CARTESIAN_POINT('',(51.65,45.65));
#873 = DIRECTION('',(1.110223024625E-16,1.));
#874 = ( GEOMETRIC_REPRESENTATION_CONTEXT(2) 
PARAMETRIC_REPRESENTATION_CONTEXT() REPRESENTATION_CONTEXT('2D SPACE',''
  ) );
#875 = PCURVE('',#876,#881);
#876 = CYLINDRICAL_SURFACE('',#877,3.35);
#877 = AXIS2_PLACEMENT_3D('',#878,#879,#880);
#878 = CARTESIAN_POINT('',(51.65,45.65,-23.904));
#879 = DIRECTION('',(0.,-0.,-1.));
#880 = DIRECTION('',(1.110223024625E-16,1.,0.));
#881 = DEFINITIONAL_REPRESENTATION('',(#882),#886);
#882 = LINE('',#883,#884);
#883 = CARTESIAN_POINT('',(-0.,-29.904));
#884 = VECTOR('',#885,1.);
#885 = DIRECTION('',(-1.,0.));
#886 = ( GEOMETRIC_REPRESENTATION_CONTEXT(2) 
PARAMETRIC_REPRESENTATION_CONTEXT() REPRESENTATION_CONTEXT('2D SPACE',''
  ) );
#887 = ORIENTED_EDGE('',*,*,#888,.T.);
#888 = EDGE_CURVE('',#860,#889,#891,.T.);
#889 = VERTEX_POINT('',#890);
#890 = CARTESIAN_POINT('',(49.15,50.379957716513,6.));
#891 = SURFACE_CURVE('',#892,(#896,#903),.PCURVE_S1.);
#892 = LINE('',#893,#894);
#893 = CARTESIAN_POINT('',(49.15,48.825,6.));
#894 = VECTOR('',#895,1.);
#895 = DIRECTION('',(1.110223024625E-16,1.,0.));
#896 = PCURVE('',#262,#897);
#897 = DEFINITIONAL_REPRESENTATION('',(#898),#902);
#898 = LINE('',#899,#900);
#899 = CARTESIAN_POINT('',(49.15,48.825));
#900 = VECTOR('',#901,1.);
#901 = DIRECTION('',(1.110223024625E-16,1.));
#902 = ( GEOMETRIC_REPRESENTATION_CONTEXT(2) 
PARAMETRIC_REPRESENTATION_CONTEXT() REPRESENTATION_CONTEXT('2D SPACE',''
  ) );
#903 = PCURVE('',#904,#909);
#904 = PLANE('',#905);
#905 = AXIS2_PLACEMENT_3D('',#906,#907,#908);
#906 = CARTESIAN_POINT('',(49.15,52.,-24.904));
#907 = DIRECTION('',(1.,-1.110223024625E-16,0.));
#908 = DIRECTION('',(-1.110223024625E-16,-1.,0.));
#909 = DEFINITIONAL_REPRESENTATION('',(#910),#914);
#910 = LINE('',#911,#912);
#911 = CARTESIAN_POINT('',(3.175,-30.904));
#912 = VECTOR('',#913,1.);
#913 = DIRECTION('',(-1.,0.));
#914 = ( GEOMETRIC_REPRESENTATION_CONTEXT(2) 
PARAMETRIC_REPRESENTATION_CONTEXT() REPRESENTATION_CONTEXT('2D SPACE',''
  ) );
#915 = ORIENTED_EDGE('',*,*,#916,.T.);
#916 = EDGE_CURVE('',#889,#917,#919,.T.);
#917 = VERTEX_POINT('',#918);
#918 = CARTESIAN_POINT('',(47.3,48.764482300479,6.));
#919 = SURFACE_CURVE('',#920,(#925,#932),.PCURVE_S1.);
#920 = CIRCLE('',#921,5.35);
#921 = AXIS2_PLACEMENT_3D('',#922,#923,#924);
#922 = CARTESIAN_POINT('',(51.65,45.65,6.));
#923 = DIRECTION('',(0.,-0.,1.));
#924 = DIRECTION('',(1.110223024625E-16,1.,0.));
#925 = PCURVE('',#262,#926);
#926 = DEFINITIONAL_REPRESENTATION('',(#927),#931);
#927 = CIRCLE('',#928,5.35);
#928 = AXIS2_PLACEMENT_2D('',#929,#930);
#929 = CARTESIAN_POINT('',(51.65,45.65));
#930 = DIRECTION('',(1.110223024625E-16,1.));
#931 = ( GEOMETRIC_REPRESENTATION_CONTEXT(2) 
PARAMETRIC_REPRESENTATION_CONTEXT() REPRESENTATION_CONTEXT('2D SPACE',''
  ) );
#932 = PCURVE('',#819,#933);
#933 = DEFINITIONAL_REPRESENTATION('',(#934),#938);
#934 = LINE('',#935,#936);
#935 = CARTESIAN_POINT('',(-0.,-29.904));
#936 = VECTOR('',#937,1.);
#937 = DIRECTION('',(-1.,0.));
#938 = ( GEOMETRIC_REPRESENTATION_CONTEXT(2) 
PARAMETRIC_REPRESENTATION_CONTEXT() REPRESENTATION_CONTEXT('2D SPACE',''
  ) );
#939 = ORIENTED_EDGE('',*,*,#940,.T.);
#940 = EDGE_CURVE('',#917,#941,#943,.T.);
#941 = VERTEX_POINT('',#942);
#942 = CARTESIAN_POINT('',(47.3,50.904504061416,6.));
#943 = SURFACE_CURVE('',#944,(#948,#955),.PCURVE_S1.);
#944 = LINE('',#945,#946);
#945 = CARTESIAN_POINT('',(47.3,43.545560977863,6.));
#946 = VECTOR('',#947,1.);
#947 = DIRECTION('',(1.110223024625E-16,1.,0.));
#948 = PCURVE('',#262,#949);
#949 = DEFINITIONAL_REPRESENTATION('',(#950),#954);
#950 = LINE('',#951,#952);
#951 = CARTESIAN_POINT('',(47.3,43.545560977863));
#952 = VECTOR('',#953,1.);
#953 = DIRECTION('',(1.110223024625E-16,1.));
#954 = ( GEOMETRIC_REPRESENTATION_CONTEXT(2) 
PARAMETRIC_REPRESENTATION_CONTEXT() REPRESENTATION_CONTEXT('2D SPACE',''
  ) );
#955 = PCURVE('',#956,#961);
#956 = PLANE('',#957);
#957 = AXIS2_PLACEMENT_3D('',#958,#959,#960);
#958 = CARTESIAN_POINT('',(47.3,39.091121955725,14.816729638185));
#959 = DIRECTION('',(-1.,1.110223024625E-16,0.));
#960 = DIRECTION('',(9.676231232676E-18,8.715574274766E-02,
    -0.996194698092));
#961 = DEFINITIONAL_REPRESENTATION('',(#962),#966);
#962 = LINE('',#963,#964);
#963 = CARTESIAN_POINT('',(9.171409261567,-3.669059916605));
#964 = VECTOR('',#965,1.);
#965 = DIRECTION('',(8.715574274766E-02,-0.996194698092));
#966 = ( GEOMETRIC_REPRESENTATION_CONTEXT(2) 
PARAMETRIC_REPRESENTATION_CONTEXT() REPRESENTATION_CONTEXT('2D SPACE',''
  ) );
#967 = ORIENTED_EDGE('',*,*,#968,.F.);
#968 = EDGE_CURVE('',#969,#941,#971,.T.);
#969 = VERTEX_POINT('',#970);
#970 = CARTESIAN_POINT('',(44.243158097472,50.904504061416,6.));
#971 = SURFACE_CURVE('',#972,(#976,#983),.PCURVE_S1.);
#972 = LINE('',#973,#974);
#973 = CARTESIAN_POINT('',(100.,50.904504061416,6.));
#974 = VECTOR('',#975,1.);
#975 = DIRECTION('',(1.,-1.110223024625E-16,0.));
#976 = PCURVE('',#262,#977);
#977 = DEFINITIONAL_REPRESENTATION('',(#978),#982);
#978 = LINE('',#979,#980);
#979 = CARTESIAN_POINT('',(100.,50.904504061416));
#980 = VECTOR('',#981,1.);
#981 = DIRECTION('',(1.,-1.110223024625E-16));
#982 = ( GEOMETRIC_REPRESENTATION_CONTEXT(2) 
PARAMETRIC_REPRESENTATION_CONTEXT() REPRESENTATION_CONTEXT('2D SPACE',''
  ) );
#983 = PCURVE('',#984,#989);
#984 = PLANE('',#985);
#985 = AXIS2_PLACEMENT_3D('',#986,#987,#988);
#986 = CARTESIAN_POINT('',(6.595690260291E-15,51.764052873295,
    -3.824687876546));
#987 = DIRECTION('',(1.105998290831E-16,0.996194698092,
    8.715574274766E-02));
#988 = DIRECTION('',(-9.676231232676E-18,-8.715574274766E-02,
    0.996194698092));
#989 = DEFINITIONAL_REPRESENTATION('',(#990),#994);
#990 = LINE('',#991,#992);
#991 = CARTESIAN_POINT('',(9.862216588148,100.));
#992 = VECTOR('',#993,1.);
#993 = DIRECTION('',(0.,1.));
#994 = ( GEOMETRIC_REPRESENTATION_CONTEXT(2) 
PARAMETRIC_REPRESENTATION_CONTEXT() REPRESENTATION_CONTEXT('2D SPACE',''
  ) );
#995 = ORIENTED_EDGE('',*,*,#996,.T.);
#996 = EDGE_CURVE('',#969,#997,#999,.T.);
#997 = VERTEX_POINT('',#998);
#998 = CARTESIAN_POINT('',(44.789724695498,52.912143736503,6.));
#999 = SURFACE_CURVE('',#1000,(#1005,#1012),.PCURVE_S1.);
#1000 = ELLIPSE('',#1001,45.894852982679,4.);
#1001 = AXIS2_PLACEMENT_3D('',#1002,#1003,#1004);
#1002 = CARTESIAN_POINT('',(43.3,95.505312517639,6.));
#1003 = DIRECTION('',(0.,-0.,1.));
#1004 = DIRECTION('',(1.110223024625E-16,1.,0.));
#1005 = PCURVE('',#262,#1006);
#1006 = DEFINITIONAL_REPRESENTATION('',(#1007),#1011);
#1007 = ELLIPSE('',#1008,45.894852982679,4.);
#1008 = AXIS2_PLACEMENT_2D('',#1009,#1010);
#1009 = CARTESIAN_POINT('',(43.3,95.505312517639));
#1010 = DIRECTION('',(1.110223024625E-16,1.));
#1011 = ( GEOMETRIC_REPRESENTATION_CONTEXT(2) 
PARAMETRIC_REPRESENTATION_CONTEXT() REPRESENTATION_CONTEXT('2D SPACE',''
  ) );
#1012 = PCURVE('',#1013,#1018);
#1013 = CYLINDRICAL_SURFACE('',#1014,4.);
#1014 = AXIS2_PLACEMENT_3D('',#1015,#1016,#1017);
#1015 = CARTESIAN_POINT('',(43.3,51.243297310377,2.127575444553));
#1016 = DIRECTION('',(1.105998290831E-16,0.996194698092,
    8.715574274766E-02));
#1017 = DIRECTION('',(-9.676231232676E-18,-8.715574274766E-02,
    0.996194698092));
#1018 = DEFINITIONAL_REPRESENTATION('',(#1019),#1026);
#1019 = B_SPLINE_CURVE_WITH_KNOTS('',5,(#1020,#1021,#1022,#1023,#1024,
    #1025),.UNSPECIFIED.,.F.,.F.,(6,6),(3.379623517628,3.523219967583),
  .PIECEWISE_BEZIER_KNOTS.);
#1020 = CARTESIAN_POINT('',(0.238030864038,-6.000000212225E-07));
#1021 = CARTESIAN_POINT('',(0.266750154029,0.309603222983));
#1022 = CARTESIAN_POINT('',(0.29546944402,0.665015355307));
#1023 = CARTESIAN_POINT('',(0.324188734011,1.06570387244));
#1024 = CARTESIAN_POINT('',(0.352908024003,1.510979079161));
#1025 = CARTESIAN_POINT('',(0.381627313994,2.0000006));
#1026 = ( GEOMETRIC_REPRESENTATION_CONTEXT(2) 
PARAMETRIC_REPRESENTATION_CONTEXT() REPRESENTATION_CONTEXT('2D SPACE',''
  ) );
#1027 = ORIENTED_EDGE('',*,*,#1028,.F.);
#1028 = EDGE_CURVE('',#1029,#997,#1031,.T.);
#1029 = VERTEX_POINT('',#1030);
#1030 = CARTESIAN_POINT('',(43.3,53.228698640132,6.));
#1031 = SURFACE_CURVE('',#1032,(#1037,#1044),.PCURVE_S1.);
#1032 = HYPERBOLA('',#1033,3.401161382733,3.375226862958);
#1033 = AXIS2_PLACEMENT_3D('',#1034,#1035,#1036);
#1034 = CARTESIAN_POINT('',(43.3,56.629860022865,6.));
#1035 = DIRECTION('',(0.,0.,1.));
#1036 = DIRECTION('',(-1.110223024625E-16,-1.,0.));
#1037 = PCURVE('',#262,#1038);
#1038 = DEFINITIONAL_REPRESENTATION('',(#1039),#1043);
#1039 = HYPERBOLA('',#1040,3.401161382733,3.375226862958);
#1040 = AXIS2_PLACEMENT_2D('',#1041,#1042);
#1041 = CARTESIAN_POINT('',(43.3,56.629860022865));
#1042 = DIRECTION('',(-1.110223024625E-16,-1.));
#1043 = ( GEOMETRIC_REPRESENTATION_CONTEXT(2) 
PARAMETRIC_REPRESENTATION_CONTEXT() REPRESENTATION_CONTEXT('2D SPACE',''
  ) );
#1044 = PCURVE('',#1045,#1050);
#1045 = CONICAL_SURFACE('',#1046,4.,0.785398163397);
#1046 = AXIS2_PLACEMENT_3D('',#1047,#1048,#1049);
#1047 = CARTESIAN_POINT('',(43.3,53.235686706561,2.301886930048));
#1048 = DIRECTION('',(-1.105998290831E-16,-0.996194698092,
    -8.715574274766E-02));
#1049 = DIRECTION('',(-9.676231232676E-18,-8.715574274766E-02,
    0.996194698092));
#1050 = DEFINITIONAL_REPRESENTATION('',(#1051),#1059);
#1051 = B_SPLINE_CURVE_WITH_KNOTS('',6,(#1052,#1053,#1054,#1055,#1056,
    #1057,#1058),.UNSPECIFIED.,.F.,.F.,(7,7),(0.,0.428167339808),
  .PIECEWISE_BEZIER_KNOTS.);
#1052 = CARTESIAN_POINT('',(0.,-0.31535031665));
#1053 = CARTESIAN_POINT('',(-6.53685800712E-02,-0.31535031665));
#1054 = CARTESIAN_POINT('',(-0.13073707987,-0.294645216939));
#1055 = CARTESIAN_POINT('',(-0.195555120491,-0.253235031666));
#1056 = CARTESIAN_POINT('',(-0.259269378294,-0.190803396377));
#1057 = CARTESIAN_POINT('',(-0.321412199292,-0.106717784371));
#1058 = CARTESIAN_POINT('',(-0.381627278757,-3.774758283726E-15));
#1059 = ( GEOMETRIC_REPRESENTATION_CONTEXT(2) 
PARAMETRIC_REPRESENTATION_CONTEXT() REPRESENTATION_CONTEXT('2D SPACE',''
  ) );
#1060 = ORIENTED_EDGE('',*,*,#1061,.F.);
#1061 = EDGE_CURVE('',#1062,#1029,#1064,.T.);
#1062 = VERTEX_POINT('',#1063);
#1063 = CARTESIAN_POINT('',(-43.3,53.228698640132,6.));
#1064 = SURFACE_CURVE('',#1065,(#1069,#1076),.PCURVE_S1.);
#1065 = LINE('',#1066,#1067);
#1066 = CARTESIAN_POINT('',(78.35,53.228698640132,6.));
#1067 = VECTOR('',#1068,1.);
#1068 = DIRECTION('',(1.,-1.080827407907E-16,0.));
#1069 = PCURVE('',#262,#1070);
#1070 = DEFINITIONAL_REPRESENTATION('',(#1071),#1075);
#1071 = LINE('',#1072,#1073);
#1072 = CARTESIAN_POINT('',(78.35,53.228698640132));
#1073 = VECTOR('',#1074,1.);
#1074 = DIRECTION('',(1.,-1.080827407907E-16));
#1075 = ( GEOMETRIC_REPRESENTATION_CONTEXT(2) 
PARAMETRIC_REPRESENTATION_CONTEXT() REPRESENTATION_CONTEXT('2D SPACE',''
  ) );
#1076 = PCURVE('',#1077,#1082);
#1077 = PLANE('',#1078);
#1078 = AXIS2_PLACEMENT_3D('',#1079,#1080,#1081);
#1079 = CARTESIAN_POINT('',(-43.3,53.15790134578,6.059405983579));
#1080 = DIRECTION('',(-6.947424660125E-17,-0.642787609687,
    -0.766044443119));
#1081 = DIRECTION('',(-1.,1.098077463904E-16,-1.447451562408E-18));
#1082 = DEFINITIONAL_REPRESENTATION('',(#1083),#1087);
#1083 = LINE('',#1084,#1085);
#1084 = CARTESIAN_POINT('',(-121.65,9.24193041117E-02));
#1085 = VECTOR('',#1086,1.);
#1086 = DIRECTION('',(-1.,2.251834883864E-18));
#1087 = ( GEOMETRIC_REPRESENTATION_CONTEXT(2) 
PARAMETRIC_REPRESENTATION_CONTEXT() REPRESENTATION_CONTEXT('2D SPACE',''
  ) );
#1088 = ORIENTED_EDGE('',*,*,#1089,.F.);
#1089 = EDGE_CURVE('',#1090,#1062,#1092,.T.);
#1090 = VERTEX_POINT('',#1091);
#1091 = CARTESIAN_POINT('',(-44.78972469549,52.912143736503,6.));
#1092 = SURFACE_CURVE('',#1093,(#1098,#1105),.PCURVE_S1.);
#1093 = HYPERBOLA('',#1094,3.401161382733,3.375226862958);
#1094 = AXIS2_PLACEMENT_3D('',#1095,#1096,#1097);
#1095 = CARTESIAN_POINT('',(-43.3,56.629860022865,6.));
#1096 = DIRECTION('',(0.,0.,1.));
#1097 = DIRECTION('',(-1.110223024625E-16,-1.,0.));
#1098 = PCURVE('',#262,#1099);
#1099 = DEFINITIONAL_REPRESENTATION('',(#1100),#1104);
#1100 = HYPERBOLA('',#1101,3.401161382733,3.375226862958);
#1101 = AXIS2_PLACEMENT_2D('',#1102,#1103);
#1102 = CARTESIAN_POINT('',(-43.3,56.629860022865));
#1103 = DIRECTION('',(-1.110223024625E-16,-1.));
#1104 = ( GEOMETRIC_REPRESENTATION_CONTEXT(2) 
PARAMETRIC_REPRESENTATION_CONTEXT() REPRESENTATION_CONTEXT('2D SPACE',''
  ) );
#1105 = PCURVE('',#1106,#1111);
#1106 = CONICAL_SURFACE('',#1107,4.,0.785398163397);
#1107 = AXIS2_PLACEMENT_3D('',#1108,#1109,#1110);
#1108 = CARTESIAN_POINT('',(-43.3,53.235686706561,2.301886930048));
#1109 = DIRECTION('',(-1.105998290831E-16,-0.996194698092,
    -8.715574274766E-02));
#1110 = DIRECTION('',(-1.,1.110223024625E-16,0.));
#1111 = DEFINITIONAL_REPRESENTATION('',(#1112),#1120);
#1112 = B_SPLINE_CURVE_WITH_KNOTS('',6,(#1113,#1114,#1115,#1116,#1117,
    #1118,#1119),.UNSPECIFIED.,.F.,.F.,(7,7),(-0.428167339808,0.),
  .PIECEWISE_BEZIER_KNOTS.);
#1113 = CARTESIAN_POINT('',(-1.189169048038,-3.552713678801E-15));
#1114 = CARTESIAN_POINT('',(-1.249384127503,-0.106717784371));
#1115 = CARTESIAN_POINT('',(-1.311526948501,-0.190803396377));
#1116 = CARTESIAN_POINT('',(-1.375241206304,-0.253235031666));
#1117 = CARTESIAN_POINT('',(-1.440059246925,-0.294645216939));
#1118 = CARTESIAN_POINT('',(-1.505427746724,-0.31535031665));
#1119 = CARTESIAN_POINT('',(-1.570796326795,-0.31535031665));
#1120 = ( GEOMETRIC_REPRESENTATION_CONTEXT(2) 
PARAMETRIC_REPRESENTATION_CONTEXT() REPRESENTATION_CONTEXT('2D SPACE',''
  ) );
#1121 = ORIENTED_EDGE('',*,*,#1122,.T.);
#1122 = EDGE_CURVE('',#1090,#1123,#1125,.T.);
#1123 = VERTEX_POINT('',#1124);
#1124 = CARTESIAN_POINT('',(-44.24315809747,50.904504061416,6.));
#1125 = SURFACE_CURVE('',#1126,(#1131,#1138),.PCURVE_S1.);
#1126 = ELLIPSE('',#1127,45.894852982679,4.);
#1127 = AXIS2_PLACEMENT_3D('',#1128,#1129,#1130);
#1128 = CARTESIAN_POINT('',(-43.3,95.505312517639,6.));
#1129 = DIRECTION('',(0.,-0.,1.));
#1130 = DIRECTION('',(1.110223024625E-16,1.,0.));
#1131 = PCURVE('',#262,#1132);
#1132 = DEFINITIONAL_REPRESENTATION('',(#1133),#1137);
#1133 = ELLIPSE('',#1134,45.894852982679,4.);
#1134 = AXIS2_PLACEMENT_2D('',#1135,#1136);
#1135 = CARTESIAN_POINT('',(-43.3,95.505312517639));
#1136 = DIRECTION('',(1.110223024625E-16,1.));
#1137 = ( GEOMETRIC_REPRESENTATION_CONTEXT(2) 
PARAMETRIC_REPRESENTATION_CONTEXT() REPRESENTATION_CONTEXT('2D SPACE',''
  ) );
#1138 = PCURVE('',#1139,#1144);
#1139 = CYLINDRICAL_SURFACE('',#1140,4.);
#1140 = AXIS2_PLACEMENT_3D('',#1141,#1142,#1143);
#1141 = CARTESIAN_POINT('',(-43.3,51.243297310377,2.127575444553));
#1142 = DIRECTION('',(1.105998290831E-16,0.996194698092,
    8.715574274766E-02));
#1143 = DIRECTION('',(-1.,1.110223024625E-16,0.));
#1144 = DEFINITIONAL_REPRESENTATION('',(#1145),#1152);
#1145 = B_SPLINE_CURVE_WITH_KNOTS('',5,(#1146,#1147,#1148,#1149,#1150,
    #1151),.UNSPECIFIED.,.F.,.F.,(6,6),(2.759965339596,2.903561789552),
  .PIECEWISE_BEZIER_KNOTS.);
#1146 = CARTESIAN_POINT('',(1.189169012801,2.0000006));
#1147 = CARTESIAN_POINT('',(1.217888302792,1.510979079161));
#1148 = CARTESIAN_POINT('',(1.246607592783,1.06570387244));
#1149 = CARTESIAN_POINT('',(1.275326882775,0.665015355307));
#1150 = CARTESIAN_POINT('',(1.304046172766,0.309603222983));
#1151 = CARTESIAN_POINT('',(1.332765462757,-6.000000212225E-07));
#1152 = ( GEOMETRIC_REPRESENTATION_CONTEXT(2) 
PARAMETRIC_REPRESENTATION_CONTEXT() REPRESENTATION_CONTEXT('2D SPACE',''
  ) );
#1153 = ORIENTED_EDGE('',*,*,#1154,.F.);
#1154 = EDGE_CURVE('',#1155,#1123,#1157,.T.);
#1155 = VERTEX_POINT('',#1156);
#1156 = CARTESIAN_POINT('',(-47.3,50.904504061416,6.));
#1157 = SURFACE_CURVE('',#1158,(#1162,#1169),.PCURVE_S1.);
#1158 = LINE('',#1159,#1160);
#1159 = CARTESIAN_POINT('',(100.,50.904504061416,6.));
#1160 = VECTOR('',#1161,1.);
#1161 = DIRECTION('',(1.,-1.110223024625E-16,0.));
#1162 = PCURVE('',#262,#1163);
#1163 = DEFINITIONAL_REPRESENTATION('',(#1164),#1168);
#1164 = LINE('',#1165,#1166);
#1165 = CARTESIAN_POINT('',(100.,50.904504061416));
#1166 = VECTOR('',#1167,1.);
#1167 = DIRECTION('',(1.,-1.110223024625E-16));
#1168 = ( GEOMETRIC_REPRESENTATION_CONTEXT(2) 
PARAMETRIC_REPRESENTATION_CONTEXT() REPRESENTATION_CONTEXT('2D SPACE',''
  ) );
#1169 = PCURVE('',#1170,#1175);
#1170 = PLANE('',#1171);
#1171 = AXIS2_PLACEMENT_3D('',#1172,#1173,#1174);
#1172 = CARTESIAN_POINT('',(6.595690260291E-15,51.764052873295,
    -3.824687876546));
#1173 = DIRECTION('',(1.105998290831E-16,0.996194698092,
    8.715574274766E-02));
#1174 = DIRECTION('',(-9.676231232676E-18,-8.715574274766E-02,
    0.996194698092));
#1175 = DEFINITIONAL_REPRESENTATION('',(#1176),#1180);
#1176 = LINE('',#1177,#1178);
#1177 = CARTESIAN_POINT('',(9.862216588148,100.));
#1178 = VECTOR('',#1179,1.);
#1179 = DIRECTION('',(0.,1.));
#1180 = ( GEOMETRIC_REPRESENTATION_CONTEXT(2) 
PARAMETRIC_REPRESENTATION_CONTEXT() REPRESENTATION_CONTEXT('2D SPACE',''
  ) );
#1181 = ORIENTED_EDGE('',*,*,#1182,.T.);
#1182 = EDGE_CURVE('',#1155,#1183,#1185,.T.);
#1183 = VERTEX_POINT('',#1184);
#1184 = CARTESIAN_POINT('',(-47.3,48.,6.));
#1185 = SURFACE_CURVE('',#1186,(#1190,#1197),.PCURVE_S1.);
#1186 = LINE('',#1187,#1188);
#1187 = CARTESIAN_POINT('',(-47.3,45.260350216423,6.));
#1188 = VECTOR('',#1189,1.);
#1189 = DIRECTION('',(-1.110223024625E-16,-1.,0.));
#1190 = PCURVE('',#262,#1191);
#1191 = DEFINITIONAL_REPRESENTATION('',(#1192),#1196);
#1192 = LINE('',#1193,#1194);
#1193 = CARTESIAN_POINT('',(-47.3,45.260350216423));
#1194 = VECTOR('',#1195,1.);
#1195 = DIRECTION('',(-1.110223024625E-16,-1.));
#1196 = ( GEOMETRIC_REPRESENTATION_CONTEXT(2) 
PARAMETRIC_REPRESENTATION_CONTEXT() REPRESENTATION_CONTEXT('2D SPACE',''
  ) );
#1197 = PCURVE('',#1198,#1203);
#1198 = PLANE('',#1199);
#1199 = AXIS2_PLACEMENT_3D('',#1200,#1201,#1202);
#1200 = CARTESIAN_POINT('',(-47.3,42.520700432846,-24.38353173172));
#1201 = DIRECTION('',(1.,-1.110223024625E-16,0.));
#1202 = DIRECTION('',(-9.676231232676E-18,-8.715574274766E-02,
    0.996194698092));
#1203 = DEFINITIONAL_REPRESENTATION('',(#1204),#1208);
#1204 = LINE('',#1205,#1206);
#1205 = CARTESIAN_POINT('',(30.029137008691,-5.377323864403));
#1206 = VECTOR('',#1207,1.);
#1207 = DIRECTION('',(8.715574274766E-02,0.996194698092));
#1208 = ( GEOMETRIC_REPRESENTATION_CONTEXT(2) 
PARAMETRIC_REPRESENTATION_CONTEXT() REPRESENTATION_CONTEXT('2D SPACE',''
  ) );
#1209 = ORIENTED_EDGE('',*,*,#1210,.F.);
#1210 = EDGE_CURVE('',#330,#1183,#1211,.T.);
#1211 = SURFACE_CURVE('',#1212,(#1216,#1223),.PCURVE_S1.);
#1212 = LINE('',#1213,#1214);
#1213 = CARTESIAN_POINT('',(200.,48.,6.));
#1214 = VECTOR('',#1215,1.);
#1215 = DIRECTION('',(-1.,1.110223024625E-16,0.));
#1216 = PCURVE('',#262,#1217);
#1217 = DEFINITIONAL_REPRESENTATION('',(#1218),#1222);
#1218 = LINE('',#1219,#1220);
#1219 = CARTESIAN_POINT('',(200.,48.));
#1220 = VECTOR('',#1221,1.);
#1221 = DIRECTION('',(-1.,1.110223024625E-16));
#1222 = ( GEOMETRIC_REPRESENTATION_CONTEXT(2) 
PARAMETRIC_REPRESENTATION_CONTEXT() REPRESENTATION_CONTEXT('2D SPACE',''
  ) );
#1223 = PCURVE('',#345,#1224);
#1224 = DEFINITIONAL_REPRESENTATION('',(#1225),#1229);
#1225 = LINE('',#1226,#1227);
#1226 = CARTESIAN_POINT('',(106.,0.));
#1227 = VECTOR('',#1228,1.);
#1228 = DIRECTION('',(0.,-1.));
#1229 = ( GEOMETRIC_REPRESENTATION_CONTEXT(2) 
PARAMETRIC_REPRESENTATION_CONTEXT() REPRESENTATION_CONTEXT('2D SPACE',''
  ) );
#1230 = ORIENTED_EDGE('',*,*,#357,.T.);
#1231 = FACE_BOUND('',#1232,.T.);
#1232 = EDGE_LOOP('',(#1233));
#1233 = ORIENTED_EDGE('',*,*,#1234,.T.);
#1234 = EDGE_CURVE('',#1235,#1235,#1237,.T.);
#1235 = VERTEX_POINT('',#1236);
#1236 = CARTESIAN_POINT('',(-14.37766952966,-17.67766952966,6.));
#1237 = SURFACE_CURVE('',#1238,(#1243,#1254),.PCURVE_S1.);
#1238 = CIRCLE('',#1239,3.3);
#1239 = AXIS2_PLACEMENT_3D('',#1240,#1241,#1242);
#1240 = CARTESIAN_POINT('',(-17.67766952966,-17.67766952966,6.));
#1241 = DIRECTION('',(0.,0.,-1.));
#1242 = DIRECTION('',(1.,0.,0.));
#1243 = PCURVE('',#262,#1244);
#1244 = DEFINITIONAL_REPRESENTATION('',(#1245),#1253);
#1245 = ( BOUNDED_CURVE() B_SPLINE_CURVE(2,(#1246,#1247,#1248,#1249,
#1250,#1251,#1252),.UNSPECIFIED.,.T.,.F.) B_SPLINE_CURVE_WITH_KNOTS((1,2
    ,2,2,2,1),(-2.094395102393,0.,2.094395102393,4.188790204786,
6.28318530718,8.377580409573),.UNSPECIFIED.) CURVE() 
GEOMETRIC_REPRESENTATION_ITEM() RATIONAL_B_SPLINE_CURVE((1.,0.5,1.,0.5,
1.,0.5,1.)) REPRESENTATION_ITEM('') );
#1246 = CARTESIAN_POINT('',(-14.37766952966,-17.67766952966));
#1247 = CARTESIAN_POINT('',(-14.37766952966,-23.39343719464));
#1248 = CARTESIAN_POINT('',(-19.32766952966,-20.53555336215));
#1249 = CARTESIAN_POINT('',(-24.27766952966,-17.67766952966));
#1250 = CARTESIAN_POINT('',(-19.32766952966,-14.81978569717));
#1251 = CARTESIAN_POINT('',(-14.37766952966,-11.96190186468));
#1252 = CARTESIAN_POINT('',(-14.37766952966,-17.67766952966));
#1253 = ( GEOMETRIC_REPRESENTATION_CONTEXT(2) 
PARAMETRIC_REPRESENTATION_CONTEXT() REPRESENTATION_CONTEXT('2D SPACE',''
  ) );
#1254 = PCURVE('',#506,#1255);
#1255 = DEFINITIONAL_REPRESENTATION('',(#1256),#1260);
#1256 = LINE('',#1257,#1258);
#1257 = CARTESIAN_POINT('',(-6.28318530718,-26.));
#1258 = VECTOR('',#1259,1.);
#1259 = DIRECTION('',(1.,-0.));
#1260 = ( GEOMETRIC_REPRESENTATION_CONTEXT(2) 
PARAMETRIC_REPRESENTATION_CONTEXT() REPRESENTATION_CONTEXT('2D SPACE',''
  ) );
#1261 = FACE_BOUND('',#1262,.T.);
#1262 = EDGE_LOOP('',(#1263));
#1263 = ORIENTED_EDGE('',*,*,#1264,.T.);
#1264 = EDGE_CURVE('',#1265,#1265,#1267,.T.);
#1265 = VERTEX_POINT('',#1266);
#1266 = CARTESIAN_POINT('',(20.977669529664,-17.67766952966,6.));
#1267 = SURFACE_CURVE('',#1268,(#1273,#1284),.PCURVE_S1.);
#1268 = CIRCLE('',#1269,3.3);
#1269 = AXIS2_PLACEMENT_3D('',#1270,#1271,#1272);
#1270 = CARTESIAN_POINT('',(17.677669529664,-17.67766952966,6.));
#1271 = DIRECTION('',(0.,0.,-1.));
#1272 = DIRECTION('',(1.,0.,0.));
#1273 = PCURVE('',#262,#1274);
#1274 = DEFINITIONAL_REPRESENTATION('',(#1275),#1283);
#1275 = ( BOUNDED_CURVE() B_SPLINE_CURVE(2,(#1276,#1277,#1278,#1279,
#1280,#1281,#1282),.UNSPECIFIED.,.T.,.F.) B_SPLINE_CURVE_WITH_KNOTS((1,2
    ,2,2,2,1),(-2.094395102393,0.,2.094395102393,4.188790204786,
6.28318530718,8.377580409573),.UNSPECIFIED.) CURVE() 
GEOMETRIC_REPRESENTATION_ITEM() RATIONAL_B_SPLINE_CURVE((1.,0.5,1.,0.5,
1.,0.5,1.)) REPRESENTATION_ITEM('') );
#1276 = CARTESIAN_POINT('',(20.977669529664,-17.67766952966));
#1277 = CARTESIAN_POINT('',(20.977669529664,-23.39343719464));
#1278 = CARTESIAN_POINT('',(16.027669529664,-20.53555336215));
#1279 = CARTESIAN_POINT('',(11.077669529664,-17.67766952966));
#1280 = CARTESIAN_POINT('',(16.027669529664,-14.81978569717));
#1281 = CARTESIAN_POINT('',(20.977669529664,-11.96190186468));
#1282 = CARTESIAN_POINT('',(20.977669529664,-17.67766952966));
#1283 = ( GEOMETRIC_REPRESENTATION_CONTEXT(2) 
PARAMETRIC_REPRESENTATION_CONTEXT() REPRESENTATION_CONTEXT('2D SPACE',''
  ) );
#1284 = PCURVE('',#541,#1285);
#1285 = DEFINITIONAL_REPRESENTATION('',(#1286),#1290);
#1286 = LINE('',#1287,#1288);
#1287 = CARTESIAN_POINT('',(-6.28318530718,-26.));
#1288 = VECTOR('',#1289,1.);
#1289 = DIRECTION('',(1.,-0.));
#1290 = ( GEOMETRIC_REPRESENTATION_CONTEXT(2) 
PARAMETRIC_REPRESENTATION_CONTEXT() REPRESENTATION_CONTEXT('2D SPACE',''
  ) );
#1291 = FACE_BOUND('',#1292,.T.);
#1292 = EDGE_LOOP('',(#1293));
#1293 = ORIENTED_EDGE('',*,*,#1294,.T.);
#1294 = EDGE_CURVE('',#1295,#1295,#1297,.T.);
#1295 = VERTEX_POINT('',#1296);
#1296 = CARTESIAN_POINT('',(15.85,0.,6.));
#1297 = SURFACE_CURVE('',#1298,(#1303,#1314),.PCURVE_S1.);
#1298 = CIRCLE('',#1299,15.85);
#1299 = AXIS2_PLACEMENT_3D('',#1300,#1301,#1302);
#1300 = CARTESIAN_POINT('',(0.,0.,6.));
#1301 = DIRECTION('',(0.,0.,-1.));
#1302 = DIRECTION('',(1.,0.,0.));
#1303 = PCURVE('',#262,#1304);
#1304 = DEFINITIONAL_REPRESENTATION('',(#1305),#1313);
#1305 = ( BOUNDED_CURVE() B_SPLINE_CURVE(2,(#1306,#1307,#1308,#1309,
#1310,#1311,#1312),.UNSPECIFIED.,.T.,.F.) B_SPLINE_CURVE_WITH_KNOTS((1,2
    ,2,2,2,1),(-2.094395102393,0.,2.094395102393,4.188790204786,
6.28318530718,8.377580409573),.UNSPECIFIED.) CURVE() 
GEOMETRIC_REPRESENTATION_ITEM() RATIONAL_B_SPLINE_CURVE((1.,0.5,1.,0.5,
1.,0.5,1.)) REPRESENTATION_ITEM('') );
#1306 = CARTESIAN_POINT('',(15.85,-1.492411923833E-15));
#1307 = CARTESIAN_POINT('',(15.85,-27.45300529996));
#1308 = CARTESIAN_POINT('',(-7.925,-13.72650264998));
#1309 = CARTESIAN_POINT('',(-31.7,-5.37454227713E-15));
#1310 = CARTESIAN_POINT('',(-7.925,13.726502649983));
#1311 = CARTESIAN_POINT('',(15.85,27.453005299967));
#1312 = CARTESIAN_POINT('',(15.85,-1.492411923833E-15));
#1313 = ( GEOMETRIC_REPRESENTATION_CONTEXT(2) 
PARAMETRIC_REPRESENTATION_CONTEXT() REPRESENTATION_CONTEXT('2D SPACE',''
  ) );
#1314 = PCURVE('',#1315,#1320);
#1315 = CYLINDRICAL_SURFACE('',#1316,15.85);
#1316 = AXIS2_PLACEMENT_3D('',#1317,#1318,#1319);
#1317 = CARTESIAN_POINT('',(0.,0.,2.));
#1318 = DIRECTION('',(-0.,-0.,-1.));
#1319 = DIRECTION('',(1.,0.,0.));
#1320 = DEFINITIONAL_REPRESENTATION('',(#1321),#1325);
#1321 = LINE('',#1322,#1323);
#1322 = CARTESIAN_POINT('',(-6.28318530718,-4.));
#1323 = VECTOR('',#1324,1.);
#1324 = DIRECTION('',(1.,-0.));
#1325 = ( GEOMETRIC_REPRESENTATION_CONTEXT(2) 
PARAMETRIC_REPRESENTATION_CONTEXT() REPRESENTATION_CONTEXT('2D SPACE',''
  ) );
#1326 = FACE_BOUND('',#1327,.T.);
#1327 = EDGE_LOOP('',(#1328));
#1328 = ORIENTED_EDGE('',*,*,#1329,.T.);
#1329 = EDGE_CURVE('',#1330,#1330,#1332,.T.);
#1330 = VERTEX_POINT('',#1331);
#1331 = CARTESIAN_POINT('',(-14.37766952966,17.677669529664,6.));
#1332 = SURFACE_CURVE('',#1333,(#1338,#1349),.PCURVE_S1.);
#1333 = CIRCLE('',#1334,3.3);
#1334 = AXIS2_PLACEMENT_3D('',#1335,#1336,#1337);
#1335 = CARTESIAN_POINT('',(-17.67766952966,17.677669529664,6.));
#1336 = DIRECTION('',(0.,0.,-1.));
#1337 = DIRECTION('',(1.,0.,0.));
#1338 = PCURVE('',#262,#1339);
#1339 = DEFINITIONAL_REPRESENTATION('',(#1340),#1348);
#1340 = ( BOUNDED_CURVE() B_SPLINE_CURVE(2,(#1341,#1342,#1343,#1344,
#1345,#1346,#1347),.UNSPECIFIED.,.T.,.F.) B_SPLINE_CURVE_WITH_KNOTS((1,2
    ,2,2,2,1),(-2.094395102393,0.,2.094395102393,4.188790204786,
6.28318530718,8.377580409573),.UNSPECIFIED.) CURVE() 
GEOMETRIC_REPRESENTATION_ITEM() RATIONAL_B_SPLINE_CURVE((1.,0.5,1.,0.5,
1.,0.5,1.)) REPRESENTATION_ITEM('') );
#1341 = CARTESIAN_POINT('',(-14.37766952966,17.677669529664));
#1342 = CARTESIAN_POINT('',(-14.37766952966,11.961901864686));
#1343 = CARTESIAN_POINT('',(-19.32766952966,14.819785697175));
#1344 = CARTESIAN_POINT('',(-24.27766952966,17.677669529664));
#1345 = CARTESIAN_POINT('',(-19.32766952966,20.535553362152));
#1346 = CARTESIAN_POINT('',(-14.37766952966,23.393437194641));
#1347 = CARTESIAN_POINT('',(-14.37766952966,17.677669529664));
#1348 = ( GEOMETRIC_REPRESENTATION_CONTEXT(2) 
PARAMETRIC_REPRESENTATION_CONTEXT() REPRESENTATION_CONTEXT('2D SPACE',''
  ) );
#1349 = PCURVE('',#607,#1350);
#1350 = DEFINITIONAL_REPRESENTATION('',(#1351),#1355);
#1351 = LINE('',#1352,#1353);
#1352 = CARTESIAN_POINT('',(-6.28318530718,-26.));
#1353 = VECTOR('',#1354,1.);
#1354 = DIRECTION('',(1.,-0.));
#1355 = ( GEOMETRIC_REPRESENTATION_CONTEXT(2) 
PARAMETRIC_REPRESENTATION_CONTEXT() REPRESENTATION_CONTEXT('2D SPACE',''
  ) );
#1356 = FACE_BOUND('',#1357,.T.);
#1357 = EDGE_LOOP('',(#1358,#1381,#1409,#1430));
#1358 = ORIENTED_EDGE('',*,*,#1359,.F.);
#1359 = EDGE_CURVE('',#1360,#1362,#1364,.T.);
#1360 = VERTEX_POINT('',#1361);
#1361 = CARTESIAN_POINT('',(-3.1,26.4,6.));
#1362 = VERTEX_POINT('',#1363);
#1363 = CARTESIAN_POINT('',(-3.1,23.6,6.));
#1364 = SURFACE_CURVE('',#1365,(#1369,#1375),.PCURVE_S1.);
#1365 = LINE('',#1366,#1367);
#1366 = CARTESIAN_POINT('',(-3.1,11.8,6.));
#1367 = VECTOR('',#1368,1.);
#1368 = DIRECTION('',(-1.110223024625E-16,-1.,0.));
#1369 = PCURVE('',#262,#1370);
#1370 = DEFINITIONAL_REPRESENTATION('',(#1371),#1374);
#1371 = B_SPLINE_CURVE_WITH_KNOTS('',1,(#1372,#1373),.UNSPECIFIED.,.F.,
  .F.,(2,2),(-14.6,-11.8),.PIECEWISE_BEZIER_KNOTS.);
#1372 = CARTESIAN_POINT('',(-3.1,26.4));
#1373 = CARTESIAN_POINT('',(-3.1,23.6));
#1374 = ( GEOMETRIC_REPRESENTATION_CONTEXT(2) 
PARAMETRIC_REPRESENTATION_CONTEXT() REPRESENTATION_CONTEXT('2D SPACE',''
  ) );
#1375 = PCURVE('',#638,#1376);
#1376 = DEFINITIONAL_REPRESENTATION('',(#1377),#1380);
#1377 = B_SPLINE_CURVE_WITH_KNOTS('',1,(#1378,#1379),.UNSPECIFIED.,.F.,
  .F.,(2,2),(-14.6,-11.8),.PIECEWISE_BEZIER_KNOTS.);
#1378 = CARTESIAN_POINT('',(2.8,-26.));
#1379 = CARTESIAN_POINT('',(0.,-26.));
#1380 = ( GEOMETRIC_REPRESENTATION_CONTEXT(2) 
PARAMETRIC_REPRESENTATION_CONTEXT() REPRESENTATION_CONTEXT('2D SPACE',''
  ) );
#1381 = ORIENTED_EDGE('',*,*,#1382,.T.);
#1382 = EDGE_CURVE('',#1360,#1383,#1385,.T.);
#1383 = VERTEX_POINT('',#1384);
#1384 = CARTESIAN_POINT('',(3.1,26.4,6.));
#1385 = SURFACE_CURVE('',#1386,(#1391,#1402),.PCURVE_S1.);
#1386 = CIRCLE('',#1387,3.1);
#1387 = AXIS2_PLACEMENT_3D('',#1388,#1389,#1390);
#1388 = CARTESIAN_POINT('',(1.964931133798E-15,26.4,6.));
#1389 = DIRECTION('',(-0.,0.,-1.));
#1390 = DIRECTION('',(-1.,-3.223228136009E-17,0.));
#1391 = PCURVE('',#262,#1392);
#1392 = DEFINITIONAL_REPRESENTATION('',(#1393),#1401);
#1393 = ( BOUNDED_CURVE() B_SPLINE_CURVE(2,(#1394,#1395,#1396,#1397,
#1398,#1399,#1400),.UNSPECIFIED.,.T.,.F.) B_SPLINE_CURVE_WITH_KNOTS((1,2
    ,2,2,2,1),(-2.094395102393,0.,2.094395102393,4.188790204786,
6.28318530718,8.377580409573),.UNSPECIFIED.) CURVE() 
GEOMETRIC_REPRESENTATION_ITEM() RATIONAL_B_SPLINE_CURVE((1.,0.5,1.,0.5,
1.,0.5,1.)) REPRESENTATION_ITEM('') );
#1394 = CARTESIAN_POINT('',(-3.1,26.4));
#1395 = CARTESIAN_POINT('',(-3.1,31.769357503464));
#1396 = CARTESIAN_POINT('',(1.55,29.084678751732));
#1397 = CARTESIAN_POINT('',(6.2,26.4));
#1398 = CARTESIAN_POINT('',(1.55,23.715321248268));
#1399 = CARTESIAN_POINT('',(-3.1,21.030642496536));
#1400 = CARTESIAN_POINT('',(-3.1,26.4));
#1401 = ( GEOMETRIC_REPRESENTATION_CONTEXT(2) 
PARAMETRIC_REPRESENTATION_CONTEXT() REPRESENTATION_CONTEXT('2D SPACE',''
  ) );
#1402 = PCURVE('',#670,#1403);
#1403 = DEFINITIONAL_REPRESENTATION('',(#1404),#1408);
#1404 = LINE('',#1405,#1406);
#1405 = CARTESIAN_POINT('',(0.,-26.));
#1406 = VECTOR('',#1407,1.);
#1407 = DIRECTION('',(1.,0.));
#1408 = ( GEOMETRIC_REPRESENTATION_CONTEXT(2) 
PARAMETRIC_REPRESENTATION_CONTEXT() REPRESENTATION_CONTEXT('2D SPACE',''
  ) );
#1409 = ORIENTED_EDGE('',*,*,#1410,.F.);
#1410 = EDGE_CURVE('',#1411,#1383,#1413,.T.);
#1411 = VERTEX_POINT('',#1412);
#1412 = CARTESIAN_POINT('',(3.1,23.6,6.));
#1413 = SURFACE_CURVE('',#1414,(#1418,#1424),.PCURVE_S1.);
#1414 = LINE('',#1415,#1416);
#1415 = CARTESIAN_POINT('',(3.1,13.2,6.));
#1416 = VECTOR('',#1417,1.);
#1417 = DIRECTION('',(1.110223024625E-16,1.,-0.));
#1418 = PCURVE('',#262,#1419);
#1419 = DEFINITIONAL_REPRESENTATION('',(#1420),#1423);
#1420 = B_SPLINE_CURVE_WITH_KNOTS('',1,(#1421,#1422),.UNSPECIFIED.,.F.,
  .F.,(2,2),(10.4,13.2),.PIECEWISE_BEZIER_KNOTS.);
#1421 = CARTESIAN_POINT('',(3.1,23.6));
#1422 = CARTESIAN_POINT('',(3.1,26.4));
#1423 = ( GEOMETRIC_REPRESENTATION_CONTEXT(2) 
PARAMETRIC_REPRESENTATION_CONTEXT() REPRESENTATION_CONTEXT('2D SPACE',''
  ) );
#1424 = PCURVE('',#697,#1425);
#1425 = DEFINITIONAL_REPRESENTATION('',(#1426),#1429);
#1426 = B_SPLINE_CURVE_WITH_KNOTS('',1,(#1427,#1428),.UNSPECIFIED.,.F.,
  .F.,(2,2),(10.4,13.2),.PIECEWISE_BEZIER_KNOTS.);
#1427 = CARTESIAN_POINT('',(2.8,-26.));
#1428 = CARTESIAN_POINT('',(0.,-26.));
#1429 = ( GEOMETRIC_REPRESENTATION_CONTEXT(2) 
PARAMETRIC_REPRESENTATION_CONTEXT() REPRESENTATION_CONTEXT('2D SPACE',''
  ) );
#1430 = ORIENTED_EDGE('',*,*,#1431,.T.);
#1431 = EDGE_CURVE('',#1411,#1362,#1432,.T.);
#1432 = SURFACE_CURVE('',#1433,(#1438,#1449),.PCURVE_S1.);
#1433 = CIRCLE('',#1434,3.1);
#1434 = AXIS2_PLACEMENT_3D('',#1435,#1436,#1437);
#1435 = CARTESIAN_POINT('',(1.09668586407E-15,23.6,6.));
#1436 = DIRECTION('',(0.,0.,-1.));
#1437 = DIRECTION('',(1.,3.223228136009E-17,0.));
#1438 = PCURVE('',#262,#1439);
#1439 = DEFINITIONAL_REPRESENTATION('',(#1440),#1448);
#1440 = ( BOUNDED_CURVE() B_SPLINE_CURVE(2,(#1441,#1442,#1443,#1444,
#1445,#1446,#1447),.UNSPECIFIED.,.T.,.F.) B_SPLINE_CURVE_WITH_KNOTS((1,2
    ,2,2,2,1),(-2.094395102393,0.,2.094395102393,4.188790204786,
6.28318530718,8.377580409573),.UNSPECIFIED.) CURVE() 
GEOMETRIC_REPRESENTATION_ITEM() RATIONAL_B_SPLINE_CURVE((1.,0.5,1.,0.5,
1.,0.5,1.)) REPRESENTATION_ITEM('') );
#1441 = CARTESIAN_POINT('',(3.1,23.6));
#1442 = CARTESIAN_POINT('',(3.1,18.230642496536));
#1443 = CARTESIAN_POINT('',(-1.55,20.915321248268));
#1444 = CARTESIAN_POINT('',(-6.2,23.6));
#1445 = CARTESIAN_POINT('',(-1.55,26.284678751732));
#1446 = CARTESIAN_POINT('',(3.1,28.969357503464));
#1447 = CARTESIAN_POINT('',(3.1,23.6));
#1448 = ( GEOMETRIC_REPRESENTATION_CONTEXT(2) 
PARAMETRIC_REPRESENTATION_CONTEXT() REPRESENTATION_CONTEXT('2D SPACE',''
  ) );
#1449 = PCURVE('',#727,#1450);
#1450 = DEFINITIONAL_REPRESENTATION('',(#1451),#1455);
#1451 = LINE('',#1452,#1453);
#1452 = CARTESIAN_POINT('',(0.,-26.));
#1453 = VECTOR('',#1454,1.);
#1454 = DIRECTION('',(1.,0.));
#1455 = ( GEOMETRIC_REPRESENTATION_CONTEXT(2) 
PARAMETRIC_REPRESENTATION_CONTEXT() REPRESENTATION_CONTEXT('2D SPACE',''
  ) );
#1456 = FACE_BOUND('',#1457,.T.);
#1457 = EDGE_LOOP('',(#1458));
#1458 = ORIENTED_EDGE('',*,*,#1459,.T.);
#1459 = EDGE_CURVE('',#1460,#1460,#1462,.T.);
#1460 = VERTEX_POINT('',#1461);
#1461 = CARTESIAN_POINT('',(20.977669529664,17.677669529664,6.));
#1462 = SURFACE_CURVE('',#1463,(#1468,#1479),.PCURVE_S1.);
#1463 = CIRCLE('',#1464,3.3);
#1464 = AXIS2_PLACEMENT_3D('',#1465,#1466,#1467);
#1465 = CARTESIAN_POINT('',(17.677669529664,17.677669529664,6.));
#1466 = DIRECTION('',(0.,0.,-1.));
#1467 = DIRECTION('',(1.,0.,0.));
#1468 = PCURVE('',#262,#1469);
#1469 = DEFINITIONAL_REPRESENTATION('',(#1470),#1478);
#1470 = ( BOUNDED_CURVE() B_SPLINE_CURVE(2,(#1471,#1472,#1473,#1474,
#1475,#1476,#1477),.UNSPECIFIED.,.T.,.F.) B_SPLINE_CURVE_WITH_KNOTS((1,2
    ,2,2,2,1),(-2.094395102393,0.,2.094395102393,4.188790204786,
6.28318530718,8.377580409573),.UNSPECIFIED.) CURVE() 
GEOMETRIC_REPRESENTATION_ITEM() RATIONAL_B_SPLINE_CURVE((1.,0.5,1.,0.5,
1.,0.5,1.)) REPRESENTATION_ITEM('') );
#1471 = CARTESIAN_POINT('',(20.977669529664,17.677669529664));
#1472 = CARTESIAN_POINT('',(20.977669529664,11.961901864686));
#1473 = CARTESIAN_POINT('',(16.027669529664,14.819785697175));
#1474 = CARTESIAN_POINT('',(11.077669529664,17.677669529664));
#1475 = CARTESIAN_POINT('',(16.027669529664,20.535553362152));
#1476 = CARTESIAN_POINT('',(20.977669529664,23.393437194641));
#1477 = CARTESIAN_POINT('',(20.977669529664,17.677669529664));
#1478 = ( GEOMETRIC_REPRESENTATION_CONTEXT(2) 
PARAMETRIC_REPRESENTATION_CONTEXT() REPRESENTATION_CONTEXT('2D SPACE',''
  ) );
#1479 = PCURVE('',#762,#1480);
#1480 = DEFINITIONAL_REPRESENTATION('',(#1481),#1485);
#1481 = LINE('',#1482,#1483);
#1482 = CARTESIAN_POINT('',(-6.28318530718,-26.));
#1483 = VECTOR('',#1484,1.);
#1484 = DIRECTION('',(1.,-0.));
#1485 = ( GEOMETRIC_REPRESENTATION_CONTEXT(2) 
PARAMETRIC_REPRESENTATION_CONTEXT() REPRESENTATION_CONTEXT('2D SPACE',''
  ) );
#1486 = ADVANCED_FACE('',(#1487,#1634),#345,.F.);
#1487 = FACE_BOUND('',#1488,.F.);
#1488 = EDGE_LOOP('',(#1489,#1490,#1513,#1547,#1575,#1609,#1630,#1631,
    #1632,#1633));
#1489 = ORIENTED_EDGE('',*,*,#779,.F.);
#1490 = ORIENTED_EDGE('',*,*,#1491,.T.);
#1491 = EDGE_CURVE('',#780,#1492,#1494,.T.);
#1492 = VERTEX_POINT('',#1493);
#1493 = CARTESIAN_POINT('',(46.843754063721,48.,-21.75117319556));
#1494 = SURFACE_CURVE('',#1495,(#1499,#1506),.PCURVE_S1.);
#1495 = LINE('',#1496,#1497);
#1496 = CARTESIAN_POINT('',(46.843754063721,48.,-23.904));
#1497 = VECTOR('',#1498,1.);
#1498 = DIRECTION('',(0.,-0.,-1.));
#1499 = PCURVE('',#345,#1500);
#1500 = DEFINITIONAL_REPRESENTATION('',(#1501),#1505);
#1501 = LINE('',#1502,#1503);
#1502 = CARTESIAN_POINT('',(76.096,-153.1562459362));
#1503 = VECTOR('',#1504,1.);
#1504 = DIRECTION('',(-1.,0.));
#1505 = ( GEOMETRIC_REPRESENTATION_CONTEXT(2) 
PARAMETRIC_REPRESENTATION_CONTEXT() REPRESENTATION_CONTEXT('2D SPACE',''
  ) );
#1506 = PCURVE('',#819,#1507);
#1507 = DEFINITIONAL_REPRESENTATION('',(#1508),#1512);
#1508 = LINE('',#1509,#1510);
#1509 = CARTESIAN_POINT('',(-1.116030073275,0.));
#1510 = VECTOR('',#1511,1.);
#1511 = DIRECTION('',(-0.,1.));
#1512 = ( GEOMETRIC_REPRESENTATION_CONTEXT(2) 
PARAMETRIC_REPRESENTATION_CONTEXT() REPRESENTATION_CONTEXT('2D SPACE',''
  ) );
#1513 = ORIENTED_EDGE('',*,*,#1514,.T.);
#1514 = EDGE_CURVE('',#1492,#1515,#1517,.T.);
#1515 = VERTEX_POINT('',#1516);
#1516 = CARTESIAN_POINT('',(43.3,48.,-23.90415513553));
#1517 = SURFACE_CURVE('',#1518,(#1523,#1530),.PCURVE_S1.);
#1518 = ELLIPSE('',#1519,4.015279350173,4.);
#1519 = AXIS2_PLACEMENT_3D('',#1520,#1521,#1522);
#1520 = CARTESIAN_POINT('',(43.3,48.,-19.88887578536));
#1521 = DIRECTION('',(1.110223024625E-16,1.,-0.));
#1522 = DIRECTION('',(0.,0.,1.));
#1523 = PCURVE('',#345,#1524);
#1524 = DEFINITIONAL_REPRESENTATION('',(#1525),#1529);
#1525 = ELLIPSE('',#1526,4.015279350173,4.);
#1526 = AXIS2_PLACEMENT_2D('',#1527,#1528);
#1527 = CARTESIAN_POINT('',(80.111124214637,-156.7));
#1528 = DIRECTION('',(1.,0.));
#1529 = ( GEOMETRIC_REPRESENTATION_CONTEXT(2) 
PARAMETRIC_REPRESENTATION_CONTEXT() REPRESENTATION_CONTEXT('2D SPACE',''
  ) );
#1530 = PCURVE('',#1531,#1536);
#1531 = CYLINDRICAL_SURFACE('',#1532,4.);
#1532 = AXIS2_PLACEMENT_3D('',#1533,#1534,#1535);
#1533 = CARTESIAN_POINT('',(43.3,42.172077461855,-20.39875293935));
#1534 = DIRECTION('',(1.105998290831E-16,0.996194698092,
    8.715574274766E-02));
#1535 = DIRECTION('',(9.676231232676E-18,8.715574274766E-02,
    -0.996194698092));
#1536 = DEFINITIONAL_REPRESENTATION('',(#1537),#1546);
#1537 = B_SPLINE_CURVE_WITH_KNOTS('',7,(#1538,#1539,#1540,#1541,#1542,
    #1543,#1544,#1545),.UNSPECIFIED.,.F.,.F.,(8,8),(1.570796326795,
    3.14159265359),.PIECEWISE_BEZIER_KNOTS.);
#1538 = CARTESIAN_POINT('',(-1.570796326795,5.850184255456));
#1539 = CARTESIAN_POINT('',(-1.346396851538,5.771654614712));
#1540 = CARTESIAN_POINT('',(-1.121997376282,5.693125292843));
#1541 = CARTESIAN_POINT('',(-0.897597901026,5.621052556519));
#1542 = CARTESIAN_POINT('',(-0.673198425769,5.561904733084));
#1543 = CARTESIAN_POINT('',(-0.448798950513,5.520788972755));
#1544 = CARTESIAN_POINT('',(-0.224399475256,5.500229601352));
#1545 = CARTESIAN_POINT('',(0.,5.500229601352));
#1546 = ( GEOMETRIC_REPRESENTATION_CONTEXT(2) 
PARAMETRIC_REPRESENTATION_CONTEXT() REPRESENTATION_CONTEXT('2D SPACE',''
  ) );
#1547 = ORIENTED_EDGE('',*,*,#1548,.T.);
#1548 = EDGE_CURVE('',#1515,#1549,#1551,.T.);
#1549 = VERTEX_POINT('',#1550);
#1550 = CARTESIAN_POINT('',(-43.3,48.,-23.90415513553));
#1551 = SURFACE_CURVE('',#1552,(#1556,#1563),.PCURVE_S1.);
#1552 = LINE('',#1553,#1554);
#1553 = CARTESIAN_POINT('',(123.65,48.,-23.90415513553));
#1554 = VECTOR('',#1555,1.);
#1555 = DIRECTION('',(-1.,1.110223024625E-16,0.));
#1556 = PCURVE('',#345,#1557);
#1557 = DEFINITIONAL_REPRESENTATION('',(#1558),#1562);
#1558 = LINE('',#1559,#1560);
#1559 = CARTESIAN_POINT('',(76.095844864464,-76.35));
#1560 = VECTOR('',#1561,1.);
#1561 = DIRECTION('',(0.,-1.));
#1562 = ( GEOMETRIC_REPRESENTATION_CONTEXT(2) 
PARAMETRIC_REPRESENTATION_CONTEXT() REPRESENTATION_CONTEXT('2D SPACE',''
  ) );
#1563 = PCURVE('',#1564,#1569);
#1564 = PLANE('',#1565);
#1565 = AXIS2_PLACEMENT_3D('',#1566,#1567,#1568);
#1566 = CARTESIAN_POINT('',(47.3,42.520700432846,-24.38353173172));
#1567 = DIRECTION('',(-9.676231232676E-18,-8.715574274766E-02,
    0.996194698092));
#1568 = DIRECTION('',(-1.,1.110223024625E-16,0.));
#1569 = DEFINITIONAL_REPRESENTATION('',(#1570),#1574);
#1570 = LINE('',#1571,#1572);
#1571 = CARTESIAN_POINT('',(-76.35,-5.500229601352));
#1572 = VECTOR('',#1573,1.);
#1573 = DIRECTION('',(1.,0.));
#1574 = ( GEOMETRIC_REPRESENTATION_CONTEXT(2) 
PARAMETRIC_REPRESENTATION_CONTEXT() REPRESENTATION_CONTEXT('2D SPACE',''
  ) );
#1575 = ORIENTED_EDGE('',*,*,#1576,.T.);
#1576 = EDGE_CURVE('',#1549,#1577,#1579,.T.);
#1577 = VERTEX_POINT('',#1578);
#1578 = CARTESIAN_POINT('',(-47.3,48.,-19.88887578536));
#1579 = SURFACE_CURVE('',#1580,(#1585,#1592),.PCURVE_S1.);
#1580 = ELLIPSE('',#1581,4.015279350173,4.);
#1581 = AXIS2_PLACEMENT_3D('',#1582,#1583,#1584);
#1582 = CARTESIAN_POINT('',(-43.3,48.,-19.88887578536));
#1583 = DIRECTION('',(1.110223024625E-16,1.,-0.));
#1584 = DIRECTION('',(0.,0.,1.));
#1585 = PCURVE('',#345,#1586);
#1586 = DEFINITIONAL_REPRESENTATION('',(#1587),#1591);
#1587 = ELLIPSE('',#1588,4.015279350173,4.);
#1588 = AXIS2_PLACEMENT_2D('',#1589,#1590);
#1589 = CARTESIAN_POINT('',(80.111124214637,-243.3));
#1590 = DIRECTION('',(1.,0.));
#1591 = ( GEOMETRIC_REPRESENTATION_CONTEXT(2) 
PARAMETRIC_REPRESENTATION_CONTEXT() REPRESENTATION_CONTEXT('2D SPACE',''
  ) );
#1592 = PCURVE('',#1593,#1598);
#1593 = CYLINDRICAL_SURFACE('',#1594,4.);
#1594 = AXIS2_PLACEMENT_3D('',#1595,#1596,#1597);
#1595 = CARTESIAN_POINT('',(-43.3,42.172077461855,-20.39875293935));
#1596 = DIRECTION('',(1.105998290831E-16,0.996194698092,
    8.715574274766E-02));
#1597 = DIRECTION('',(9.676231232676E-18,8.715574274766E-02,
    -0.996194698092));
#1598 = DEFINITIONAL_REPRESENTATION('',(#1599),#1608);
#1599 = B_SPLINE_CURVE_WITH_KNOTS('',7,(#1600,#1601,#1602,#1603,#1604,
    #1605,#1606,#1607),.UNSPECIFIED.,.F.,.F.,(8,8),(3.14159265359,
    4.712388980385),.PIECEWISE_BEZIER_KNOTS.);
#1600 = CARTESIAN_POINT('',(0.,5.500229601352));
#1601 = CARTESIAN_POINT('',(0.224399475256,5.500229601352));
#1602 = CARTESIAN_POINT('',(0.448798950513,5.520788972755));
#1603 = CARTESIAN_POINT('',(0.67319842577,5.561904733085));
#1604 = CARTESIAN_POINT('',(0.897597901025,5.621052556519));
#1605 = CARTESIAN_POINT('',(1.121997376282,5.693125292843));
#1606 = CARTESIAN_POINT('',(1.346396851538,5.771654614712));
#1607 = CARTESIAN_POINT('',(1.570796326795,5.850184255456));
#1608 = ( GEOMETRIC_REPRESENTATION_CONTEXT(2) 
PARAMETRIC_REPRESENTATION_CONTEXT() REPRESENTATION_CONTEXT('2D SPACE',''
  ) );
#1609 = ORIENTED_EDGE('',*,*,#1610,.T.);
#1610 = EDGE_CURVE('',#1577,#1183,#1611,.T.);
#1611 = SURFACE_CURVE('',#1612,(#1616,#1623),.PCURVE_S1.);
#1612 = LINE('',#1613,#1614);
#1613 = CARTESIAN_POINT('',(-47.3,48.,-62.19176586586));
#1614 = VECTOR('',#1615,1.);
#1615 = DIRECTION('',(0.,0.,1.));
#1616 = PCURVE('',#345,#1617);
#1617 = DEFINITIONAL_REPRESENTATION('',(#1618),#1622);
#1618 = LINE('',#1619,#1620);
#1619 = CARTESIAN_POINT('',(37.808234134138,-247.3));
#1620 = VECTOR('',#1621,1.);
#1621 = DIRECTION('',(1.,0.));
#1622 = ( GEOMETRIC_REPRESENTATION_CONTEXT(2) 
PARAMETRIC_REPRESENTATION_CONTEXT() REPRESENTATION_CONTEXT('2D SPACE',''
  ) );
#1623 = PCURVE('',#1198,#1624);
#1624 = DEFINITIONAL_REPRESENTATION('',(#1625),#1629);
#1625 = LINE('',#1626,#1627);
#1626 = CARTESIAN_POINT('',(-38.14191481215,-2.163244450117));
#1627 = VECTOR('',#1628,1.);
#1628 = DIRECTION('',(0.996194698092,-8.715574274766E-02));
#1629 = ( GEOMETRIC_REPRESENTATION_CONTEXT(2) 
PARAMETRIC_REPRESENTATION_CONTEXT() REPRESENTATION_CONTEXT('2D SPACE',''
  ) );
#1630 = ORIENTED_EDGE('',*,*,#1210,.F.);
#1631 = ORIENTED_EDGE('',*,*,#329,.T.);
#1632 = ORIENTED_EDGE('',*,*,#408,.T.);
#1633 = ORIENTED_EDGE('',*,*,#458,.T.);
#1634 = FACE_BOUND('',#1635,.F.);
#1635 = EDGE_LOOP('',(#1636));
#1636 = ORIENTED_EDGE('',*,*,#1637,.F.);
#1637 = EDGE_CURVE('',#1638,#1638,#1640,.T.);
#1638 = VERTEX_POINT('',#1639);
#1639 = CARTESIAN_POINT('',(3.773769083284E-15,48.,-5.032342189721));
#1640 = SURFACE_CURVE('',#1641,(#1646,#1653),.PCURVE_S1.);
#1641 = ELLIPSE('',#1642,6.3742559684,6.35);
#1642 = AXIS2_PLACEMENT_3D('',#1643,#1644,#1645);
#1643 = CARTESIAN_POINT('',(5.329070518201E-15,48.,-11.40659815812));
#1644 = DIRECTION('',(1.110223024625E-16,1.,-0.));
#1645 = DIRECTION('',(0.,0.,1.));
#1646 = PCURVE('',#345,#1647);
#1647 = DEFINITIONAL_REPRESENTATION('',(#1648),#1652);
#1648 = ELLIPSE('',#1649,6.3742559684,6.35);
#1649 = AXIS2_PLACEMENT_2D('',#1650,#1651);
#1650 = CARTESIAN_POINT('',(88.593401841878,-200.));
#1651 = DIRECTION('',(1.,0.));
#1652 = ( GEOMETRIC_REPRESENTATION_CONTEXT(2) 
PARAMETRIC_REPRESENTATION_CONTEXT() REPRESENTATION_CONTEXT('2D SPACE',''
  ) );
#1653 = PCURVE('',#1654,#1659);
#1654 = CYLINDRICAL_SURFACE('',#1655,6.35);
#1655 = AXIS2_PLACEMENT_3D('',#1656,#1657,#1658);
#1656 = CARTESIAN_POINT('',(4.952979840473E-15,44.612476327852,
    -11.70296807686));
#1657 = DIRECTION('',(1.105998290831E-16,0.996194698092,
    8.715574274766E-02));
#1658 = DIRECTION('',(-9.676231232676E-18,-8.715574274766E-02,
    0.996194698092));
#1659 = DEFINITIONAL_REPRESENTATION('',(#1660),#1684);
#1660 = B_SPLINE_CURVE_WITH_KNOTS('',8,(#1661,#1662,#1663,#1664,#1665,
    #1666,#1667,#1668,#1669,#1670,#1671,#1672,#1673,#1674,#1675,#1676,
    #1677,#1678,#1679,#1680,#1681,#1682,#1683),.UNSPECIFIED.,.F.,.F.,(9,
    7,7,9),(0.,1.570796326795,3.926990816987,6.28318530718),
  .UNSPECIFIED.);
#1661 = CARTESIAN_POINT('',(0.,3.95601647564));
#1662 = CARTESIAN_POINT('',(0.196349540849,3.95601647564));
#1663 = CARTESIAN_POINT('',(0.392699081699,3.931537974063));
#1664 = CARTESIAN_POINT('',(0.589048622548,3.882583930085));
#1665 = CARTESIAN_POINT('',(0.785398163397,3.811158619164));
#1666 = CARTESIAN_POINT('',(0.981747704247,3.721304233471));
#1667 = CARTESIAN_POINT('',(1.178097245096,3.618628240781));
#1668 = CARTESIAN_POINT('',(1.374446785946,3.509546041347));
#1669 = CARTESIAN_POINT('',(1.865320638069,3.236839593605));
#1670 = CARTESIAN_POINT('',(2.15984494934,3.073215132035));
#1671 = CARTESIAN_POINT('',(2.454369260621,2.931223849629));
#1672 = CARTESIAN_POINT('',(2.748893571882,2.832468105796));
#1673 = CARTESIAN_POINT('',(3.043417883168,2.792653873186));
#1674 = CARTESIAN_POINT('',(3.337942194436,2.81517384756));
#1675 = CARTESIAN_POINT('',(3.632466505713,2.891928612091));
#1676 = CARTESIAN_POINT('',(4.221515128261,3.123327706256));
#1677 = CARTESIAN_POINT('',(4.516039439536,3.277972874413));
#1678 = CARTESIAN_POINT('',(4.810563750795,3.456258897354));
#1679 = CARTESIAN_POINT('',(5.105088062094,3.635734842252));
#1680 = CARTESIAN_POINT('',(5.399612373341,3.790796413813));
#1681 = CARTESIAN_POINT('',(5.694136684632,3.900939643045));
#1682 = CARTESIAN_POINT('',(5.988660995906,3.95601647564));
#1683 = CARTESIAN_POINT('',(6.28318530718,3.95601647564));
#1684 = ( GEOMETRIC_REPRESENTATION_CONTEXT(2) 
PARAMETRIC_REPRESENTATION_CONTEXT() REPRESENTATION_CONTEXT('2D SPACE',''
  ) );
#1685 = ADVANCED_FACE('',(#1686),#506,.F.);
#1686 = FACE_BOUND('',#1687,.T.);
#1687 = EDGE_LOOP('',(#1688,#1689,#1710,#1711));
#1688 = ORIENTED_EDGE('',*,*,#485,.T.);
#1689 = ORIENTED_EDGE('',*,*,#1690,.T.);
#1690 = EDGE_CURVE('',#486,#1235,#1691,.T.);
#1691 = SEAM_CURVE('',#1692,(#1696,#1703),.PCURVE_S1.);
#1692 = LINE('',#1693,#1694);
#1693 = CARTESIAN_POINT('',(-14.37766952966,-17.67766952966,-20.));
#1694 = VECTOR('',#1695,1.);
#1695 = DIRECTION('',(0.,0.,1.));
#1696 = PCURVE('',#506,#1697);
#1697 = DEFINITIONAL_REPRESENTATION('',(#1698),#1702);
#1698 = LINE('',#1699,#1700);
#1699 = CARTESIAN_POINT('',(-6.28318530718,0.));
#1700 = VECTOR('',#1701,1.);
#1701 = DIRECTION('',(-0.,-1.));
#1702 = ( GEOMETRIC_REPRESENTATION_CONTEXT(2) 
PARAMETRIC_REPRESENTATION_CONTEXT() REPRESENTATION_CONTEXT('2D SPACE',''
  ) );
#1703 = PCURVE('',#506,#1704);
#1704 = DEFINITIONAL_REPRESENTATION('',(#1705),#1709);
#1705 = LINE('',#1706,#1707);
#1706 = CARTESIAN_POINT('',(-0.,0.));
#1707 = VECTOR('',#1708,1.);
#1708 = DIRECTION('',(-0.,-1.));
#1709 = ( GEOMETRIC_REPRESENTATION_CONTEXT(2) 
PARAMETRIC_REPRESENTATION_CONTEXT() REPRESENTATION_CONTEXT('2D SPACE',''
  ) );
#1710 = ORIENTED_EDGE('',*,*,#1234,.F.);
#1711 = ORIENTED_EDGE('',*,*,#1690,.F.);
#1712 = ADVANCED_FACE('',(#1713),#541,.F.);
#1713 = FACE_BOUND('',#1714,.T.);
#1714 = EDGE_LOOP('',(#1715,#1716,#1737,#1738));
#1715 = ORIENTED_EDGE('',*,*,#520,.T.);
#1716 = ORIENTED_EDGE('',*,*,#1717,.T.);
#1717 = EDGE_CURVE('',#521,#1265,#1718,.T.);
#1718 = SEAM_CURVE('',#1719,(#1723,#1730),.PCURVE_S1.);
#1719 = LINE('',#1720,#1721);
#1720 = CARTESIAN_POINT('',(20.977669529664,-17.67766952966,-20.));
#1721 = VECTOR('',#1722,1.);
#1722 = DIRECTION('',(0.,0.,1.));
#1723 = PCURVE('',#541,#1724);
#1724 = DEFINITIONAL_REPRESENTATION('',(#1725),#1729);
#1725 = LINE('',#1726,#1727);
#1726 = CARTESIAN_POINT('',(-6.28318530718,0.));
#1727 = VECTOR('',#1728,1.);
#1728 = DIRECTION('',(-0.,-1.));
#1729 = ( GEOMETRIC_REPRESENTATION_CONTEXT(2) 
PARAMETRIC_REPRESENTATION_CONTEXT() REPRESENTATION_CONTEXT('2D SPACE',''
  ) );
#1730 = PCURVE('',#541,#1731);
#1731 = DEFINITIONAL_REPRESENTATION('',(#1732),#1736);
#1732 = LINE('',#1733,#1734);
#1733 = CARTESIAN_POINT('',(-0.,0.));
#1734 = VECTOR('',#1735,1.);
#1735 = DIRECTION('',(-0.,-1.));
#1736 = ( GEOMETRIC_REPRESENTATION_CONTEXT(2) 
PARAMETRIC_REPRESENTATION_CONTEXT() REPRESENTATION_CONTEXT('2D SPACE',''
  ) );
#1737 = ORIENTED_EDGE('',*,*,#1264,.F.);
#1738 = ORIENTED_EDGE('',*,*,#1717,.F.);
#1739 = ADVANCED_FACE('',(#1740),#572,.T.);
#1740 = FACE_BOUND('',#1741,.F.);
#1741 = EDGE_LOOP('',(#1742,#1765,#1766,#1767));
#1742 = ORIENTED_EDGE('',*,*,#1743,.T.);
#1743 = EDGE_CURVE('',#1744,#556,#1746,.T.);
#1744 = VERTEX_POINT('',#1745);
#1745 = CARTESIAN_POINT('',(15.65,0.,-3.2));
#1746 = SEAM_CURVE('',#1747,(#1751,#1758),.PCURVE_S1.);
#1747 = LINE('',#1748,#1749);
#1748 = CARTESIAN_POINT('',(15.65,0.,-4.));
#1749 = VECTOR('',#1750,1.);
#1750 = DIRECTION('',(0.,0.,1.));
#1751 = PCURVE('',#572,#1752);
#1752 = DEFINITIONAL_REPRESENTATION('',(#1753),#1757);
#1753 = LINE('',#1754,#1755);
#1754 = CARTESIAN_POINT('',(-0.,0.));
#1755 = VECTOR('',#1756,1.);
#1756 = DIRECTION('',(-0.,-1.));
#1757 = ( GEOMETRIC_REPRESENTATION_CONTEXT(2) 
PARAMETRIC_REPRESENTATION_CONTEXT() REPRESENTATION_CONTEXT('2D SPACE',''
  ) );
#1758 = PCURVE('',#572,#1759);
#1759 = DEFINITIONAL_REPRESENTATION('',(#1760),#1764);
#1760 = LINE('',#1761,#1762);
#1761 = CARTESIAN_POINT('',(-6.28318530718,0.));
#1762 = VECTOR('',#1763,1.);
#1763 = DIRECTION('',(-0.,-1.));
#1764 = ( GEOMETRIC_REPRESENTATION_CONTEXT(2) 
PARAMETRIC_REPRESENTATION_CONTEXT() REPRESENTATION_CONTEXT('2D SPACE',''
  ) );
#1765 = ORIENTED_EDGE('',*,*,#555,.T.);
#1766 = ORIENTED_EDGE('',*,*,#1743,.F.);
#1767 = ORIENTED_EDGE('',*,*,#1768,.F.);
#1768 = EDGE_CURVE('',#1744,#1744,#1769,.T.);
#1769 = SURFACE_CURVE('',#1770,(#1775,#1782),.PCURVE_S1.);
#1770 = CIRCLE('',#1771,15.65);
#1771 = AXIS2_PLACEMENT_3D('',#1772,#1773,#1774);
#1772 = CARTESIAN_POINT('',(0.,0.,-3.2));
#1773 = DIRECTION('',(0.,0.,1.));
#1774 = DIRECTION('',(1.,0.,-0.));
#1775 = PCURVE('',#572,#1776);
#1776 = DEFINITIONAL_REPRESENTATION('',(#1777),#1781);
#1777 = LINE('',#1778,#1779);
#1778 = CARTESIAN_POINT('',(-0.,-0.8));
#1779 = VECTOR('',#1780,1.);
#1780 = DIRECTION('',(-1.,0.));
#1781 = ( GEOMETRIC_REPRESENTATION_CONTEXT(2) 
PARAMETRIC_REPRESENTATION_CONTEXT() REPRESENTATION_CONTEXT('2D SPACE',''
  ) );
#1782 = PCURVE('',#1783,#1788);
#1783 = CONICAL_SURFACE('',#1784,15.65,0.785398163397);
#1784 = AXIS2_PLACEMENT_3D('',#1785,#1786,#1787);
#1785 = CARTESIAN_POINT('',(0.,0.,-3.2));
#1786 = DIRECTION('',(0.,0.,1.));
#1787 = DIRECTION('',(1.,0.,-0.));
#1788 = DEFINITIONAL_REPRESENTATION('',(#1789),#1793);
#1789 = LINE('',#1790,#1791);
#1790 = CARTESIAN_POINT('',(0.,-0.));
#1791 = VECTOR('',#1792,1.);
#1792 = DIRECTION('',(1.,-0.));
#1793 = ( GEOMETRIC_REPRESENTATION_CONTEXT(2) 
PARAMETRIC_REPRESENTATION_CONTEXT() REPRESENTATION_CONTEXT('2D SPACE',''
  ) );
#1794 = ADVANCED_FACE('',(#1795),#607,.F.);
#1795 = FACE_BOUND('',#1796,.T.);
#1796 = EDGE_LOOP('',(#1797,#1798,#1819,#1820));
#1797 = ORIENTED_EDGE('',*,*,#586,.T.);
#1798 = ORIENTED_EDGE('',*,*,#1799,.T.);
#1799 = EDGE_CURVE('',#587,#1330,#1800,.T.);
#1800 = SEAM_CURVE('',#1801,(#1805,#1812),.PCURVE_S1.);
#1801 = LINE('',#1802,#1803);
#1802 = CARTESIAN_POINT('',(-14.37766952966,17.677669529664,-20.));
#1803 = VECTOR('',#1804,1.);
#1804 = DIRECTION('',(0.,0.,1.));
#1805 = PCURVE('',#607,#1806);
#1806 = DEFINITIONAL_REPRESENTATION('',(#1807),#1811);
#1807 = LINE('',#1808,#1809);
#1808 = CARTESIAN_POINT('',(-6.28318530718,0.));
#1809 = VECTOR('',#1810,1.);
#1810 = DIRECTION('',(-0.,-1.));
#1811 = ( GEOMETRIC_REPRESENTATION_CONTEXT(2) 
PARAMETRIC_REPRESENTATION_CONTEXT() REPRESENTATION_CONTEXT('2D SPACE',''
  ) );
#1812 = PCURVE('',#607,#1813);
#1813 = DEFINITIONAL_REPRESENTATION('',(#1814),#1818);
#1814 = LINE('',#1815,#1816);
#1815 = CARTESIAN_POINT('',(-0.,0.));
#1816 = VECTOR('',#1817,1.);
#1817 = DIRECTION('',(-0.,-1.));
#1818 = ( GEOMETRIC_REPRESENTATION_CONTEXT(2) 
PARAMETRIC_REPRESENTATION_CONTEXT() REPRESENTATION_CONTEXT('2D SPACE',''
  ) );
#1819 = ORIENTED_EDGE('',*,*,#1329,.F.);
#1820 = ORIENTED_EDGE('',*,*,#1799,.F.);
#1821 = ADVANCED_FACE('',(#1822),#638,.F.);
#1822 = FACE_BOUND('',#1823,.F.);
#1823 = EDGE_LOOP('',(#1824,#1825,#1846,#1847));
#1824 = ORIENTED_EDGE('',*,*,#621,.T.);
#1825 = ORIENTED_EDGE('',*,*,#1826,.T.);
#1826 = EDGE_CURVE('',#624,#1362,#1827,.T.);
#1827 = SURFACE_CURVE('',#1828,(#1832,#1839),.PCURVE_S1.);
#1828 = LINE('',#1829,#1830);
#1829 = CARTESIAN_POINT('',(-3.1,23.6,-20.));
#1830 = VECTOR('',#1831,1.);
#1831 = DIRECTION('',(0.,0.,1.));
#1832 = PCURVE('',#638,#1833);
#1833 = DEFINITIONAL_REPRESENTATION('',(#1834),#1838);
#1834 = LINE('',#1835,#1836);
#1835 = CARTESIAN_POINT('',(0.,0.));
#1836 = VECTOR('',#1837,1.);
#1837 = DIRECTION('',(0.,-1.));
#1838 = ( GEOMETRIC_REPRESENTATION_CONTEXT(2) 
PARAMETRIC_REPRESENTATION_CONTEXT() REPRESENTATION_CONTEXT('2D SPACE',''
  ) );
#1839 = PCURVE('',#727,#1840);
#1840 = DEFINITIONAL_REPRESENTATION('',(#1841),#1845);
#1841 = LINE('',#1842,#1843);
#1842 = CARTESIAN_POINT('',(3.14159265359,0.));
#1843 = VECTOR('',#1844,1.);
#1844 = DIRECTION('',(0.,-1.));
#1845 = ( GEOMETRIC_REPRESENTATION_CONTEXT(2) 
PARAMETRIC_REPRESENTATION_CONTEXT() REPRESENTATION_CONTEXT('2D SPACE',''
  ) );
#1846 = ORIENTED_EDGE('',*,*,#1359,.F.);
#1847 = ORIENTED_EDGE('',*,*,#1848,.F.);
#1848 = EDGE_CURVE('',#622,#1360,#1849,.T.);
#1849 = SURFACE_CURVE('',#1850,(#1854,#1861),.PCURVE_S1.);
#1850 = LINE('',#1851,#1852);
#1851 = CARTESIAN_POINT('',(-3.1,26.4,-20.));
#1852 = VECTOR('',#1853,1.);
#1853 = DIRECTION('',(0.,0.,1.));
#1854 = PCURVE('',#638,#1855);
#1855 = DEFINITIONAL_REPRESENTATION('',(#1856),#1860);
#1856 = LINE('',#1857,#1858);
#1857 = CARTESIAN_POINT('',(2.8,0.));
#1858 = VECTOR('',#1859,1.);
#1859 = DIRECTION('',(0.,-1.));
#1860 = ( GEOMETRIC_REPRESENTATION_CONTEXT(2) 
PARAMETRIC_REPRESENTATION_CONTEXT() REPRESENTATION_CONTEXT('2D SPACE',''
  ) );
#1861 = PCURVE('',#670,#1862);
#1862 = DEFINITIONAL_REPRESENTATION('',(#1863),#1867);
#1863 = LINE('',#1864,#1865);
#1864 = CARTESIAN_POINT('',(0.,0.));
#1865 = VECTOR('',#1866,1.);
#1866 = DIRECTION('',(0.,-1.));
#1867 = ( GEOMETRIC_REPRESENTATION_CONTEXT(2) 
PARAMETRIC_REPRESENTATION_CONTEXT() REPRESENTATION_CONTEXT('2D SPACE',''
  ) );
#1868 = ADVANCED_FACE('',(#1869),#727,.F.);
#1869 = FACE_BOUND('',#1870,.F.);
#1870 = EDGE_LOOP('',(#1871,#1872,#1893,#1894));
#1871 = ORIENTED_EDGE('',*,*,#708,.F.);
#1872 = ORIENTED_EDGE('',*,*,#1873,.T.);
#1873 = EDGE_CURVE('',#683,#1411,#1874,.T.);
#1874 = SURFACE_CURVE('',#1875,(#1879,#1886),.PCURVE_S1.);
#1875 = LINE('',#1876,#1877);
#1876 = CARTESIAN_POINT('',(3.1,23.6,-20.));
#1877 = VECTOR('',#1878,1.);
#1878 = DIRECTION('',(0.,0.,1.));
#1879 = PCURVE('',#727,#1880);
#1880 = DEFINITIONAL_REPRESENTATION('',(#1881),#1885);
#1881 = LINE('',#1882,#1883);
#1882 = CARTESIAN_POINT('',(0.,0.));
#1883 = VECTOR('',#1884,1.);
#1884 = DIRECTION('',(0.,-1.));
#1885 = ( GEOMETRIC_REPRESENTATION_CONTEXT(2) 
PARAMETRIC_REPRESENTATION_CONTEXT() REPRESENTATION_CONTEXT('2D SPACE',''
  ) );
#1886 = PCURVE('',#697,#1887);
#1887 = DEFINITIONAL_REPRESENTATION('',(#1888),#1892);
#1888 = LINE('',#1889,#1890);
#1889 = CARTESIAN_POINT('',(2.8,0.));
#1890 = VECTOR('',#1891,1.);
#1891 = DIRECTION('',(0.,-1.));
#1892 = ( GEOMETRIC_REPRESENTATION_CONTEXT(2) 
PARAMETRIC_REPRESENTATION_CONTEXT() REPRESENTATION_CONTEXT('2D SPACE',''
  ) );
#1893 = ORIENTED_EDGE('',*,*,#1431,.T.);
#1894 = ORIENTED_EDGE('',*,*,#1826,.F.);
#1895 = ADVANCED_FACE('',(#1896),#697,.F.);
#1896 = FACE_BOUND('',#1897,.F.);
#1897 = EDGE_LOOP('',(#1898,#1899,#1920,#1921));
#1898 = ORIENTED_EDGE('',*,*,#682,.T.);
#1899 = ORIENTED_EDGE('',*,*,#1900,.T.);
#1900 = EDGE_CURVE('',#650,#1383,#1901,.T.);
#1901 = SURFACE_CURVE('',#1902,(#1906,#1913),.PCURVE_S1.);
#1902 = LINE('',#1903,#1904);
#1903 = CARTESIAN_POINT('',(3.1,26.4,-20.));
#1904 = VECTOR('',#1905,1.);
#1905 = DIRECTION('',(0.,0.,1.));
#1906 = PCURVE('',#697,#1907);
#1907 = DEFINITIONAL_REPRESENTATION('',(#1908),#1912);
#1908 = LINE('',#1909,#1910);
#1909 = CARTESIAN_POINT('',(0.,0.));
#1910 = VECTOR('',#1911,1.);
#1911 = DIRECTION('',(0.,-1.));
#1912 = ( GEOMETRIC_REPRESENTATION_CONTEXT(2) 
PARAMETRIC_REPRESENTATION_CONTEXT() REPRESENTATION_CONTEXT('2D SPACE',''
  ) );
#1913 = PCURVE('',#670,#1914);
#1914 = DEFINITIONAL_REPRESENTATION('',(#1915),#1919);
#1915 = LINE('',#1916,#1917);
#1916 = CARTESIAN_POINT('',(3.14159265359,0.));
#1917 = VECTOR('',#1918,1.);
#1918 = DIRECTION('',(0.,-1.));
#1919 = ( GEOMETRIC_REPRESENTATION_CONTEXT(2) 
PARAMETRIC_REPRESENTATION_CONTEXT() REPRESENTATION_CONTEXT('2D SPACE',''
  ) );
#1920 = ORIENTED_EDGE('',*,*,#1410,.F.);
#1921 = ORIENTED_EDGE('',*,*,#1873,.F.);
#1922 = ADVANCED_FACE('',(#1923),#670,.F.);
#1923 = FACE_BOUND('',#1924,.F.);
#1924 = EDGE_LOOP('',(#1925,#1926,#1927,#1928));
#1925 = ORIENTED_EDGE('',*,*,#649,.F.);
#1926 = ORIENTED_EDGE('',*,*,#1848,.T.);
#1927 = ORIENTED_EDGE('',*,*,#1382,.T.);
#1928 = ORIENTED_EDGE('',*,*,#1900,.F.);
#1929 = ADVANCED_FACE('',(#1930),#762,.F.);
#1930 = FACE_BOUND('',#1931,.T.);
#1931 = EDGE_LOOP('',(#1932,#1933,#1954,#1955));
#1932 = ORIENTED_EDGE('',*,*,#741,.T.);
#1933 = ORIENTED_EDGE('',*,*,#1934,.T.);
#1934 = EDGE_CURVE('',#742,#1460,#1935,.T.);
#1935 = SEAM_CURVE('',#1936,(#1940,#1947),.PCURVE_S1.);
#1936 = LINE('',#1937,#1938);
#1937 = CARTESIAN_POINT('',(20.977669529664,17.677669529664,-20.));
#1938 = VECTOR('',#1939,1.);
#1939 = DIRECTION('',(0.,0.,1.));
#1940 = PCURVE('',#762,#1941);
#1941 = DEFINITIONAL_REPRESENTATION('',(#1942),#1946);
#1942 = LINE('',#1943,#1944);
#1943 = CARTESIAN_POINT('',(-6.28318530718,0.));
#1944 = VECTOR('',#1945,1.);
#1945 = DIRECTION('',(-0.,-1.));
#1946 = ( GEOMETRIC_REPRESENTATION_CONTEXT(2) 
PARAMETRIC_REPRESENTATION_CONTEXT() REPRESENTATION_CONTEXT('2D SPACE',''
  ) );
#1947 = PCURVE('',#762,#1948);
#1948 = DEFINITIONAL_REPRESENTATION('',(#1949),#1953);
#1949 = LINE('',#1950,#1951);
#1950 = CARTESIAN_POINT('',(-0.,0.));
#1951 = VECTOR('',#1952,1.);
#1952 = DIRECTION('',(-0.,-1.));
#1953 = ( GEOMETRIC_REPRESENTATION_CONTEXT(2) 
PARAMETRIC_REPRESENTATION_CONTEXT() REPRESENTATION_CONTEXT('2D SPACE',''
  ) );
#1954 = ORIENTED_EDGE('',*,*,#1459,.F.);
#1955 = ORIENTED_EDGE('',*,*,#1934,.F.);
#1956 = ADVANCED_FACE('',(#1957),#819,.T.);
#1957 = FACE_BOUND('',#1958,.F.);
#1958 = EDGE_LOOP('',(#1959,#1990,#2011,#2012,#2035,#2089,#2090,#2091));
#1959 = ORIENTED_EDGE('',*,*,#1960,.F.);
#1960 = EDGE_CURVE('',#1961,#1963,#1965,.T.);
#1961 = VERTEX_POINT('',#1962);
#1962 = CARTESIAN_POINT('',(49.15,50.379957716513,-23.904));
#1963 = VERTEX_POINT('',#1964);
#1964 = CARTESIAN_POINT('',(54.15,50.379957716513,-23.904));
#1965 = SURFACE_CURVE('',#1966,(#1971,#1978),.PCURVE_S1.);
#1966 = CIRCLE('',#1967,5.35);
#1967 = AXIS2_PLACEMENT_3D('',#1968,#1969,#1970);
#1968 = CARTESIAN_POINT('',(51.65,45.65,-23.904));
#1969 = DIRECTION('',(0.,-0.,1.));
#1970 = DIRECTION('',(1.110223024625E-16,1.,0.));
#1971 = PCURVE('',#819,#1972);
#1972 = DEFINITIONAL_REPRESENTATION('',(#1973),#1977);
#1973 = LINE('',#1974,#1975);
#1974 = CARTESIAN_POINT('',(-0.,0.));
#1975 = VECTOR('',#1976,1.);
#1976 = DIRECTION('',(-1.,0.));
#1977 = ( GEOMETRIC_REPRESENTATION_CONTEXT(2) 
PARAMETRIC_REPRESENTATION_CONTEXT() REPRESENTATION_CONTEXT('2D SPACE',''
  ) );
#1978 = PCURVE('',#1979,#1984);
#1979 = PLANE('',#1980);
#1980 = AXIS2_PLACEMENT_3D('',#1981,#1982,#1983);
#1981 = CARTESIAN_POINT('',(51.65,45.65,-23.904));
#1982 = DIRECTION('',(0.,0.,1.));
#1983 = DIRECTION('',(1.110223024625E-16,1.,0.));
#1984 = DEFINITIONAL_REPRESENTATION('',(#1985),#1989);
#1985 = CIRCLE('',#1986,5.35);
#1986 = AXIS2_PLACEMENT_2D('',#1987,#1988);
#1987 = CARTESIAN_POINT('',(-7.105427357601E-15,-7.105427357601E-15));
#1988 = DIRECTION('',(1.,0.));
#1989 = ( GEOMETRIC_REPRESENTATION_CONTEXT(2) 
PARAMETRIC_REPRESENTATION_CONTEXT() REPRESENTATION_CONTEXT('2D SPACE',''
  ) );
#1990 = ORIENTED_EDGE('',*,*,#1991,.F.);
#1991 = EDGE_CURVE('',#889,#1961,#1992,.T.);
#1992 = SURFACE_CURVE('',#1993,(#1997,#2004),.PCURVE_S1.);
#1993 = LINE('',#1994,#1995);
#1994 = CARTESIAN_POINT('',(49.15,50.379957716513,-23.904));
#1995 = VECTOR('',#1996,1.);
#1996 = DIRECTION('',(0.,-0.,-1.));
#1997 = PCURVE('',#819,#1998);
#1998 = DEFINITIONAL_REPRESENTATION('',(#1999),#2003);
#1999 = LINE('',#2000,#2001);
#2000 = CARTESIAN_POINT('',(-0.486222719089,0.));
#2001 = VECTOR('',#2002,1.);
#2002 = DIRECTION('',(-0.,1.));
#2003 = ( GEOMETRIC_REPRESENTATION_CONTEXT(2) 
PARAMETRIC_REPRESENTATION_CONTEXT() REPRESENTATION_CONTEXT('2D SPACE',''
  ) );
#2004 = PCURVE('',#904,#2005);
#2005 = DEFINITIONAL_REPRESENTATION('',(#2006),#2010);
#2006 = LINE('',#2007,#2008);
#2007 = CARTESIAN_POINT('',(1.620042283487,-1.));
#2008 = VECTOR('',#2009,1.);
#2009 = DIRECTION('',(-0.,1.));
#2010 = ( GEOMETRIC_REPRESENTATION_CONTEXT(2) 
PARAMETRIC_REPRESENTATION_CONTEXT() REPRESENTATION_CONTEXT('2D SPACE',''
  ) );
#2011 = ORIENTED_EDGE('',*,*,#916,.T.);
#2012 = ORIENTED_EDGE('',*,*,#2013,.T.);
#2013 = EDGE_CURVE('',#917,#2014,#2016,.T.);
#2014 = VERTEX_POINT('',#2015);
#2015 = CARTESIAN_POINT('',(47.3,48.76448230048,-19.8219922506));
#2016 = SURFACE_CURVE('',#2017,(#2021,#2028),.PCURVE_S1.);
#2017 = LINE('',#2018,#2019);
#2018 = CARTESIAN_POINT('',(47.3,48.764482300479,-23.904));
#2019 = VECTOR('',#2020,1.);
#2020 = DIRECTION('',(0.,-0.,-1.));
#2021 = PCURVE('',#819,#2022);
#2022 = DEFINITIONAL_REPRESENTATION('',(#2023),#2027);
#2023 = LINE('',#2024,#2025);
#2024 = CARTESIAN_POINT('',(-0.949430513346,0.));
#2025 = VECTOR('',#2026,1.);
#2026 = DIRECTION('',(-0.,1.));
#2027 = ( GEOMETRIC_REPRESENTATION_CONTEXT(2) 
PARAMETRIC_REPRESENTATION_CONTEXT() REPRESENTATION_CONTEXT('2D SPACE',''
  ) );
#2028 = PCURVE('',#956,#2029);
#2029 = DEFINITIONAL_REPRESENTATION('',(#2030),#2034);
#2030 = LINE('',#2031,#2032);
#2031 = CARTESIAN_POINT('',(39.416474477517,-6.261816336828));
#2032 = VECTOR('',#2033,1.);
#2033 = DIRECTION('',(0.996194698092,8.715574274766E-02));
#2034 = ( GEOMETRIC_REPRESENTATION_CONTEXT(2) 
PARAMETRIC_REPRESENTATION_CONTEXT() REPRESENTATION_CONTEXT('2D SPACE',''
  ) );
#2035 = ORIENTED_EDGE('',*,*,#2036,.T.);
#2036 = EDGE_CURVE('',#2014,#1492,#2037,.T.);
#2037 = SURFACE_CURVE('',#2038,(#2053,#2071),.PCURVE_S1.);
#2038 = B_SPLINE_CURVE_WITH_KNOTS('',7,(#2039,#2040,#2041,#2042,#2043,
    #2044,#2045,#2046,#2047,#2048,#2049,#2050,#2051,#2052),
  .UNSPECIFIED.,.F.,.F.,(8,6,8),(0.,0.590547803237,1.),.UNSPECIFIED.);
#2039 = CARTESIAN_POINT('',(47.3,48.764482300479,-19.8219922506));
#2040 = CARTESIAN_POINT('',(47.3,48.764482300479,-20.02674589028));
#2041 = CARTESIAN_POINT('',(47.287865053924,48.747533319595,
    -20.2311914234));
#2042 = CARTESIAN_POINT('',(47.263977142036,48.714169468449,
    -20.43300430356));
#2043 = CARTESIAN_POINT('',(47.229291924661,48.664844726627,
    -20.63006717739));
#2044 = CARTESIAN_POINT('',(47.185222597845,48.599932253388,
    -20.82062003253));
#2045 = CARTESIAN_POINT('',(47.133451043716,48.519779520298,
    -21.00329829155));
#2046 = CARTESIAN_POINT('',(47.035854770577,48.358892809722,
    -21.29754577876));
#2047 = CARTESIAN_POINT('',(46.993130055031,48.285965706196,
    -21.41357558137));
#2048 = CARTESIAN_POINT('',(46.948313122023,48.206222543397,
    -21.524698149));
#2049 = CARTESIAN_POINT('',(46.902120218254,48.119951390352,
    -21.63056708203));
#2050 = CARTESIAN_POINT('',(46.855282049726,48.027506790609,
    -21.7309326321));
#2051 = CARTESIAN_POINT('',(46.808513483996,47.92932379492,
    -21.82562799541));
#2052 = CARTESIAN_POINT('',(46.762483252424,47.825931993919,
    -21.91455560602));
#2053 = PCURVE('',#819,#2054);
#2054 = DEFINITIONAL_REPRESENTATION('',(#2055),#2070);
#2055 = B_SPLINE_CURVE_WITH_KNOTS('',7,(#2056,#2057,#2058,#2059,#2060,
    #2061,#2062,#2063,#2064,#2065,#2066,#2067,#2068,#2069),
  .UNSPECIFIED.,.F.,.F.,(8,6,8),(0.,0.590547803237,1.),.UNSPECIFIED.);
#2056 = CARTESIAN_POINT('',(-0.949430513346,-4.082007749395));
#2057 = CARTESIAN_POINT('',(-0.949430513346,-3.87725410972));
#2058 = CARTESIAN_POINT('',(-0.95332682073,-3.672808576593));
#2059 = CARTESIAN_POINT('',(-0.960996715998,-3.47099569644));
#2060 = CARTESIAN_POINT('',(-0.97226716952,-3.2739328226));
#2061 = CARTESIAN_POINT('',(-0.986927737593,-3.083379967468));
#2062 = CARTESIAN_POINT('',(-1.004755933377,-2.900701708449));
#2063 = CARTESIAN_POINT('',(-1.03992869923,-2.606454221234));
#2064 = CARTESIAN_POINT('',(-1.055725249485,-2.490424418621));
#2065 = CARTESIAN_POINT('',(-1.072818443658,-2.379301850996));
#2066 = CARTESIAN_POINT('',(-1.091102471971,-2.27343291797));
#2067 = CARTESIAN_POINT('',(-1.110464540623,-2.173067367897));
#2068 = CARTESIAN_POINT('',(-1.130785357464,-2.078372004582));
#2069 = CARTESIAN_POINT('',(-1.151939617662,-1.989444393979));
#2070 = ( GEOMETRIC_REPRESENTATION_CONTEXT(2) 
PARAMETRIC_REPRESENTATION_CONTEXT() REPRESENTATION_CONTEXT('2D SPACE',''
  ) );
#2071 = PCURVE('',#1531,#2072);
#2072 = DEFINITIONAL_REPRESENTATION('',(#2073),#2088);
#2073 = B_SPLINE_CURVE_WITH_KNOTS('',7,(#2074,#2075,#2076,#2077,#2078,
    #2079,#2080,#2081,#2082,#2083,#2084,#2085,#2086,#2087),
  .UNSPECIFIED.,.F.,.F.,(8,6,8),(0.,0.590547803237,1.),.UNSPECIFIED.);
#2074 = CARTESIAN_POINT('',(-1.570796326795,6.617586754128));
#2075 = CARTESIAN_POINT('',(-1.51980270423,6.599741298582));
#2076 = CARTESIAN_POINT('',(-1.469255099632,6.565038211395));
#2077 = CARTESIAN_POINT('',(-1.419504329381,6.51421216831));
#2078 = CARTESIAN_POINT('',(-1.370867902356,6.447899960886));
#2079 = CARTESIAN_POINT('',(-1.323633350418,6.366626723582));
#2080 = CARTESIAN_POINT('',(-1.278063850388,6.270857536491));
#2081 = CARTESIAN_POINT('',(-1.204144569823,6.084937690123));
#2082 = CARTESIAN_POINT('',(-1.174841627227,6.002175432615));
#2083 = CARTESIAN_POINT('',(-1.14661394131,5.913050746709));
#2084 = CARTESIAN_POINT('',(-1.119564904091,5.817880795955));
#2085 = CARTESIAN_POINT('',(-1.09378909609,5.717040541761));
#2086 = CARTESIAN_POINT('',(-1.069371870275,5.610977917288));
#2087 = CARTESIAN_POINT('',(-1.046388936009,5.500229001352));
#2088 = ( GEOMETRIC_REPRESENTATION_CONTEXT(2) 
PARAMETRIC_REPRESENTATION_CONTEXT() REPRESENTATION_CONTEXT('2D SPACE',''
  ) );
#2089 = ORIENTED_EDGE('',*,*,#1491,.F.);
#2090 = ORIENTED_EDGE('',*,*,#802,.T.);
#2091 = ORIENTED_EDGE('',*,*,#2092,.T.);
#2092 = EDGE_CURVE('',#803,#1963,#2093,.T.);
#2093 = SURFACE_CURVE('',#2094,(#2098,#2105),.PCURVE_S1.);
#2094 = LINE('',#2095,#2096);
#2095 = CARTESIAN_POINT('',(54.15,50.379957716513,-23.904));
#2096 = VECTOR('',#2097,1.);
#2097 = DIRECTION('',(0.,-0.,-1.));
#2098 = PCURVE('',#819,#2099);
#2099 = DEFINITIONAL_REPRESENTATION('',(#2100),#2104);
#2100 = LINE('',#2101,#2102);
#2101 = CARTESIAN_POINT('',(-5.796962588091,0.));
#2102 = VECTOR('',#2103,1.);
#2103 = DIRECTION('',(-0.,1.));
#2104 = ( GEOMETRIC_REPRESENTATION_CONTEXT(2) 
PARAMETRIC_REPRESENTATION_CONTEXT() REPRESENTATION_CONTEXT('2D SPACE',''
  ) );
#2105 = PCURVE('',#847,#2106);
#2106 = DEFINITIONAL_REPRESENTATION('',(#2107),#2111);
#2107 = LINE('',#2108,#2109);
#2108 = CARTESIAN_POINT('',(4.729957716513,-1.));
#2109 = VECTOR('',#2110,1.);
#2110 = DIRECTION('',(0.,1.));
#2111 = ( GEOMETRIC_REPRESENTATION_CONTEXT(2) 
PARAMETRIC_REPRESENTATION_CONTEXT() REPRESENTATION_CONTEXT('2D SPACE',''
  ) );
#2112 = ADVANCED_FACE('',(#2113),#1198,.F.);
#2113 = FACE_BOUND('',#2114,.F.);
#2114 = EDGE_LOOP('',(#2115,#2116,#2139,#2167,#2190,#2211));
#2115 = ORIENTED_EDGE('',*,*,#1610,.F.);
#2116 = ORIENTED_EDGE('',*,*,#2117,.T.);
#2117 = EDGE_CURVE('',#1577,#2118,#2120,.T.);
#2118 = VERTEX_POINT('',#2119);
#2119 = CARTESIAN_POINT('',(-47.3,55.122608537048,-19.26572828363));
#2120 = SURFACE_CURVE('',#2121,(#2125,#2132),.PCURVE_S1.);
#2121 = LINE('',#2122,#2123);
#2122 = CARTESIAN_POINT('',(-47.3,42.172077461855,-20.39875293935));
#2123 = VECTOR('',#2124,1.);
#2124 = DIRECTION('',(1.105998290831E-16,0.996194698092,
    8.715574274766E-02));
#2125 = PCURVE('',#1198,#2126);
#2126 = DEFINITIONAL_REPRESENTATION('',(#2127),#2131);
#2127 = LINE('',#2128,#2129);
#2128 = CARTESIAN_POINT('',(4.,-4.28053110888E-17));
#2129 = VECTOR('',#2130,1.);
#2130 = DIRECTION('',(2.298214621924E-18,-1.));
#2131 = ( GEOMETRIC_REPRESENTATION_CONTEXT(2) 
PARAMETRIC_REPRESENTATION_CONTEXT() REPRESENTATION_CONTEXT('2D SPACE',''
  ) );
#2132 = PCURVE('',#1593,#2133);
#2133 = DEFINITIONAL_REPRESENTATION('',(#2134),#2138);
#2134 = LINE('',#2135,#2136);
#2135 = CARTESIAN_POINT('',(1.570796326795,0.));
#2136 = VECTOR('',#2137,1.);
#2137 = DIRECTION('',(0.,1.));
#2138 = ( GEOMETRIC_REPRESENTATION_CONTEXT(2) 
PARAMETRIC_REPRESENTATION_CONTEXT() REPRESENTATION_CONTEXT('2D SPACE',''
  ) );
#2139 = ORIENTED_EDGE('',*,*,#2140,.T.);
#2140 = EDGE_CURVE('',#2118,#2141,#2143,.T.);
#2141 = VERTEX_POINT('',#2142);
#2142 = CARTESIAN_POINT('',(-47.3,53.235686706561,2.301886930048));
#2143 = SURFACE_CURVE('',#2144,(#2148,#2155),.PCURVE_S1.);
#2144 = LINE('',#2145,#2146);
#2145 = CARTESIAN_POINT('',(-47.3,55.122608537048,-19.26572828363));
#2146 = VECTOR('',#2147,1.);
#2147 = DIRECTION('',(-9.676231232676E-18,-8.715574274766E-02,
    0.996194698092));
#2148 = PCURVE('',#1198,#2149);
#2149 = DEFINITIONAL_REPRESENTATION('',(#2150),#2154);
#2150 = LINE('',#2151,#2152);
#2151 = CARTESIAN_POINT('',(4.,-13.));
#2152 = VECTOR('',#2153,1.);
#2153 = DIRECTION('',(1.,-2.298214621924E-18));
#2154 = ( GEOMETRIC_REPRESENTATION_CONTEXT(2) 
PARAMETRIC_REPRESENTATION_CONTEXT() REPRESENTATION_CONTEXT('2D SPACE',''
  ) );
#2155 = PCURVE('',#2156,#2161);
#2156 = PLANE('',#2157);
#2157 = AXIS2_PLACEMENT_3D('',#2158,#2159,#2160);
#2158 = CARTESIAN_POINT('',(-47.05,55.371657211571,-19.24393934795));
#2159 = DIRECTION('',(0.707106781187,-0.704416026403,-6.162841671622E-02
    ));
#2160 = DIRECTION('',(8.340143197038E-18,8.715574274766E-02,
    -0.996194698092));
#2161 = DEFINITIONAL_REPRESENTATION('',(#2162),#2166);
#2162 = LINE('',#2163,#2164);
#2163 = CARTESIAN_POINT('',(-1.123589514108E-15,-0.353553390593));
#2164 = VECTOR('',#2165,1.);
#2165 = DIRECTION('',(-1.,6.053904699522E-18));
#2166 = ( GEOMETRIC_REPRESENTATION_CONTEXT(2) 
PARAMETRIC_REPRESENTATION_CONTEXT() REPRESENTATION_CONTEXT('2D SPACE',''
  ) );
#2167 = ORIENTED_EDGE('',*,*,#2168,.F.);
#2168 = EDGE_CURVE('',#2169,#2141,#2171,.T.);
#2169 = VERTEX_POINT('',#2170);
#2170 = CARTESIAN_POINT('',(-47.3,51.243297310377,2.127575444553));
#2171 = SURFACE_CURVE('',#2172,(#2176,#2183),.PCURVE_S1.);
#2172 = LINE('',#2173,#2174);
#2173 = CARTESIAN_POINT('',(-47.3,51.243297310377,2.127575444553));
#2174 = VECTOR('',#2175,1.);
#2175 = DIRECTION('',(1.105998290831E-16,0.996194698092,
    8.715574274766E-02));
#2176 = PCURVE('',#1198,#2177);
#2177 = DEFINITIONAL_REPRESENTATION('',(#2178),#2182);
#2178 = LINE('',#2179,#2180);
#2179 = CARTESIAN_POINT('',(25.65,-11.));
#2180 = VECTOR('',#2181,1.);
#2181 = DIRECTION('',(2.298214621924E-18,-1.));
#2182 = ( GEOMETRIC_REPRESENTATION_CONTEXT(2) 
PARAMETRIC_REPRESENTATION_CONTEXT() REPRESENTATION_CONTEXT('2D SPACE',''
  ) );
#2183 = PCURVE('',#1139,#2184);
#2184 = DEFINITIONAL_REPRESENTATION('',(#2185),#2189);
#2185 = LINE('',#2186,#2187);
#2186 = CARTESIAN_POINT('',(0.,0.));
#2187 = VECTOR('',#2188,1.);
#2188 = DIRECTION('',(0.,1.));
#2189 = ( GEOMETRIC_REPRESENTATION_CONTEXT(2) 
PARAMETRIC_REPRESENTATION_CONTEXT() REPRESENTATION_CONTEXT('2D SPACE',''
  ) );
#2190 = ORIENTED_EDGE('',*,*,#2191,.T.);
#2191 = EDGE_CURVE('',#2169,#1155,#2192,.T.);
#2192 = SURFACE_CURVE('',#2193,(#2197,#2204),.PCURVE_S1.);
#2193 = LINE('',#2194,#2195);
#2194 = CARTESIAN_POINT('',(-47.3,53.478842111855,-23.4248185615));
#2195 = VECTOR('',#2196,1.);
#2196 = DIRECTION('',(-9.676231232676E-18,-8.715574274766E-02,
    0.996194698092));
#2197 = PCURVE('',#1198,#2198);
#2198 = DEFINITIONAL_REPRESENTATION('',(#2199),#2203);
#2199 = LINE('',#2200,#2201);
#2200 = CARTESIAN_POINT('',(-3.482581081764E-16,-11.));
#2201 = VECTOR('',#2202,1.);
#2202 = DIRECTION('',(1.,-2.298214621924E-18));
#2203 = ( GEOMETRIC_REPRESENTATION_CONTEXT(2) 
PARAMETRIC_REPRESENTATION_CONTEXT() REPRESENTATION_CONTEXT('2D SPACE',''
  ) );
#2204 = PCURVE('',#1170,#2205);
#2205 = DEFINITIONAL_REPRESENTATION('',(#2206),#2210);
#2206 = LINE('',#2207,#2208);
#2207 = CARTESIAN_POINT('',(-19.675,-47.3));
#2208 = VECTOR('',#2209,1.);
#2209 = DIRECTION('',(1.,0.));
#2210 = ( GEOMETRIC_REPRESENTATION_CONTEXT(2) 
PARAMETRIC_REPRESENTATION_CONTEXT() REPRESENTATION_CONTEXT('2D SPACE',''
  ) );
#2211 = ORIENTED_EDGE('',*,*,#1182,.T.);
#2212 = ADVANCED_FACE('',(#2213),#847,.T.);
#2213 = FACE_BOUND('',#2214,.T.);
#2214 = EDGE_LOOP('',(#2215,#2216,#2217,#2240));
#2215 = ORIENTED_EDGE('',*,*,#831,.F.);
#2216 = ORIENTED_EDGE('',*,*,#2092,.T.);
#2217 = ORIENTED_EDGE('',*,*,#2218,.T.);
#2218 = EDGE_CURVE('',#1963,#2219,#2221,.T.);
#2219 = VERTEX_POINT('',#2220);
#2220 = CARTESIAN_POINT('',(54.15,47.879910312098,-23.904));
#2221 = SURFACE_CURVE('',#2222,(#2226,#2233),.PCURVE_S1.);
#2222 = LINE('',#2223,#2224);
#2223 = CARTESIAN_POINT('',(54.15,45.65,-23.904));
#2224 = VECTOR('',#2225,1.);
#2225 = DIRECTION('',(-1.110223024625E-16,-1.,0.));
#2226 = PCURVE('',#847,#2227);
#2227 = DEFINITIONAL_REPRESENTATION('',(#2228),#2232);
#2228 = LINE('',#2229,#2230);
#2229 = CARTESIAN_POINT('',(7.105427357601E-15,-1.));
#2230 = VECTOR('',#2231,1.);
#2231 = DIRECTION('',(-1.,-0.));
#2232 = ( GEOMETRIC_REPRESENTATION_CONTEXT(2) 
PARAMETRIC_REPRESENTATION_CONTEXT() REPRESENTATION_CONTEXT('2D SPACE',''
  ) );
#2233 = PCURVE('',#1979,#2234);
#2234 = DEFINITIONAL_REPRESENTATION('',(#2235),#2239);
#2235 = LINE('',#2236,#2237);
#2236 = CARTESIAN_POINT('',(2.775557561563E-16,-2.5));
#2237 = VECTOR('',#2238,1.);
#2238 = DIRECTION('',(-1.,0.));
#2239 = ( GEOMETRIC_REPRESENTATION_CONTEXT(2) 
PARAMETRIC_REPRESENTATION_CONTEXT() REPRESENTATION_CONTEXT('2D SPACE',''
  ) );
#2240 = ORIENTED_EDGE('',*,*,#2241,.F.);
#2241 = EDGE_CURVE('',#832,#2219,#2242,.T.);
#2242 = SURFACE_CURVE('',#2243,(#2247,#2254),.PCURVE_S1.);
#2243 = LINE('',#2244,#2245);
#2244 = CARTESIAN_POINT('',(54.15,47.879910312098,-23.904));
#2245 = VECTOR('',#2246,1.);
#2246 = DIRECTION('',(0.,-0.,-1.));
#2247 = PCURVE('',#847,#2248);
#2248 = DEFINITIONAL_REPRESENTATION('',(#2249),#2253);
#2249 = LINE('',#2250,#2251);
#2250 = CARTESIAN_POINT('',(2.229910312098,-1.));
#2251 = VECTOR('',#2252,1.);
#2252 = DIRECTION('',(0.,1.));
#2253 = ( GEOMETRIC_REPRESENTATION_CONTEXT(2) 
PARAMETRIC_REPRESENTATION_CONTEXT() REPRESENTATION_CONTEXT('2D SPACE',''
  ) );
#2254 = PCURVE('',#876,#2255);
#2255 = DEFINITIONAL_REPRESENTATION('',(#2256),#2260);
#2256 = LINE('',#2257,#2258);
#2257 = CARTESIAN_POINT('',(-5.440746590569,0.));
#2258 = VECTOR('',#2259,1.);
#2259 = DIRECTION('',(-0.,1.));
#2260 = ( GEOMETRIC_REPRESENTATION_CONTEXT(2) 
PARAMETRIC_REPRESENTATION_CONTEXT() REPRESENTATION_CONTEXT('2D SPACE',''
  ) );
#2261 = ADVANCED_FACE('',(#2262),#1170,.T.);
#2262 = FACE_BOUND('',#2263,.T.);
#2263 = EDGE_LOOP('',(#2264,#2265,#2266));
#2264 = ORIENTED_EDGE('',*,*,#2191,.T.);
#2265 = ORIENTED_EDGE('',*,*,#1154,.T.);
#2266 = ORIENTED_EDGE('',*,*,#2267,.F.);
#2267 = EDGE_CURVE('',#2169,#1123,#2268,.T.);
#2268 = SURFACE_CURVE('',#2269,(#2274,#2281),.PCURVE_S1.);
#2269 = CIRCLE('',#2270,4.);
#2270 = AXIS2_PLACEMENT_3D('',#2271,#2272,#2273);
#2271 = CARTESIAN_POINT('',(-43.3,51.243297310377,2.127575444553));
#2272 = DIRECTION('',(1.105998290831E-16,0.996194698092,
    8.715574274766E-02));
#2273 = DIRECTION('',(-9.676231232676E-18,-8.715574274766E-02,
    0.996194698092));
#2274 = PCURVE('',#1170,#2275);
#2275 = DEFINITIONAL_REPRESENTATION('',(#2276),#2280);
#2276 = CIRCLE('',#2277,4.);
#2277 = AXIS2_PLACEMENT_2D('',#2278,#2279);
#2278 = CARTESIAN_POINT('',(5.975,-43.3));
#2279 = DIRECTION('',(1.,0.));
#2280 = ( GEOMETRIC_REPRESENTATION_CONTEXT(2) 
PARAMETRIC_REPRESENTATION_CONTEXT() REPRESENTATION_CONTEXT('2D SPACE',''
  ) );
#2281 = PCURVE('',#1139,#2282);
#2282 = DEFINITIONAL_REPRESENTATION('',(#2283),#2287);
#2283 = LINE('',#2284,#2285);
#2284 = CARTESIAN_POINT('',(-4.712388980385,0.));
#2285 = VECTOR('',#2286,1.);
#2286 = DIRECTION('',(1.,0.));
#2287 = ( GEOMETRIC_REPRESENTATION_CONTEXT(2) 
PARAMETRIC_REPRESENTATION_CONTEXT() REPRESENTATION_CONTEXT('2D SPACE',''
  ) );
#2288 = ADVANCED_FACE('',(#2289),#876,.F.);
#2289 = FACE_BOUND('',#2290,.T.);
#2290 = EDGE_LOOP('',(#2291,#2315,#2336,#2337));
#2291 = ORIENTED_EDGE('',*,*,#2292,.F.);
#2292 = EDGE_CURVE('',#2293,#2219,#2295,.T.);
#2293 = VERTEX_POINT('',#2294);
#2294 = CARTESIAN_POINT('',(49.15,47.879910312098,-23.904));
#2295 = SURFACE_CURVE('',#2296,(#2301,#2308),.PCURVE_S1.);
#2296 = CIRCLE('',#2297,3.35);
#2297 = AXIS2_PLACEMENT_3D('',#2298,#2299,#2300);
#2298 = CARTESIAN_POINT('',(51.65,45.65,-23.904));
#2299 = DIRECTION('',(0.,-0.,1.));
#2300 = DIRECTION('',(1.110223024625E-16,1.,0.));
#2301 = PCURVE('',#876,#2302);
#2302 = DEFINITIONAL_REPRESENTATION('',(#2303),#2307);
#2303 = LINE('',#2304,#2305);
#2304 = CARTESIAN_POINT('',(-0.,0.));
#2305 = VECTOR('',#2306,1.);
#2306 = DIRECTION('',(-1.,0.));
#2307 = ( GEOMETRIC_REPRESENTATION_CONTEXT(2) 
PARAMETRIC_REPRESENTATION_CONTEXT() REPRESENTATION_CONTEXT('2D SPACE',''
  ) );
#2308 = PCURVE('',#1979,#2309);
#2309 = DEFINITIONAL_REPRESENTATION('',(#2310),#2314);
#2310 = CIRCLE('',#2311,3.35);
#2311 = AXIS2_PLACEMENT_2D('',#2312,#2313);
#2312 = CARTESIAN_POINT('',(2.13162820728E-14,-7.105427357601E-15));
#2313 = DIRECTION('',(1.,0.));
#2314 = ( GEOMETRIC_REPRESENTATION_CONTEXT(2) 
PARAMETRIC_REPRESENTATION_CONTEXT() REPRESENTATION_CONTEXT('2D SPACE',''
  ) );
#2315 = ORIENTED_EDGE('',*,*,#2316,.F.);
#2316 = EDGE_CURVE('',#860,#2293,#2317,.T.);
#2317 = SURFACE_CURVE('',#2318,(#2322,#2329),.PCURVE_S1.);
#2318 = LINE('',#2319,#2320);
#2319 = CARTESIAN_POINT('',(49.15,47.879910312098,-23.904));
#2320 = VECTOR('',#2321,1.);
#2321 = DIRECTION('',(0.,-0.,-1.));
#2322 = PCURVE('',#876,#2323);
#2323 = DEFINITIONAL_REPRESENTATION('',(#2324),#2328);
#2324 = LINE('',#2325,#2326);
#2325 = CARTESIAN_POINT('',(-0.842438716611,0.));
#2326 = VECTOR('',#2327,1.);
#2327 = DIRECTION('',(-0.,1.));
#2328 = ( GEOMETRIC_REPRESENTATION_CONTEXT(2) 
PARAMETRIC_REPRESENTATION_CONTEXT() REPRESENTATION_CONTEXT('2D SPACE',''
  ) );
#2329 = PCURVE('',#904,#2330);
#2330 = DEFINITIONAL_REPRESENTATION('',(#2331),#2335);
#2331 = LINE('',#2332,#2333);
#2332 = CARTESIAN_POINT('',(4.120089687902,-1.));
#2333 = VECTOR('',#2334,1.);
#2334 = DIRECTION('',(-0.,1.));
#2335 = ( GEOMETRIC_REPRESENTATION_CONTEXT(2) 
PARAMETRIC_REPRESENTATION_CONTEXT() REPRESENTATION_CONTEXT('2D SPACE',''
  ) );
#2336 = ORIENTED_EDGE('',*,*,#859,.T.);
#2337 = ORIENTED_EDGE('',*,*,#2241,.T.);
#2338 = ADVANCED_FACE('',(#2339),#1139,.T.);
#2339 = FACE_BOUND('',#2340,.T.);
#2340 = EDGE_LOOP('',(#2341,#2363,#2364,#2365));
#2341 = ORIENTED_EDGE('',*,*,#2342,.F.);
#2342 = EDGE_CURVE('',#2141,#1090,#2343,.T.);
#2343 = SURFACE_CURVE('',#2344,(#2349,#2356),.PCURVE_S1.);
#2344 = CIRCLE('',#2345,4.);
#2345 = AXIS2_PLACEMENT_3D('',#2346,#2347,#2348);
#2346 = CARTESIAN_POINT('',(-43.3,53.235686706561,2.301886930048));
#2347 = DIRECTION('',(1.105998290831E-16,0.996194698092,
    8.715574274766E-02));
#2348 = DIRECTION('',(-1.,1.110223024625E-16,0.));
#2349 = PCURVE('',#1139,#2350);
#2350 = DEFINITIONAL_REPRESENTATION('',(#2351),#2355);
#2351 = LINE('',#2352,#2353);
#2352 = CARTESIAN_POINT('',(0.,2.));
#2353 = VECTOR('',#2354,1.);
#2354 = DIRECTION('',(1.,0.));
#2355 = ( GEOMETRIC_REPRESENTATION_CONTEXT(2) 
PARAMETRIC_REPRESENTATION_CONTEXT() REPRESENTATION_CONTEXT('2D SPACE',''
  ) );
#2356 = PCURVE('',#1106,#2357);
#2357 = DEFINITIONAL_REPRESENTATION('',(#2358),#2362);
#2358 = LINE('',#2359,#2360);
#2359 = CARTESIAN_POINT('',(-0.,-0.));
#2360 = VECTOR('',#2361,1.);
#2361 = DIRECTION('',(-1.,-0.));
#2362 = ( GEOMETRIC_REPRESENTATION_CONTEXT(2) 
PARAMETRIC_REPRESENTATION_CONTEXT() REPRESENTATION_CONTEXT('2D SPACE',''
  ) );
#2363 = ORIENTED_EDGE('',*,*,#2168,.F.);
#2364 = ORIENTED_EDGE('',*,*,#2267,.T.);
#2365 = ORIENTED_EDGE('',*,*,#1122,.F.);
#2366 = ADVANCED_FACE('',(#2367),#904,.T.);
#2367 = FACE_BOUND('',#2368,.T.);
#2368 = EDGE_LOOP('',(#2369,#2370,#2371,#2372));
#2369 = ORIENTED_EDGE('',*,*,#1991,.F.);
#2370 = ORIENTED_EDGE('',*,*,#888,.F.);
#2371 = ORIENTED_EDGE('',*,*,#2316,.T.);
#2372 = ORIENTED_EDGE('',*,*,#2373,.T.);
#2373 = EDGE_CURVE('',#2293,#1961,#2374,.T.);
#2374 = SURFACE_CURVE('',#2375,(#2379,#2386),.PCURVE_S1.);
#2375 = LINE('',#2376,#2377);
#2376 = CARTESIAN_POINT('',(49.15,48.825,-23.904));
#2377 = VECTOR('',#2378,1.);
#2378 = DIRECTION('',(1.110223024625E-16,1.,0.));
#2379 = PCURVE('',#904,#2380);
#2380 = DEFINITIONAL_REPRESENTATION('',(#2381),#2385);
#2381 = LINE('',#2382,#2383);
#2382 = CARTESIAN_POINT('',(3.175,-1.));
#2383 = VECTOR('',#2384,1.);
#2384 = DIRECTION('',(-1.,0.));
#2385 = ( GEOMETRIC_REPRESENTATION_CONTEXT(2) 
PARAMETRIC_REPRESENTATION_CONTEXT() REPRESENTATION_CONTEXT('2D SPACE',''
  ) );
#2386 = PCURVE('',#1979,#2387);
#2387 = DEFINITIONAL_REPRESENTATION('',(#2388),#2392);
#2388 = LINE('',#2389,#2390);
#2389 = CARTESIAN_POINT('',(3.175,2.5));
#2390 = VECTOR('',#2391,1.);
#2391 = DIRECTION('',(1.,0.));
#2392 = ( GEOMETRIC_REPRESENTATION_CONTEXT(2) 
PARAMETRIC_REPRESENTATION_CONTEXT() REPRESENTATION_CONTEXT('2D SPACE',''
  ) );
#2393 = ADVANCED_FACE('',(#2394),#1106,.T.);
#2394 = FACE_BOUND('',#2395,.T.);
#2395 = EDGE_LOOP('',(#2396,#2419,#2420,#2421,#2444));
#2396 = ORIENTED_EDGE('',*,*,#2397,.F.);
#2397 = EDGE_CURVE('',#2141,#2398,#2400,.T.);
#2398 = VERTEX_POINT('',#2399);
#2399 = CARTESIAN_POINT('',(-46.8,53.733784055607,2.345464801422));
#2400 = SURFACE_CURVE('',#2401,(#2405,#2412),.PCURVE_S1.);
#2401 = LINE('',#2402,#2403);
#2402 = CARTESIAN_POINT('',(-47.05,53.484735381084,2.323675865735));
#2403 = VECTOR('',#2404,1.);
#2404 = DIRECTION('',(0.707106781187,0.704416026403,6.162841671622E-02)
  );
#2405 = PCURVE('',#1106,#2406);
#2406 = DEFINITIONAL_REPRESENTATION('',(#2407),#2411);
#2407 = LINE('',#2408,#2409);
#2408 = CARTESIAN_POINT('',(-0.,-0.25));
#2409 = VECTOR('',#2410,1.);
#2410 = DIRECTION('',(-0.,-1.));
#2411 = ( GEOMETRIC_REPRESENTATION_CONTEXT(2) 
PARAMETRIC_REPRESENTATION_CONTEXT() REPRESENTATION_CONTEXT('2D SPACE',''
  ) );
#2412 = PCURVE('',#2156,#2413);
#2413 = DEFINITIONAL_REPRESENTATION('',(#2414),#2418);
#2414 = LINE('',#2415,#2416);
#2415 = CARTESIAN_POINT('',(-21.65,-4.185881536833E-15));
#2416 = VECTOR('',#2417,1.);
#2417 = DIRECTION('',(-6.053904699522E-18,1.));
#2418 = ( GEOMETRIC_REPRESENTATION_CONTEXT(2) 
PARAMETRIC_REPRESENTATION_CONTEXT() REPRESENTATION_CONTEXT('2D SPACE',''
  ) );
#2419 = ORIENTED_EDGE('',*,*,#2342,.T.);
#2420 = ORIENTED_EDGE('',*,*,#1089,.T.);
#2421 = ORIENTED_EDGE('',*,*,#2422,.T.);
#2422 = EDGE_CURVE('',#1062,#2423,#2425,.T.);
#2423 = VERTEX_POINT('',#2424);
#2424 = CARTESIAN_POINT('',(-43.3,53.42873895599,5.832146244743));
#2425 = SURFACE_CURVE('',#2426,(#2430,#2437),.PCURVE_S1.);
#2426 = LINE('',#2427,#2428);
#2427 = CARTESIAN_POINT('',(-43.3,52.88706373557,6.286665722415));
#2428 = VECTOR('',#2429,1.);
#2429 = DIRECTION('',(1.283458206755E-16,0.766044443119,-0.642787609687)
  );
#2430 = PCURVE('',#1106,#2431);
#2431 = DEFINITIONAL_REPRESENTATION('',(#2432),#2436);
#2432 = LINE('',#2433,#2434);
#2433 = CARTESIAN_POINT('',(-1.570796326795,-0.));
#2434 = VECTOR('',#2435,1.);
#2435 = DIRECTION('',(-0.,-1.));
#2436 = ( GEOMETRIC_REPRESENTATION_CONTEXT(2) 
PARAMETRIC_REPRESENTATION_CONTEXT() REPRESENTATION_CONTEXT('2D SPACE',''
  ) );
#2437 = PCURVE('',#1077,#2438);
#2438 = DEFINITIONAL_REPRESENTATION('',(#2439),#2443);
#2439 = LINE('',#2440,#2441);
#2440 = CARTESIAN_POINT('',(-3.006901507894E-17,-0.353553390593));
#2441 = VECTOR('',#2442,1.);
#2442 = DIRECTION('',(-4.329780281177E-17,1.));
#2443 = ( GEOMETRIC_REPRESENTATION_CONTEXT(2) 
PARAMETRIC_REPRESENTATION_CONTEXT() REPRESENTATION_CONTEXT('2D SPACE',''
  ) );
#2444 = ORIENTED_EDGE('',*,*,#2445,.F.);
#2445 = EDGE_CURVE('',#2398,#2423,#2446,.T.);
#2446 = SURFACE_CURVE('',#2447,(#2452,#2459),.PCURVE_S1.);
#2447 = CIRCLE('',#2448,3.5);
#2448 = AXIS2_PLACEMENT_3D('',#2449,#2450,#2451);
#2449 = CARTESIAN_POINT('',(-43.3,53.733784055607,2.345464801422));
#2450 = DIRECTION('',(1.105998290831E-16,0.996194698092,
    8.715574274766E-02));
#2451 = DIRECTION('',(-1.,1.110223024625E-16,0.));
#2452 = PCURVE('',#1106,#2453);
#2453 = DEFINITIONAL_REPRESENTATION('',(#2454),#2458);
#2454 = LINE('',#2455,#2456);
#2455 = CARTESIAN_POINT('',(-0.,-0.5));
#2456 = VECTOR('',#2457,1.);
#2457 = DIRECTION('',(-1.,-0.));
#2458 = ( GEOMETRIC_REPRESENTATION_CONTEXT(2) 
PARAMETRIC_REPRESENTATION_CONTEXT() REPRESENTATION_CONTEXT('2D SPACE',''
  ) );
#2459 = PCURVE('',#2460,#2465);
#2460 = PLANE('',#2461);
#2461 = AXIS2_PLACEMENT_3D('',#2462,#2463,#2464);
#2462 = CARTESIAN_POINT('',(5.155409019541E-15,54.67724497085,
    -8.438342805421));
#2463 = DIRECTION('',(1.105998290831E-16,0.996194698092,
    8.715574274766E-02));
#2464 = DIRECTION('',(-9.676231232676E-18,-8.715574274766E-02,
    0.996194698092));
#2465 = DEFINITIONAL_REPRESENTATION('',(#2466),#2470);
#2466 = CIRCLE('',#2467,3.5);
#2467 = AXIS2_PLACEMENT_2D('',#2468,#2469);
#2468 = CARTESIAN_POINT('',(10.825,-43.3));
#2469 = DIRECTION('',(2.54182144381E-34,-1.));
#2470 = ( GEOMETRIC_REPRESENTATION_CONTEXT(2) 
PARAMETRIC_REPRESENTATION_CONTEXT() REPRESENTATION_CONTEXT('2D SPACE',''
  ) );
#2471 = ADVANCED_FACE('',(#2472),#1077,.F.);
#2472 = FACE_BOUND('',#2473,.T.);
#2473 = EDGE_LOOP('',(#2474,#2475,#2476,#2499));
#2474 = ORIENTED_EDGE('',*,*,#2422,.F.);
#2475 = ORIENTED_EDGE('',*,*,#1061,.T.);
#2476 = ORIENTED_EDGE('',*,*,#2477,.T.);
#2477 = EDGE_CURVE('',#1029,#2478,#2480,.T.);
#2478 = VERTEX_POINT('',#2479);
#2479 = CARTESIAN_POINT('',(43.3,53.42873895599,5.832146244743));
#2480 = SURFACE_CURVE('',#2481,(#2485,#2492),.PCURVE_S1.);
#2481 = LINE('',#2482,#2483);
#2482 = CARTESIAN_POINT('',(43.3,53.15790134578,6.059405983579));
#2483 = VECTOR('',#2484,1.);
#2484 = DIRECTION('',(8.504801786368E-17,0.766044443119,-0.642787609687)
  );
#2485 = PCURVE('',#1077,#2486);
#2486 = DEFINITIONAL_REPRESENTATION('',(#2487),#2491);
#2487 = LINE('',#2488,#2489);
#2488 = CARTESIAN_POINT('',(-86.6,-5.233718189679E-15));
#2489 = VECTOR('',#2490,1.);
#2490 = DIRECTION('',(-2.814650688224E-33,1.));
#2491 = ( GEOMETRIC_REPRESENTATION_CONTEXT(2) 
PARAMETRIC_REPRESENTATION_CONTEXT() REPRESENTATION_CONTEXT('2D SPACE',''
  ) );
#2492 = PCURVE('',#1045,#2493);
#2493 = DEFINITIONAL_REPRESENTATION('',(#2494),#2498);
#2494 = LINE('',#2495,#2496);
#2495 = CARTESIAN_POINT('',(-0.,-0.25));
#2496 = VECTOR('',#2497,1.);
#2497 = DIRECTION('',(-0.,-1.));
#2498 = ( GEOMETRIC_REPRESENTATION_CONTEXT(2) 
PARAMETRIC_REPRESENTATION_CONTEXT() REPRESENTATION_CONTEXT('2D SPACE',''
  ) );
#2499 = ORIENTED_EDGE('',*,*,#2500,.F.);
#2500 = EDGE_CURVE('',#2423,#2478,#2501,.T.);
#2501 = SURFACE_CURVE('',#2502,(#2506,#2513),.PCURVE_S1.);
#2502 = LINE('',#2503,#2504);
#2503 = CARTESIAN_POINT('',(-43.3,53.42873895599,5.832146244743));
#2504 = VECTOR('',#2505,1.);
#2505 = DIRECTION('',(1.,-1.110223024625E-16,0.));
#2506 = PCURVE('',#1077,#2507);
#2507 = DEFINITIONAL_REPRESENTATION('',(#2508),#2512);
#2508 = LINE('',#2509,#2510);
#2509 = CARTESIAN_POINT('',(3.006901507894E-17,0.353553390593));
#2510 = VECTOR('',#2511,1.);
#2511 = DIRECTION('',(-1.,3.062243469299E-33));
#2512 = ( GEOMETRIC_REPRESENTATION_CONTEXT(2) 
PARAMETRIC_REPRESENTATION_CONTEXT() REPRESENTATION_CONTEXT('2D SPACE',''
  ) );
#2513 = PCURVE('',#2460,#2514);
#2514 = DEFINITIONAL_REPRESENTATION('',(#2515),#2519);
#2515 = LINE('',#2516,#2517);
#2516 = CARTESIAN_POINT('',(14.325,-43.3));
#2517 = VECTOR('',#2518,1.);
#2518 = DIRECTION('',(0.,1.));
#2519 = ( GEOMETRIC_REPRESENTATION_CONTEXT(2) 
PARAMETRIC_REPRESENTATION_CONTEXT() REPRESENTATION_CONTEXT('2D SPACE',''
  ) );
#2520 = ADVANCED_FACE('',(#2521),#956,.F.);
#2521 = FACE_BOUND('',#2522,.F.);
#2522 = EDGE_LOOP('',(#2523,#2553,#2574,#2575,#2576,#2599));
#2523 = ORIENTED_EDGE('',*,*,#2524,.T.);
#2524 = EDGE_CURVE('',#2525,#2527,#2529,.T.);
#2525 = VERTEX_POINT('',#2526);
#2526 = CARTESIAN_POINT('',(47.3,53.235686706561,2.301886930048));
#2527 = VERTEX_POINT('',#2528);
#2528 = CARTESIAN_POINT('',(47.3,55.122608537048,-19.26572828363));
#2529 = SURFACE_CURVE('',#2530,(#2534,#2541),.PCURVE_S1.);
#2530 = LINE('',#2531,#2532);
#2531 = CARTESIAN_POINT('',(47.3,53.235686706561,2.301886930048));
#2532 = VECTOR('',#2533,1.);
#2533 = DIRECTION('',(9.676231232676E-18,8.715574274766E-02,
    -0.996194698092));
#2534 = PCURVE('',#956,#2535);
#2535 = DEFINITIONAL_REPRESENTATION('',(#2536),#2540);
#2536 = LINE('',#2537,#2538);
#2537 = CARTESIAN_POINT('',(13.7,-13.));
#2538 = VECTOR('',#2539,1.);
#2539 = DIRECTION('',(1.,2.298214621924E-18));
#2540 = ( GEOMETRIC_REPRESENTATION_CONTEXT(2) 
PARAMETRIC_REPRESENTATION_CONTEXT() REPRESENTATION_CONTEXT('2D SPACE',''
  ) );
#2541 = PCURVE('',#2542,#2547);
#2542 = PLANE('',#2543);
#2543 = AXIS2_PLACEMENT_3D('',#2544,#2545,#2546);
#2544 = CARTESIAN_POINT('',(47.05,53.484735381084,2.323675865735));
#2545 = DIRECTION('',(-0.707106781187,-0.704416026403,
    -6.162841671622E-02));
#2546 = DIRECTION('',(-8.340143197038E-18,-8.715574274766E-02,
    0.996194698092));
#2547 = DEFINITIONAL_REPRESENTATION('',(#2548),#2552);
#2548 = LINE('',#2549,#2550);
#2549 = CARTESIAN_POINT('',(-6.529466451256E-16,-0.353553390593));
#2550 = VECTOR('',#2551,1.);
#2551 = DIRECTION('',(-1.,8.849892043856E-19));
#2552 = ( GEOMETRIC_REPRESENTATION_CONTEXT(2) 
PARAMETRIC_REPRESENTATION_CONTEXT() REPRESENTATION_CONTEXT('2D SPACE',''
  ) );
#2553 = ORIENTED_EDGE('',*,*,#2554,.T.);
#2554 = EDGE_CURVE('',#2527,#2014,#2555,.T.);
#2555 = SURFACE_CURVE('',#2556,(#2560,#2567),.PCURVE_S1.);
#2556 = LINE('',#2557,#2558);
#2557 = CARTESIAN_POINT('',(47.3,55.122608537048,-19.26572828363));
#2558 = VECTOR('',#2559,1.);
#2559 = DIRECTION('',(-1.105998290831E-16,-0.996194698092,
    -8.715574274766E-02));
#2560 = PCURVE('',#956,#2561);
#2561 = DEFINITIONAL_REPRESENTATION('',(#2562),#2566);
#2562 = LINE('',#2563,#2564);
#2563 = CARTESIAN_POINT('',(35.35,-13.));
#2564 = VECTOR('',#2565,1.);
#2565 = DIRECTION('',(2.298214621924E-18,1.));
#2566 = ( GEOMETRIC_REPRESENTATION_CONTEXT(2) 
PARAMETRIC_REPRESENTATION_CONTEXT() REPRESENTATION_CONTEXT('2D SPACE',''
  ) );
#2567 = PCURVE('',#1531,#2568);
#2568 = DEFINITIONAL_REPRESENTATION('',(#2569),#2573);
#2569 = LINE('',#2570,#2571);
#2570 = CARTESIAN_POINT('',(-1.570796326795,13.));
#2571 = VECTOR('',#2572,1.);
#2572 = DIRECTION('',(-0.,-1.));
#2573 = ( GEOMETRIC_REPRESENTATION_CONTEXT(2) 
PARAMETRIC_REPRESENTATION_CONTEXT() REPRESENTATION_CONTEXT('2D SPACE',''
  ) );
#2574 = ORIENTED_EDGE('',*,*,#2013,.F.);
#2575 = ORIENTED_EDGE('',*,*,#940,.T.);
#2576 = ORIENTED_EDGE('',*,*,#2577,.T.);
#2577 = EDGE_CURVE('',#941,#2578,#2580,.T.);
#2578 = VERTEX_POINT('',#2579);
#2579 = CARTESIAN_POINT('',(47.3,51.243297310377,2.127575444553));
#2580 = SURFACE_CURVE('',#2581,(#2585,#2592),.PCURVE_S1.);
#2581 = LINE('',#2582,#2583);
#2582 = CARTESIAN_POINT('',(47.3,50.049263634734,15.775442808409));
#2583 = VECTOR('',#2584,1.);
#2584 = DIRECTION('',(9.676231232676E-18,8.715574274766E-02,
    -0.996194698092));
#2585 = PCURVE('',#956,#2586);
#2586 = DEFINITIONAL_REPRESENTATION('',(#2587),#2591);
#2587 = LINE('',#2588,#2589);
#2588 = CARTESIAN_POINT('',(-3.190936422483E-15,-11.));
#2589 = VECTOR('',#2590,1.);
#2590 = DIRECTION('',(1.,2.298214621924E-18));
#2591 = ( GEOMETRIC_REPRESENTATION_CONTEXT(2) 
PARAMETRIC_REPRESENTATION_CONTEXT() REPRESENTATION_CONTEXT('2D SPACE',''
  ) );
#2592 = PCURVE('',#984,#2593);
#2593 = DEFINITIONAL_REPRESENTATION('',(#2594),#2598);
#2594 = LINE('',#2595,#2596);
#2595 = CARTESIAN_POINT('',(19.675,47.3));
#2596 = VECTOR('',#2597,1.);
#2597 = DIRECTION('',(-1.,0.));
#2598 = ( GEOMETRIC_REPRESENTATION_CONTEXT(2) 
PARAMETRIC_REPRESENTATION_CONTEXT() REPRESENTATION_CONTEXT('2D SPACE',''
  ) );
#2599 = ORIENTED_EDGE('',*,*,#2600,.T.);
#2600 = EDGE_CURVE('',#2578,#2525,#2601,.T.);
#2601 = SURFACE_CURVE('',#2602,(#2606,#2613),.PCURVE_S1.);
#2602 = LINE('',#2603,#2604);
#2603 = CARTESIAN_POINT('',(47.3,51.243297310377,2.127575444553));
#2604 = VECTOR('',#2605,1.);
#2605 = DIRECTION('',(1.105998290831E-16,0.996194698092,
    8.715574274766E-02));
#2606 = PCURVE('',#956,#2607);
#2607 = DEFINITIONAL_REPRESENTATION('',(#2608),#2612);
#2608 = LINE('',#2609,#2610);
#2609 = CARTESIAN_POINT('',(13.7,-11.));
#2610 = VECTOR('',#2611,1.);
#2611 = DIRECTION('',(-2.298214621924E-18,-1.));
#2612 = ( GEOMETRIC_REPRESENTATION_CONTEXT(2) 
PARAMETRIC_REPRESENTATION_CONTEXT() REPRESENTATION_CONTEXT('2D SPACE',''
  ) );
#2613 = PCURVE('',#1013,#2614);
#2614 = DEFINITIONAL_REPRESENTATION('',(#2615),#2619);
#2615 = LINE('',#2616,#2617);
#2616 = CARTESIAN_POINT('',(1.570796326795,0.));
#2617 = VECTOR('',#2618,1.);
#2618 = DIRECTION('',(0.,1.));
#2619 = ( GEOMETRIC_REPRESENTATION_CONTEXT(2) 
PARAMETRIC_REPRESENTATION_CONTEXT() REPRESENTATION_CONTEXT('2D SPACE',''
  ) );
#2620 = ADVANCED_FACE('',(#2621),#1045,.T.);
#2621 = FACE_BOUND('',#2622,.T.);
#2622 = EDGE_LOOP('',(#2623,#2624,#2625,#2647,#2670));
#2623 = ORIENTED_EDGE('',*,*,#2477,.F.);
#2624 = ORIENTED_EDGE('',*,*,#1028,.T.);
#2625 = ORIENTED_EDGE('',*,*,#2626,.T.);
#2626 = EDGE_CURVE('',#997,#2525,#2627,.T.);
#2627 = SURFACE_CURVE('',#2628,(#2633,#2640),.PCURVE_S1.);
#2628 = CIRCLE('',#2629,4.);
#2629 = AXIS2_PLACEMENT_3D('',#2630,#2631,#2632);
#2630 = CARTESIAN_POINT('',(43.3,53.235686706561,2.301886930048));
#2631 = DIRECTION('',(1.105998290831E-16,0.996194698092,
    8.715574274766E-02));
#2632 = DIRECTION('',(-9.676231232676E-18,-8.715574274766E-02,
    0.996194698092));
#2633 = PCURVE('',#1045,#2634);
#2634 = DEFINITIONAL_REPRESENTATION('',(#2635),#2639);
#2635 = LINE('',#2636,#2637);
#2636 = CARTESIAN_POINT('',(-0.,-0.));
#2637 = VECTOR('',#2638,1.);
#2638 = DIRECTION('',(-1.,-0.));
#2639 = ( GEOMETRIC_REPRESENTATION_CONTEXT(2) 
PARAMETRIC_REPRESENTATION_CONTEXT() REPRESENTATION_CONTEXT('2D SPACE',''
  ) );
#2640 = PCURVE('',#1013,#2641);
#2641 = DEFINITIONAL_REPRESENTATION('',(#2642),#2646);
#2642 = LINE('',#2643,#2644);
#2643 = CARTESIAN_POINT('',(0.,2.));
#2644 = VECTOR('',#2645,1.);
#2645 = DIRECTION('',(1.,0.));
#2646 = ( GEOMETRIC_REPRESENTATION_CONTEXT(2) 
PARAMETRIC_REPRESENTATION_CONTEXT() REPRESENTATION_CONTEXT('2D SPACE',''
  ) );
#2647 = ORIENTED_EDGE('',*,*,#2648,.T.);
#2648 = EDGE_CURVE('',#2525,#2649,#2651,.T.);
#2649 = VERTEX_POINT('',#2650);
#2650 = CARTESIAN_POINT('',(46.8,53.733784055607,2.345464801422));
#2651 = SURFACE_CURVE('',#2652,(#2656,#2663),.PCURVE_S1.);
#2652 = LINE('',#2653,#2654);
#2653 = CARTESIAN_POINT('',(47.3,53.235686706561,2.301886930048));
#2654 = VECTOR('',#2655,1.);
#2655 = DIRECTION('',(-0.707106781187,0.704416026403,6.162841671622E-02)
  );
#2656 = PCURVE('',#1045,#2657);
#2657 = DEFINITIONAL_REPRESENTATION('',(#2658),#2662);
#2658 = LINE('',#2659,#2660);
#2659 = CARTESIAN_POINT('',(-1.570796326795,-0.));
#2660 = VECTOR('',#2661,1.);
#2661 = DIRECTION('',(-0.,-1.));
#2662 = ( GEOMETRIC_REPRESENTATION_CONTEXT(2) 
PARAMETRIC_REPRESENTATION_CONTEXT() REPRESENTATION_CONTEXT('2D SPACE',''
  ) );
#2663 = PCURVE('',#2542,#2664);
#2664 = DEFINITIONAL_REPRESENTATION('',(#2665),#2669);
#2665 = LINE('',#2666,#2667);
#2666 = CARTESIAN_POINT('',(-6.529466451256E-16,-0.353553390593));
#2667 = VECTOR('',#2668,1.);
#2668 = DIRECTION('',(-4.238632969676E-17,1.));
#2669 = ( GEOMETRIC_REPRESENTATION_CONTEXT(2) 
PARAMETRIC_REPRESENTATION_CONTEXT() REPRESENTATION_CONTEXT('2D SPACE',''
  ) );
#2670 = ORIENTED_EDGE('',*,*,#2671,.F.);
#2671 = EDGE_CURVE('',#2478,#2649,#2672,.T.);
#2672 = SURFACE_CURVE('',#2673,(#2678,#2685),.PCURVE_S1.);
#2673 = CIRCLE('',#2674,3.5);
#2674 = AXIS2_PLACEMENT_3D('',#2675,#2676,#2677);
#2675 = CARTESIAN_POINT('',(43.3,53.733784055607,2.345464801422));
#2676 = DIRECTION('',(1.105998290831E-16,0.996194698092,
    8.715574274766E-02));
#2677 = DIRECTION('',(-9.676231232676E-18,-8.715574274766E-02,
    0.996194698092));
#2678 = PCURVE('',#1045,#2679);
#2679 = DEFINITIONAL_REPRESENTATION('',(#2680),#2684);
#2680 = LINE('',#2681,#2682);
#2681 = CARTESIAN_POINT('',(-0.,-0.5));
#2682 = VECTOR('',#2683,1.);
#2683 = DIRECTION('',(-1.,-0.));
#2684 = ( GEOMETRIC_REPRESENTATION_CONTEXT(2) 
PARAMETRIC_REPRESENTATION_CONTEXT() REPRESENTATION_CONTEXT('2D SPACE',''
  ) );
#2685 = PCURVE('',#2460,#2686);
#2686 = DEFINITIONAL_REPRESENTATION('',(#2687),#2691);
#2687 = CIRCLE('',#2688,3.5);
#2688 = AXIS2_PLACEMENT_2D('',#2689,#2690);
#2689 = CARTESIAN_POINT('',(10.825,43.3));
#2690 = DIRECTION('',(1.,0.));
#2691 = ( GEOMETRIC_REPRESENTATION_CONTEXT(2) 
PARAMETRIC_REPRESENTATION_CONTEXT() REPRESENTATION_CONTEXT('2D SPACE',''
  ) );
#2692 = ADVANCED_FACE('',(#2693),#984,.T.);
#2693 = FACE_BOUND('',#2694,.T.);
#2694 = EDGE_LOOP('',(#2695,#2696,#2697));
#2695 = ORIENTED_EDGE('',*,*,#968,.T.);
#2696 = ORIENTED_EDGE('',*,*,#2577,.T.);
#2697 = ORIENTED_EDGE('',*,*,#2698,.F.);
#2698 = EDGE_CURVE('',#969,#2578,#2699,.T.);
#2699 = SURFACE_CURVE('',#2700,(#2705,#2712),.PCURVE_S1.);
#2700 = CIRCLE('',#2701,4.);
#2701 = AXIS2_PLACEMENT_3D('',#2702,#2703,#2704);
#2702 = CARTESIAN_POINT('',(43.3,51.243297310377,2.127575444553));
#2703 = DIRECTION('',(1.105998290831E-16,0.996194698092,
    8.715574274766E-02));
#2704 = DIRECTION('',(-9.676231232676E-18,-8.715574274766E-02,
    0.996194698092));
#2705 = PCURVE('',#984,#2706);
#2706 = DEFINITIONAL_REPRESENTATION('',(#2707),#2711);
#2707 = CIRCLE('',#2708,4.);
#2708 = AXIS2_PLACEMENT_2D('',#2709,#2710);
#2709 = CARTESIAN_POINT('',(5.975,43.3));
#2710 = DIRECTION('',(1.,0.));
#2711 = ( GEOMETRIC_REPRESENTATION_CONTEXT(2) 
PARAMETRIC_REPRESENTATION_CONTEXT() REPRESENTATION_CONTEXT('2D SPACE',''
  ) );
#2712 = PCURVE('',#1013,#2713);
#2713 = DEFINITIONAL_REPRESENTATION('',(#2714),#2718);
#2714 = LINE('',#2715,#2716);
#2715 = CARTESIAN_POINT('',(0.,0.));
#2716 = VECTOR('',#2717,1.);
#2717 = DIRECTION('',(1.,0.));
#2718 = ( GEOMETRIC_REPRESENTATION_CONTEXT(2) 
PARAMETRIC_REPRESENTATION_CONTEXT() REPRESENTATION_CONTEXT('2D SPACE',''
  ) );
#2719 = ADVANCED_FACE('',(#2720),#1013,.T.);
#2720 = FACE_BOUND('',#2721,.T.);
#2721 = EDGE_LOOP('',(#2722,#2723,#2724,#2725));
#2722 = ORIENTED_EDGE('',*,*,#2626,.F.);
#2723 = ORIENTED_EDGE('',*,*,#996,.F.);
#2724 = ORIENTED_EDGE('',*,*,#2698,.T.);
#2725 = ORIENTED_EDGE('',*,*,#2600,.T.);
#2726 = ADVANCED_FACE('',(#2727),#1315,.F.);
#2727 = FACE_BOUND('',#2728,.T.);
#2728 = EDGE_LOOP('',(#2729,#2758,#2779,#2780));
#2729 = ORIENTED_EDGE('',*,*,#2730,.F.);
#2730 = EDGE_CURVE('',#2731,#2731,#2733,.T.);
#2731 = VERTEX_POINT('',#2732);
#2732 = CARTESIAN_POINT('',(15.85,0.,2.));
#2733 = SURFACE_CURVE('',#2734,(#2739,#2746),.PCURVE_S1.);
#2734 = CIRCLE('',#2735,15.85);
#2735 = AXIS2_PLACEMENT_3D('',#2736,#2737,#2738);
#2736 = CARTESIAN_POINT('',(0.,0.,2.));
#2737 = DIRECTION('',(0.,0.,1.));
#2738 = DIRECTION('',(1.,0.,0.));
#2739 = PCURVE('',#1315,#2740);
#2740 = DEFINITIONAL_REPRESENTATION('',(#2741),#2745);
#2741 = LINE('',#2742,#2743);
#2742 = CARTESIAN_POINT('',(-0.,0.));
#2743 = VECTOR('',#2744,1.);
#2744 = DIRECTION('',(-1.,0.));
#2745 = ( GEOMETRIC_REPRESENTATION_CONTEXT(2) 
PARAMETRIC_REPRESENTATION_CONTEXT() REPRESENTATION_CONTEXT('2D SPACE',''
  ) );
#2746 = PCURVE('',#2747,#2752);
#2747 = PLANE('',#2748);
#2748 = AXIS2_PLACEMENT_3D('',#2749,#2750,#2751);
#2749 = CARTESIAN_POINT('',(-6.901906031745E-16,1.423550083974E-15,2.));
#2750 = DIRECTION('',(0.,0.,1.));
#2751 = DIRECTION('',(1.,0.,-0.));
#2752 = DEFINITIONAL_REPRESENTATION('',(#2753),#2757);
#2753 = CIRCLE('',#2754,15.85);
#2754 = AXIS2_PLACEMENT_2D('',#2755,#2756);
#2755 = CARTESIAN_POINT('',(6.901906031745E-16,-1.423550083974E-15));
#2756 = DIRECTION('',(1.,0.));
#2757 = ( GEOMETRIC_REPRESENTATION_CONTEXT(2) 
PARAMETRIC_REPRESENTATION_CONTEXT() REPRESENTATION_CONTEXT('2D SPACE',''
  ) );
#2758 = ORIENTED_EDGE('',*,*,#2759,.T.);
#2759 = EDGE_CURVE('',#2731,#1295,#2760,.T.);
#2760 = SEAM_CURVE('',#2761,(#2765,#2772),.PCURVE_S1.);
#2761 = LINE('',#2762,#2763);
#2762 = CARTESIAN_POINT('',(15.85,0.,2.));
#2763 = VECTOR('',#2764,1.);
#2764 = DIRECTION('',(0.,0.,1.));
#2765 = PCURVE('',#1315,#2766);
#2766 = DEFINITIONAL_REPRESENTATION('',(#2767),#2771);
#2767 = LINE('',#2768,#2769);
#2768 = CARTESIAN_POINT('',(-6.28318530718,0.));
#2769 = VECTOR('',#2770,1.);
#2770 = DIRECTION('',(-0.,-1.));
#2771 = ( GEOMETRIC_REPRESENTATION_CONTEXT(2) 
PARAMETRIC_REPRESENTATION_CONTEXT() REPRESENTATION_CONTEXT('2D SPACE',''
  ) );
#2772 = PCURVE('',#1315,#2773);
#2773 = DEFINITIONAL_REPRESENTATION('',(#2774),#2778);
#2774 = LINE('',#2775,#2776);
#2775 = CARTESIAN_POINT('',(-0.,0.));
#2776 = VECTOR('',#2777,1.);
#2777 = DIRECTION('',(-0.,-1.));
#2778 = ( GEOMETRIC_REPRESENTATION_CONTEXT(2) 
PARAMETRIC_REPRESENTATION_CONTEXT() REPRESENTATION_CONTEXT('2D SPACE',''
  ) );
#2779 = ORIENTED_EDGE('',*,*,#1294,.F.);
#2780 = ORIENTED_EDGE('',*,*,#2759,.F.);
#2781 = ADVANCED_FACE('',(#2782),#1593,.T.);
#2782 = FACE_BOUND('',#2783,.T.);
#2783 = EDGE_LOOP('',(#2784,#2807,#2808,#2809));
#2784 = ORIENTED_EDGE('',*,*,#2785,.F.);
#2785 = EDGE_CURVE('',#1549,#2786,#2788,.T.);
#2786 = VERTEX_POINT('',#2787);
#2787 = CARTESIAN_POINT('',(-43.3,55.471231508038,-23.250507076));
#2788 = SURFACE_CURVE('',#2789,(#2793,#2800),.PCURVE_S1.);
#2789 = LINE('',#2790,#2791);
#2790 = CARTESIAN_POINT('',(-43.3,42.520700432846,-24.38353173172));
#2791 = VECTOR('',#2792,1.);
#2792 = DIRECTION('',(1.105998290831E-16,0.996194698092,
    8.715574274766E-02));
#2793 = PCURVE('',#1593,#2794);
#2794 = DEFINITIONAL_REPRESENTATION('',(#2795),#2799);
#2795 = LINE('',#2796,#2797);
#2796 = CARTESIAN_POINT('',(0.,0.));
#2797 = VECTOR('',#2798,1.);
#2798 = DIRECTION('',(0.,1.));
#2799 = ( GEOMETRIC_REPRESENTATION_CONTEXT(2) 
PARAMETRIC_REPRESENTATION_CONTEXT() REPRESENTATION_CONTEXT('2D SPACE',''
  ) );
#2800 = PCURVE('',#1564,#2801);
#2801 = DEFINITIONAL_REPRESENTATION('',(#2802),#2806);
#2802 = LINE('',#2803,#2804);
#2803 = CARTESIAN_POINT('',(90.6,-4.136433607708E-15));
#2804 = VECTOR('',#2805,1.);
#2805 = DIRECTION('',(0.,-1.));
#2806 = ( GEOMETRIC_REPRESENTATION_CONTEXT(2) 
PARAMETRIC_REPRESENTATION_CONTEXT() REPRESENTATION_CONTEXT('2D SPACE',''
  ) );
#2807 = ORIENTED_EDGE('',*,*,#1576,.T.);
#2808 = ORIENTED_EDGE('',*,*,#2117,.T.);
#2809 = ORIENTED_EDGE('',*,*,#2810,.F.);
#2810 = EDGE_CURVE('',#2786,#2118,#2811,.T.);
#2811 = SURFACE_CURVE('',#2812,(#2817,#2824),.PCURVE_S1.);
#2812 = CIRCLE('',#2813,4.);
#2813 = AXIS2_PLACEMENT_3D('',#2814,#2815,#2816);
#2814 = CARTESIAN_POINT('',(-43.3,55.122608537048,-19.26572828363));
#2815 = DIRECTION('',(1.105998290831E-16,0.996194698092,
    8.715574274766E-02));
#2816 = DIRECTION('',(9.676231232676E-18,8.715574274766E-02,
    -0.996194698092));
#2817 = PCURVE('',#1593,#2818);
#2818 = DEFINITIONAL_REPRESENTATION('',(#2819),#2823);
#2819 = LINE('',#2820,#2821);
#2820 = CARTESIAN_POINT('',(0.,13.));
#2821 = VECTOR('',#2822,1.);
#2822 = DIRECTION('',(1.,0.));
#2823 = ( GEOMETRIC_REPRESENTATION_CONTEXT(2) 
PARAMETRIC_REPRESENTATION_CONTEXT() REPRESENTATION_CONTEXT('2D SPACE',''
  ) );
#2824 = PCURVE('',#2825,#2830);
#2825 = CONICAL_SURFACE('',#2826,4.,0.785398163397);
#2826 = AXIS2_PLACEMENT_3D('',#2827,#2828,#2829);
#2827 = CARTESIAN_POINT('',(-43.3,55.122608537048,-19.26572828363));
#2828 = DIRECTION('',(-1.105998290831E-16,-0.996194698092,
    -8.715574274766E-02));
#2829 = DIRECTION('',(9.676231232676E-18,8.715574274766E-02,
    -0.996194698092));
#2830 = DEFINITIONAL_REPRESENTATION('',(#2831),#2835);
#2831 = LINE('',#2832,#2833);
#2832 = CARTESIAN_POINT('',(-0.,-0.));
#2833 = VECTOR('',#2834,1.);
#2834 = DIRECTION('',(-1.,-0.));
#2835 = ( GEOMETRIC_REPRESENTATION_CONTEXT(2) 
PARAMETRIC_REPRESENTATION_CONTEXT() REPRESENTATION_CONTEXT('2D SPACE',''
  ) );
#2836 = ADVANCED_FACE('',(#2837),#1564,.F.);
#2837 = FACE_BOUND('',#2838,.F.);
#2838 = EDGE_LOOP('',(#2839,#2840,#2863,#2889));
#2839 = ORIENTED_EDGE('',*,*,#1548,.F.);
#2840 = ORIENTED_EDGE('',*,*,#2841,.F.);
#2841 = EDGE_CURVE('',#2842,#1515,#2844,.T.);
#2842 = VERTEX_POINT('',#2843);
#2843 = CARTESIAN_POINT('',(43.3,55.471231508038,-23.250507076));
#2844 = SURFACE_CURVE('',#2845,(#2849,#2856),.PCURVE_S1.);
#2845 = LINE('',#2846,#2847);
#2846 = CARTESIAN_POINT('',(43.3,55.471231508038,-23.250507076));
#2847 = VECTOR('',#2848,1.);
#2848 = DIRECTION('',(-1.105998290831E-16,-0.996194698092,
    -8.715574274766E-02));
#2849 = PCURVE('',#1564,#2850);
#2850 = DEFINITIONAL_REPRESENTATION('',(#2851),#2855);
#2851 = LINE('',#2852,#2853);
#2852 = CARTESIAN_POINT('',(4.,-13.));
#2853 = VECTOR('',#2854,1.);
#2854 = DIRECTION('',(0.,1.));
#2855 = ( GEOMETRIC_REPRESENTATION_CONTEXT(2) 
PARAMETRIC_REPRESENTATION_CONTEXT() REPRESENTATION_CONTEXT('2D SPACE',''
  ) );
#2856 = PCURVE('',#1531,#2857);
#2857 = DEFINITIONAL_REPRESENTATION('',(#2858),#2862);
#2858 = LINE('',#2859,#2860);
#2859 = CARTESIAN_POINT('',(-0.,13.));
#2860 = VECTOR('',#2861,1.);
#2861 = DIRECTION('',(-0.,-1.));
#2862 = ( GEOMETRIC_REPRESENTATION_CONTEXT(2) 
PARAMETRIC_REPRESENTATION_CONTEXT() REPRESENTATION_CONTEXT('2D SPACE',''
  ) );
#2863 = ORIENTED_EDGE('',*,*,#2864,.T.);
#2864 = EDGE_CURVE('',#2842,#2786,#2865,.T.);
#2865 = SURFACE_CURVE('',#2866,(#2870,#2877),.PCURVE_S1.);
#2866 = LINE('',#2867,#2868);
#2867 = CARTESIAN_POINT('',(43.3,55.471231508038,-23.250507076));
#2868 = VECTOR('',#2869,1.);
#2869 = DIRECTION('',(-1.,1.110223024625E-16,0.));
#2870 = PCURVE('',#1564,#2871);
#2871 = DEFINITIONAL_REPRESENTATION('',(#2872),#2876);
#2872 = LINE('',#2873,#2874);
#2873 = CARTESIAN_POINT('',(4.,-13.));
#2874 = VECTOR('',#2875,1.);
#2875 = DIRECTION('',(1.,0.));
#2876 = ( GEOMETRIC_REPRESENTATION_CONTEXT(2) 
PARAMETRIC_REPRESENTATION_CONTEXT() REPRESENTATION_CONTEXT('2D SPACE',''
  ) );
#2877 = PCURVE('',#2878,#2883);
#2878 = PLANE('',#2879);
#2879 = AXIS2_PLACEMENT_3D('',#2880,#2881,#2882);
#2880 = CARTESIAN_POINT('',(43.3,55.698491246874,-22.97966946579));
#2881 = DIRECTION('',(-8.693753168421E-17,-0.766044443119,0.642787609687
    ));
#2882 = DIRECTION('',(1.,-1.124697540249E-16,1.214556072163E-18));
#2883 = DEFINITIONAL_REPRESENTATION('',(#2884),#2888);
#2884 = LINE('',#2885,#2886);
#2885 = CARTESIAN_POINT('',(2.52308994626E-17,-0.353553390593));
#2886 = VECTOR('',#2887,1.);
#2887 = DIRECTION('',(-1.,3.057072577619E-33));
#2888 = ( GEOMETRIC_REPRESENTATION_CONTEXT(2) 
PARAMETRIC_REPRESENTATION_CONTEXT() REPRESENTATION_CONTEXT('2D SPACE',''
  ) );
#2889 = ORIENTED_EDGE('',*,*,#2785,.F.);
#2890 = ADVANCED_FACE('',(#2891),#1531,.T.);
#2891 = FACE_BOUND('',#2892,.F.);
#2892 = EDGE_LOOP('',(#2893,#2920,#2921,#2922,#2923));
#2893 = ORIENTED_EDGE('',*,*,#2894,.T.);
#2894 = EDGE_CURVE('',#2527,#2842,#2895,.T.);
#2895 = SURFACE_CURVE('',#2896,(#2901,#2908),.PCURVE_S1.);
#2896 = CIRCLE('',#2897,4.);
#2897 = AXIS2_PLACEMENT_3D('',#2898,#2899,#2900);
#2898 = CARTESIAN_POINT('',(43.3,55.122608537048,-19.26572828363));
#2899 = DIRECTION('',(1.105998290831E-16,0.996194698092,
    8.715574274766E-02));
#2900 = DIRECTION('',(1.,-1.110223024625E-16,0.));
#2901 = PCURVE('',#1531,#2902);
#2902 = DEFINITIONAL_REPRESENTATION('',(#2903),#2907);
#2903 = LINE('',#2904,#2905);
#2904 = CARTESIAN_POINT('',(-1.570796326795,13.));
#2905 = VECTOR('',#2906,1.);
#2906 = DIRECTION('',(1.,-0.));
#2907 = ( GEOMETRIC_REPRESENTATION_CONTEXT(2) 
PARAMETRIC_REPRESENTATION_CONTEXT() REPRESENTATION_CONTEXT('2D SPACE',''
  ) );
#2908 = PCURVE('',#2909,#2914);
#2909 = CONICAL_SURFACE('',#2910,4.,0.785398163397);
#2910 = AXIS2_PLACEMENT_3D('',#2911,#2912,#2913);
#2911 = CARTESIAN_POINT('',(43.3,55.122608537048,-19.26572828363));
#2912 = DIRECTION('',(-1.105998290831E-16,-0.996194698092,
    -8.715574274766E-02));
#2913 = DIRECTION('',(1.,-1.110223024625E-16,0.));
#2914 = DEFINITIONAL_REPRESENTATION('',(#2915),#2919);
#2915 = LINE('',#2916,#2917);
#2916 = CARTESIAN_POINT('',(-0.,-0.));
#2917 = VECTOR('',#2918,1.);
#2918 = DIRECTION('',(-1.,-0.));
#2919 = ( GEOMETRIC_REPRESENTATION_CONTEXT(2) 
PARAMETRIC_REPRESENTATION_CONTEXT() REPRESENTATION_CONTEXT('2D SPACE',''
  ) );
#2920 = ORIENTED_EDGE('',*,*,#2841,.T.);
#2921 = ORIENTED_EDGE('',*,*,#1514,.F.);
#2922 = ORIENTED_EDGE('',*,*,#2036,.F.);
#2923 = ORIENTED_EDGE('',*,*,#2554,.F.);
#2924 = ADVANCED_FACE('',(#2925),#1654,.F.);
#2925 = FACE_BOUND('',#2926,.F.);
#2926 = EDGE_LOOP('',(#2927,#2950,#2977,#2978));
#2927 = ORIENTED_EDGE('',*,*,#2928,.T.);
#2928 = EDGE_CURVE('',#1638,#2929,#2931,.T.);
#2929 = VERTEX_POINT('',#2930);
#2930 = CARTESIAN_POINT('',(3.77863365356E-15,48.043816153771,
    -5.028508772987));
#2931 = SEAM_CURVE('',#2932,(#2936,#2943),.PCURVE_S1.);
#2932 = LINE('',#2933,#2934);
#2933 = CARTESIAN_POINT('',(3.336234337228E-15,44.059037361404,
    -5.377131743978));
#2934 = VECTOR('',#2935,1.);
#2935 = DIRECTION('',(1.105998290831E-16,0.996194698092,
    8.715574274766E-02));
#2936 = PCURVE('',#1654,#2937);
#2937 = DEFINITIONAL_REPRESENTATION('',(#2938),#2942);
#2938 = LINE('',#2939,#2940);
#2939 = CARTESIAN_POINT('',(6.28318530718,-0.));
#2940 = VECTOR('',#2941,1.);
#2941 = DIRECTION('',(0.,1.));
#2942 = ( GEOMETRIC_REPRESENTATION_CONTEXT(2) 
PARAMETRIC_REPRESENTATION_CONTEXT() REPRESENTATION_CONTEXT('2D SPACE',''
  ) );
#2943 = PCURVE('',#1654,#2944);
#2944 = DEFINITIONAL_REPRESENTATION('',(#2945),#2949);
#2945 = LINE('',#2946,#2947);
#2946 = CARTESIAN_POINT('',(0.,-0.));
#2947 = VECTOR('',#2948,1.);
#2948 = DIRECTION('',(0.,1.));
#2949 = ( GEOMETRIC_REPRESENTATION_CONTEXT(2) 
PARAMETRIC_REPRESENTATION_CONTEXT() REPRESENTATION_CONTEXT('2D SPACE',''
  ) );
#2950 = ORIENTED_EDGE('',*,*,#2951,.F.);
#2951 = EDGE_CURVE('',#2929,#2929,#2952,.T.);
#2952 = SURFACE_CURVE('',#2953,(#2958,#2965),.PCURVE_S1.);
#2953 = CIRCLE('',#2954,6.35);
#2954 = AXIS2_PLACEMENT_3D('',#2955,#2956,#2957);
#2955 = CARTESIAN_POINT('',(5.395379156805E-15,48.597255120219,
    -11.35434510587));
#2956 = DIRECTION('',(1.105998290831E-16,0.996194698092,
    8.715574274766E-02));
#2957 = DIRECTION('',(-9.676231232676E-18,-8.715574274766E-02,
    0.996194698092));
#2958 = PCURVE('',#1654,#2959);
#2959 = DEFINITIONAL_REPRESENTATION('',(#2960),#2964);
#2960 = LINE('',#2961,#2962);
#2961 = CARTESIAN_POINT('',(0.,4.));
#2962 = VECTOR('',#2963,1.);
#2963 = DIRECTION('',(1.,0.));
#2964 = ( GEOMETRIC_REPRESENTATION_CONTEXT(2) 
PARAMETRIC_REPRESENTATION_CONTEXT() REPRESENTATION_CONTEXT('2D SPACE',''
  ) );
#2965 = PCURVE('',#2966,#2971);
#2966 = CONICAL_SURFACE('',#2967,6.35,0.715584993318);
#2967 = AXIS2_PLACEMENT_3D('',#2968,#2969,#2970);
#2968 = CARTESIAN_POINT('',(5.395379156805E-15,48.597255120219,
    -11.35434510587));
#2969 = DIRECTION('',(-1.105998290831E-16,-0.996194698092,
    -8.715574274766E-02));
#2970 = DIRECTION('',(-9.676231232676E-18,-8.715574274766E-02,
    0.996194698092));
#2971 = DEFINITIONAL_REPRESENTATION('',(#2972),#2976);
#2972 = LINE('',#2973,#2974);
#2973 = CARTESIAN_POINT('',(-0.,-0.));
#2974 = VECTOR('',#2975,1.);
#2975 = DIRECTION('',(-1.,-0.));
#2976 = ( GEOMETRIC_REPRESENTATION_CONTEXT(2) 
PARAMETRIC_REPRESENTATION_CONTEXT() REPRESENTATION_CONTEXT('2D SPACE',''
  ) );
#2977 = ORIENTED_EDGE('',*,*,#2928,.F.);
#2978 = ORIENTED_EDGE('',*,*,#1637,.T.);
#2979 = ADVANCED_FACE('',(#2980),#1783,.T.);
#2980 = FACE_BOUND('',#2981,.F.);
#2981 = EDGE_LOOP('',(#2982,#3003,#3004,#3005));
#2982 = ORIENTED_EDGE('',*,*,#2983,.F.);
#2983 = EDGE_CURVE('',#1744,#2984,#2986,.T.);
#2984 = VERTEX_POINT('',#2985);
#2985 = CARTESIAN_POINT('',(14.85,0.,-4.));
#2986 = SEAM_CURVE('',#2987,(#2991,#2997),.PCURVE_S1.);
#2987 = LINE('',#2988,#2989);
#2988 = CARTESIAN_POINT('',(15.65,0.,-3.2));
#2989 = VECTOR('',#2990,1.);
#2990 = DIRECTION('',(-0.707106781187,-0.,-0.707106781187));
#2991 = PCURVE('',#1783,#2992);
#2992 = DEFINITIONAL_REPRESENTATION('',(#2993),#2996);
#2993 = B_SPLINE_CURVE_WITH_KNOTS('',1,(#2994,#2995),.UNSPECIFIED.,.F.,
  .F.,(2,2),(0.,1.131370849898),.PIECEWISE_BEZIER_KNOTS.);
#2994 = CARTESIAN_POINT('',(0.,0.));
#2995 = CARTESIAN_POINT('',(0.,-0.8));
#2996 = ( GEOMETRIC_REPRESENTATION_CONTEXT(2) 
PARAMETRIC_REPRESENTATION_CONTEXT() REPRESENTATION_CONTEXT('2D SPACE',''
  ) );
#2997 = PCURVE('',#1783,#2998);
#2998 = DEFINITIONAL_REPRESENTATION('',(#2999),#3002);
#2999 = B_SPLINE_CURVE_WITH_KNOTS('',1,(#3000,#3001),.UNSPECIFIED.,.F.,
  .F.,(2,2),(0.,1.131370849898),.PIECEWISE_BEZIER_KNOTS.);
#3000 = CARTESIAN_POINT('',(6.28318530718,0.));
#3001 = CARTESIAN_POINT('',(6.28318530718,-0.8));
#3002 = ( GEOMETRIC_REPRESENTATION_CONTEXT(2) 
PARAMETRIC_REPRESENTATION_CONTEXT() REPRESENTATION_CONTEXT('2D SPACE',''
  ) );
#3003 = ORIENTED_EDGE('',*,*,#1768,.T.);
#3004 = ORIENTED_EDGE('',*,*,#2983,.T.);
#3005 = ORIENTED_EDGE('',*,*,#3006,.F.);
#3006 = EDGE_CURVE('',#2984,#2984,#3007,.T.);
#3007 = SURFACE_CURVE('',#3008,(#3013,#3020),.PCURVE_S1.);
#3008 = CIRCLE('',#3009,14.85);
#3009 = AXIS2_PLACEMENT_3D('',#3010,#3011,#3012);
#3010 = CARTESIAN_POINT('',(0.,0.,-4.));
#3011 = DIRECTION('',(0.,0.,1.));
#3012 = DIRECTION('',(1.,0.,-0.));
#3013 = PCURVE('',#1783,#3014);
#3014 = DEFINITIONAL_REPRESENTATION('',(#3015),#3019);
#3015 = LINE('',#3016,#3017);
#3016 = CARTESIAN_POINT('',(0.,-0.8));
#3017 = VECTOR('',#3018,1.);
#3018 = DIRECTION('',(1.,-0.));
#3019 = ( GEOMETRIC_REPRESENTATION_CONTEXT(2) 
PARAMETRIC_REPRESENTATION_CONTEXT() REPRESENTATION_CONTEXT('2D SPACE',''
  ) );
#3020 = PCURVE('',#3021,#3026);
#3021 = PLANE('',#3022);
#3022 = AXIS2_PLACEMENT_3D('',#3023,#3024,#3025);
#3023 = CARTESIAN_POINT('',(-6.990109303716E-16,7.59164447188E-16,-4.));
#3024 = DIRECTION('',(0.,0.,1.));
#3025 = DIRECTION('',(1.,0.,-0.));
#3026 = DEFINITIONAL_REPRESENTATION('',(#3027),#3031);
#3027 = CIRCLE('',#3028,14.85);
#3028 = AXIS2_PLACEMENT_2D('',#3029,#3030);
#3029 = CARTESIAN_POINT('',(6.990109303716E-16,-7.59164447188E-16));
#3030 = DIRECTION('',(1.,0.));
#3031 = ( GEOMETRIC_REPRESENTATION_CONTEXT(2) 
PARAMETRIC_REPRESENTATION_CONTEXT() REPRESENTATION_CONTEXT('2D SPACE',''
  ) );
#3032 = ADVANCED_FACE('',(#3033),#1979,.F.);
#3033 = FACE_BOUND('',#3034,.F.);
#3034 = EDGE_LOOP('',(#3035,#3036,#3037,#3038));
#3035 = ORIENTED_EDGE('',*,*,#2373,.T.);
#3036 = ORIENTED_EDGE('',*,*,#1960,.T.);
#3037 = ORIENTED_EDGE('',*,*,#2218,.T.);
#3038 = ORIENTED_EDGE('',*,*,#2292,.F.);
#3039 = ADVANCED_FACE('',(#3040),#2156,.F.);
#3040 = FACE_BOUND('',#3041,.T.);
#3041 = EDGE_LOOP('',(#3042,#3065,#3066,#3067));
#3042 = ORIENTED_EDGE('',*,*,#3043,.F.);
#3043 = EDGE_CURVE('',#2118,#3044,#3046,.T.);
#3044 = VERTEX_POINT('',#3045);
#3045 = CARTESIAN_POINT('',(-46.8,55.620705886094,-19.22215041226));
#3046 = SURFACE_CURVE('',#3047,(#3051,#3058),.PCURVE_S1.);
#3047 = LINE('',#3048,#3049);
#3048 = CARTESIAN_POINT('',(-47.3,55.122608537048,-19.26572828363));
#3049 = VECTOR('',#3050,1.);
#3050 = DIRECTION('',(0.707106781187,0.704416026403,6.162841671622E-02)
  );
#3051 = PCURVE('',#2156,#3052);
#3052 = DEFINITIONAL_REPRESENTATION('',(#3053),#3057);
#3053 = LINE('',#3054,#3055);
#3054 = CARTESIAN_POINT('',(-1.123589514108E-15,-0.353553390593));
#3055 = VECTOR('',#3056,1.);
#3056 = DIRECTION('',(-4.750243601947E-17,1.));
#3057 = ( GEOMETRIC_REPRESENTATION_CONTEXT(2) 
PARAMETRIC_REPRESENTATION_CONTEXT() REPRESENTATION_CONTEXT('2D SPACE',''
  ) );
#3058 = PCURVE('',#2825,#3059);
#3059 = DEFINITIONAL_REPRESENTATION('',(#3060),#3064);
#3060 = LINE('',#3061,#3062);
#3061 = CARTESIAN_POINT('',(-1.570796326795,-0.));
#3062 = VECTOR('',#3063,1.);
#3063 = DIRECTION('',(-0.,-1.));
#3064 = ( GEOMETRIC_REPRESENTATION_CONTEXT(2) 
PARAMETRIC_REPRESENTATION_CONTEXT() REPRESENTATION_CONTEXT('2D SPACE',''
  ) );
#3065 = ORIENTED_EDGE('',*,*,#2140,.T.);
#3066 = ORIENTED_EDGE('',*,*,#2397,.T.);
#3067 = ORIENTED_EDGE('',*,*,#3068,.F.);
#3068 = EDGE_CURVE('',#3044,#2398,#3069,.T.);
#3069 = SURFACE_CURVE('',#3070,(#3074,#3081),.PCURVE_S1.);
#3070 = LINE('',#3071,#3072);
#3071 = CARTESIAN_POINT('',(-46.8,55.620705886094,-19.22215041226));
#3072 = VECTOR('',#3073,1.);
#3073 = DIRECTION('',(-9.676231232676E-18,-8.715574274766E-02,
    0.996194698092));
#3074 = PCURVE('',#2156,#3075);
#3075 = DEFINITIONAL_REPRESENTATION('',(#3076),#3080);
#3076 = LINE('',#3077,#3078);
#3077 = CARTESIAN_POINT('',(5.025585097082E-16,0.353553390593));
#3078 = VECTOR('',#3079,1.);
#3079 = DIRECTION('',(-1.,6.053904699522E-18));
#3080 = ( GEOMETRIC_REPRESENTATION_CONTEXT(2) 
PARAMETRIC_REPRESENTATION_CONTEXT() REPRESENTATION_CONTEXT('2D SPACE',''
  ) );
#3081 = PCURVE('',#2460,#3082);
#3082 = DEFINITIONAL_REPRESENTATION('',(#3083),#3087);
#3083 = LINE('',#3084,#3085);
#3084 = CARTESIAN_POINT('',(-10.825,-46.8));
#3085 = VECTOR('',#3086,1.);
#3086 = DIRECTION('',(1.,0.));
#3087 = ( GEOMETRIC_REPRESENTATION_CONTEXT(2) 
PARAMETRIC_REPRESENTATION_CONTEXT() REPRESENTATION_CONTEXT('2D SPACE',''
  ) );
#3088 = ADVANCED_FACE('',(#3089,#3319),#2460,.T.);
#3089 = FACE_BOUND('',#3090,.T.);
#3090 = EDGE_LOOP('',(#3091,#3122,#3150,#3179,#3207,#3236,#3264,#3293));
#3091 = ORIENTED_EDGE('',*,*,#3092,.F.);
#3092 = EDGE_CURVE('',#3093,#3095,#3097,.T.);
#3093 = VERTEX_POINT('',#3094);
#3094 = CARTESIAN_POINT('',(-43.3,55.882173114337,-22.21073450654));
#3095 = VERTEX_POINT('',#3096);
#3096 = CARTESIAN_POINT('',(-46.3,55.620705886094,-19.22215041226));
#3097 = SURFACE_CURVE('',#3098,(#3103,#3110),.PCURVE_S1.);
#3098 = CIRCLE('',#3099,3.);
#3099 = AXIS2_PLACEMENT_3D('',#3100,#3101,#3102);
#3100 = CARTESIAN_POINT('',(-43.3,55.620705886094,-19.22215041226));
#3101 = DIRECTION('',(1.105998290831E-16,0.996194698092,
    8.715574274766E-02));
#3102 = DIRECTION('',(9.676231232676E-18,8.715574274766E-02,
    -0.996194698092));
#3103 = PCURVE('',#2460,#3104);
#3104 = DEFINITIONAL_REPRESENTATION('',(#3105),#3109);
#3105 = CIRCLE('',#3106,3.);
#3106 = AXIS2_PLACEMENT_2D('',#3107,#3108);
#3107 = CARTESIAN_POINT('',(-10.825,-43.3));
#3108 = DIRECTION('',(-1.,0.));
#3109 = ( GEOMETRIC_REPRESENTATION_CONTEXT(2) 
PARAMETRIC_REPRESENTATION_CONTEXT() REPRESENTATION_CONTEXT('2D SPACE',''
  ) );
#3110 = PCURVE('',#3111,#3116);
#3111 = CONICAL_SURFACE('',#3112,2.,0.785398163397);
#3112 = AXIS2_PLACEMENT_3D('',#3113,#3114,#3115);
#3113 = CARTESIAN_POINT('',(-43.3,54.624511188002,-19.30930615501));
#3114 = DIRECTION('',(1.105998290831E-16,0.996194698092,
    8.715574274766E-02));
#3115 = DIRECTION('',(9.676231232676E-18,8.715574274766E-02,
    -0.996194698092));
#3116 = DEFINITIONAL_REPRESENTATION('',(#3117),#3121);
#3117 = LINE('',#3118,#3119);
#3118 = CARTESIAN_POINT('',(-0.,1.));
#3119 = VECTOR('',#3120,1.);
#3120 = DIRECTION('',(1.,-0.));
#3121 = ( GEOMETRIC_REPRESENTATION_CONTEXT(2) 
PARAMETRIC_REPRESENTATION_CONTEXT() REPRESENTATION_CONTEXT('2D SPACE',''
  ) );
#3122 = ORIENTED_EDGE('',*,*,#3123,.F.);
#3123 = EDGE_CURVE('',#3124,#3093,#3126,.T.);
#3124 = VERTEX_POINT('',#3125);
#3125 = CARTESIAN_POINT('',(43.3,55.882173114337,-22.21073450654));
#3126 = SURFACE_CURVE('',#3127,(#3131,#3138),.PCURVE_S1.);
#3127 = LINE('',#3128,#3129);
#3128 = CARTESIAN_POINT('',(43.3,55.882173114337,-22.21073450654));
#3129 = VECTOR('',#3130,1.);
#3130 = DIRECTION('',(-1.,1.110223024625E-16,0.));
#3131 = PCURVE('',#2460,#3132);
#3132 = DEFINITIONAL_REPRESENTATION('',(#3133),#3137);
#3133 = LINE('',#3134,#3135);
#3134 = CARTESIAN_POINT('',(-13.825,43.3));
#3135 = VECTOR('',#3136,1.);
#3136 = DIRECTION('',(0.,-1.));
#3137 = ( GEOMETRIC_REPRESENTATION_CONTEXT(2) 
PARAMETRIC_REPRESENTATION_CONTEXT() REPRESENTATION_CONTEXT('2D SPACE',''
  ) );
#3138 = PCURVE('',#3139,#3144);
#3139 = PLANE('',#3140);
#3140 = AXIS2_PLACEMENT_3D('',#3141,#3142,#3143);
#3141 = CARTESIAN_POINT('',(43.3,55.340497893917,-21.75621502886));
#3142 = DIRECTION('',(6.545205078779E-17,0.642787609687,0.766044443119)
  );
#3143 = DIRECTION('',(-1.,1.072223287577E-16,-4.528632314452E-18));
#3144 = DEFINITIONAL_REPRESENTATION('',(#3145),#3149);
#3145 = LINE('',#3146,#3147);
#3146 = CARTESIAN_POINT('',(6.013803015789E-17,-0.707106781187));
#3147 = VECTOR('',#3148,1.);
#3148 = DIRECTION('',(1.,1.41267976596E-33));
#3149 = ( GEOMETRIC_REPRESENTATION_CONTEXT(2) 
PARAMETRIC_REPRESENTATION_CONTEXT() REPRESENTATION_CONTEXT('2D SPACE',''
  ) );
#3150 = ORIENTED_EDGE('',*,*,#3151,.F.);
#3151 = EDGE_CURVE('',#3152,#3124,#3154,.T.);
#3152 = VERTEX_POINT('',#3153);
#3153 = CARTESIAN_POINT('',(46.3,55.620705886094,-19.22215041226));
#3154 = SURFACE_CURVE('',#3155,(#3160,#3167),.PCURVE_S1.);
#3155 = CIRCLE('',#3156,3.);
#3156 = AXIS2_PLACEMENT_3D('',#3157,#3158,#3159);
#3157 = CARTESIAN_POINT('',(43.3,55.620705886094,-19.22215041226));
#3158 = DIRECTION('',(1.105998290831E-16,0.996194698092,
    8.715574274766E-02));
#3159 = DIRECTION('',(1.,-1.110223024625E-16,0.));
#3160 = PCURVE('',#2460,#3161);
#3161 = DEFINITIONAL_REPRESENTATION('',(#3162),#3166);
#3162 = CIRCLE('',#3163,3.);
#3163 = AXIS2_PLACEMENT_2D('',#3164,#3165);
#3164 = CARTESIAN_POINT('',(-10.825,43.3));
#3165 = DIRECTION('',(-2.54182144381E-34,1.));
#3166 = ( GEOMETRIC_REPRESENTATION_CONTEXT(2) 
PARAMETRIC_REPRESENTATION_CONTEXT() REPRESENTATION_CONTEXT('2D SPACE',''
  ) );
#3167 = PCURVE('',#3168,#3173);
#3168 = CONICAL_SURFACE('',#3169,2.,0.785398163397);
#3169 = AXIS2_PLACEMENT_3D('',#3170,#3171,#3172);
#3170 = CARTESIAN_POINT('',(43.3,54.624511188002,-19.30930615501));
#3171 = DIRECTION('',(1.105998290831E-16,0.996194698092,
    8.715574274766E-02));
#3172 = DIRECTION('',(1.,-1.110223024625E-16,0.));
#3173 = DEFINITIONAL_REPRESENTATION('',(#3174),#3178);
#3174 = LINE('',#3175,#3176);
#3175 = CARTESIAN_POINT('',(-0.,1.));
#3176 = VECTOR('',#3177,1.);
#3177 = DIRECTION('',(1.,-0.));
#3178 = ( GEOMETRIC_REPRESENTATION_CONTEXT(2) 
PARAMETRIC_REPRESENTATION_CONTEXT() REPRESENTATION_CONTEXT('2D SPACE',''
  ) );
#3179 = ORIENTED_EDGE('',*,*,#3180,.F.);
#3180 = EDGE_CURVE('',#3181,#3152,#3183,.T.);
#3181 = VERTEX_POINT('',#3182);
#3182 = CARTESIAN_POINT('',(46.3,53.733784055607,2.345464801422));
#3183 = SURFACE_CURVE('',#3184,(#3188,#3195),.PCURVE_S1.);
#3184 = LINE('',#3185,#3186);
#3185 = CARTESIAN_POINT('',(46.3,53.733784055607,2.345464801422));
#3186 = VECTOR('',#3187,1.);
#3187 = DIRECTION('',(9.676231232676E-18,8.715574274766E-02,
    -0.996194698092));
#3188 = PCURVE('',#2460,#3189);
#3189 = DEFINITIONAL_REPRESENTATION('',(#3190),#3194);
#3190 = LINE('',#3191,#3192);
#3191 = CARTESIAN_POINT('',(10.825,46.3));
#3192 = VECTOR('',#3193,1.);
#3193 = DIRECTION('',(-1.,0.));
#3194 = ( GEOMETRIC_REPRESENTATION_CONTEXT(2) 
PARAMETRIC_REPRESENTATION_CONTEXT() REPRESENTATION_CONTEXT('2D SPACE',''
  ) );
#3195 = PCURVE('',#3196,#3201);
#3196 = PLANE('',#3197);
#3197 = AXIS2_PLACEMENT_3D('',#3198,#3199,#3200);
#3198 = CARTESIAN_POINT('',(45.8,53.235686706561,2.301886930048));
#3199 = DIRECTION('',(-0.707106781187,0.704416026403,6.162841671622E-02)
  );
#3200 = DIRECTION('',(5.496021262075E-18,8.715574274766E-02,
    -0.996194698092));
#3201 = DEFINITIONAL_REPRESENTATION('',(#3202),#3206);
#3202 = LINE('',#3203,#3204);
#3203 = CARTESIAN_POINT('',(-1.538575823693E-16,-0.707106781187));
#3204 = VECTOR('',#3205,1.);
#3205 = DIRECTION('',(1.,6.053904699522E-18));
#3206 = ( GEOMETRIC_REPRESENTATION_CONTEXT(2) 
PARAMETRIC_REPRESENTATION_CONTEXT() REPRESENTATION_CONTEXT('2D SPACE',''
  ) );
#3207 = ORIENTED_EDGE('',*,*,#3208,.F.);
#3208 = EDGE_CURVE('',#3209,#3181,#3211,.T.);
#3209 = VERTEX_POINT('',#3210);
#3210 = CARTESIAN_POINT('',(43.3,53.472316827364,5.334048895697));
#3211 = SURFACE_CURVE('',#3212,(#3217,#3224),.PCURVE_S1.);
#3212 = CIRCLE('',#3213,3.);
#3213 = AXIS2_PLACEMENT_3D('',#3214,#3215,#3216);
#3214 = CARTESIAN_POINT('',(43.3,53.733784055607,2.345464801422));
#3215 = DIRECTION('',(1.105998290831E-16,0.996194698092,
    8.715574274766E-02));
#3216 = DIRECTION('',(-9.676231232676E-18,-8.715574274766E-02,
    0.996194698092));
#3217 = PCURVE('',#2460,#3218);
#3218 = DEFINITIONAL_REPRESENTATION('',(#3219),#3223);
#3219 = CIRCLE('',#3220,3.);
#3220 = AXIS2_PLACEMENT_2D('',#3221,#3222);
#3221 = CARTESIAN_POINT('',(10.825,43.3));
#3222 = DIRECTION('',(1.,0.));
#3223 = ( GEOMETRIC_REPRESENTATION_CONTEXT(2) 
PARAMETRIC_REPRESENTATION_CONTEXT() REPRESENTATION_CONTEXT('2D SPACE',''
  ) );
#3224 = PCURVE('',#3225,#3230);
#3225 = CONICAL_SURFACE('',#3226,2.,0.785398163397);
#3226 = AXIS2_PLACEMENT_3D('',#3227,#3228,#3229);
#3227 = CARTESIAN_POINT('',(43.3,52.737589357515,2.258309058674));
#3228 = DIRECTION('',(1.105998290831E-16,0.996194698092,
    8.715574274766E-02));
#3229 = DIRECTION('',(-9.676231232676E-18,-8.715574274766E-02,
    0.996194698092));
#3230 = DEFINITIONAL_REPRESENTATION('',(#3231),#3235);
#3231 = LINE('',#3232,#3233);
#3232 = CARTESIAN_POINT('',(-0.,1.));
#3233 = VECTOR('',#3234,1.);
#3234 = DIRECTION('',(1.,-0.));
#3235 = ( GEOMETRIC_REPRESENTATION_CONTEXT(2) 
PARAMETRIC_REPRESENTATION_CONTEXT() REPRESENTATION_CONTEXT('2D SPACE',''
  ) );
#3236 = ORIENTED_EDGE('',*,*,#3237,.F.);
#3237 = EDGE_CURVE('',#3238,#3209,#3240,.T.);
#3238 = VERTEX_POINT('',#3239);
#3239 = CARTESIAN_POINT('',(-43.3,53.472316827364,5.334048895697));
#3240 = SURFACE_CURVE('',#3241,(#3245,#3252),.PCURVE_S1.);
#3241 = LINE('',#3242,#3243);
#3242 = CARTESIAN_POINT('',(-43.3,53.472316827364,5.334048895697));
#3243 = VECTOR('',#3244,1.);
#3244 = DIRECTION('',(1.,-1.110223024625E-16,0.));
#3245 = PCURVE('',#2460,#3246);
#3246 = DEFINITIONAL_REPRESENTATION('',(#3247),#3251);
#3247 = LINE('',#3248,#3249);
#3248 = CARTESIAN_POINT('',(13.825,-43.3));
#3249 = VECTOR('',#3250,1.);
#3250 = DIRECTION('',(0.,1.));
#3251 = ( GEOMETRIC_REPRESENTATION_CONTEXT(2) 
PARAMETRIC_REPRESENTATION_CONTEXT() REPRESENTATION_CONTEXT('2D SPACE',''
  ) );
#3252 = PCURVE('',#3253,#3258);
#3253 = PLANE('',#3254);
#3254 = AXIS2_PLACEMENT_3D('',#3255,#3256,#3257);
#3255 = CARTESIAN_POINT('',(-43.3,53.017797349692,4.792373675277));
#3256 = DIRECTION('',(9.095972749768E-17,0.766044443119,-0.642787609687)
  );
#3257 = DIRECTION('',(1.,-1.15550934777E-16,3.799973704794E-18));
#3258 = DEFINITIONAL_REPRESENTATION('',(#3259),#3263);
#3259 = LINE('',#3260,#3261);
#3260 = CARTESIAN_POINT('',(-5.046179892521E-17,-0.707106781187));
#3261 = VECTOR('',#3262,1.);
#3262 = DIRECTION('',(1.,1.154025373424E-33));
#3263 = ( GEOMETRIC_REPRESENTATION_CONTEXT(2) 
PARAMETRIC_REPRESENTATION_CONTEXT() REPRESENTATION_CONTEXT('2D SPACE',''
  ) );
#3264 = ORIENTED_EDGE('',*,*,#3265,.F.);
#3265 = EDGE_CURVE('',#3266,#3238,#3268,.T.);
#3266 = VERTEX_POINT('',#3267);
#3267 = CARTESIAN_POINT('',(-46.3,53.733784055607,2.345464801422));
#3268 = SURFACE_CURVE('',#3269,(#3274,#3281),.PCURVE_S1.);
#3269 = CIRCLE('',#3270,3.);
#3270 = AXIS2_PLACEMENT_3D('',#3271,#3272,#3273);
#3271 = CARTESIAN_POINT('',(-43.3,53.733784055607,2.345464801422));
#3272 = DIRECTION('',(1.105998290831E-16,0.996194698092,
    8.715574274766E-02));
#3273 = DIRECTION('',(-1.,1.110223024625E-16,0.));
#3274 = PCURVE('',#2460,#3275);
#3275 = DEFINITIONAL_REPRESENTATION('',(#3276),#3280);
#3276 = CIRCLE('',#3277,3.);
#3277 = AXIS2_PLACEMENT_2D('',#3278,#3279);
#3278 = CARTESIAN_POINT('',(10.825,-43.3));
#3279 = DIRECTION('',(2.54182144381E-34,-1.));
#3280 = ( GEOMETRIC_REPRESENTATION_CONTEXT(2) 
PARAMETRIC_REPRESENTATION_CONTEXT() REPRESENTATION_CONTEXT('2D SPACE',''
  ) );
#3281 = PCURVE('',#3282,#3287);
#3282 = CONICAL_SURFACE('',#3283,2.,0.785398163397);
#3283 = AXIS2_PLACEMENT_3D('',#3284,#3285,#3286);
#3284 = CARTESIAN_POINT('',(-43.3,52.737589357515,2.258309058674));
#3285 = DIRECTION('',(1.105998290831E-16,0.996194698092,
    8.715574274766E-02));
#3286 = DIRECTION('',(-1.,1.110223024625E-16,0.));
#3287 = DEFINITIONAL_REPRESENTATION('',(#3288),#3292);
#3288 = LINE('',#3289,#3290);
#3289 = CARTESIAN_POINT('',(-0.,1.));
#3290 = VECTOR('',#3291,1.);
#3291 = DIRECTION('',(1.,-0.));
#3292 = ( GEOMETRIC_REPRESENTATION_CONTEXT(2) 
PARAMETRIC_REPRESENTATION_CONTEXT() REPRESENTATION_CONTEXT('2D SPACE',''
  ) );
#3293 = ORIENTED_EDGE('',*,*,#3294,.F.);
#3294 = EDGE_CURVE('',#3095,#3266,#3295,.T.);
#3295 = SURFACE_CURVE('',#3296,(#3300,#3307),.PCURVE_S1.);
#3296 = LINE('',#3297,#3298);
#3297 = CARTESIAN_POINT('',(-46.3,55.620705886094,-19.22215041226));
#3298 = VECTOR('',#3299,1.);
#3299 = DIRECTION('',(-9.676231232676E-18,-8.715574274766E-02,
    0.996194698092));
#3300 = PCURVE('',#2460,#3301);
#3301 = DEFINITIONAL_REPRESENTATION('',(#3302),#3306);
#3302 = LINE('',#3303,#3304);
#3303 = CARTESIAN_POINT('',(-10.825,-46.3));
#3304 = VECTOR('',#3305,1.);
#3305 = DIRECTION('',(1.,0.));
#3306 = ( GEOMETRIC_REPRESENTATION_CONTEXT(2) 
PARAMETRIC_REPRESENTATION_CONTEXT() REPRESENTATION_CONTEXT('2D SPACE',''
  ) );
#3307 = PCURVE('',#3308,#3313);
#3308 = PLANE('',#3309);
#3309 = AXIS2_PLACEMENT_3D('',#3310,#3311,#3312);
#3310 = CARTESIAN_POINT('',(-45.8,55.122608537048,-19.26572828363));
#3311 = DIRECTION('',(0.707106781187,0.704416026403,6.162841671622E-02)
  );
#3312 = DIRECTION('',(-5.496021262075E-18,-8.715574274766E-02,
    0.996194698092));
#3313 = DEFINITIONAL_REPRESENTATION('',(#3314),#3318);
#3314 = LINE('',#3315,#3316);
#3315 = CARTESIAN_POINT('',(-1.61573968296E-15,-0.707106781187));
#3316 = VECTOR('',#3317,1.);
#3317 = DIRECTION('',(1.,8.849892043856E-19));
#3318 = ( GEOMETRIC_REPRESENTATION_CONTEXT(2) 
PARAMETRIC_REPRESENTATION_CONTEXT() REPRESENTATION_CONTEXT('2D SPACE',''
  ) );
#3319 = FACE_BOUND('',#3320,.T.);
#3320 = EDGE_LOOP('',(#3321,#3346,#3368,#3369,#3370,#3371,#3372,#3395));
#3321 = ORIENTED_EDGE('',*,*,#3322,.T.);
#3322 = EDGE_CURVE('',#3323,#3325,#3327,.T.);
#3323 = VERTEX_POINT('',#3324);
#3324 = CARTESIAN_POINT('',(43.3,55.92575098571,-22.70883185558));
#3325 = VERTEX_POINT('',#3326);
#3326 = CARTESIAN_POINT('',(-43.3,55.92575098571,-22.70883185558));
#3327 = SURFACE_CURVE('',#3328,(#3332,#3339),.PCURVE_S1.);
#3328 = LINE('',#3329,#3330);
#3329 = CARTESIAN_POINT('',(43.3,55.92575098571,-22.70883185558));
#3330 = VECTOR('',#3331,1.);
#3331 = DIRECTION('',(-1.,1.110223024625E-16,0.));
#3332 = PCURVE('',#2460,#3333);
#3333 = DEFINITIONAL_REPRESENTATION('',(#3334),#3338);
#3334 = LINE('',#3335,#3336);
#3335 = CARTESIAN_POINT('',(-14.325,43.3));
#3336 = VECTOR('',#3337,1.);
#3337 = DIRECTION('',(0.,-1.));
#3338 = ( GEOMETRIC_REPRESENTATION_CONTEXT(2) 
PARAMETRIC_REPRESENTATION_CONTEXT() REPRESENTATION_CONTEXT('2D SPACE',''
  ) );
#3339 = PCURVE('',#2878,#3340);
#3340 = DEFINITIONAL_REPRESENTATION('',(#3341),#3345);
#3341 = LINE('',#3342,#3343);
#3342 = CARTESIAN_POINT('',(-2.52308994626E-17,0.353553390593));
#3343 = VECTOR('',#3344,1.);
#3344 = DIRECTION('',(-1.,3.057072577619E-33));
#3345 = ( GEOMETRIC_REPRESENTATION_CONTEXT(2) 
PARAMETRIC_REPRESENTATION_CONTEXT() REPRESENTATION_CONTEXT('2D SPACE',''
  ) );
#3346 = ORIENTED_EDGE('',*,*,#3347,.T.);
#3347 = EDGE_CURVE('',#3325,#3044,#3348,.T.);
#3348 = SURFACE_CURVE('',#3349,(#3354,#3361),.PCURVE_S1.);
#3349 = CIRCLE('',#3350,3.5);
#3350 = AXIS2_PLACEMENT_3D('',#3351,#3352,#3353);
#3351 = CARTESIAN_POINT('',(-43.3,55.620705886094,-19.22215041226));
#3352 = DIRECTION('',(1.105998290831E-16,0.996194698092,
    8.715574274766E-02));
#3353 = DIRECTION('',(9.676231232676E-18,8.715574274766E-02,
    -0.996194698092));
#3354 = PCURVE('',#2460,#3355);
#3355 = DEFINITIONAL_REPRESENTATION('',(#3356),#3360);
#3356 = CIRCLE('',#3357,3.5);
#3357 = AXIS2_PLACEMENT_2D('',#3358,#3359);
#3358 = CARTESIAN_POINT('',(-10.825,-43.3));
#3359 = DIRECTION('',(-1.,0.));
#3360 = ( GEOMETRIC_REPRESENTATION_CONTEXT(2) 
PARAMETRIC_REPRESENTATION_CONTEXT() REPRESENTATION_CONTEXT('2D SPACE',''
  ) );
#3361 = PCURVE('',#2825,#3362);
#3362 = DEFINITIONAL_REPRESENTATION('',(#3363),#3367);
#3363 = LINE('',#3364,#3365);
#3364 = CARTESIAN_POINT('',(-0.,-0.5));
#3365 = VECTOR('',#3366,1.);
#3366 = DIRECTION('',(-1.,-0.));
#3367 = ( GEOMETRIC_REPRESENTATION_CONTEXT(2) 
PARAMETRIC_REPRESENTATION_CONTEXT() REPRESENTATION_CONTEXT('2D SPACE',''
  ) );
#3368 = ORIENTED_EDGE('',*,*,#3068,.T.);
#3369 = ORIENTED_EDGE('',*,*,#2445,.T.);
#3370 = ORIENTED_EDGE('',*,*,#2500,.T.);
#3371 = ORIENTED_EDGE('',*,*,#2671,.T.);
#3372 = ORIENTED_EDGE('',*,*,#3373,.T.);
#3373 = EDGE_CURVE('',#2649,#3374,#3376,.T.);
#3374 = VERTEX_POINT('',#3375);
#3375 = CARTESIAN_POINT('',(46.8,55.620705886094,-19.22215041226));
#3376 = SURFACE_CURVE('',#3377,(#3381,#3388),.PCURVE_S1.);
#3377 = LINE('',#3378,#3379);
#3378 = CARTESIAN_POINT('',(46.8,53.733784055607,2.345464801422));
#3379 = VECTOR('',#3380,1.);
#3380 = DIRECTION('',(9.676231232676E-18,8.715574274766E-02,
    -0.996194698092));
#3381 = PCURVE('',#2460,#3382);
#3382 = DEFINITIONAL_REPRESENTATION('',(#3383),#3387);
#3383 = LINE('',#3384,#3385);
#3384 = CARTESIAN_POINT('',(10.825,46.8));
#3385 = VECTOR('',#3386,1.);
#3386 = DIRECTION('',(-1.,0.));
#3387 = ( GEOMETRIC_REPRESENTATION_CONTEXT(2) 
PARAMETRIC_REPRESENTATION_CONTEXT() REPRESENTATION_CONTEXT('2D SPACE',''
  ) );
#3388 = PCURVE('',#2542,#3389);
#3389 = DEFINITIONAL_REPRESENTATION('',(#3390),#3394);
#3390 = LINE('',#3391,#3392);
#3391 = CARTESIAN_POINT('',(-4.956196158043E-16,0.353553390593));
#3392 = VECTOR('',#3393,1.);
#3393 = DIRECTION('',(-1.,8.849892043856E-19));
#3394 = ( GEOMETRIC_REPRESENTATION_CONTEXT(2) 
PARAMETRIC_REPRESENTATION_CONTEXT() REPRESENTATION_CONTEXT('2D SPACE',''
  ) );
#3395 = ORIENTED_EDGE('',*,*,#3396,.T.);
#3396 = EDGE_CURVE('',#3374,#3323,#3397,.T.);
#3397 = SURFACE_CURVE('',#3398,(#3403,#3410),.PCURVE_S1.);
#3398 = CIRCLE('',#3399,3.5);
#3399 = AXIS2_PLACEMENT_3D('',#3400,#3401,#3402);
#3400 = CARTESIAN_POINT('',(43.3,55.620705886094,-19.22215041226));
#3401 = DIRECTION('',(1.105998290831E-16,0.996194698092,
    8.715574274766E-02));
#3402 = DIRECTION('',(1.,-1.110223024625E-16,0.));
#3403 = PCURVE('',#2460,#3404);
#3404 = DEFINITIONAL_REPRESENTATION('',(#3405),#3409);
#3405 = CIRCLE('',#3406,3.5);
#3406 = AXIS2_PLACEMENT_2D('',#3407,#3408);
#3407 = CARTESIAN_POINT('',(-10.825,43.3));
#3408 = DIRECTION('',(-2.54182144381E-34,1.));
#3409 = ( GEOMETRIC_REPRESENTATION_CONTEXT(2) 
PARAMETRIC_REPRESENTATION_CONTEXT() REPRESENTATION_CONTEXT('2D SPACE',''
  ) );
#3410 = PCURVE('',#2909,#3411);
#3411 = DEFINITIONAL_REPRESENTATION('',(#3412),#3416);
#3412 = LINE('',#3413,#3414);
#3413 = CARTESIAN_POINT('',(-0.,-0.5));
#3414 = VECTOR('',#3415,1.);
#3415 = DIRECTION('',(-1.,-0.));
#3416 = ( GEOMETRIC_REPRESENTATION_CONTEXT(2) 
PARAMETRIC_REPRESENTATION_CONTEXT() REPRESENTATION_CONTEXT('2D SPACE',''
  ) );
#3417 = ADVANCED_FACE('',(#3418),#2542,.F.);
#3418 = FACE_BOUND('',#3419,.T.);
#3419 = EDGE_LOOP('',(#3420,#3421,#3422,#3443));
#3420 = ORIENTED_EDGE('',*,*,#2648,.F.);
#3421 = ORIENTED_EDGE('',*,*,#2524,.T.);
#3422 = ORIENTED_EDGE('',*,*,#3423,.T.);
#3423 = EDGE_CURVE('',#2527,#3374,#3424,.T.);
#3424 = SURFACE_CURVE('',#3425,(#3429,#3436),.PCURVE_S1.);
#3425 = LINE('',#3426,#3427);
#3426 = CARTESIAN_POINT('',(47.05,55.371657211571,-19.24393934795));
#3427 = VECTOR('',#3428,1.);
#3428 = DIRECTION('',(-0.707106781187,0.704416026403,6.162841671622E-02)
  );
#3429 = PCURVE('',#2542,#3430);
#3430 = DEFINITIONAL_REPRESENTATION('',(#3431),#3435);
#3431 = LINE('',#3432,#3433);
#3432 = CARTESIAN_POINT('',(-21.65,4.411022627613E-15));
#3433 = VECTOR('',#3434,1.);
#3434 = DIRECTION('',(-8.849892043856E-19,1.));
#3435 = ( GEOMETRIC_REPRESENTATION_CONTEXT(2) 
PARAMETRIC_REPRESENTATION_CONTEXT() REPRESENTATION_CONTEXT('2D SPACE',''
  ) );
#3436 = PCURVE('',#2909,#3437);
#3437 = DEFINITIONAL_REPRESENTATION('',(#3438),#3442);
#3438 = LINE('',#3439,#3440);
#3439 = CARTESIAN_POINT('',(-0.,-0.25));
#3440 = VECTOR('',#3441,1.);
#3441 = DIRECTION('',(-0.,-1.));
#3442 = ( GEOMETRIC_REPRESENTATION_CONTEXT(2) 
PARAMETRIC_REPRESENTATION_CONTEXT() REPRESENTATION_CONTEXT('2D SPACE',''
  ) );
#3443 = ORIENTED_EDGE('',*,*,#3373,.F.);
#3444 = ADVANCED_FACE('',(#3445,#3448),#2747,.T.);
#3445 = FACE_BOUND('',#3446,.T.);
#3446 = EDGE_LOOP('',(#3447));
#3447 = ORIENTED_EDGE('',*,*,#2730,.T.);
#3448 = FACE_BOUND('',#3449,.T.);
#3449 = EDGE_LOOP('',(#3450));
#3450 = ORIENTED_EDGE('',*,*,#3451,.T.);
#3451 = EDGE_CURVE('',#3452,#3452,#3454,.T.);
#3452 = VERTEX_POINT('',#3453);
#3453 = CARTESIAN_POINT('',(12.,8.498032742688E-17,2.));
#3454 = SURFACE_CURVE('',#3455,(#3460,#3471),.PCURVE_S1.);
#3455 = CIRCLE('',#3456,12.);
#3456 = AXIS2_PLACEMENT_3D('',#3457,#3458,#3459);
#3457 = CARTESIAN_POINT('',(0.,0.,2.));
#3458 = DIRECTION('',(0.,0.,-1.));
#3459 = DIRECTION('',(1.,0.,0.));
#3460 = PCURVE('',#2747,#3461);
#3461 = DEFINITIONAL_REPRESENTATION('',(#3462),#3470);
#3462 = ( BOUNDED_CURVE() B_SPLINE_CURVE(2,(#3463,#3464,#3465,#3466,
#3467,#3468,#3469),.UNSPECIFIED.,.T.,.F.) B_SPLINE_CURVE_WITH_KNOTS((1,2
    ,2,2,2,1),(-2.094395102393,0.,2.094395102393,4.188790204786,
6.28318530718,8.377580409573),.UNSPECIFIED.) CURVE() 
GEOMETRIC_REPRESENTATION_ITEM() RATIONAL_B_SPLINE_CURVE((1.,0.5,1.,0.5,
1.,0.5,1.)) REPRESENTATION_ITEM('') );
#3463 = CARTESIAN_POINT('',(12.,-1.423550083974E-15));
#3464 = CARTESIAN_POINT('',(12.,-20.78460969082));
#3465 = CARTESIAN_POINT('',(-6.,-10.39230484541));
#3466 = CARTESIAN_POINT('',(-24.,-4.362702401928E-15));
#3467 = CARTESIAN_POINT('',(-6.,10.392304845413));
#3468 = CARTESIAN_POINT('',(12.,20.784609690827));
#3469 = CARTESIAN_POINT('',(12.,-1.423550083974E-15));
#3470 = ( GEOMETRIC_REPRESENTATION_CONTEXT(2) 
PARAMETRIC_REPRESENTATION_CONTEXT() REPRESENTATION_CONTEXT('2D SPACE',''
  ) );
#3471 = PCURVE('',#3472,#3477);
#3472 = CYLINDRICAL_SURFACE('',#3473,12.);
#3473 = AXIS2_PLACEMENT_3D('',#3474,#3475,#3476);
#3474 = CARTESIAN_POINT('',(0.,0.,-20.));
#3475 = DIRECTION('',(-0.,-0.,-1.));
#3476 = DIRECTION('',(1.,0.,0.));
#3477 = DEFINITIONAL_REPRESENTATION('',(#3478),#3482);
#3478 = LINE('',#3479,#3480);
#3479 = CARTESIAN_POINT('',(-6.28318530718,-22.));
#3480 = VECTOR('',#3481,1.);
#3481 = DIRECTION('',(1.,-0.));
#3482 = ( GEOMETRIC_REPRESENTATION_CONTEXT(2) 
PARAMETRIC_REPRESENTATION_CONTEXT() REPRESENTATION_CONTEXT('2D SPACE',''
  ) );
#3483 = ADVANCED_FACE('',(#3484),#2825,.T.);
#3484 = FACE_BOUND('',#3485,.T.);
#3485 = EDGE_LOOP('',(#3486,#3507,#3508,#3509));
#3486 = ORIENTED_EDGE('',*,*,#3487,.F.);
#3487 = EDGE_CURVE('',#2786,#3325,#3488,.T.);
#3488 = SURFACE_CURVE('',#3489,(#3493,#3500),.PCURVE_S1.);
#3489 = LINE('',#3490,#3491);
#3490 = CARTESIAN_POINT('',(-43.3,55.698491246874,-22.97966946579));
#3491 = VECTOR('',#3492,1.);
#3492 = DIRECTION('',(7.136376042178E-17,0.642787609687,0.766044443119)
  );
#3493 = PCURVE('',#2825,#3494);
#3494 = DEFINITIONAL_REPRESENTATION('',(#3495),#3499);
#3495 = LINE('',#3496,#3497);
#3496 = CARTESIAN_POINT('',(-0.,-0.25));
#3497 = VECTOR('',#3498,1.);
#3498 = DIRECTION('',(-0.,-1.));
#3499 = ( GEOMETRIC_REPRESENTATION_CONTEXT(2) 
PARAMETRIC_REPRESENTATION_CONTEXT() REPRESENTATION_CONTEXT('2D SPACE',''
  ) );
#3500 = PCURVE('',#2878,#3501);
#3501 = DEFINITIONAL_REPRESENTATION('',(#3502),#3506);
#3502 = LINE('',#3503,#3504);
#3503 = CARTESIAN_POINT('',(-86.6,5.675996253099E-15));
#3504 = VECTOR('',#3505,1.);
#3505 = DIRECTION('',(-2.762002991272E-33,1.));
#3506 = ( GEOMETRIC_REPRESENTATION_CONTEXT(2) 
PARAMETRIC_REPRESENTATION_CONTEXT() REPRESENTATION_CONTEXT('2D SPACE',''
  ) );
#3507 = ORIENTED_EDGE('',*,*,#2810,.T.);
#3508 = ORIENTED_EDGE('',*,*,#3043,.T.);
#3509 = ORIENTED_EDGE('',*,*,#3347,.F.);
#3510 = ADVANCED_FACE('',(#3511),#2878,.F.);
#3511 = FACE_BOUND('',#3512,.T.);
#3512 = EDGE_LOOP('',(#3513,#3534,#3535,#3536));
#3513 = ORIENTED_EDGE('',*,*,#3514,.F.);
#3514 = EDGE_CURVE('',#2842,#3323,#3515,.T.);
#3515 = SURFACE_CURVE('',#3516,(#3520,#3527),.PCURVE_S1.);
#3516 = LINE('',#3517,#3518);
#3517 = CARTESIAN_POINT('',(43.3,55.698491246874,-22.97966946579));
#3518 = VECTOR('',#3519,1.);
#3519 = DIRECTION('',(7.136376042178E-17,0.642787609687,0.766044443119)
  );
#3520 = PCURVE('',#2878,#3521);
#3521 = DEFINITIONAL_REPRESENTATION('',(#3522),#3526);
#3522 = LINE('',#3523,#3524);
#3523 = CARTESIAN_POINT('',(-0.,0.));
#3524 = VECTOR('',#3525,1.);
#3525 = DIRECTION('',(-2.762002991272E-33,1.));
#3526 = ( GEOMETRIC_REPRESENTATION_CONTEXT(2) 
PARAMETRIC_REPRESENTATION_CONTEXT() REPRESENTATION_CONTEXT('2D SPACE',''
  ) );
#3527 = PCURVE('',#2909,#3528);
#3528 = DEFINITIONAL_REPRESENTATION('',(#3529),#3533);
#3529 = LINE('',#3530,#3531);
#3530 = CARTESIAN_POINT('',(-1.570796326795,-0.25));
#3531 = VECTOR('',#3532,1.);
#3532 = DIRECTION('',(-0.,-1.));
#3533 = ( GEOMETRIC_REPRESENTATION_CONTEXT(2) 
PARAMETRIC_REPRESENTATION_CONTEXT() REPRESENTATION_CONTEXT('2D SPACE',''
  ) );
#3534 = ORIENTED_EDGE('',*,*,#2864,.T.);
#3535 = ORIENTED_EDGE('',*,*,#3487,.T.);
#3536 = ORIENTED_EDGE('',*,*,#3322,.F.);
#3537 = ADVANCED_FACE('',(#3538),#2909,.T.);
#3538 = FACE_BOUND('',#3539,.T.);
#3539 = EDGE_LOOP('',(#3540,#3541,#3542,#3543));
#3540 = ORIENTED_EDGE('',*,*,#3423,.F.);
#3541 = ORIENTED_EDGE('',*,*,#2894,.T.);
#3542 = ORIENTED_EDGE('',*,*,#3514,.T.);
#3543 = ORIENTED_EDGE('',*,*,#3396,.F.);
#3544 = ADVANCED_FACE('',(#3545),#2966,.F.);
#3545 = FACE_BOUND('',#3546,.F.);
#3546 = EDGE_LOOP('',(#3547,#3548,#3571,#3600,#3622));
#3547 = ORIENTED_EDGE('',*,*,#2951,.T.);
#3548 = ORIENTED_EDGE('',*,*,#3549,.T.);
#3549 = EDGE_CURVE('',#2929,#3550,#3552,.T.);
#3550 = VERTEX_POINT('',#3551);
#3551 = CARTESIAN_POINT('',(4.943233881425E-15,51.804913438935,
    -7.761105902624));
#3552 = SEAM_CURVE('',#3553,(#3557,#3564),.PCURVE_S1.);
#3553 = LINE('',#3554,#3555);
#3554 = CARTESIAN_POINT('',(3.77863365356E-15,48.043816153771,
    -5.028508772987));
#3555 = VECTOR('',#3556,1.);
#3556 = DIRECTION('',(2.505070474278E-16,0.809016994375,-0.587785252292)
  );
#3557 = PCURVE('',#2966,#3558);
#3558 = DEFINITIONAL_REPRESENTATION('',(#3559),#3563);
#3559 = LINE('',#3560,#3561);
#3560 = CARTESIAN_POINT('',(0.,-0.));
#3561 = VECTOR('',#3562,1.);
#3562 = DIRECTION('',(-0.,-1.));
#3563 = ( GEOMETRIC_REPRESENTATION_CONTEXT(2) 
PARAMETRIC_REPRESENTATION_CONTEXT() REPRESENTATION_CONTEXT('2D SPACE',''
  ) );
#3564 = PCURVE('',#2966,#3565);
#3565 = DEFINITIONAL_REPRESENTATION('',(#3566),#3570);
#3566 = LINE('',#3567,#3568);
#3567 = CARTESIAN_POINT('',(-6.28318530718,0.));
#3568 = VECTOR('',#3569,1.);
#3569 = DIRECTION('',(-0.,-1.));
#3570 = ( GEOMETRIC_REPRESENTATION_CONTEXT(2) 
PARAMETRIC_REPRESENTATION_CONTEXT() REPRESENTATION_CONTEXT('2D SPACE',''
  ) );
#3571 = ORIENTED_EDGE('',*,*,#3572,.F.);
#3572 = EDGE_CURVE('',#3573,#3550,#3575,.T.);
#3573 = VERTEX_POINT('',#3574);
#3574 = CARTESIAN_POINT('',(-3.3,52.092527390003,-11.04854840632));
#3575 = SURFACE_CURVE('',#3576,(#3581,#3588),.PCURVE_S1.);
#3576 = CIRCLE('',#3577,3.3);
#3577 = AXIS2_PLACEMENT_3D('',#3578,#3579,#3580);
#3578 = CARTESIAN_POINT('',(5.78343233193E-15,52.092527390003,
    -11.04854840632));
#3579 = DIRECTION('',(1.105998290831E-16,0.996194698092,
    8.715574274766E-02));
#3580 = DIRECTION('',(-9.676231232676E-18,-8.715574274766E-02,
    0.996194698092));
#3581 = PCURVE('',#2966,#3582);
#3582 = DEFINITIONAL_REPRESENTATION('',(#3583),#3587);
#3583 = LINE('',#3584,#3585);
#3584 = CARTESIAN_POINT('',(-0.,-3.508623642024));
#3585 = VECTOR('',#3586,1.);
#3586 = DIRECTION('',(-1.,-0.));
#3587 = ( GEOMETRIC_REPRESENTATION_CONTEXT(2) 
PARAMETRIC_REPRESENTATION_CONTEXT() REPRESENTATION_CONTEXT('2D SPACE',''
  ) );
#3588 = PCURVE('',#3589,#3594);
#3589 = CYLINDRICAL_SURFACE('',#3590,3.3);
#3590 = AXIS2_PLACEMENT_3D('',#3591,#3592,#3593);
#3591 = CARTESIAN_POINT('',(5.284779327722E-15,47.601060422127,
    -11.44150084861));
#3592 = DIRECTION('',(-1.105998290831E-16,-0.996194698092,
    -8.715574274766E-02));
#3593 = DIRECTION('',(-1.,1.110223024625E-16,0.));
#3594 = DEFINITIONAL_REPRESENTATION('',(#3595),#3599);
#3595 = LINE('',#3596,#3597);
#3596 = CARTESIAN_POINT('',(4.712388980385,-4.508623642024));
#3597 = VECTOR('',#3598,1.);
#3598 = DIRECTION('',(-1.,0.));
#3599 = ( GEOMETRIC_REPRESENTATION_CONTEXT(2) 
PARAMETRIC_REPRESENTATION_CONTEXT() REPRESENTATION_CONTEXT('2D SPACE',''
  ) );
#3600 = ORIENTED_EDGE('',*,*,#3601,.F.);
#3601 = EDGE_CURVE('',#3550,#3573,#3602,.T.);
#3602 = SURFACE_CURVE('',#3603,(#3608,#3615),.PCURVE_S1.);
#3603 = CIRCLE('',#3604,3.3);
#3604 = AXIS2_PLACEMENT_3D('',#3605,#3606,#3607);
#3605 = CARTESIAN_POINT('',(5.78343233193E-15,52.092527390003,
    -11.04854840632));
#3606 = DIRECTION('',(1.105998290831E-16,0.996194698092,
    8.715574274766E-02));
#3607 = DIRECTION('',(-9.676231232676E-18,-8.715574274766E-02,
    0.996194698092));
#3608 = PCURVE('',#2966,#3609);
#3609 = DEFINITIONAL_REPRESENTATION('',(#3610),#3614);
#3610 = LINE('',#3611,#3612);
#3611 = CARTESIAN_POINT('',(-0.,-3.508623642024));
#3612 = VECTOR('',#3613,1.);
#3613 = DIRECTION('',(-1.,-0.));
#3614 = ( GEOMETRIC_REPRESENTATION_CONTEXT(2) 
PARAMETRIC_REPRESENTATION_CONTEXT() REPRESENTATION_CONTEXT('2D SPACE',''
  ) );
#3615 = PCURVE('',#3589,#3616);
#3616 = DEFINITIONAL_REPRESENTATION('',(#3617),#3621);
#3617 = LINE('',#3618,#3619);
#3618 = CARTESIAN_POINT('',(-1.570796326795,-4.508623642024));
#3619 = VECTOR('',#3620,1.);
#3620 = DIRECTION('',(-1.,0.));
#3621 = ( GEOMETRIC_REPRESENTATION_CONTEXT(2) 
PARAMETRIC_REPRESENTATION_CONTEXT() REPRESENTATION_CONTEXT('2D SPACE',''
  ) );
#3622 = ORIENTED_EDGE('',*,*,#3549,.F.);
#3623 = ADVANCED_FACE('',(#3624,#3627),#3021,.F.);
#3624 = FACE_BOUND('',#3625,.F.);
#3625 = EDGE_LOOP('',(#3626));
#3626 = ORIENTED_EDGE('',*,*,#3006,.T.);
#3627 = FACE_BOUND('',#3628,.F.);
#3628 = EDGE_LOOP('',(#3629));
#3629 = ORIENTED_EDGE('',*,*,#3630,.F.);
#3630 = EDGE_CURVE('',#3631,#3631,#3633,.T.);
#3631 = VERTEX_POINT('',#3632);
#3632 = CARTESIAN_POINT('',(12.,2.124508185672E-16,-4.));
#3633 = SURFACE_CURVE('',#3634,(#3639,#3646),.PCURVE_S1.);
#3634 = CIRCLE('',#3635,12.);
#3635 = AXIS2_PLACEMENT_3D('',#3636,#3637,#3638);
#3636 = CARTESIAN_POINT('',(7.555092137322E-14,2.124508185672E-16,-4.));
#3637 = DIRECTION('',(0.,0.,1.));
#3638 = DIRECTION('',(1.,0.,0.));
#3639 = PCURVE('',#3021,#3640);
#3640 = DEFINITIONAL_REPRESENTATION('',(#3641),#3645);
#3641 = CIRCLE('',#3642,12.);
#3642 = AXIS2_PLACEMENT_2D('',#3643,#3644);
#3643 = CARTESIAN_POINT('',(7.62499323036E-14,-5.467136286208E-16));
#3644 = DIRECTION('',(1.,0.));
#3645 = ( GEOMETRIC_REPRESENTATION_CONTEXT(2) 
PARAMETRIC_REPRESENTATION_CONTEXT() REPRESENTATION_CONTEXT('2D SPACE',''
  ) );
#3646 = PCURVE('',#3472,#3647);
#3647 = DEFINITIONAL_REPRESENTATION('',(#3648),#3652);
#3648 = LINE('',#3649,#3650);
#3649 = CARTESIAN_POINT('',(-0.,-16.));
#3650 = VECTOR('',#3651,1.);
#3651 = DIRECTION('',(-1.,0.));
#3652 = ( GEOMETRIC_REPRESENTATION_CONTEXT(2) 
PARAMETRIC_REPRESENTATION_CONTEXT() REPRESENTATION_CONTEXT('2D SPACE',''
  ) );
#3653 = ADVANCED_FACE('',(#3654),#3111,.F.);
#3654 = FACE_BOUND('',#3655,.T.);
#3655 = EDGE_LOOP('',(#3656,#3679,#3680,#3703));
#3656 = ORIENTED_EDGE('',*,*,#3657,.F.);
#3657 = EDGE_CURVE('',#3093,#3658,#3660,.T.);
#3658 = VERTEX_POINT('',#3659);
#3659 = CARTESIAN_POINT('',(-43.3,54.798822673497,-21.30169555119));
#3660 = SURFACE_CURVE('',#3661,(#3665,#3672),.PCURVE_S1.);
#3661 = LINE('',#3662,#3663);
#3662 = CARTESIAN_POINT('',(-43.3,54.798822673497,-21.30169555119));
#3663 = VECTOR('',#3664,1.);
#3664 = DIRECTION('',(-8.504801786368E-17,-0.766044443119,0.642787609687
    ));
#3665 = PCURVE('',#3111,#3666);
#3666 = DEFINITIONAL_REPRESENTATION('',(#3667),#3671);
#3667 = LINE('',#3668,#3669);
#3668 = CARTESIAN_POINT('',(0.,-0.));
#3669 = VECTOR('',#3670,1.);
#3670 = DIRECTION('',(0.,-1.));
#3671 = ( GEOMETRIC_REPRESENTATION_CONTEXT(2) 
PARAMETRIC_REPRESENTATION_CONTEXT() REPRESENTATION_CONTEXT('2D SPACE',''
  ) );
#3672 = PCURVE('',#3139,#3673);
#3673 = DEFINITIONAL_REPRESENTATION('',(#3674),#3678);
#3674 = LINE('',#3675,#3676);
#3675 = CARTESIAN_POINT('',(86.6,0.707106781187));
#3676 = VECTOR('',#3677,1.);
#3677 = DIRECTION('',(2.898236452412E-33,1.));
#3678 = ( GEOMETRIC_REPRESENTATION_CONTEXT(2) 
PARAMETRIC_REPRESENTATION_CONTEXT() REPRESENTATION_CONTEXT('2D SPACE',''
  ) );
#3679 = ORIENTED_EDGE('',*,*,#3092,.T.);
#3680 = ORIENTED_EDGE('',*,*,#3681,.T.);
#3681 = EDGE_CURVE('',#3095,#3682,#3684,.T.);
#3682 = VERTEX_POINT('',#3683);
#3683 = CARTESIAN_POINT('',(-45.3,54.624511188002,-19.30930615501));
#3684 = SURFACE_CURVE('',#3685,(#3689,#3696),.PCURVE_S1.);
#3685 = LINE('',#3686,#3687);
#3686 = CARTESIAN_POINT('',(-45.3,54.624511188002,-19.30930615501));
#3687 = VECTOR('',#3688,1.);
#3688 = DIRECTION('',(0.707106781187,-0.704416026403,-6.162841671622E-02
    ));
#3689 = PCURVE('',#3111,#3690);
#3690 = DEFINITIONAL_REPRESENTATION('',(#3691),#3695);
#3691 = LINE('',#3692,#3693);
#3692 = CARTESIAN_POINT('',(1.570796326795,-0.));
#3693 = VECTOR('',#3694,1.);
#3694 = DIRECTION('',(0.,-1.));
#3695 = ( GEOMETRIC_REPRESENTATION_CONTEXT(2) 
PARAMETRIC_REPRESENTATION_CONTEXT() REPRESENTATION_CONTEXT('2D SPACE',''
  ) );
#3696 = PCURVE('',#3308,#3697);
#3697 = DEFINITIONAL_REPRESENTATION('',(#3698),#3702);
#3698 = LINE('',#3699,#3700);
#3699 = CARTESIAN_POINT('',(-1.923454847699E-15,0.707106781187));
#3700 = VECTOR('',#3701,1.);
#3701 = DIRECTION('',(4.238632969676E-17,1.));
#3702 = ( GEOMETRIC_REPRESENTATION_CONTEXT(2) 
PARAMETRIC_REPRESENTATION_CONTEXT() REPRESENTATION_CONTEXT('2D SPACE',''
  ) );
#3703 = ORIENTED_EDGE('',*,*,#3704,.F.);
#3704 = EDGE_CURVE('',#3658,#3682,#3705,.T.);
#3705 = SURFACE_CURVE('',#3706,(#3711,#3718),.PCURVE_S1.);
#3706 = CIRCLE('',#3707,2.);
#3707 = AXIS2_PLACEMENT_3D('',#3708,#3709,#3710);
#3708 = CARTESIAN_POINT('',(-43.3,54.624511188002,-19.30930615501));
#3709 = DIRECTION('',(1.105998290831E-16,0.996194698092,
    8.715574274766E-02));
#3710 = DIRECTION('',(9.676231232676E-18,8.715574274766E-02,
    -0.996194698092));
#3711 = PCURVE('',#3111,#3712);
#3712 = DEFINITIONAL_REPRESENTATION('',(#3713),#3717);
#3713 = LINE('',#3714,#3715);
#3714 = CARTESIAN_POINT('',(0.,-0.));
#3715 = VECTOR('',#3716,1.);
#3716 = DIRECTION('',(1.,-0.));
#3717 = ( GEOMETRIC_REPRESENTATION_CONTEXT(2) 
PARAMETRIC_REPRESENTATION_CONTEXT() REPRESENTATION_CONTEXT('2D SPACE',''
  ) );
#3718 = PCURVE('',#3719,#3724);
#3719 = CYLINDRICAL_SURFACE('',#3720,2.);
#3720 = AXIS2_PLACEMENT_3D('',#3721,#3722,#3723);
#3721 = CARTESIAN_POINT('',(-43.3,52.134024442772,-19.52719551188));
#3722 = DIRECTION('',(1.105998290831E-16,0.996194698092,
    8.715574274766E-02));
#3723 = DIRECTION('',(9.676231232676E-18,8.715574274766E-02,
    -0.996194698092));
#3724 = DEFINITIONAL_REPRESENTATION('',(#3725),#3729);
#3725 = LINE('',#3726,#3727);
#3726 = CARTESIAN_POINT('',(0.,2.5));
#3727 = VECTOR('',#3728,1.);
#3728 = DIRECTION('',(1.,0.));
#3729 = ( GEOMETRIC_REPRESENTATION_CONTEXT(2) 
PARAMETRIC_REPRESENTATION_CONTEXT() REPRESENTATION_CONTEXT('2D SPACE',''
  ) );
#3730 = ADVANCED_FACE('',(#3731),#3139,.T.);
#3731 = FACE_BOUND('',#3732,.T.);
#3732 = EDGE_LOOP('',(#3733,#3756,#3757,#3758));
#3733 = ORIENTED_EDGE('',*,*,#3734,.F.);
#3734 = EDGE_CURVE('',#3124,#3735,#3737,.T.);
#3735 = VERTEX_POINT('',#3736);
#3736 = CARTESIAN_POINT('',(43.3,54.798822673497,-21.30169555119));
#3737 = SURFACE_CURVE('',#3738,(#3742,#3749),.PCURVE_S1.);
#3738 = LINE('',#3739,#3740);
#3739 = CARTESIAN_POINT('',(43.3,54.798822673497,-21.30169555119));
#3740 = VECTOR('',#3741,1.);
#3741 = DIRECTION('',(-1.283458206755E-16,-0.766044443119,0.642787609687
    ));
#3742 = PCURVE('',#3139,#3743);
#3743 = DEFINITIONAL_REPRESENTATION('',(#3744),#3748);
#3744 = LINE('',#3745,#3746);
#3745 = CARTESIAN_POINT('',(-6.013803015789E-17,0.707106781187));
#3746 = VECTOR('',#3747,1.);
#3747 = DIRECTION('',(4.329780281177E-17,1.));
#3748 = ( GEOMETRIC_REPRESENTATION_CONTEXT(2) 
PARAMETRIC_REPRESENTATION_CONTEXT() REPRESENTATION_CONTEXT('2D SPACE',''
  ) );
#3749 = PCURVE('',#3168,#3750);
#3750 = DEFINITIONAL_REPRESENTATION('',(#3751),#3755);
#3751 = LINE('',#3752,#3753);
#3752 = CARTESIAN_POINT('',(1.570796326795,-0.));
#3753 = VECTOR('',#3754,1.);
#3754 = DIRECTION('',(0.,-1.));
#3755 = ( GEOMETRIC_REPRESENTATION_CONTEXT(2) 
PARAMETRIC_REPRESENTATION_CONTEXT() REPRESENTATION_CONTEXT('2D SPACE',''
  ) );
#3756 = ORIENTED_EDGE('',*,*,#3123,.T.);
#3757 = ORIENTED_EDGE('',*,*,#3657,.T.);
#3758 = ORIENTED_EDGE('',*,*,#3759,.F.);
#3759 = EDGE_CURVE('',#3735,#3658,#3760,.T.);
#3760 = SURFACE_CURVE('',#3761,(#3765,#3772),.PCURVE_S1.);
#3761 = LINE('',#3762,#3763);
#3762 = CARTESIAN_POINT('',(43.3,54.798822673497,-21.30169555119));
#3763 = VECTOR('',#3764,1.);
#3764 = DIRECTION('',(-1.,1.110223024625E-16,0.));
#3765 = PCURVE('',#3139,#3766);
#3766 = DEFINITIONAL_REPRESENTATION('',(#3767),#3771);
#3767 = LINE('',#3768,#3769);
#3768 = CARTESIAN_POINT('',(-6.013803015789E-17,0.707106781187));
#3769 = VECTOR('',#3770,1.);
#3770 = DIRECTION('',(1.,1.41267976596E-33));
#3771 = ( GEOMETRIC_REPRESENTATION_CONTEXT(2) 
PARAMETRIC_REPRESENTATION_CONTEXT() REPRESENTATION_CONTEXT('2D SPACE',''
  ) );
#3772 = PCURVE('',#3773,#3778);
#3773 = PLANE('',#3774);
#3774 = AXIS2_PLACEMENT_3D('',#3775,#3776,#3777);
#3775 = CARTESIAN_POINT('',(45.3,52.308335928268,-21.51958490806));
#3776 = DIRECTION('',(-9.676231232676E-18,-8.715574274766E-02,
    0.996194698092));
#3777 = DIRECTION('',(-1.,1.110223024625E-16,0.));
#3778 = DEFINITIONAL_REPRESENTATION('',(#3779),#3783);
#3779 = LINE('',#3780,#3781);
#3780 = CARTESIAN_POINT('',(2.,-2.5));
#3781 = VECTOR('',#3782,1.);
#3782 = DIRECTION('',(1.,0.));
#3783 = ( GEOMETRIC_REPRESENTATION_CONTEXT(2) 
PARAMETRIC_REPRESENTATION_CONTEXT() REPRESENTATION_CONTEXT('2D SPACE',''
  ) );
#3784 = ADVANCED_FACE('',(#3785),#3308,.T.);
#3785 = FACE_BOUND('',#3786,.T.);
#3786 = EDGE_LOOP('',(#3787,#3788,#3789,#3812));
#3787 = ORIENTED_EDGE('',*,*,#3681,.F.);
#3788 = ORIENTED_EDGE('',*,*,#3294,.T.);
#3789 = ORIENTED_EDGE('',*,*,#3790,.T.);
#3790 = EDGE_CURVE('',#3266,#3791,#3793,.T.);
#3791 = VERTEX_POINT('',#3792);
#3792 = CARTESIAN_POINT('',(-45.3,52.737589357515,2.258309058674));
#3793 = SURFACE_CURVE('',#3794,(#3798,#3805),.PCURVE_S1.);
#3794 = LINE('',#3795,#3796);
#3795 = CARTESIAN_POINT('',(-45.8,53.235686706561,2.301886930048));
#3796 = VECTOR('',#3797,1.);
#3797 = DIRECTION('',(0.707106781187,-0.704416026403,-6.162841671622E-02
    ));
#3798 = PCURVE('',#3308,#3799);
#3799 = DEFINITIONAL_REPRESENTATION('',(#3800),#3804);
#3800 = LINE('',#3801,#3802);
#3801 = CARTESIAN_POINT('',(21.65,4.629970746684E-15));
#3802 = VECTOR('',#3803,1.);
#3803 = DIRECTION('',(8.849892043856E-19,1.));
#3804 = ( GEOMETRIC_REPRESENTATION_CONTEXT(2) 
PARAMETRIC_REPRESENTATION_CONTEXT() REPRESENTATION_CONTEXT('2D SPACE',''
  ) );
#3805 = PCURVE('',#3282,#3806);
#3806 = DEFINITIONAL_REPRESENTATION('',(#3807),#3811);
#3807 = LINE('',#3808,#3809);
#3808 = CARTESIAN_POINT('',(-0.,0.5));
#3809 = VECTOR('',#3810,1.);
#3810 = DIRECTION('',(0.,-1.));
#3811 = ( GEOMETRIC_REPRESENTATION_CONTEXT(2) 
PARAMETRIC_REPRESENTATION_CONTEXT() REPRESENTATION_CONTEXT('2D SPACE',''
  ) );
#3812 = ORIENTED_EDGE('',*,*,#3813,.F.);
#3813 = EDGE_CURVE('',#3682,#3791,#3814,.T.);
#3814 = SURFACE_CURVE('',#3815,(#3819,#3826),.PCURVE_S1.);
#3815 = LINE('',#3816,#3817);
#3816 = CARTESIAN_POINT('',(-45.3,54.624511188002,-19.30930615501));
#3817 = VECTOR('',#3818,1.);
#3818 = DIRECTION('',(-9.676231232676E-18,-8.715574274766E-02,
    0.996194698092));
#3819 = PCURVE('',#3308,#3820);
#3820 = DEFINITIONAL_REPRESENTATION('',(#3821),#3825);
#3821 = LINE('',#3822,#3823);
#3822 = CARTESIAN_POINT('',(-1.923454847699E-15,0.707106781187));
#3823 = VECTOR('',#3824,1.);
#3824 = DIRECTION('',(1.,8.849892043856E-19));
#3825 = ( GEOMETRIC_REPRESENTATION_CONTEXT(2) 
PARAMETRIC_REPRESENTATION_CONTEXT() REPRESENTATION_CONTEXT('2D SPACE',''
  ) );
#3826 = PCURVE('',#3827,#3832);
#3827 = PLANE('',#3828);
#3828 = AXIS2_PLACEMENT_3D('',#3829,#3830,#3831);
#3829 = CARTESIAN_POINT('',(-45.3,52.308335928268,-21.51958490806));
#3830 = DIRECTION('',(1.,-1.110223024625E-16,0.));
#3831 = DIRECTION('',(-9.676231232676E-18,-8.715574274766E-02,
    0.996194698092));
#3832 = DEFINITIONAL_REPRESENTATION('',(#3833),#3837);
#3833 = LINE('',#3834,#3835);
#3834 = CARTESIAN_POINT('',(2.,-2.5));
#3835 = VECTOR('',#3836,1.);
#3836 = DIRECTION('',(1.,-2.298214621924E-18));
#3837 = ( GEOMETRIC_REPRESENTATION_CONTEXT(2) 
PARAMETRIC_REPRESENTATION_CONTEXT() REPRESENTATION_CONTEXT('2D SPACE',''
  ) );
#3838 = ADVANCED_FACE('',(#3839),#3168,.F.);
#3839 = FACE_BOUND('',#3840,.T.);
#3840 = EDGE_LOOP('',(#3841,#3864,#3865,#3866));
#3841 = ORIENTED_EDGE('',*,*,#3842,.F.);
#3842 = EDGE_CURVE('',#3152,#3843,#3845,.T.);
#3843 = VERTEX_POINT('',#3844);
#3844 = CARTESIAN_POINT('',(45.3,54.624511188002,-19.30930615501));
#3845 = SURFACE_CURVE('',#3846,(#3850,#3857),.PCURVE_S1.);
#3846 = LINE('',#3847,#3848);
#3847 = CARTESIAN_POINT('',(45.8,55.122608537048,-19.26572828363));
#3848 = VECTOR('',#3849,1.);
#3849 = DIRECTION('',(-0.707106781187,-0.704416026403,
    -6.162841671622E-02));
#3850 = PCURVE('',#3168,#3851);
#3851 = DEFINITIONAL_REPRESENTATION('',(#3852),#3856);
#3852 = LINE('',#3853,#3854);
#3853 = CARTESIAN_POINT('',(-0.,0.5));
#3854 = VECTOR('',#3855,1.);
#3855 = DIRECTION('',(0.,-1.));
#3856 = ( GEOMETRIC_REPRESENTATION_CONTEXT(2) 
PARAMETRIC_REPRESENTATION_CONTEXT() REPRESENTATION_CONTEXT('2D SPACE',''
  ) );
#3857 = PCURVE('',#3196,#3858);
#3858 = DEFINITIONAL_REPRESENTATION('',(#3859),#3863);
#3859 = LINE('',#3860,#3861);
#3860 = CARTESIAN_POINT('',(21.65,-4.185881536833E-15));
#3861 = VECTOR('',#3862,1.);
#3862 = DIRECTION('',(6.053904699522E-18,1.));
#3863 = ( GEOMETRIC_REPRESENTATION_CONTEXT(2) 
PARAMETRIC_REPRESENTATION_CONTEXT() REPRESENTATION_CONTEXT('2D SPACE',''
  ) );
#3864 = ORIENTED_EDGE('',*,*,#3151,.T.);
#3865 = ORIENTED_EDGE('',*,*,#3734,.T.);
#3866 = ORIENTED_EDGE('',*,*,#3867,.F.);
#3867 = EDGE_CURVE('',#3843,#3735,#3868,.T.);
#3868 = SURFACE_CURVE('',#3869,(#3874,#3881),.PCURVE_S1.);
#3869 = CIRCLE('',#3870,2.);
#3870 = AXIS2_PLACEMENT_3D('',#3871,#3872,#3873);
#3871 = CARTESIAN_POINT('',(43.3,54.624511188002,-19.30930615501));
#3872 = DIRECTION('',(1.105998290831E-16,0.996194698092,
    8.715574274766E-02));
#3873 = DIRECTION('',(1.,-1.110223024625E-16,0.));
#3874 = PCURVE('',#3168,#3875);
#3875 = DEFINITIONAL_REPRESENTATION('',(#3876),#3880);
#3876 = LINE('',#3877,#3878);
#3877 = CARTESIAN_POINT('',(0.,-0.));
#3878 = VECTOR('',#3879,1.);
#3879 = DIRECTION('',(1.,-0.));
#3880 = ( GEOMETRIC_REPRESENTATION_CONTEXT(2) 
PARAMETRIC_REPRESENTATION_CONTEXT() REPRESENTATION_CONTEXT('2D SPACE',''
  ) );
#3881 = PCURVE('',#3882,#3887);
#3882 = CYLINDRICAL_SURFACE('',#3883,2.);
#3883 = AXIS2_PLACEMENT_3D('',#3884,#3885,#3886);
#3884 = CARTESIAN_POINT('',(43.3,52.134024442772,-19.52719551188));
#3885 = DIRECTION('',(1.105998290831E-16,0.996194698092,
    8.715574274766E-02));
#3886 = DIRECTION('',(9.676231232676E-18,8.715574274766E-02,
    -0.996194698092));
#3887 = DEFINITIONAL_REPRESENTATION('',(#3888),#3892);
#3888 = LINE('',#3889,#3890);
#3889 = CARTESIAN_POINT('',(-1.570796326795,2.5));
#3890 = VECTOR('',#3891,1.);
#3891 = DIRECTION('',(1.,-0.));
#3892 = ( GEOMETRIC_REPRESENTATION_CONTEXT(2) 
PARAMETRIC_REPRESENTATION_CONTEXT() REPRESENTATION_CONTEXT('2D SPACE',''
  ) );
#3893 = ADVANCED_FACE('',(#3894),#3282,.F.);
#3894 = FACE_BOUND('',#3895,.T.);
#3895 = EDGE_LOOP('',(#3896,#3897,#3898,#3921));
#3896 = ORIENTED_EDGE('',*,*,#3790,.F.);
#3897 = ORIENTED_EDGE('',*,*,#3265,.T.);
#3898 = ORIENTED_EDGE('',*,*,#3899,.T.);
#3899 = EDGE_CURVE('',#3238,#3900,#3902,.T.);
#3900 = VERTEX_POINT('',#3901);
#3901 = CARTESIAN_POINT('',(-43.3,52.56327787202,4.250698454858));
#3902 = SURFACE_CURVE('',#3903,(#3907,#3914),.PCURVE_S1.);
#3903 = LINE('',#3904,#3905);
#3904 = CARTESIAN_POINT('',(-43.3,52.56327787202,4.250698454858));
#3905 = VECTOR('',#3906,1.);
#3906 = DIRECTION('',(-2.806595761E-17,-0.642787609687,-0.766044443119)
  );
#3907 = PCURVE('',#3282,#3908);
#3908 = DEFINITIONAL_REPRESENTATION('',(#3909),#3913);
#3909 = LINE('',#3910,#3911);
#3910 = CARTESIAN_POINT('',(1.570796326795,-0.));
#3911 = VECTOR('',#3912,1.);
#3912 = DIRECTION('',(0.,-1.));
#3913 = ( GEOMETRIC_REPRESENTATION_CONTEXT(2) 
PARAMETRIC_REPRESENTATION_CONTEXT() REPRESENTATION_CONTEXT('2D SPACE',''
  ) );
#3914 = PCURVE('',#3253,#3915);
#3915 = DEFINITIONAL_REPRESENTATION('',(#3916),#3920);
#3916 = LINE('',#3917,#3918);
#3917 = CARTESIAN_POINT('',(5.046179892521E-17,0.707106781187));
#3918 = VECTOR('',#3919,1.);
#3919 = DIRECTION('',(4.329780281177E-17,1.));
#3920 = ( GEOMETRIC_REPRESENTATION_CONTEXT(2) 
PARAMETRIC_REPRESENTATION_CONTEXT() REPRESENTATION_CONTEXT('2D SPACE',''
  ) );
#3921 = ORIENTED_EDGE('',*,*,#3922,.F.);
#3922 = EDGE_CURVE('',#3791,#3900,#3923,.T.);
#3923 = SURFACE_CURVE('',#3924,(#3929,#3936),.PCURVE_S1.);
#3924 = CIRCLE('',#3925,2.);
#3925 = AXIS2_PLACEMENT_3D('',#3926,#3927,#3928);
#3926 = CARTESIAN_POINT('',(-43.3,52.737589357515,2.258309058674));
#3927 = DIRECTION('',(1.105998290831E-16,0.996194698092,
    8.715574274766E-02));
#3928 = DIRECTION('',(-1.,1.110223024625E-16,0.));
#3929 = PCURVE('',#3282,#3930);
#3930 = DEFINITIONAL_REPRESENTATION('',(#3931),#3935);
#3931 = LINE('',#3932,#3933);
#3932 = CARTESIAN_POINT('',(0.,-0.));
#3933 = VECTOR('',#3934,1.);
#3934 = DIRECTION('',(1.,-0.));
#3935 = ( GEOMETRIC_REPRESENTATION_CONTEXT(2) 
PARAMETRIC_REPRESENTATION_CONTEXT() REPRESENTATION_CONTEXT('2D SPACE',''
  ) );
#3936 = PCURVE('',#3937,#3942);
#3937 = CYLINDRICAL_SURFACE('',#3938,2.);
#3938 = AXIS2_PLACEMENT_3D('',#3939,#3940,#3941);
#3939 = CARTESIAN_POINT('',(-43.3,50.247102612286,2.040419701805));
#3940 = DIRECTION('',(1.105998290831E-16,0.996194698092,
    8.715574274766E-02));
#3941 = DIRECTION('',(-1.,1.110223024625E-16,0.));
#3942 = DEFINITIONAL_REPRESENTATION('',(#3943),#3947);
#3943 = LINE('',#3944,#3945);
#3944 = CARTESIAN_POINT('',(0.,2.5));
#3945 = VECTOR('',#3946,1.);
#3946 = DIRECTION('',(1.,0.));
#3947 = ( GEOMETRIC_REPRESENTATION_CONTEXT(2) 
PARAMETRIC_REPRESENTATION_CONTEXT() REPRESENTATION_CONTEXT('2D SPACE',''
  ) );
#3948 = ADVANCED_FACE('',(#3949),#3196,.T.);
#3949 = FACE_BOUND('',#3950,.T.);
#3950 = EDGE_LOOP('',(#3951,#3974,#3975,#3976));
#3951 = ORIENTED_EDGE('',*,*,#3952,.F.);
#3952 = EDGE_CURVE('',#3181,#3953,#3955,.T.);
#3953 = VERTEX_POINT('',#3954);
#3954 = CARTESIAN_POINT('',(45.3,52.737589357515,2.258309058674));
#3955 = SURFACE_CURVE('',#3956,(#3960,#3967),.PCURVE_S1.);
#3956 = LINE('',#3957,#3958);
#3957 = CARTESIAN_POINT('',(45.3,52.737589357515,2.258309058674));
#3958 = VECTOR('',#3959,1.);
#3959 = DIRECTION('',(-0.707106781187,-0.704416026403,
    -6.162841671622E-02));
#3960 = PCURVE('',#3196,#3961);
#3961 = DEFINITIONAL_REPRESENTATION('',(#3962),#3966);
#3962 = LINE('',#3963,#3964);
#3963 = CARTESIAN_POINT('',(1.538575823693E-16,0.707106781187));
#3964 = VECTOR('',#3965,1.);
#3965 = DIRECTION('',(4.750243601947E-17,1.));
#3966 = ( GEOMETRIC_REPRESENTATION_CONTEXT(2) 
PARAMETRIC_REPRESENTATION_CONTEXT() REPRESENTATION_CONTEXT('2D SPACE',''
  ) );
#3967 = PCURVE('',#3225,#3968);
#3968 = DEFINITIONAL_REPRESENTATION('',(#3969),#3973);
#3969 = LINE('',#3970,#3971);
#3970 = CARTESIAN_POINT('',(1.570796326795,-0.));
#3971 = VECTOR('',#3972,1.);
#3972 = DIRECTION('',(0.,-1.));
#3973 = ( GEOMETRIC_REPRESENTATION_CONTEXT(2) 
PARAMETRIC_REPRESENTATION_CONTEXT() REPRESENTATION_CONTEXT('2D SPACE',''
  ) );
#3974 = ORIENTED_EDGE('',*,*,#3180,.T.);
#3975 = ORIENTED_EDGE('',*,*,#3842,.T.);
#3976 = ORIENTED_EDGE('',*,*,#3977,.F.);
#3977 = EDGE_CURVE('',#3953,#3843,#3978,.T.);
#3978 = SURFACE_CURVE('',#3979,(#3983,#3990),.PCURVE_S1.);
#3979 = LINE('',#3980,#3981);
#3980 = CARTESIAN_POINT('',(45.3,52.737589357515,2.258309058674));
#3981 = VECTOR('',#3982,1.);
#3982 = DIRECTION('',(9.676231232676E-18,8.715574274766E-02,
    -0.996194698092));
#3983 = PCURVE('',#3196,#3984);
#3984 = DEFINITIONAL_REPRESENTATION('',(#3985),#3989);
#3985 = LINE('',#3986,#3987);
#3986 = CARTESIAN_POINT('',(1.538575823693E-16,0.707106781187));
#3987 = VECTOR('',#3988,1.);
#3988 = DIRECTION('',(1.,6.053904699522E-18));
#3989 = ( GEOMETRIC_REPRESENTATION_CONTEXT(2) 
PARAMETRIC_REPRESENTATION_CONTEXT() REPRESENTATION_CONTEXT('2D SPACE',''
  ) );
#3990 = PCURVE('',#3991,#3996);
#3991 = PLANE('',#3992);
#3992 = AXIS2_PLACEMENT_3D('',#3993,#3994,#3995);
#3993 = CARTESIAN_POINT('',(45.3,50.07279112679,4.032809097988));
#3994 = DIRECTION('',(-1.,1.110223024625E-16,0.));
#3995 = DIRECTION('',(9.676231232676E-18,8.715574274766E-02,
    -0.996194698092));
#3996 = DEFINITIONAL_REPRESENTATION('',(#3997),#4001);
#3997 = LINE('',#3998,#3999);
#3998 = CARTESIAN_POINT('',(2.,-2.5));
#3999 = VECTOR('',#4000,1.);
#4000 = DIRECTION('',(1.,2.298214621924E-18));
#4001 = ( GEOMETRIC_REPRESENTATION_CONTEXT(2) 
PARAMETRIC_REPRESENTATION_CONTEXT() REPRESENTATION_CONTEXT('2D SPACE',''
  ) );
#4002 = ADVANCED_FACE('',(#4003),#3253,.T.);
#4003 = FACE_BOUND('',#4004,.T.);
#4004 = EDGE_LOOP('',(#4005,#4006,#4007,#4030));
#4005 = ORIENTED_EDGE('',*,*,#3899,.F.);
#4006 = ORIENTED_EDGE('',*,*,#3237,.T.);
#4007 = ORIENTED_EDGE('',*,*,#4008,.T.);
#4008 = EDGE_CURVE('',#3209,#4009,#4011,.T.);
#4009 = VERTEX_POINT('',#4010);
#4010 = CARTESIAN_POINT('',(43.3,52.56327787202,4.250698454858));
#4011 = SURFACE_CURVE('',#4012,(#4016,#4023),.PCURVE_S1.);
#4012 = LINE('',#4013,#4014);
#4013 = CARTESIAN_POINT('',(43.3,53.017797349692,4.792373675277));
#4014 = VECTOR('',#4015,1.);
#4015 = DIRECTION('',(-7.136376042178E-17,-0.642787609687,
    -0.766044443119));
#4016 = PCURVE('',#3253,#4017);
#4017 = DEFINITIONAL_REPRESENTATION('',(#4018),#4022);
#4018 = LINE('',#4019,#4020);
#4019 = CARTESIAN_POINT('',(86.6,4.31522796728E-15));
#4020 = VECTOR('',#4021,1.);
#4021 = DIRECTION('',(2.924442891505E-33,1.));
#4022 = ( GEOMETRIC_REPRESENTATION_CONTEXT(2) 
PARAMETRIC_REPRESENTATION_CONTEXT() REPRESENTATION_CONTEXT('2D SPACE',''
  ) );
#4023 = PCURVE('',#3225,#4024);
#4024 = DEFINITIONAL_REPRESENTATION('',(#4025),#4029);
#4025 = LINE('',#4026,#4027);
#4026 = CARTESIAN_POINT('',(-0.,0.5));
#4027 = VECTOR('',#4028,1.);
#4028 = DIRECTION('',(0.,-1.));
#4029 = ( GEOMETRIC_REPRESENTATION_CONTEXT(2) 
PARAMETRIC_REPRESENTATION_CONTEXT() REPRESENTATION_CONTEXT('2D SPACE',''
  ) );
#4030 = ORIENTED_EDGE('',*,*,#4031,.F.);
#4031 = EDGE_CURVE('',#3900,#4009,#4032,.T.);
#4032 = SURFACE_CURVE('',#4033,(#4037,#4044),.PCURVE_S1.);
#4033 = LINE('',#4034,#4035);
#4034 = CARTESIAN_POINT('',(-43.3,52.56327787202,4.250698454858));
#4035 = VECTOR('',#4036,1.);
#4036 = DIRECTION('',(1.,-1.110223024625E-16,0.));
#4037 = PCURVE('',#3253,#4038);
#4038 = DEFINITIONAL_REPRESENTATION('',(#4039),#4043);
#4039 = LINE('',#4040,#4041);
#4040 = CARTESIAN_POINT('',(5.046179892521E-17,0.707106781187));
#4041 = VECTOR('',#4042,1.);
#4042 = DIRECTION('',(1.,1.154025373424E-33));
#4043 = ( GEOMETRIC_REPRESENTATION_CONTEXT(2) 
PARAMETRIC_REPRESENTATION_CONTEXT() REPRESENTATION_CONTEXT('2D SPACE',''
  ) );
#4044 = PCURVE('',#4045,#4050);
#4045 = PLANE('',#4046);
#4046 = AXIS2_PLACEMENT_3D('',#4047,#4048,#4049);
#4047 = CARTESIAN_POINT('',(-45.3,50.07279112679,4.032809097988));
#4048 = DIRECTION('',(9.676231232676E-18,8.715574274766E-02,
    -0.996194698092));
#4049 = DIRECTION('',(1.,-1.110223024625E-16,0.));
#4050 = DEFINITIONAL_REPRESENTATION('',(#4051),#4055);
#4051 = LINE('',#4052,#4053);
#4052 = CARTESIAN_POINT('',(2.,-2.5));
#4053 = VECTOR('',#4054,1.);
#4054 = DIRECTION('',(1.,0.));
#4055 = ( GEOMETRIC_REPRESENTATION_CONTEXT(2) 
PARAMETRIC_REPRESENTATION_CONTEXT() REPRESENTATION_CONTEXT('2D SPACE',''
  ) );
#4056 = ADVANCED_FACE('',(#4057),#3225,.F.);
#4057 = FACE_BOUND('',#4058,.T.);
#4058 = EDGE_LOOP('',(#4059,#4060,#4061,#4062));
#4059 = ORIENTED_EDGE('',*,*,#4008,.F.);
#4060 = ORIENTED_EDGE('',*,*,#3208,.T.);
#4061 = ORIENTED_EDGE('',*,*,#3952,.T.);
#4062 = ORIENTED_EDGE('',*,*,#4063,.F.);
#4063 = EDGE_CURVE('',#4009,#3953,#4064,.T.);
#4064 = SURFACE_CURVE('',#4065,(#4070,#4077),.PCURVE_S1.);
#4065 = CIRCLE('',#4066,2.);
#4066 = AXIS2_PLACEMENT_3D('',#4067,#4068,#4069);
#4067 = CARTESIAN_POINT('',(43.3,52.737589357515,2.258309058674));
#4068 = DIRECTION('',(1.105998290831E-16,0.996194698092,
    8.715574274766E-02));
#4069 = DIRECTION('',(-9.676231232676E-18,-8.715574274766E-02,
    0.996194698092));
#4070 = PCURVE('',#3225,#4071);
#4071 = DEFINITIONAL_REPRESENTATION('',(#4072),#4076);
#4072 = LINE('',#4073,#4074);
#4073 = CARTESIAN_POINT('',(0.,-0.));
#4074 = VECTOR('',#4075,1.);
#4075 = DIRECTION('',(1.,-0.));
#4076 = ( GEOMETRIC_REPRESENTATION_CONTEXT(2) 
PARAMETRIC_REPRESENTATION_CONTEXT() REPRESENTATION_CONTEXT('2D SPACE',''
  ) );
#4077 = PCURVE('',#4078,#4083);
#4078 = CYLINDRICAL_SURFACE('',#4079,2.);
#4079 = AXIS2_PLACEMENT_3D('',#4080,#4081,#4082);
#4080 = CARTESIAN_POINT('',(43.3,50.247102612286,2.040419701805));
#4081 = DIRECTION('',(1.105998290831E-16,0.996194698092,
    8.715574274766E-02));
#4082 = DIRECTION('',(-9.676231232676E-18,-8.715574274766E-02,
    0.996194698092));
#4083 = DEFINITIONAL_REPRESENTATION('',(#4084),#4088);
#4084 = LINE('',#4085,#4086);
#4085 = CARTESIAN_POINT('',(0.,2.5));
#4086 = VECTOR('',#4087,1.);
#4087 = DIRECTION('',(1.,0.));
#4088 = ( GEOMETRIC_REPRESENTATION_CONTEXT(2) 
PARAMETRIC_REPRESENTATION_CONTEXT() REPRESENTATION_CONTEXT('2D SPACE',''
  ) );
#4089 = ADVANCED_FACE('',(#4090),#3472,.F.);
#4090 = FACE_BOUND('',#4091,.T.);
#4091 = EDGE_LOOP('',(#4092,#4093,#4114,#4115));
#4092 = ORIENTED_EDGE('',*,*,#3451,.F.);
#4093 = ORIENTED_EDGE('',*,*,#4094,.T.);
#4094 = EDGE_CURVE('',#3452,#3631,#4095,.T.);
#4095 = SEAM_CURVE('',#4096,(#4100,#4107),.PCURVE_S1.);
#4096 = LINE('',#4097,#4098);
#4097 = CARTESIAN_POINT('',(12.,0.,6.));
#4098 = VECTOR('',#4099,1.);
#4099 = DIRECTION('',(7.638334409421E-15,2.124508185672E-17,-1.));
#4100 = PCURVE('',#3472,#4101);
#4101 = DEFINITIONAL_REPRESENTATION('',(#4102),#4106);
#4102 = LINE('',#4103,#4104);
#4103 = CARTESIAN_POINT('',(-0.,-26.));
#4104 = VECTOR('',#4105,1.);
#4105 = DIRECTION('',(0.,1.));
#4106 = ( GEOMETRIC_REPRESENTATION_CONTEXT(2) 
PARAMETRIC_REPRESENTATION_CONTEXT() REPRESENTATION_CONTEXT('2D SPACE',''
  ) );
#4107 = PCURVE('',#3472,#4108);
#4108 = DEFINITIONAL_REPRESENTATION('',(#4109),#4113);
#4109 = LINE('',#4110,#4111);
#4110 = CARTESIAN_POINT('',(-6.28318530718,-26.));
#4111 = VECTOR('',#4112,1.);
#4112 = DIRECTION('',(0.,1.));
#4113 = ( GEOMETRIC_REPRESENTATION_CONTEXT(2) 
PARAMETRIC_REPRESENTATION_CONTEXT() REPRESENTATION_CONTEXT('2D SPACE',''
  ) );
#4114 = ORIENTED_EDGE('',*,*,#3630,.F.);
#4115 = ORIENTED_EDGE('',*,*,#4094,.F.);
#4116 = ADVANCED_FACE('',(#4117),#3589,.F.);
#4117 = FACE_BOUND('',#4118,.T.);
#4118 = EDGE_LOOP('',(#4119,#4142,#4143,#4144,#4145));
#4119 = ORIENTED_EDGE('',*,*,#4120,.F.);
#4120 = EDGE_CURVE('',#3573,#4121,#4123,.T.);
#4121 = VERTEX_POINT('',#4122);
#4122 = CARTESIAN_POINT('',(-3.3,52.393753114646,-11.02219457025));
#4123 = SEAM_CURVE('',#4124,(#4128,#4135),.PCURVE_S1.);
#4124 = LINE('',#4125,#4126);
#4125 = CARTESIAN_POINT('',(-3.3,47.601060422127,-11.44150084861));
#4126 = VECTOR('',#4127,1.);
#4127 = DIRECTION('',(1.105998290831E-16,0.996194698092,
    8.715574274766E-02));
#4128 = PCURVE('',#3589,#4129);
#4129 = DEFINITIONAL_REPRESENTATION('',(#4130),#4134);
#4130 = LINE('',#4131,#4132);
#4131 = CARTESIAN_POINT('',(-6.28318530718,0.));
#4132 = VECTOR('',#4133,1.);
#4133 = DIRECTION('',(-0.,-1.));
#4134 = ( GEOMETRIC_REPRESENTATION_CONTEXT(2) 
PARAMETRIC_REPRESENTATION_CONTEXT() REPRESENTATION_CONTEXT('2D SPACE',''
  ) );
#4135 = PCURVE('',#3589,#4136);
#4136 = DEFINITIONAL_REPRESENTATION('',(#4137),#4141);
#4137 = LINE('',#4138,#4139);
#4138 = CARTESIAN_POINT('',(-0.,0.));
#4139 = VECTOR('',#4140,1.);
#4140 = DIRECTION('',(-0.,-1.));
#4141 = ( GEOMETRIC_REPRESENTATION_CONTEXT(2) 
PARAMETRIC_REPRESENTATION_CONTEXT() REPRESENTATION_CONTEXT('2D SPACE',''
  ) );
#4142 = ORIENTED_EDGE('',*,*,#3601,.F.);
#4143 = ORIENTED_EDGE('',*,*,#3572,.F.);
#4144 = ORIENTED_EDGE('',*,*,#4120,.T.);
#4145 = ORIENTED_EDGE('',*,*,#4146,.F.);
#4146 = EDGE_CURVE('',#4121,#4121,#4147,.T.);
#4147 = SURFACE_CURVE('',#4148,(#4153,#4160),.PCURVE_S1.);
#4148 = CIRCLE('',#4149,3.3);
#4149 = AXIS2_PLACEMENT_3D('',#4150,#4151,#4152);
#4150 = CARTESIAN_POINT('',(5.816875105441E-15,52.393753114646,
    -11.02219457025));
#4151 = DIRECTION('',(-1.105998290831E-16,-0.996194698092,
    -8.715574274766E-02));
#4152 = DIRECTION('',(-1.,1.110223024625E-16,0.));
#4153 = PCURVE('',#3589,#4154);
#4154 = DEFINITIONAL_REPRESENTATION('',(#4155),#4159);
#4155 = LINE('',#4156,#4157);
#4156 = CARTESIAN_POINT('',(-6.28318530718,-4.811));
#4157 = VECTOR('',#4158,1.);
#4158 = DIRECTION('',(1.,-0.));
#4159 = ( GEOMETRIC_REPRESENTATION_CONTEXT(2) 
PARAMETRIC_REPRESENTATION_CONTEXT() REPRESENTATION_CONTEXT('2D SPACE',''
  ) );
#4160 = PCURVE('',#4161,#4166);
#4161 = PLANE('',#4162);
#4162 = AXIS2_PLACEMENT_3D('',#4163,#4164,#4165);
#4163 = CARTESIAN_POINT('',(6.595690260291E-15,51.764052873295,
    -3.824687876546));
#4164 = DIRECTION('',(1.105998290831E-16,0.996194698092,
    8.715574274766E-02));
#4165 = DIRECTION('',(-9.676231232676E-18,-8.715574274766E-02,
    0.996194698092));
#4166 = DEFINITIONAL_REPRESENTATION('',(#4167),#4175);
#4167 = ( BOUNDED_CURVE() B_SPLINE_CURVE(2,(#4168,#4169,#4170,#4171,
#4172,#4173,#4174),.UNSPECIFIED.,.T.,.F.) B_SPLINE_CURVE_WITH_KNOTS((1,2
    ,2,2,2,1),(-2.094395102393,0.,2.094395102393,4.188790204786,
6.28318530718,8.377580409573),.UNSPECIFIED.) CURVE() 
GEOMETRIC_REPRESENTATION_ITEM() RATIONAL_B_SPLINE_CURVE((1.,0.5,1.,0.5,
1.,0.5,1.)) REPRESENTATION_ITEM('') );
#4168 = CARTESIAN_POINT('',(-7.225,-3.3));
#4169 = CARTESIAN_POINT('',(-12.94076766497,-3.3));
#4170 = CARTESIAN_POINT('',(-10.08288383248,1.65));
#4171 = CARTESIAN_POINT('',(-7.225,6.6));
#4172 = CARTESIAN_POINT('',(-4.367116167511,1.65));
#4173 = CARTESIAN_POINT('',(-1.509232335023,-3.3));
#4174 = CARTESIAN_POINT('',(-7.225,-3.3));
#4175 = ( GEOMETRIC_REPRESENTATION_CONTEXT(2) 
PARAMETRIC_REPRESENTATION_CONTEXT() REPRESENTATION_CONTEXT('2D SPACE',''
  ) );
#4176 = ADVANCED_FACE('',(#4177),#3719,.F.);
#4177 = FACE_BOUND('',#4178,.F.);
#4178 = EDGE_LOOP('',(#4179,#4202,#4226,#4247));
#4179 = ORIENTED_EDGE('',*,*,#4180,.F.);
#4180 = EDGE_CURVE('',#4181,#3658,#4183,.T.);
#4181 = VERTEX_POINT('',#4182);
#4182 = CARTESIAN_POINT('',(-43.3,53.30453062636,-21.43242916531));
#4183 = SURFACE_CURVE('',#4184,(#4188,#4195),.PCURVE_S1.);
#4184 = LINE('',#4185,#4186);
#4185 = CARTESIAN_POINT('',(-43.3,52.308335928268,-21.51958490806));
#4186 = VECTOR('',#4187,1.);
#4187 = DIRECTION('',(1.105998290831E-16,0.996194698092,
    8.715574274766E-02));
#4188 = PCURVE('',#3719,#4189);
#4189 = DEFINITIONAL_REPRESENTATION('',(#4190),#4194);
#4190 = LINE('',#4191,#4192);
#4191 = CARTESIAN_POINT('',(0.,0.));
#4192 = VECTOR('',#4193,1.);
#4193 = DIRECTION('',(0.,1.));
#4194 = ( GEOMETRIC_REPRESENTATION_CONTEXT(2) 
PARAMETRIC_REPRESENTATION_CONTEXT() REPRESENTATION_CONTEXT('2D SPACE',''
  ) );
#4195 = PCURVE('',#3773,#4196);
#4196 = DEFINITIONAL_REPRESENTATION('',(#4197),#4201);
#4197 = LINE('',#4198,#4199);
#4198 = CARTESIAN_POINT('',(88.6,-4.357633265874E-15));
#4199 = VECTOR('',#4200,1.);
#4200 = DIRECTION('',(0.,-1.));
#4201 = ( GEOMETRIC_REPRESENTATION_CONTEXT(2) 
PARAMETRIC_REPRESENTATION_CONTEXT() REPRESENTATION_CONTEXT('2D SPACE',''
  ) );
#4202 = ORIENTED_EDGE('',*,*,#4203,.T.);
#4203 = EDGE_CURVE('',#4181,#4204,#4206,.T.);
#4204 = VERTEX_POINT('',#4205);
#4205 = CARTESIAN_POINT('',(-45.3,53.130219140864,-19.44003976913));
#4206 = SURFACE_CURVE('',#4207,(#4212,#4219),.PCURVE_S1.);
#4207 = CIRCLE('',#4208,2.);
#4208 = AXIS2_PLACEMENT_3D('',#4209,#4210,#4211);
#4209 = CARTESIAN_POINT('',(-43.3,53.130219140864,-19.44003976913));
#4210 = DIRECTION('',(1.105998290831E-16,0.996194698092,
    8.715574274766E-02));
#4211 = DIRECTION('',(9.676231232676E-18,8.715574274766E-02,
    -0.996194698092));
#4212 = PCURVE('',#3719,#4213);
#4213 = DEFINITIONAL_REPRESENTATION('',(#4214),#4218);
#4214 = LINE('',#4215,#4216);
#4215 = CARTESIAN_POINT('',(0.,1.));
#4216 = VECTOR('',#4217,1.);
#4217 = DIRECTION('',(1.,0.));
#4218 = ( GEOMETRIC_REPRESENTATION_CONTEXT(2) 
PARAMETRIC_REPRESENTATION_CONTEXT() REPRESENTATION_CONTEXT('2D SPACE',''
  ) );
#4219 = PCURVE('',#4161,#4220);
#4220 = DEFINITIONAL_REPRESENTATION('',(#4221),#4225);
#4221 = CIRCLE('',#4222,2.);
#4222 = AXIS2_PLACEMENT_2D('',#4223,#4224);
#4223 = CARTESIAN_POINT('',(-15.675,-43.3));
#4224 = DIRECTION('',(-1.,0.));
#4225 = ( GEOMETRIC_REPRESENTATION_CONTEXT(2) 
PARAMETRIC_REPRESENTATION_CONTEXT() REPRESENTATION_CONTEXT('2D SPACE',''
  ) );
#4226 = ORIENTED_EDGE('',*,*,#4227,.T.);
#4227 = EDGE_CURVE('',#4204,#3682,#4228,.T.);
#4228 = SURFACE_CURVE('',#4229,(#4233,#4240),.PCURVE_S1.);
#4229 = LINE('',#4230,#4231);
#4230 = CARTESIAN_POINT('',(-45.3,52.134024442772,-19.52719551188));
#4231 = VECTOR('',#4232,1.);
#4232 = DIRECTION('',(1.105998290831E-16,0.996194698092,
    8.715574274766E-02));
#4233 = PCURVE('',#3719,#4234);
#4234 = DEFINITIONAL_REPRESENTATION('',(#4235),#4239);
#4235 = LINE('',#4236,#4237);
#4236 = CARTESIAN_POINT('',(1.570796326795,0.));
#4237 = VECTOR('',#4238,1.);
#4238 = DIRECTION('',(0.,1.));
#4239 = ( GEOMETRIC_REPRESENTATION_CONTEXT(2) 
PARAMETRIC_REPRESENTATION_CONTEXT() REPRESENTATION_CONTEXT('2D SPACE',''
  ) );
#4240 = PCURVE('',#3827,#4241);
#4241 = DEFINITIONAL_REPRESENTATION('',(#4242),#4246);
#4242 = LINE('',#4243,#4244);
#4243 = CARTESIAN_POINT('',(2.,-2.14026555444E-17));
#4244 = VECTOR('',#4245,1.);
#4245 = DIRECTION('',(2.298214621924E-18,-1.));
#4246 = ( GEOMETRIC_REPRESENTATION_CONTEXT(2) 
PARAMETRIC_REPRESENTATION_CONTEXT() REPRESENTATION_CONTEXT('2D SPACE',''
  ) );
#4247 = ORIENTED_EDGE('',*,*,#3704,.F.);
#4248 = ADVANCED_FACE('',(#4249),#3773,.T.);
#4249 = FACE_BOUND('',#4250,.T.);
#4250 = EDGE_LOOP('',(#4251,#4252,#4275,#4296));
#4251 = ORIENTED_EDGE('',*,*,#4180,.F.);
#4252 = ORIENTED_EDGE('',*,*,#4253,.T.);
#4253 = EDGE_CURVE('',#4181,#4254,#4256,.T.);
#4254 = VERTEX_POINT('',#4255);
#4255 = CARTESIAN_POINT('',(43.3,53.30453062636,-21.43242916531));
#4256 = SURFACE_CURVE('',#4257,(#4261,#4268),.PCURVE_S1.);
#4257 = LINE('',#4258,#4259);
#4258 = CARTESIAN_POINT('',(22.65,53.30453062636,-21.43242916531));
#4259 = VECTOR('',#4260,1.);
#4260 = DIRECTION('',(1.,-1.110223024625E-16,0.));
#4261 = PCURVE('',#3773,#4262);
#4262 = DEFINITIONAL_REPRESENTATION('',(#4263),#4267);
#4263 = LINE('',#4264,#4265);
#4264 = CARTESIAN_POINT('',(22.65,-1.));
#4265 = VECTOR('',#4266,1.);
#4266 = DIRECTION('',(-1.,0.));
#4267 = ( GEOMETRIC_REPRESENTATION_CONTEXT(2) 
PARAMETRIC_REPRESENTATION_CONTEXT() REPRESENTATION_CONTEXT('2D SPACE',''
  ) );
#4268 = PCURVE('',#4161,#4269);
#4269 = DEFINITIONAL_REPRESENTATION('',(#4270),#4274);
#4270 = LINE('',#4271,#4272);
#4271 = CARTESIAN_POINT('',(-17.675,22.65));
#4272 = VECTOR('',#4273,1.);
#4273 = DIRECTION('',(0.,1.));
#4274 = ( GEOMETRIC_REPRESENTATION_CONTEXT(2) 
PARAMETRIC_REPRESENTATION_CONTEXT() REPRESENTATION_CONTEXT('2D SPACE',''
  ) );
#4275 = ORIENTED_EDGE('',*,*,#4276,.T.);
#4276 = EDGE_CURVE('',#4254,#3735,#4277,.T.);
#4277 = SURFACE_CURVE('',#4278,(#4282,#4289),.PCURVE_S1.);
#4278 = LINE('',#4279,#4280);
#4279 = CARTESIAN_POINT('',(43.3,52.308335928268,-21.51958490806));
#4280 = VECTOR('',#4281,1.);
#4281 = DIRECTION('',(1.105998290831E-16,0.996194698092,
    8.715574274766E-02));
#4282 = PCURVE('',#3773,#4283);
#4283 = DEFINITIONAL_REPRESENTATION('',(#4284),#4288);
#4284 = LINE('',#4285,#4286);
#4285 = CARTESIAN_POINT('',(2.,2.211996581662E-16));
#4286 = VECTOR('',#4287,1.);
#4287 = DIRECTION('',(0.,-1.));
#4288 = ( GEOMETRIC_REPRESENTATION_CONTEXT(2) 
PARAMETRIC_REPRESENTATION_CONTEXT() REPRESENTATION_CONTEXT('2D SPACE',''
  ) );
#4289 = PCURVE('',#3882,#4290);
#4290 = DEFINITIONAL_REPRESENTATION('',(#4291),#4295);
#4291 = LINE('',#4292,#4293);
#4292 = CARTESIAN_POINT('',(-0.,0.));
#4293 = VECTOR('',#4294,1.);
#4294 = DIRECTION('',(-0.,1.));
#4295 = ( GEOMETRIC_REPRESENTATION_CONTEXT(2) 
PARAMETRIC_REPRESENTATION_CONTEXT() REPRESENTATION_CONTEXT('2D SPACE',''
  ) );
#4296 = ORIENTED_EDGE('',*,*,#3759,.T.);
#4297 = ADVANCED_FACE('',(#4298),#3827,.T.);
#4298 = FACE_BOUND('',#4299,.T.);
#4299 = EDGE_LOOP('',(#4300,#4323,#4344,#4345));
#4300 = ORIENTED_EDGE('',*,*,#4301,.F.);
#4301 = EDGE_CURVE('',#4302,#3791,#4304,.T.);
#4302 = VERTEX_POINT('',#4303);
#4303 = CARTESIAN_POINT('',(-45.3,51.243297310377,2.127575444553));
#4304 = SURFACE_CURVE('',#4305,(#4309,#4316),.PCURVE_S1.);
#4305 = LINE('',#4306,#4307);
#4306 = CARTESIAN_POINT('',(-45.3,50.247102612286,2.040419701805));
#4307 = VECTOR('',#4308,1.);
#4308 = DIRECTION('',(1.105998290831E-16,0.996194698092,
    8.715574274766E-02));
#4309 = PCURVE('',#3827,#4310);
#4310 = DEFINITIONAL_REPRESENTATION('',(#4311),#4315);
#4311 = LINE('',#4312,#4313);
#4312 = CARTESIAN_POINT('',(23.65,5.896920922899E-15));
#4313 = VECTOR('',#4314,1.);
#4314 = DIRECTION('',(2.298214621924E-18,-1.));
#4315 = ( GEOMETRIC_REPRESENTATION_CONTEXT(2) 
PARAMETRIC_REPRESENTATION_CONTEXT() REPRESENTATION_CONTEXT('2D SPACE',''
  ) );
#4316 = PCURVE('',#3937,#4317);
#4317 = DEFINITIONAL_REPRESENTATION('',(#4318),#4322);
#4318 = LINE('',#4319,#4320);
#4319 = CARTESIAN_POINT('',(0.,0.));
#4320 = VECTOR('',#4321,1.);
#4321 = DIRECTION('',(0.,1.));
#4322 = ( GEOMETRIC_REPRESENTATION_CONTEXT(2) 
PARAMETRIC_REPRESENTATION_CONTEXT() REPRESENTATION_CONTEXT('2D SPACE',''
  ) );
#4323 = ORIENTED_EDGE('',*,*,#4324,.T.);
#4324 = EDGE_CURVE('',#4302,#4204,#4325,.T.);
#4325 = SURFACE_CURVE('',#4326,(#4330,#4337),.PCURVE_S1.);
#4326 = LINE('',#4327,#4328);
#4327 = CARTESIAN_POINT('',(-45.3,52.74564442599,-15.0443306638));
#4328 = VECTOR('',#4329,1.);
#4329 = DIRECTION('',(9.676231232676E-18,8.715574274766E-02,
    -0.996194698092));
#4330 = PCURVE('',#3827,#4331);
#4331 = DEFINITIONAL_REPRESENTATION('',(#4332),#4336);
#4332 = LINE('',#4333,#4334);
#4333 = CARTESIAN_POINT('',(6.4125,-1.));
#4334 = VECTOR('',#4335,1.);
#4335 = DIRECTION('',(-1.,2.298214621924E-18));
#4336 = ( GEOMETRIC_REPRESENTATION_CONTEXT(2) 
PARAMETRIC_REPRESENTATION_CONTEXT() REPRESENTATION_CONTEXT('2D SPACE',''
  ) );
#4337 = PCURVE('',#4161,#4338);
#4338 = DEFINITIONAL_REPRESENTATION('',(#4339),#4343);
#4339 = LINE('',#4340,#4341);
#4340 = CARTESIAN_POINT('',(-11.2625,-45.3));
#4341 = VECTOR('',#4342,1.);
#4342 = DIRECTION('',(-1.,0.));
#4343 = ( GEOMETRIC_REPRESENTATION_CONTEXT(2) 
PARAMETRIC_REPRESENTATION_CONTEXT() REPRESENTATION_CONTEXT('2D SPACE',''
  ) );
#4344 = ORIENTED_EDGE('',*,*,#4227,.T.);
#4345 = ORIENTED_EDGE('',*,*,#3813,.T.);
#4346 = ADVANCED_FACE('',(#4347),#3882,.F.);
#4347 = FACE_BOUND('',#4348,.T.);
#4348 = EDGE_LOOP('',(#4349,#4350,#4374,#4395));
#4349 = ORIENTED_EDGE('',*,*,#4276,.F.);
#4350 = ORIENTED_EDGE('',*,*,#4351,.F.);
#4351 = EDGE_CURVE('',#4352,#4254,#4354,.T.);
#4352 = VERTEX_POINT('',#4353);
#4353 = CARTESIAN_POINT('',(45.3,53.130219140864,-19.44003976913));
#4354 = SURFACE_CURVE('',#4355,(#4360,#4367),.PCURVE_S1.);
#4355 = CIRCLE('',#4356,2.);
#4356 = AXIS2_PLACEMENT_3D('',#4357,#4358,#4359);
#4357 = CARTESIAN_POINT('',(43.3,53.130219140864,-19.44003976913));
#4358 = DIRECTION('',(1.105998290831E-16,0.996194698092,
    8.715574274766E-02));
#4359 = DIRECTION('',(9.676231232676E-18,8.715574274766E-02,
    -0.996194698092));
#4360 = PCURVE('',#3882,#4361);
#4361 = DEFINITIONAL_REPRESENTATION('',(#4362),#4366);
#4362 = LINE('',#4363,#4364);
#4363 = CARTESIAN_POINT('',(-6.28318530718,1.));
#4364 = VECTOR('',#4365,1.);
#4365 = DIRECTION('',(1.,-0.));
#4366 = ( GEOMETRIC_REPRESENTATION_CONTEXT(2) 
PARAMETRIC_REPRESENTATION_CONTEXT() REPRESENTATION_CONTEXT('2D SPACE',''
  ) );
#4367 = PCURVE('',#4161,#4368);
#4368 = DEFINITIONAL_REPRESENTATION('',(#4369),#4373);
#4369 = CIRCLE('',#4370,2.);
#4370 = AXIS2_PLACEMENT_2D('',#4371,#4372);
#4371 = CARTESIAN_POINT('',(-15.675,43.3));
#4372 = DIRECTION('',(-1.,0.));
#4373 = ( GEOMETRIC_REPRESENTATION_CONTEXT(2) 
PARAMETRIC_REPRESENTATION_CONTEXT() REPRESENTATION_CONTEXT('2D SPACE',''
  ) );
#4374 = ORIENTED_EDGE('',*,*,#4375,.T.);
#4375 = EDGE_CURVE('',#4352,#3843,#4376,.T.);
#4376 = SURFACE_CURVE('',#4377,(#4381,#4388),.PCURVE_S1.);
#4377 = LINE('',#4378,#4379);
#4378 = CARTESIAN_POINT('',(45.3,52.134024442772,-19.52719551188));
#4379 = VECTOR('',#4380,1.);
#4380 = DIRECTION('',(1.105998290831E-16,0.996194698092,
    8.715574274766E-02));
#4381 = PCURVE('',#3882,#4382);
#4382 = DEFINITIONAL_REPRESENTATION('',(#4383),#4387);
#4383 = LINE('',#4384,#4385);
#4384 = CARTESIAN_POINT('',(-1.570796326795,0.));
#4385 = VECTOR('',#4386,1.);
#4386 = DIRECTION('',(-0.,1.));
#4387 = ( GEOMETRIC_REPRESENTATION_CONTEXT(2) 
PARAMETRIC_REPRESENTATION_CONTEXT() REPRESENTATION_CONTEXT('2D SPACE',''
  ) );
#4388 = PCURVE('',#3991,#4389);
#4389 = DEFINITIONAL_REPRESENTATION('',(#4390),#4394);
#4390 = LINE('',#4391,#4392);
#4391 = CARTESIAN_POINT('',(23.65,-5.896920922899E-15));
#4392 = VECTOR('',#4393,1.);
#4393 = DIRECTION('',(-2.298214621924E-18,-1.));
#4394 = ( GEOMETRIC_REPRESENTATION_CONTEXT(2) 
PARAMETRIC_REPRESENTATION_CONTEXT() REPRESENTATION_CONTEXT('2D SPACE',''
  ) );
#4395 = ORIENTED_EDGE('',*,*,#3867,.T.);
#4396 = ADVANCED_FACE('',(#4397),#3937,.F.);
#4397 = FACE_BOUND('',#4398,.F.);
#4398 = EDGE_LOOP('',(#4399,#4400,#4424,#4445));
#4399 = ORIENTED_EDGE('',*,*,#4301,.F.);
#4400 = ORIENTED_EDGE('',*,*,#4401,.T.);
#4401 = EDGE_CURVE('',#4302,#4402,#4404,.T.);
#4402 = VERTEX_POINT('',#4403);
#4403 = CARTESIAN_POINT('',(-43.3,51.068985824882,4.119964840736));
#4404 = SURFACE_CURVE('',#4405,(#4410,#4417),.PCURVE_S1.);
#4405 = CIRCLE('',#4406,2.);
#4406 = AXIS2_PLACEMENT_3D('',#4407,#4408,#4409);
#4407 = CARTESIAN_POINT('',(-43.3,51.243297310377,2.127575444553));
#4408 = DIRECTION('',(1.105998290831E-16,0.996194698092,
    8.715574274766E-02));
#4409 = DIRECTION('',(-1.,1.110223024625E-16,0.));
#4410 = PCURVE('',#3937,#4411);
#4411 = DEFINITIONAL_REPRESENTATION('',(#4412),#4416);
#4412 = LINE('',#4413,#4414);
#4413 = CARTESIAN_POINT('',(0.,1.));
#4414 = VECTOR('',#4415,1.);
#4415 = DIRECTION('',(1.,0.));
#4416 = ( GEOMETRIC_REPRESENTATION_CONTEXT(2) 
PARAMETRIC_REPRESENTATION_CONTEXT() REPRESENTATION_CONTEXT('2D SPACE',''
  ) );
#4417 = PCURVE('',#4161,#4418);
#4418 = DEFINITIONAL_REPRESENTATION('',(#4419),#4423);
#4419 = CIRCLE('',#4420,2.);
#4420 = AXIS2_PLACEMENT_2D('',#4421,#4422);
#4421 = CARTESIAN_POINT('',(5.975,-43.3));
#4422 = DIRECTION('',(2.54182144381E-34,-1.));
#4423 = ( GEOMETRIC_REPRESENTATION_CONTEXT(2) 
PARAMETRIC_REPRESENTATION_CONTEXT() REPRESENTATION_CONTEXT('2D SPACE',''
  ) );
#4424 = ORIENTED_EDGE('',*,*,#4425,.T.);
#4425 = EDGE_CURVE('',#4402,#3900,#4426,.T.);
#4426 = SURFACE_CURVE('',#4427,(#4431,#4438),.PCURVE_S1.);
#4427 = LINE('',#4428,#4429);
#4428 = CARTESIAN_POINT('',(-43.3,50.07279112679,4.032809097988));
#4429 = VECTOR('',#4430,1.);
#4430 = DIRECTION('',(1.105998290831E-16,0.996194698092,
    8.715574274766E-02));
#4431 = PCURVE('',#3937,#4432);
#4432 = DEFINITIONAL_REPRESENTATION('',(#4433),#4437);
#4433 = LINE('',#4434,#4435);
#4434 = CARTESIAN_POINT('',(1.570796326795,0.));
#4435 = VECTOR('',#4436,1.);
#4436 = DIRECTION('',(0.,1.));
#4437 = ( GEOMETRIC_REPRESENTATION_CONTEXT(2) 
PARAMETRIC_REPRESENTATION_CONTEXT() REPRESENTATION_CONTEXT('2D SPACE',''
  ) );
#4438 = PCURVE('',#4045,#4439);
#4439 = DEFINITIONAL_REPRESENTATION('',(#4440),#4444);
#4440 = LINE('',#4441,#4442);
#4441 = CARTESIAN_POINT('',(2.,-2.211996581662E-16));
#4442 = VECTOR('',#4443,1.);
#4443 = DIRECTION('',(0.,-1.));
#4444 = ( GEOMETRIC_REPRESENTATION_CONTEXT(2) 
PARAMETRIC_REPRESENTATION_CONTEXT() REPRESENTATION_CONTEXT('2D SPACE',''
  ) );
#4445 = ORIENTED_EDGE('',*,*,#3922,.F.);
#4446 = ADVANCED_FACE('',(#4447),#3991,.T.);
#4447 = FACE_BOUND('',#4448,.T.);
#4448 = EDGE_LOOP('',(#4449,#4450,#4473,#4494));
#4449 = ORIENTED_EDGE('',*,*,#4375,.F.);
#4450 = ORIENTED_EDGE('',*,*,#4451,.T.);
#4451 = EDGE_CURVE('',#4352,#4452,#4454,.T.);
#4452 = VERTEX_POINT('',#4453);
#4453 = CARTESIAN_POINT('',(45.3,51.243297310377,2.127575444553));
#4454 = SURFACE_CURVE('',#4455,(#4459,#4466),.PCURVE_S1.);
#4455 = LINE('',#4456,#4457);
#4456 = CARTESIAN_POINT('',(45.3,51.627872025251,-2.268133660777));
#4457 = VECTOR('',#4458,1.);
#4458 = DIRECTION('',(-9.676231232676E-18,-8.715574274766E-02,
    0.996194698092));
#4459 = PCURVE('',#3991,#4460);
#4460 = DEFINITIONAL_REPRESENTATION('',(#4461),#4465);
#4461 = LINE('',#4462,#4463);
#4462 = CARTESIAN_POINT('',(6.4125,-1.));
#4463 = VECTOR('',#4464,1.);
#4464 = DIRECTION('',(-1.,-2.298214621924E-18));
#4465 = ( GEOMETRIC_REPRESENTATION_CONTEXT(2) 
PARAMETRIC_REPRESENTATION_CONTEXT() REPRESENTATION_CONTEXT('2D SPACE',''
  ) );
#4466 = PCURVE('',#4161,#4467);
#4467 = DEFINITIONAL_REPRESENTATION('',(#4468),#4472);
#4468 = LINE('',#4469,#4470);
#4469 = CARTESIAN_POINT('',(1.5625,45.3));
#4470 = VECTOR('',#4471,1.);
#4471 = DIRECTION('',(1.,0.));
#4472 = ( GEOMETRIC_REPRESENTATION_CONTEXT(2) 
PARAMETRIC_REPRESENTATION_CONTEXT() REPRESENTATION_CONTEXT('2D SPACE',''
  ) );
#4473 = ORIENTED_EDGE('',*,*,#4474,.T.);
#4474 = EDGE_CURVE('',#4452,#3953,#4475,.T.);
#4475 = SURFACE_CURVE('',#4476,(#4480,#4487),.PCURVE_S1.);
#4476 = LINE('',#4477,#4478);
#4477 = CARTESIAN_POINT('',(45.3,50.247102612286,2.040419701805));
#4478 = VECTOR('',#4479,1.);
#4479 = DIRECTION('',(1.105998290831E-16,0.996194698092,
    8.715574274766E-02));
#4480 = PCURVE('',#3991,#4481);
#4481 = DEFINITIONAL_REPRESENTATION('',(#4482),#4486);
#4482 = LINE('',#4483,#4484);
#4483 = CARTESIAN_POINT('',(2.,2.14026555444E-17));
#4484 = VECTOR('',#4485,1.);
#4485 = DIRECTION('',(-2.298214621924E-18,-1.));
#4486 = ( GEOMETRIC_REPRESENTATION_CONTEXT(2) 
PARAMETRIC_REPRESENTATION_CONTEXT() REPRESENTATION_CONTEXT('2D SPACE',''
  ) );
#4487 = PCURVE('',#4078,#4488);
#4488 = DEFINITIONAL_REPRESENTATION('',(#4489),#4493);
#4489 = LINE('',#4490,#4491);
#4490 = CARTESIAN_POINT('',(1.570796326795,0.));
#4491 = VECTOR('',#4492,1.);
#4492 = DIRECTION('',(0.,1.));
#4493 = ( GEOMETRIC_REPRESENTATION_CONTEXT(2) 
PARAMETRIC_REPRESENTATION_CONTEXT() REPRESENTATION_CONTEXT('2D SPACE',''
  ) );
#4494 = ORIENTED_EDGE('',*,*,#3977,.T.);
#4495 = ADVANCED_FACE('',(#4496),#4045,.T.);
#4496 = FACE_BOUND('',#4497,.T.);
#4497 = EDGE_LOOP('',(#4498,#4521,#4542,#4543));
#4498 = ORIENTED_EDGE('',*,*,#4499,.F.);
#4499 = EDGE_CURVE('',#4500,#4009,#4502,.T.);
#4500 = VERTEX_POINT('',#4501);
#4501 = CARTESIAN_POINT('',(43.3,51.068985824882,4.119964840736));
#4502 = SURFACE_CURVE('',#4503,(#4507,#4514),.PCURVE_S1.);
#4503 = LINE('',#4504,#4505);
#4504 = CARTESIAN_POINT('',(43.3,50.07279112679,4.032809097988));
#4505 = VECTOR('',#4506,1.);
#4506 = DIRECTION('',(1.105998290831E-16,0.996194698092,
    8.715574274766E-02));
#4507 = PCURVE('',#4045,#4508);
#4508 = DEFINITIONAL_REPRESENTATION('',(#4509),#4513);
#4509 = LINE('',#4510,#4511);
#4510 = CARTESIAN_POINT('',(88.6,4.357633265874E-15));
#4511 = VECTOR('',#4512,1.);
#4512 = DIRECTION('',(0.,-1.));
#4513 = ( GEOMETRIC_REPRESENTATION_CONTEXT(2) 
PARAMETRIC_REPRESENTATION_CONTEXT() REPRESENTATION_CONTEXT('2D SPACE',''
  ) );
#4514 = PCURVE('',#4078,#4515);
#4515 = DEFINITIONAL_REPRESENTATION('',(#4516),#4520);
#4516 = LINE('',#4517,#4518);
#4517 = CARTESIAN_POINT('',(0.,0.));
#4518 = VECTOR('',#4519,1.);
#4519 = DIRECTION('',(0.,1.));
#4520 = ( GEOMETRIC_REPRESENTATION_CONTEXT(2) 
PARAMETRIC_REPRESENTATION_CONTEXT() REPRESENTATION_CONTEXT('2D SPACE',''
  ) );
#4521 = ORIENTED_EDGE('',*,*,#4522,.T.);
#4522 = EDGE_CURVE('',#4500,#4402,#4523,.T.);
#4523 = SURFACE_CURVE('',#4524,(#4528,#4535),.PCURVE_S1.);
#4524 = LINE('',#4525,#4526);
#4525 = CARTESIAN_POINT('',(-22.65,51.068985824882,4.119964840736));
#4526 = VECTOR('',#4527,1.);
#4527 = DIRECTION('',(-1.,1.110223024625E-16,0.));
#4528 = PCURVE('',#4045,#4529);
#4529 = DEFINITIONAL_REPRESENTATION('',(#4530),#4534);
#4530 = LINE('',#4531,#4532);
#4531 = CARTESIAN_POINT('',(22.65,-1.));
#4532 = VECTOR('',#4533,1.);
#4533 = DIRECTION('',(-1.,0.));
#4534 = ( GEOMETRIC_REPRESENTATION_CONTEXT(2) 
PARAMETRIC_REPRESENTATION_CONTEXT() REPRESENTATION_CONTEXT('2D SPACE',''
  ) );
#4535 = PCURVE('',#4161,#4536);
#4536 = DEFINITIONAL_REPRESENTATION('',(#4537),#4541);
#4537 = LINE('',#4538,#4539);
#4538 = CARTESIAN_POINT('',(7.975,-22.65));
#4539 = VECTOR('',#4540,1.);
#4540 = DIRECTION('',(0.,-1.));
#4541 = ( GEOMETRIC_REPRESENTATION_CONTEXT(2) 
PARAMETRIC_REPRESENTATION_CONTEXT() REPRESENTATION_CONTEXT('2D SPACE',''
  ) );
#4542 = ORIENTED_EDGE('',*,*,#4425,.T.);
#4543 = ORIENTED_EDGE('',*,*,#4031,.T.);
#4544 = ADVANCED_FACE('',(#4545),#4078,.F.);
#4545 = FACE_BOUND('',#4546,.F.);
#4546 = EDGE_LOOP('',(#4547,#4548,#4570,#4571));
#4547 = ORIENTED_EDGE('',*,*,#4499,.F.);
#4548 = ORIENTED_EDGE('',*,*,#4549,.T.);
#4549 = EDGE_CURVE('',#4500,#4452,#4550,.T.);
#4550 = SURFACE_CURVE('',#4551,(#4556,#4563),.PCURVE_S1.);
#4551 = CIRCLE('',#4552,2.);
#4552 = AXIS2_PLACEMENT_3D('',#4553,#4554,#4555);
#4553 = CARTESIAN_POINT('',(43.3,51.243297310377,2.127575444553));
#4554 = DIRECTION('',(1.105998290831E-16,0.996194698092,
    8.715574274766E-02));
#4555 = DIRECTION('',(-9.676231232676E-18,-8.715574274766E-02,
    0.996194698092));
#4556 = PCURVE('',#4078,#4557);
#4557 = DEFINITIONAL_REPRESENTATION('',(#4558),#4562);
#4558 = LINE('',#4559,#4560);
#4559 = CARTESIAN_POINT('',(0.,1.));
#4560 = VECTOR('',#4561,1.);
#4561 = DIRECTION('',(1.,0.));
#4562 = ( GEOMETRIC_REPRESENTATION_CONTEXT(2) 
PARAMETRIC_REPRESENTATION_CONTEXT() REPRESENTATION_CONTEXT('2D SPACE',''
  ) );
#4563 = PCURVE('',#4161,#4564);
#4564 = DEFINITIONAL_REPRESENTATION('',(#4565),#4569);
#4565 = CIRCLE('',#4566,2.);
#4566 = AXIS2_PLACEMENT_2D('',#4567,#4568);
#4567 = CARTESIAN_POINT('',(5.975,43.3));
#4568 = DIRECTION('',(1.,0.));
#4569 = ( GEOMETRIC_REPRESENTATION_CONTEXT(2) 
PARAMETRIC_REPRESENTATION_CONTEXT() REPRESENTATION_CONTEXT('2D SPACE',''
  ) );
#4570 = ORIENTED_EDGE('',*,*,#4474,.T.);
#4571 = ORIENTED_EDGE('',*,*,#4063,.F.);
#4572 = ADVANCED_FACE('',(#4573,#4583),#4161,.T.);
#4573 = FACE_BOUND('',#4574,.T.);
#4574 = EDGE_LOOP('',(#4575,#4576,#4577,#4578,#4579,#4580,#4581,#4582));
#4575 = ORIENTED_EDGE('',*,*,#4253,.F.);
#4576 = ORIENTED_EDGE('',*,*,#4203,.T.);
#4577 = ORIENTED_EDGE('',*,*,#4324,.F.);
#4578 = ORIENTED_EDGE('',*,*,#4401,.T.);
#4579 = ORIENTED_EDGE('',*,*,#4522,.F.);
#4580 = ORIENTED_EDGE('',*,*,#4549,.T.);
#4581 = ORIENTED_EDGE('',*,*,#4451,.F.);
#4582 = ORIENTED_EDGE('',*,*,#4351,.T.);
#4583 = FACE_BOUND('',#4584,.T.);
#4584 = EDGE_LOOP('',(#4585));
#4585 = ORIENTED_EDGE('',*,*,#4146,.T.);
#4586 = ( GEOMETRIC_REPRESENTATION_CONTEXT(3) 
GLOBAL_UNCERTAINTY_ASSIGNED_CONTEXT((#4590)) 
GLOBAL_UNIT_ASSIGNED_CONTEXT((#4587,#4588,#4589)) REPRESENTATION_CONTEXT
('Context #1','3D Context with UNIT and UNCERTAINTY') );
#4587 = ( LENGTH_UNIT() NAMED_UNIT(*) SI_UNIT(.MILLI.,.METRE.) );
#4588 = ( NAMED_UNIT(*) PLANE_ANGLE_UNIT() SI_UNIT($,.RADIAN.) );
#4589 = ( NAMED_UNIT(*) SI_UNIT($,.STERADIAN.) SOLID_ANGLE_UNIT() );
#4590 = UNCERTAINTY_MEASURE_WITH_UNIT(LENGTH_MEASURE(1.E-07),#4587,
  'distance_accuracy_value','confusion accuracy');
#4591 = PRODUCT_RELATED_PRODUCT_CATEGORY('part',$,(#7));
ENDSEC;
END-ISO-10303-21;
