ISO-10303-21;
HEADER;
FILE_DESCRIPTION(('Open CASCADE Model'),'2;1');
FILE_NAME('Open CASCADE Shape Model','2026-10-02T21:36:08',('Author'),(
    'Open CASCADE'),'Open CASCADE STEP processor 7.9','Open CASCADE 7.9'
  ,'Unknown');
FILE_SCHEMA(('AUTOMOTIVE_DESIGN { 1 0 10303 214 1 1 1 1 }'));
ENDSEC;
DATA;
#1 = APPLICATION_PROTOCOL_DEFINITION('international standard',
  'automotive_design',2000,#2);
#2 = APPLICATION_CONTEXT(
  'core data for automotive mechanical design processes');
#3 = SHAPE_DEFINITION_REPRESENTATION(#4,#10);
#4 = PRODUCT_DEFINITION_SHAPE('','',#5);
#5 = PRODUCT_DEFINITION('design','',#6,#9);
#6 = PRODUCT_DEFINITION_FORMATION('','',#7);
#7 = PRODUCT('d435_tool_bracket_ur20','d435_tool_bracket_ur20','',(#8));
#8 = PRODUCT_CONTEXT('',#2,'mechanical');
#9 = PRODUCT_DEFINITION_CONTEXT('part definition',#2,'design');
#10 = SHAPE_REPRESENTATION('',(#11,#15,#19,#23,#27,#31,#35,#39,#43,#47,
    #51,#55),#59);
#11 = AXIS2_PLACEMENT_3D('',#12,#13,#14);
#12 = CARTESIAN_POINT('',(0.,0.,0.));
#13 = DIRECTION('',(0.,0.,1.));
#14 = DIRECTION('',(1.,0.,-0.));
#15 = AXIS2_PLACEMENT_3D('',#16,#17,#18);
#16 = CARTESIAN_POINT('',(0.,0.,0.));
#17 = DIRECTION('',(0.,0.,1.));
#18 = DIRECTION('',(1.,0.,-0.));
#19 = AXIS2_PLACEMENT_3D('',#20,#21,#22);
#20 = CARTESIAN_POINT('',(0.,0.,0.));
#21 = DIRECTION('',(0.,0.,1.));
#22 = DIRECTION('',(1.,0.,-0.));
#23 = AXIS2_PLACEMENT_3D('',#24,#25,#26);
#24 = CARTESIAN_POINT('',(0.,0.,0.));
#25 = DIRECTION('',(0.,0.,1.));
#26 = DIRECTION('',(1.,0.,-0.));
#27 = AXIS2_PLACEMENT_3D('',#28,#29,#30);
#28 = CARTESIAN_POINT('',(0.,0.,0.));
#29 = DIRECTION('',(0.,0.,1.));
#30 = DIRECTION('',(1.,0.,-0.));
#31 = AXIS2_PLACEMENT_3D('',#32,#33,#34);
#32 = CARTESIAN_POINT('',(0.,0.,0.));
#33 = DIRECTION('',(0.,0.,1.));
#34 = DIRECTION('',(1.,0.,-0.));
#35 = AXIS2_PLACEMENT_3D('',#36,#37,#38);
#36 = CARTESIAN_POINT('',(0.,0.,0.));
#37 = DIRECTION('',(0.,0.,1.));
#38 = DIRECTION('',(1.,0.,-0.));
#39 = AXIS2_PLACEMENT_3D('',#40,#41,#42);
#40 = CARTESIAN_POINT('',(0.,0.,0.));
#41 = DIRECTION('',(0.,0.,1.));
#42 = DIRECTION('',(1.,0.,-0.));
#43 = AXIS2_PLACEMENT_3D('',#44,#45,#46);
#44 = CARTESIAN_POINT('',(0.,0.,0.));
#45 = DIRECTION('',(0.,0.,1.));
#46 = DIRECTION('',(1.,0.,-0.));
#47 = AXIS2_PLACEMENT_3D('',#48,#49,#50);
#48 = CARTESIAN_POINT('',(0.,0.,0.));
#49 = DIRECTION('',(0.,0.,1.));
#50 = DIRECTION('',(1.,0.,-0.));
#51 = AXIS2_PLACEMENT_3D('',#52,#53,#54);
#52 = CARTESIAN_POINT('',(0.,0.,0.));
#53 = DIRECTION('',(0.,0.,1.));
#54 = DIRECTION('',(1.,0.,-0.));
#55 = AXIS2_PLACEMENT_3D('',#56,#57,#58);
#56 = CARTESIAN_POINT('',(0.,0.,0.));
#57 = DIRECTION('',(0.,0.,1.));
#58 = DIRECTION('',(1.,0.,-0.));
#59 = ( GEOMETRIC_REPRESENTATION_CONTEXT(3) 
GLOBAL_UNCERTAINTY_ASSIGNED_CONTEXT((#63)) GLOBAL_UNIT_ASSIGNED_CONTEXT(
(#60,#61,#62)) REPRESENTATION_CONTEXT('Context #1',
  '3D Context with UNIT and UNCERTAINTY') );
#60 = ( LENGTH_UNIT() NAMED_UNIT(*) SI_UNIT(.MILLI.,.METRE.) );
#61 = ( NAMED_UNIT(*) PLANE_ANGLE_UNIT() SI_UNIT($,.RADIAN.) );
#62 = ( NAMED_UNIT(*) SI_UNIT($,.STERADIAN.) SOLID_ANGLE_UNIT() );
#63 = UNCERTAINTY_MEASURE_WITH_UNIT(LENGTH_MEASURE(1.E-07),#60,
  'distance_accuracy_value','confusion accuracy');
#64 = PRODUCT_RELATED_PRODUCT_CATEGORY('part',$,(#7));
#65 = SHAPE_DEFINITION_REPRESENTATION(#66,#72);
#66 = PRODUCT_DEFINITION_SHAPE('','',#67);
#67 = PRODUCT_DEFINITION('design','',#68,#71);
#68 = PRODUCT_DEFINITION_FORMATION('','',#69);
#69 = PRODUCT('ur_flange_ur20','ur_flange_ur20','',(#70));
#70 = PRODUCT_CONTEXT('',#2,'mechanical');
#71 = PRODUCT_DEFINITION_CONTEXT('part definition',#2,'design');
#72 = ADVANCED_BREP_SHAPE_REPRESENTATION('',(#11,#73),#1121);
#73 = MANIFOLD_SOLID_BREP('',#74);
#74 = CLOSED_SHELL('',(#75,#334,#338,#590,#645,#700,#755,#810,#865,#920,
    #975,#1030,#1085,#1089,#1093,#1097,#1101,#1105,#1109,#1113,#1117));
#75 = ADVANCED_FACE('',(#76,#163),#89,.T.);
#76 = FACE_BOUND('',#77,.F.);
#77 = EDGE_LOOP('',(#78,#112,#135,#162));
#78 = ORIENTED_EDGE('',*,*,#79,.F.);
#79 = EDGE_CURVE('',#80,#80,#82,.T.);
#80 = VERTEX_POINT('',#81);
#81 = CARTESIAN_POINT('',(50.,0.,-56.5));
#82 = SURFACE_CURVE('',#83,(#88,#100),.PCURVE_S1.);
#83 = CIRCLE('',#84,50.);
#84 = AXIS2_PLACEMENT_3D('',#85,#86,#87);
#85 = CARTESIAN_POINT('',(0.,0.,-56.5));
#86 = DIRECTION('',(0.,0.,1.));
#87 = DIRECTION('',(1.,0.,0.));
#88 = PCURVE('',#89,#94);
#89 = CYLINDRICAL_SURFACE('',#90,50.);
#90 = AXIS2_PLACEMENT_3D('',#91,#92,#93);
#91 = CARTESIAN_POINT('',(0.,0.,-56.5));
#92 = DIRECTION('',(-0.,-0.,-1.));
#93 = DIRECTION('',(1.,0.,0.));
#94 = DEFINITIONAL_REPRESENTATION('',(#95),#99);
#95 = LINE('',#96,#97);
#96 = CARTESIAN_POINT('',(-0.,0.));
#97 = VECTOR('',#98,1.);
#98 = DIRECTION('',(-1.,0.));
#99 = ( GEOMETRIC_REPRESENTATION_CONTEXT(2) 
PARAMETRIC_REPRESENTATION_CONTEXT() REPRESENTATION_CONTEXT('2D SPACE',''
  ) );
#100 = PCURVE('',#101,#106);
#101 = PLANE('',#102);
#102 = AXIS2_PLACEMENT_3D('',#103,#104,#105);
#103 = CARTESIAN_POINT('',(-1.75032336965E-15,3.209892110372E-15,-56.5)
  );
#104 = DIRECTION('',(0.,0.,1.));
#105 = DIRECTION('',(1.,0.,-0.));
#106 = DEFINITIONAL_REPRESENTATION('',(#107),#111);
#107 = CIRCLE('',#108,50.);
#108 = AXIS2_PLACEMENT_2D('',#109,#110);
#109 = CARTESIAN_POINT('',(1.75032336965E-15,-3.209892110372E-15));
#110 = DIRECTION('',(1.,0.));
#111 = ( GEOMETRIC_REPRESENTATION_CONTEXT(2) 
PARAMETRIC_REPRESENTATION_CONTEXT() REPRESENTATION_CONTEXT('2D SPACE',''
  ) );
#112 = ORIENTED_EDGE('',*,*,#113,.T.);
#113 = EDGE_CURVE('',#80,#114,#116,.T.);
#114 = VERTEX_POINT('',#115);
#115 = CARTESIAN_POINT('',(50.,0.,0.));
#116 = SEAM_CURVE('',#117,(#121,#128),.PCURVE_S1.);
#117 = LINE('',#118,#119);
#118 = CARTESIAN_POINT('',(50.,0.,-56.5));
#119 = VECTOR('',#120,1.);
#120 = DIRECTION('',(0.,0.,1.));
#121 = PCURVE('',#89,#122);
#122 = DEFINITIONAL_REPRESENTATION('',(#123),#127);
#123 = LINE('',#124,#125);
#124 = CARTESIAN_POINT('',(-6.28318530718,0.));
#125 = VECTOR('',#126,1.);
#126 = DIRECTION('',(-0.,-1.));
#127 = ( GEOMETRIC_REPRESENTATION_CONTEXT(2) 
PARAMETRIC_REPRESENTATION_CONTEXT() REPRESENTATION_CONTEXT('2D SPACE',''
  ) );
#128 = PCURVE('',#89,#129);
#129 = DEFINITIONAL_REPRESENTATION('',(#130),#134);
#130 = LINE('',#131,#132);
#131 = CARTESIAN_POINT('',(-0.,0.));
#132 = VECTOR('',#133,1.);
#133 = DIRECTION('',(-0.,-1.));
#134 = ( GEOMETRIC_REPRESENTATION_CONTEXT(2) 
PARAMETRIC_REPRESENTATION_CONTEXT() REPRESENTATION_CONTEXT('2D SPACE',''
  ) );
#135 = ORIENTED_EDGE('',*,*,#136,.T.);
#136 = EDGE_CURVE('',#114,#114,#137,.T.);
#137 = SURFACE_CURVE('',#138,(#143,#150),.PCURVE_S1.);
#138 = CIRCLE('',#139,50.);
#139 = AXIS2_PLACEMENT_3D('',#140,#141,#142);
#140 = CARTESIAN_POINT('',(0.,0.,0.));
#141 = DIRECTION('',(0.,0.,1.));
#142 = DIRECTION('',(1.,0.,0.));
#143 = PCURVE('',#89,#144);
#144 = DEFINITIONAL_REPRESENTATION('',(#145),#149);
#145 = LINE('',#146,#147);
#146 = CARTESIAN_POINT('',(-0.,-56.5));
#147 = VECTOR('',#148,1.);
#148 = DIRECTION('',(-1.,0.));
#149 = ( GEOMETRIC_REPRESENTATION_CONTEXT(2) 
PARAMETRIC_REPRESENTATION_CONTEXT() REPRESENTATION_CONTEXT('2D SPACE',''
  ) );
#150 = PCURVE('',#151,#156);
#151 = PLANE('',#152);
#152 = AXIS2_PLACEMENT_3D('',#153,#154,#155);
#153 = CARTESIAN_POINT('',(-1.75032336965E-15,3.209892110372E-15,
    7.105427357601E-15));
#154 = DIRECTION('',(0.,0.,1.));
#155 = DIRECTION('',(1.,0.,-0.));
#156 = DEFINITIONAL_REPRESENTATION('',(#157),#161);
#157 = CIRCLE('',#158,50.);
#158 = AXIS2_PLACEMENT_2D('',#159,#160);
#159 = CARTESIAN_POINT('',(1.75032336965E-15,-3.209892110372E-15));
#160 = DIRECTION('',(1.,0.));
#161 = ( GEOMETRIC_REPRESENTATION_CONTEXT(2) 
PARAMETRIC_REPRESENTATION_CONTEXT() REPRESENTATION_CONTEXT('2D SPACE',''
  ) );
#162 = ORIENTED_EDGE('',*,*,#113,.F.);
#163 = FACE_BOUND('',#164,.F.);
#164 = EDGE_LOOP('',(#165));
#165 = ORIENTED_EDGE('',*,*,#166,.T.);
#166 = EDGE_CURVE('',#167,#167,#169,.T.);
#167 = VERTEX_POINT('',#168);
#168 = CARTESIAN_POINT('',(5.,49.749371855331,-17.6));
#169 = SURFACE_CURVE('',#170,(#221,#275),.PCURVE_S1.);
#170 = B_SPLINE_CURVE_WITH_KNOTS('',7,(#171,#172,#173,#174,#175,#176,
    #177,#178,#179,#180,#181,#182,#183,#184,#185,#186,#187,#188,#189,
    #190,#191,#192,#193,#194,#195,#196,#197,#198,#199,#200,#201,#202,
    #203,#204,#205,#206,#207,#208,#209,#210,#211,#212,#213,#214,#215,
    #216,#217,#218,#219,#220),.UNSPECIFIED.,.T.,.F.,(8,6,6,6,6,6,6,6,8),
  (0.,0.134003464697,0.250117810622,0.366232155869,0.500235619085,
    0.634239083702,0.750353428875,0.861266199069,1.),.UNSPECIFIED.);
#171 = CARTESIAN_POINT('',(5.,49.749371855331,-17.6));
#172 = CARTESIAN_POINT('',(5.,49.749371855331,-18.1160990884));
#173 = CARTESIAN_POINT('',(4.937849511696,49.755618095493,
    -18.63141775728));
#174 = CARTESIAN_POINT('',(4.813888809815,49.768077199496,
    -19.14212221318));
#175 = CARTESIAN_POINT('',(4.626349914535,49.786430130569,
    -19.64402507935));
#176 = CARTESIAN_POINT('',(4.371956294908,49.810038008387,
    -20.13121885417));
#177 = CARTESIAN_POINT('',(4.04628053028,49.83763263619,-20.59524812525)
  );
#178 = CARTESIAN_POINT('',(3.296996606096,49.892398789765,-21.3931544622
    ));
#179 = CARTESIAN_POINT('',(2.882524135373,49.91984711492,-21.74651136016
    ));
#180 = CARTESIAN_POINT('',(2.402090921081,49.947314877049,
    -22.06140899539));
#181 = CARTESIAN_POINT('',(1.861533782608,49.971896202584,
    -22.31895493278));
#182 = CARTESIAN_POINT('',(1.271249923309,49.990290683408,
    -22.50290835784));
#183 = CARTESIAN_POINT('',(0.64506291822,50.,-22.6));
#184 = CARTESIAN_POINT('',(-0.645062914456,50.,-22.6));
#185 = CARTESIAN_POINT('',(-1.271249937504,49.990290683224,
    -22.50290835551));
#186 = CARTESIAN_POINT('',(-1.861533758609,49.971896203155,
    -22.31895494015));
#187 = CARTESIAN_POINT('',(-2.402090942712,49.947314876301,
    -22.06140898544));
#188 = CARTESIAN_POINT('',(-2.882524125211,49.919847115409,
    -21.74651136693));
#189 = CARTESIAN_POINT('',(-3.296996608028,49.892398789624,
    -21.39315446014));
#190 = CARTESIAN_POINT('',(-4.046280525957,49.837632636506,
    -20.59524812985));
#191 = CARTESIAN_POINT('',(-4.371956308009,49.810038007403,
    -20.13121883513));
#192 = CARTESIAN_POINT('',(-4.626349896515,49.786430131952,
    -19.64402511494));
#193 = CARTESIAN_POINT('',(-4.813888822536,49.768077198504,
    -19.14212217666));
#194 = CARTESIAN_POINT('',(-4.937849507786,49.755618095802,
    -18.63141777795));
#195 = CARTESIAN_POINT('',(-5.,49.749371855331,-18.116099083));
#196 = CARTESIAN_POINT('',(-5.,49.749371855331,-17.08390091159));
#197 = CARTESIAN_POINT('',(-4.937849511695,49.755618095493,
    -16.56858224272));
#198 = CARTESIAN_POINT('',(-4.813888809817,49.768077199496,
    -16.05787778681));
#199 = CARTESIAN_POINT('',(-4.626349914533,49.786430130569,
    -15.55597492064));
#200 = CARTESIAN_POINT('',(-4.371956294909,49.810038008387,
    -15.06878114583));
#201 = CARTESIAN_POINT('',(-4.04628053028,49.83763263619,-14.60475187474
    ));
#202 = CARTESIAN_POINT('',(-3.296996608145,49.892398789615,
    -13.80684553997));
#203 = CARTESIAN_POINT('',(-2.882524125104,49.919847115419,
    -13.45348863289));
#204 = CARTESIAN_POINT('',(-2.402090942561,49.947314876307,
    -13.13859101455));
#205 = CARTESIAN_POINT('',(-1.86153375875,49.971896203141,
    -12.88104505996));
#206 = CARTESIAN_POINT('',(-1.271249937666,49.990290683229,
    -12.69709164443));
#207 = CARTESIAN_POINT('',(-0.645062914285,50.,-12.6));
#208 = CARTESIAN_POINT('',(0.616166027257,50.,-12.6));
#209 = CARTESIAN_POINT('',(1.216208428589,49.991141096702,
    -12.68858767093));
#210 = CARTESIAN_POINT('',(1.784721075068,49.974259043959,
    -12.85741582141));
#211 = CARTESIAN_POINT('',(2.308817231584,49.951469796896,
    -13.09507475058));
#212 = CARTESIAN_POINT('',(2.778543149939,49.925664214845,
    -13.38722022859));
#213 = CARTESIAN_POINT('',(3.187924156389,49.899484759963,
    -13.71685634452));
#214 = CARTESIAN_POINT('',(3.970337055385,49.844020980097,
    -14.49926924352));
#215 = CARTESIAN_POINT('',(4.322600201162,49.814604898402,
    -14.97630097096));
#216 = CARTESIAN_POINT('',(4.597270247418,49.78927234976,-15.47969229235
    ));
#217 = CARTESIAN_POINT('',(4.799467210907,49.769526893711,
    -15.99962274693));
#218 = CARTESIAN_POINT('',(4.933014328132,49.75610398192,-16.52933924698
    ));
#219 = CARTESIAN_POINT('',(5.,49.749371855331,-17.06420150496));
#220 = CARTESIAN_POINT('',(5.,49.749371855331,-17.6));
#221 = PCURVE('',#89,#222);
#222 = DEFINITIONAL_REPRESENTATION('',(#223),#274);
#223 = B_SPLINE_CURVE_WITH_KNOTS('',7,(#224,#225,#226,#227,#228,#229,
    #230,#231,#232,#233,#234,#235,#236,#237,#238,#239,#240,#241,#242,
    #243,#244,#245,#246,#247,#248,#249,#250,#251,#252,#253,#254,#255,
    #256,#257,#258,#259,#260,#261,#262,#263,#264,#265,#266,#267,#268,
    #269,#270,#271,#272,#273),.UNSPECIFIED.,.T.,.F.,(8,6,6,6,6,6,6,6,8),
  (0.,0.134003464697,0.250117810622,0.366232155869,0.500235619085,
    0.634239083702,0.750353428875,0.861266199069,1.),.UNSPECIFIED.);
#224 = CARTESIAN_POINT('',(-1.470628905633,-38.9));
#225 = CARTESIAN_POINT('',(-1.470628905633,-38.38390091159));
#226 = CARTESIAN_POINT('',(-1.471878176777,-37.86858224272));
#227 = CARTESIAN_POINT('',(-1.474369884293,-37.35787778681));
#228 = CARTESIAN_POINT('',(-1.478138559361,-36.85597492064));
#229 = CARTESIAN_POINT('',(-1.483248164379,-36.36878114583));
#230 = CARTESIAN_POINT('',(-1.489784581979,-35.90475187474));
#231 = CARTESIAN_POINT('',(-1.504810236449,-35.10684553779));
#232 = CARTESIAN_POINT('',(-1.513117646861,-34.75348863983));
#233 = CARTESIAN_POINT('',(-1.522741361803,-34.4385910046));
#234 = CARTESIAN_POINT('',(-1.53356215925,-34.18104506722));
#235 = CARTESIAN_POINT('',(-1.545371325007,-33.99709164215));
#236 = CARTESIAN_POINT('',(-1.55789506843,-33.9));
#237 = CARTESIAN_POINT('',(-1.583697585084,-33.9));
#238 = CARTESIAN_POINT('',(-1.596221328867,-33.99709164448));
#239 = CARTESIAN_POINT('',(-1.60803049386,-34.18104505984));
#240 = CARTESIAN_POINT('',(-1.61885129222,-34.43859101455));
#241 = CARTESIAN_POINT('',(-1.628475006525,-34.75348863306));
#242 = CARTESIAN_POINT('',(-1.63678241718,-35.10684553985));
#243 = CARTESIAN_POINT('',(-1.651808071524,-35.90475187014));
#244 = CARTESIAN_POINT('',(-1.658344489474,-36.36878116486));
#245 = CARTESIAN_POINT('',(-1.663454093867,-36.85597488505));
#246 = CARTESIAN_POINT('',(-1.667222769552,-37.35787782333));
#247 = CARTESIAN_POINT('',(-1.669714476734,-37.86858222204));
#248 = CARTESIAN_POINT('',(-1.670963747956,-38.38390091699));
#249 = CARTESIAN_POINT('',(-1.670963747956,-39.4160990884));
#250 = CARTESIAN_POINT('',(-1.669714476812,-39.93141775727));
#251 = CARTESIAN_POINT('',(-1.667222769296,-40.44212221318));
#252 = CARTESIAN_POINT('',(-1.663454094228,-40.94402507935));
#253 = CARTESIAN_POINT('',(-1.658344489211,-41.43121885416));
#254 = CARTESIAN_POINT('',(-1.651808071611,-41.89524812525));
#255 = CARTESIAN_POINT('',(-1.636782417182,-42.69315446002));
#256 = CARTESIAN_POINT('',(-1.628475006523,-43.0465113671));
#257 = CARTESIAN_POINT('',(-1.618851292217,-43.36140898544));
#258 = CARTESIAN_POINT('',(-1.608030493863,-43.61895494003));
#259 = CARTESIAN_POINT('',(-1.59622132887,-43.80290835556));
#260 = CARTESIAN_POINT('',(-1.583697585081,-43.9));
#261 = CARTESIAN_POINT('',(-1.55847300625,-43.9));
#262 = CARTESIAN_POINT('',(-1.546472155345,-43.81141232906));
#263 = CARTESIAN_POINT('',(-1.535098861777,-43.64258417858));
#264 = CARTESIAN_POINT('',(-1.524608440319,-43.40492524941));
#265 = CARTESIAN_POINT('',(-1.515200377376,-43.1127797714));
#266 = CARTESIAN_POINT('',(-1.506996231061,-42.78314365547));
#267 = CARTESIAN_POINT('',(-1.491308705119,-42.00073075648));
#268 = CARTESIAN_POINT('',(-1.484239476377,-41.52369902903));
#269 = CARTESIAN_POINT('',(-1.478722920432,-41.02030770764));
#270 = CARTESIAN_POINT('',(-1.474659770324,-40.50037725306));
#271 = CARTESIAN_POINT('',(-1.471975367403,-39.97066075301));
#272 = CARTESIAN_POINT('',(-1.470628905633,-39.43579849503));
#273 = CARTESIAN_POINT('',(-1.470628905633,-38.9));
#274 = ( GEOMETRIC_REPRESENTATION_CONTEXT(2) 
PARAMETRIC_REPRESENTATION_CONTEXT() REPRESENTATION_CONTEXT('2D SPACE',''
  ) );
#275 = PCURVE('',#276,#281);
#276 = CYLINDRICAL_SURFACE('',#277,5.);
#277 = AXIS2_PLACEMENT_3D('',#278,#279,#280);
#278 = CARTESIAN_POINT('',(3.000384657911E-15,49.,-17.6));
#279 = DIRECTION('',(6.123233995737E-17,1.,0.));
#280 = DIRECTION('',(1.,-6.123233995737E-17,0.));
#281 = DEFINITIONAL_REPRESENTATION('',(#282),#333);
#282 = B_SPLINE_CURVE_WITH_KNOTS('',7,(#283,#284,#285,#286,#287,#288,
    #289,#290,#291,#292,#293,#294,#295,#296,#297,#298,#299,#300,#301,
    #302,#303,#304,#305,#306,#307,#308,#309,#310,#311,#312,#313,#314,
    #315,#316,#317,#318,#319,#320,#321,#322,#323,#324,#325,#326,#327,
    #328,#329,#330,#331,#332),.UNSPECIFIED.,.F.,.F.,(8,6,6,6,6,6,6,6,8),
  (0.,0.134003464697,0.250117810622,0.366232155869,0.500235619085,
    0.634239083702,0.750353428875,0.861266199069,1.),.UNSPECIFIED.);
#283 = CARTESIAN_POINT('',(0.,0.749371855331));
#284 = CARTESIAN_POINT('',(0.103219817681,0.749371855331));
#285 = CARTESIAN_POINT('',(0.206283331142,0.755618095493));
#286 = CARTESIAN_POINT('',(0.310221534997,0.768077199496));
#287 = CARTESIAN_POINT('',(0.415963900552,0.786430130569));
#288 = CARTESIAN_POINT('',(0.52445571578,0.810038008387));
#289 = CARTESIAN_POINT('',(0.636696694436,0.83763263619));
#290 = CARTESIAN_POINT('',(0.855610460251,0.892398789765));
#291 = CARTESIAN_POINT('',(0.963873010463,0.91984711492));
#292 = CARTESIAN_POINT('',(1.077272467325,0.947314877049));
#293 = CARTESIAN_POINT('',(1.194982193422,0.971896202584));
#294 = CARTESIAN_POINT('',(1.3165463861,0.990290683408));
#295 = CARTESIAN_POINT('',(1.441783743151,1.));
#296 = CARTESIAN_POINT('',(1.699808909686,1.));
#297 = CARTESIAN_POINT('',(1.825046270481,0.990290683224));
#298 = CARTESIAN_POINT('',(1.946610454857,0.971896203155));
#299 = CARTESIAN_POINT('',(2.064320191329,0.947314876301));
#300 = CARTESIAN_POINT('',(2.177719640554,0.919847115409));
#301 = CARTESIAN_POINT('',(2.285982193903,0.892398789624));
#302 = CARTESIAN_POINT('',(2.504895957891,0.837632636506));
#303 = CARTESIAN_POINT('',(2.617136942602,0.810038007403));
#304 = CARTESIAN_POINT('',(2.725628744626,0.786430131952));
#305 = CARTESIAN_POINT('',(2.831371126775,0.768077198504));
#306 = CARTESIAN_POINT('',(2.935309318051,0.755618095802));
#307 = CARTESIAN_POINT('',(3.038372836989,0.749371855331));
#308 = CARTESIAN_POINT('',(3.244812471271,0.749371855331));
#309 = CARTESIAN_POINT('',(3.347875984731,0.755618095493));
#310 = CARTESIAN_POINT('',(3.451814188586,0.768077199496));
#311 = CARTESIAN_POINT('',(3.557556554143,0.786430130569));
#312 = CARTESIAN_POINT('',(3.666048369369,0.810038008387));
#313 = CARTESIAN_POINT('',(3.778289348026,0.83763263619));
#314 = CARTESIAN_POINT('',(3.997203113243,0.892398789615));
#315 = CARTESIAN_POINT('',(4.105465666666,0.919847115419));
#316 = CARTESIAN_POINT('',(4.21886511587,0.947314876307));
#317 = CARTESIAN_POINT('',(4.336574852296,0.971896203141));
#318 = CARTESIAN_POINT('',(4.458139036666,0.990290683229));
#319 = CARTESIAN_POINT('',(4.583376397528,1.));
#320 = CARTESIAN_POINT('',(4.835622185836,1.));
#321 = CARTESIAN_POINT('',(4.955630582954,0.991141096702));
#322 = CARTESIAN_POINT('',(5.072390232794,0.974259043959));
#323 = CARTESIAN_POINT('',(5.1856590054,0.951469796896));
#324 = CARTESIAN_POINT('',(5.294955298664,0.925664214845));
#325 = CARTESIAN_POINT('',(5.399468259339,0.899484759963));
#326 = CARTESIAN_POINT('',(5.620768045966,0.844020980097));
#327 = CARTESIAN_POINT('',(5.738048538967,0.814604898402));
#328 = CARTESIAN_POINT('',(5.851118131148,0.78927234976));
#329 = CARTESIAN_POINT('',(5.961098783628,0.769526893711));
#330 = CARTESIAN_POINT('',(6.069053466765,0.75610398192));
#331 = CARTESIAN_POINT('',(6.176025608172,0.749371855331));
#332 = CARTESIAN_POINT('',(6.28318530718,0.749371855331));
#333 = ( GEOMETRIC_REPRESENTATION_CONTEXT(2) 
PARAMETRIC_REPRESENTATION_CONTEXT() REPRESENTATION_CONTEXT('2D SPACE',''
  ) );
#334 = ADVANCED_FACE('',(#335),#101,.F.);
#335 = FACE_BOUND('',#336,.F.);
#336 = EDGE_LOOP('',(#337));
#337 = ORIENTED_EDGE('',*,*,#79,.T.);
#338 = ADVANCED_FACE('',(#339,#342,#373,#404,#435,#466,#497,#528,#559),
  #151,.T.);
#339 = FACE_BOUND('',#340,.T.);
#340 = EDGE_LOOP('',(#341));
#341 = ORIENTED_EDGE('',*,*,#136,.T.);
#342 = FACE_BOUND('',#343,.T.);
#343 = EDGE_LOOP('',(#344));
#344 = ORIENTED_EDGE('',*,*,#345,.F.);
#345 = EDGE_CURVE('',#346,#346,#348,.T.);
#346 = VERTEX_POINT('',#347);
#347 = CARTESIAN_POINT('',(-16.6,-34.64101615137,0.));
#348 = SURFACE_CURVE('',#349,(#354,#361),.PCURVE_S1.);
#349 = CIRCLE('',#350,3.4);
#350 = AXIS2_PLACEMENT_3D('',#351,#352,#353);
#351 = CARTESIAN_POINT('',(-20.,-34.64101615137,0.));
#352 = DIRECTION('',(0.,0.,1.));
#353 = DIRECTION('',(1.,0.,0.));
#354 = PCURVE('',#151,#355);
#355 = DEFINITIONAL_REPRESENTATION('',(#356),#360);
#356 = CIRCLE('',#357,3.4);
#357 = AXIS2_PLACEMENT_2D('',#358,#359);
#358 = CARTESIAN_POINT('',(-20.,-34.64101615137));
#359 = DIRECTION('',(1.,0.));
#360 = ( GEOMETRIC_REPRESENTATION_CONTEXT(2) 
PARAMETRIC_REPRESENTATION_CONTEXT() REPRESENTATION_CONTEXT('2D SPACE',''
  ) );
#361 = PCURVE('',#362,#367);
#362 = CYLINDRICAL_SURFACE('',#363,3.4);
#363 = AXIS2_PLACEMENT_3D('',#364,#365,#366);
#364 = CARTESIAN_POINT('',(-20.,-34.64101615137,-17.25));
#365 = DIRECTION('',(-0.,-0.,-1.));
#366 = DIRECTION('',(1.,0.,0.));
#367 = DEFINITIONAL_REPRESENTATION('',(#368),#372);
#368 = LINE('',#369,#370);
#369 = CARTESIAN_POINT('',(-0.,-17.25));
#370 = VECTOR('',#371,1.);
#371 = DIRECTION('',(-1.,0.));
#372 = ( GEOMETRIC_REPRESENTATION_CONTEXT(2) 
PARAMETRIC_REPRESENTATION_CONTEXT() REPRESENTATION_CONTEXT('2D SPACE',''
  ) );
#373 = FACE_BOUND('',#374,.T.);
#374 = EDGE_LOOP('',(#375));
#375 = ORIENTED_EDGE('',*,*,#376,.F.);
#376 = EDGE_CURVE('',#377,#377,#379,.T.);
#377 = VERTEX_POINT('',#378);
#378 = CARTESIAN_POINT('',(-36.6,4.898587196589E-15,0.));
#379 = SURFACE_CURVE('',#380,(#385,#392),.PCURVE_S1.);
#380 = CIRCLE('',#381,3.4);
#381 = AXIS2_PLACEMENT_3D('',#382,#383,#384);
#382 = CARTESIAN_POINT('',(-40.,4.898587196589E-15,0.));
#383 = DIRECTION('',(0.,0.,1.));
#384 = DIRECTION('',(1.,0.,0.));
#385 = PCURVE('',#151,#386);
#386 = DEFINITIONAL_REPRESENTATION('',(#387),#391);
#387 = CIRCLE('',#388,3.4);
#388 = AXIS2_PLACEMENT_2D('',#389,#390);
#389 = CARTESIAN_POINT('',(-40.,1.688695086217E-15));
#390 = DIRECTION('',(1.,0.));
#391 = ( GEOMETRIC_REPRESENTATION_CONTEXT(2) 
PARAMETRIC_REPRESENTATION_CONTEXT() REPRESENTATION_CONTEXT('2D SPACE',''
  ) );
#392 = PCURVE('',#393,#398);
#393 = CYLINDRICAL_SURFACE('',#394,3.4);
#394 = AXIS2_PLACEMENT_3D('',#395,#396,#397);
#395 = CARTESIAN_POINT('',(-40.,4.898587196589E-15,-17.25));
#396 = DIRECTION('',(-0.,-0.,-1.));
#397 = DIRECTION('',(1.,0.,0.));
#398 = DEFINITIONAL_REPRESENTATION('',(#399),#403);
#399 = LINE('',#400,#401);
#400 = CARTESIAN_POINT('',(-0.,-17.25));
#401 = VECTOR('',#402,1.);
#402 = DIRECTION('',(-1.,0.));
#403 = ( GEOMETRIC_REPRESENTATION_CONTEXT(2) 
PARAMETRIC_REPRESENTATION_CONTEXT() REPRESENTATION_CONTEXT('2D SPACE',''
  ) );
#404 = FACE_BOUND('',#405,.T.);
#405 = EDGE_LOOP('',(#406));
#406 = ORIENTED_EDGE('',*,*,#407,.F.);
#407 = EDGE_CURVE('',#408,#408,#410,.T.);
#408 = VERTEX_POINT('',#409);
#409 = CARTESIAN_POINT('',(23.4,-34.64101615137,0.));
#410 = SURFACE_CURVE('',#411,(#416,#423),.PCURVE_S1.);
#411 = CIRCLE('',#412,3.4);
#412 = AXIS2_PLACEMENT_3D('',#413,#414,#415);
#413 = CARTESIAN_POINT('',(20.,-34.64101615137,0.));
#414 = DIRECTION('',(0.,0.,1.));
#415 = DIRECTION('',(1.,0.,0.));
#416 = PCURVE('',#151,#417);
#417 = DEFINITIONAL_REPRESENTATION('',(#418),#422);
#418 = CIRCLE('',#419,3.4);
#419 = AXIS2_PLACEMENT_2D('',#420,#421);
#420 = CARTESIAN_POINT('',(20.,-34.64101615137));
#421 = DIRECTION('',(1.,0.));
#422 = ( GEOMETRIC_REPRESENTATION_CONTEXT(2) 
PARAMETRIC_REPRESENTATION_CONTEXT() REPRESENTATION_CONTEXT('2D SPACE',''
  ) );
#423 = PCURVE('',#424,#429);
#424 = CYLINDRICAL_SURFACE('',#425,3.4);
#425 = AXIS2_PLACEMENT_3D('',#426,#427,#428);
#426 = CARTESIAN_POINT('',(20.,-34.64101615137,-17.25));
#427 = DIRECTION('',(-0.,-0.,-1.));
#428 = DIRECTION('',(1.,0.,0.));
#429 = DEFINITIONAL_REPRESENTATION('',(#430),#434);
#430 = LINE('',#431,#432);
#431 = CARTESIAN_POINT('',(-0.,-17.25));
#432 = VECTOR('',#433,1.);
#433 = DIRECTION('',(-1.,0.));
#434 = ( GEOMETRIC_REPRESENTATION_CONTEXT(2) 
PARAMETRIC_REPRESENTATION_CONTEXT() REPRESENTATION_CONTEXT('2D SPACE',''
  ) );
#435 = FACE_BOUND('',#436,.T.);
#436 = EDGE_LOOP('',(#437));
#437 = ORIENTED_EDGE('',*,*,#438,.F.);
#438 = EDGE_CURVE('',#439,#439,#441,.T.);
#439 = VERTEX_POINT('',#440);
#440 = CARTESIAN_POINT('',(25.,0.,0.));
#441 = SURFACE_CURVE('',#442,(#447,#454),.PCURVE_S1.);
#442 = CIRCLE('',#443,25.);
#443 = AXIS2_PLACEMENT_3D('',#444,#445,#446);
#444 = CARTESIAN_POINT('',(0.,0.,0.));
#445 = DIRECTION('',(0.,0.,1.));
#446 = DIRECTION('',(1.,0.,0.));
#447 = PCURVE('',#151,#448);
#448 = DEFINITIONAL_REPRESENTATION('',(#449),#453);
#449 = CIRCLE('',#450,25.);
#450 = AXIS2_PLACEMENT_2D('',#451,#452);
#451 = CARTESIAN_POINT('',(1.75032336965E-15,-3.209892110372E-15));
#452 = DIRECTION('',(1.,0.));
#453 = ( GEOMETRIC_REPRESENTATION_CONTEXT(2) 
PARAMETRIC_REPRESENTATION_CONTEXT() REPRESENTATION_CONTEXT('2D SPACE',''
  ) );
#454 = PCURVE('',#455,#460);
#455 = CYLINDRICAL_SURFACE('',#456,25.);
#456 = AXIS2_PLACEMENT_3D('',#457,#458,#459);
#457 = CARTESIAN_POINT('',(0.,0.,-30.));
#458 = DIRECTION('',(-0.,-0.,-1.));
#459 = DIRECTION('',(1.,0.,0.));
#460 = DEFINITIONAL_REPRESENTATION('',(#461),#465);
#461 = LINE('',#462,#463);
#462 = CARTESIAN_POINT('',(-0.,-30.));
#463 = VECTOR('',#464,1.);
#464 = DIRECTION('',(-1.,0.));
#465 = ( GEOMETRIC_REPRESENTATION_CONTEXT(2) 
PARAMETRIC_REPRESENTATION_CONTEXT() REPRESENTATION_CONTEXT('2D SPACE',''
  ) );
#466 = FACE_BOUND('',#467,.T.);
#467 = EDGE_LOOP('',(#468));
#468 = ORIENTED_EDGE('',*,*,#469,.F.);
#469 = EDGE_CURVE('',#470,#470,#472,.T.);
#470 = VERTEX_POINT('',#471);
#471 = CARTESIAN_POINT('',(43.4,0.,0.));
#472 = SURFACE_CURVE('',#473,(#478,#485),.PCURVE_S1.);
#473 = CIRCLE('',#474,3.4);
#474 = AXIS2_PLACEMENT_3D('',#475,#476,#477);
#475 = CARTESIAN_POINT('',(40.,0.,0.));
#476 = DIRECTION('',(0.,0.,1.));
#477 = DIRECTION('',(1.,0.,0.));
#478 = PCURVE('',#151,#479);
#479 = DEFINITIONAL_REPRESENTATION('',(#480),#484);
#480 = CIRCLE('',#481,3.4);
#481 = AXIS2_PLACEMENT_2D('',#482,#483);
#482 = CARTESIAN_POINT('',(40.,-3.209892110372E-15));
#483 = DIRECTION('',(1.,0.));
#484 = ( GEOMETRIC_REPRESENTATION_CONTEXT(2) 
PARAMETRIC_REPRESENTATION_CONTEXT() REPRESENTATION_CONTEXT('2D SPACE',''
  ) );
#485 = PCURVE('',#486,#491);
#486 = CYLINDRICAL_SURFACE('',#487,3.4);
#487 = AXIS2_PLACEMENT_3D('',#488,#489,#490);
#488 = CARTESIAN_POINT('',(40.,0.,-17.25));
#489 = DIRECTION('',(-0.,-0.,-1.));
#490 = DIRECTION('',(1.,0.,0.));
#491 = DEFINITIONAL_REPRESENTATION('',(#492),#496);
#492 = LINE('',#493,#494);
#493 = CARTESIAN_POINT('',(-0.,-17.25));
#494 = VECTOR('',#495,1.);
#495 = DIRECTION('',(-1.,0.));
#496 = ( GEOMETRIC_REPRESENTATION_CONTEXT(2) 
PARAMETRIC_REPRESENTATION_CONTEXT() REPRESENTATION_CONTEXT('2D SPACE',''
  ) );
#497 = FACE_BOUND('',#498,.T.);
#498 = EDGE_LOOP('',(#499));
#499 = ORIENTED_EDGE('',*,*,#500,.F.);
#500 = EDGE_CURVE('',#501,#501,#503,.T.);
#501 = VERTEX_POINT('',#502);
#502 = CARTESIAN_POINT('',(-16.6,34.641016151378,0.));
#503 = SURFACE_CURVE('',#504,(#509,#516),.PCURVE_S1.);
#504 = CIRCLE('',#505,3.4);
#505 = AXIS2_PLACEMENT_3D('',#506,#507,#508);
#506 = CARTESIAN_POINT('',(-20.,34.641016151378,0.));
#507 = DIRECTION('',(0.,0.,1.));
#508 = DIRECTION('',(1.,0.,0.));
#509 = PCURVE('',#151,#510);
#510 = DEFINITIONAL_REPRESENTATION('',(#511),#515);
#511 = CIRCLE('',#512,3.4);
#512 = AXIS2_PLACEMENT_2D('',#513,#514);
#513 = CARTESIAN_POINT('',(-20.,34.641016151378));
#514 = DIRECTION('',(1.,0.));
#515 = ( GEOMETRIC_REPRESENTATION_CONTEXT(2) 
PARAMETRIC_REPRESENTATION_CONTEXT() REPRESENTATION_CONTEXT('2D SPACE',''
  ) );
#516 = PCURVE('',#517,#522);
#517 = CYLINDRICAL_SURFACE('',#518,3.4);
#518 = AXIS2_PLACEMENT_3D('',#519,#520,#521);
#519 = CARTESIAN_POINT('',(-20.,34.641016151378,-17.25));
#520 = DIRECTION('',(-0.,-0.,-1.));
#521 = DIRECTION('',(1.,0.,0.));
#522 = DEFINITIONAL_REPRESENTATION('',(#523),#527);
#523 = LINE('',#524,#525);
#524 = CARTESIAN_POINT('',(-0.,-17.25));
#525 = VECTOR('',#526,1.);
#526 = DIRECTION('',(-1.,0.));
#527 = ( GEOMETRIC_REPRESENTATION_CONTEXT(2) 
PARAMETRIC_REPRESENTATION_CONTEXT() REPRESENTATION_CONTEXT('2D SPACE',''
  ) );
#528 = FACE_BOUND('',#529,.T.);
#529 = EDGE_LOOP('',(#530));
#530 = ORIENTED_EDGE('',*,*,#531,.F.);
#531 = EDGE_CURVE('',#532,#532,#534,.T.);
#532 = VERTEX_POINT('',#533);
#533 = CARTESIAN_POINT('',(4.,40.,0.));
#534 = SURFACE_CURVE('',#535,(#540,#547),.PCURVE_S1.);
#535 = CIRCLE('',#536,4.);
#536 = AXIS2_PLACEMENT_3D('',#537,#538,#539);
#537 = CARTESIAN_POINT('',(2.449293598295E-15,40.,0.));
#538 = DIRECTION('',(0.,0.,1.));
#539 = DIRECTION('',(1.,0.,0.));
#540 = PCURVE('',#151,#541);
#541 = DEFINITIONAL_REPRESENTATION('',(#542),#546);
#542 = CIRCLE('',#543,4.);
#543 = AXIS2_PLACEMENT_2D('',#544,#545);
#544 = CARTESIAN_POINT('',(4.199616967945E-15,40.));
#545 = DIRECTION('',(1.,0.));
#546 = ( GEOMETRIC_REPRESENTATION_CONTEXT(2) 
PARAMETRIC_REPRESENTATION_CONTEXT() REPRESENTATION_CONTEXT('2D SPACE',''
  ) );
#547 = PCURVE('',#548,#553);
#548 = CYLINDRICAL_SURFACE('',#549,4.);
#549 = AXIS2_PLACEMENT_3D('',#550,#551,#552);
#550 = CARTESIAN_POINT('',(2.449293598295E-15,40.,-8.));
#551 = DIRECTION('',(-0.,-0.,-1.));
#552 = DIRECTION('',(1.,0.,0.));
#553 = DEFINITIONAL_REPRESENTATION('',(#554),#558);
#554 = LINE('',#555,#556);
#555 = CARTESIAN_POINT('',(-0.,-8.));
#556 = VECTOR('',#557,1.);
#557 = DIRECTION('',(-1.,0.));
#558 = ( GEOMETRIC_REPRESENTATION_CONTEXT(2) 
PARAMETRIC_REPRESENTATION_CONTEXT() REPRESENTATION_CONTEXT('2D SPACE',''
  ) );
#559 = FACE_BOUND('',#560,.T.);
#560 = EDGE_LOOP('',(#561));
#561 = ORIENTED_EDGE('',*,*,#562,.F.);
#562 = EDGE_CURVE('',#563,#563,#565,.T.);
#563 = VERTEX_POINT('',#564);
#564 = CARTESIAN_POINT('',(23.4,34.641016151378,0.));
#565 = SURFACE_CURVE('',#566,(#571,#578),.PCURVE_S1.);
#566 = CIRCLE('',#567,3.4);
#567 = AXIS2_PLACEMENT_3D('',#568,#569,#570);
#568 = CARTESIAN_POINT('',(20.,34.641016151378,0.));
#569 = DIRECTION('',(0.,0.,1.));
#570 = DIRECTION('',(1.,0.,0.));
#571 = PCURVE('',#151,#572);
#572 = DEFINITIONAL_REPRESENTATION('',(#573),#577);
#573 = CIRCLE('',#574,3.4);
#574 = AXIS2_PLACEMENT_2D('',#575,#576);
#575 = CARTESIAN_POINT('',(20.,34.641016151378));
#576 = DIRECTION('',(1.,0.));
#577 = ( GEOMETRIC_REPRESENTATION_CONTEXT(2) 
PARAMETRIC_REPRESENTATION_CONTEXT() REPRESENTATION_CONTEXT('2D SPACE',''
  ) );
#578 = PCURVE('',#579,#584);
#579 = CYLINDRICAL_SURFACE('',#580,3.4);
#580 = AXIS2_PLACEMENT_3D('',#581,#582,#583);
#581 = CARTESIAN_POINT('',(20.,34.641016151378,-17.25));
#582 = DIRECTION('',(-0.,-0.,-1.));
#583 = DIRECTION('',(1.,0.,0.));
#584 = DEFINITIONAL_REPRESENTATION('',(#585),#589);
#585 = LINE('',#586,#587);
#586 = CARTESIAN_POINT('',(-0.,-17.25));
#587 = VECTOR('',#588,1.);
#588 = DIRECTION('',(-1.,0.));
#589 = ( GEOMETRIC_REPRESENTATION_CONTEXT(2) 
PARAMETRIC_REPRESENTATION_CONTEXT() REPRESENTATION_CONTEXT('2D SPACE',''
  ) );
#590 = ADVANCED_FACE('',(#591),#276,.T.);
#591 = FACE_BOUND('',#592,.T.);
#592 = EDGE_LOOP('',(#593,#616,#643,#644));
#593 = ORIENTED_EDGE('',*,*,#594,.T.);
#594 = EDGE_CURVE('',#167,#595,#597,.T.);
#595 = VERTEX_POINT('',#596);
#596 = CARTESIAN_POINT('',(5.,52.,-17.6));
#597 = SEAM_CURVE('',#598,(#602,#609),.PCURVE_S1.);
#598 = LINE('',#599,#600);
#599 = CARTESIAN_POINT('',(5.,49.,-17.6));
#600 = VECTOR('',#601,1.);
#601 = DIRECTION('',(6.123233995737E-17,1.,6.016155777704E-49));
#602 = PCURVE('',#276,#603);
#603 = DEFINITIONAL_REPRESENTATION('',(#604),#608);
#604 = LINE('',#605,#606);
#605 = CARTESIAN_POINT('',(6.28318530718,-0.));
#606 = VECTOR('',#607,1.);
#607 = DIRECTION('',(0.,1.));
#608 = ( GEOMETRIC_REPRESENTATION_CONTEXT(2) 
PARAMETRIC_REPRESENTATION_CONTEXT() REPRESENTATION_CONTEXT('2D SPACE',''
  ) );
#609 = PCURVE('',#276,#610);
#610 = DEFINITIONAL_REPRESENTATION('',(#611),#615);
#611 = LINE('',#612,#613);
#612 = CARTESIAN_POINT('',(0.,-0.));
#613 = VECTOR('',#614,1.);
#614 = DIRECTION('',(0.,1.));
#615 = ( GEOMETRIC_REPRESENTATION_CONTEXT(2) 
PARAMETRIC_REPRESENTATION_CONTEXT() REPRESENTATION_CONTEXT('2D SPACE',''
  ) );
#616 = ORIENTED_EDGE('',*,*,#617,.F.);
#617 = EDGE_CURVE('',#595,#595,#618,.T.);
#618 = SURFACE_CURVE('',#619,(#624,#631),.PCURVE_S1.);
#619 = CIRCLE('',#620,5.);
#620 = AXIS2_PLACEMENT_3D('',#621,#622,#623);
#621 = CARTESIAN_POINT('',(3.184081677783E-15,52.,-17.6));
#622 = DIRECTION('',(6.123233995737E-17,1.,0.));
#623 = DIRECTION('',(1.,-6.123233995737E-17,0.));
#624 = PCURVE('',#276,#625);
#625 = DEFINITIONAL_REPRESENTATION('',(#626),#630);
#626 = LINE('',#627,#628);
#627 = CARTESIAN_POINT('',(0.,3.));
#628 = VECTOR('',#629,1.);
#629 = DIRECTION('',(1.,0.));
#630 = ( GEOMETRIC_REPRESENTATION_CONTEXT(2) 
PARAMETRIC_REPRESENTATION_CONTEXT() REPRESENTATION_CONTEXT('2D SPACE',''
  ) );
#631 = PCURVE('',#632,#637);
#632 = PLANE('',#633);
#633 = AXIS2_PLACEMENT_3D('',#634,#635,#636);
#634 = CARTESIAN_POINT('',(3.184081677783E-15,52.,-17.6));
#635 = DIRECTION('',(6.123233995737E-17,1.,0.));
#636 = DIRECTION('',(1.,-6.123233995737E-17,0.));
#637 = DEFINITIONAL_REPRESENTATION('',(#638),#642);
#638 = CIRCLE('',#639,5.);
#639 = AXIS2_PLACEMENT_2D('',#640,#641);
#640 = CARTESIAN_POINT('',(0.,0.));
#641 = DIRECTION('',(1.,0.));
#642 = ( GEOMETRIC_REPRESENTATION_CONTEXT(2) 
PARAMETRIC_REPRESENTATION_CONTEXT() REPRESENTATION_CONTEXT('2D SPACE',''
  ) );
#643 = ORIENTED_EDGE('',*,*,#594,.F.);
#644 = ORIENTED_EDGE('',*,*,#166,.T.);
#645 = ADVANCED_FACE('',(#646),#362,.F.);
#646 = FACE_BOUND('',#647,.T.);
#647 = EDGE_LOOP('',(#648,#671,#672,#673));
#648 = ORIENTED_EDGE('',*,*,#649,.T.);
#649 = EDGE_CURVE('',#650,#346,#652,.T.);
#650 = VERTEX_POINT('',#651);
#651 = CARTESIAN_POINT('',(-16.6,-34.64101615137,-17.25));
#652 = SEAM_CURVE('',#653,(#657,#664),.PCURVE_S1.);
#653 = LINE('',#654,#655);
#654 = CARTESIAN_POINT('',(-16.6,-34.64101615137,-17.25));
#655 = VECTOR('',#656,1.);
#656 = DIRECTION('',(0.,0.,1.));
#657 = PCURVE('',#362,#658);
#658 = DEFINITIONAL_REPRESENTATION('',(#659),#663);
#659 = LINE('',#660,#661);
#660 = CARTESIAN_POINT('',(-0.,0.));
#661 = VECTOR('',#662,1.);
#662 = DIRECTION('',(-0.,-1.));
#663 = ( GEOMETRIC_REPRESENTATION_CONTEXT(2) 
PARAMETRIC_REPRESENTATION_CONTEXT() REPRESENTATION_CONTEXT('2D SPACE',''
  ) );
#664 = PCURVE('',#362,#665);
#665 = DEFINITIONAL_REPRESENTATION('',(#666),#670);
#666 = LINE('',#667,#668);
#667 = CARTESIAN_POINT('',(-6.28318530718,0.));
#668 = VECTOR('',#669,1.);
#669 = DIRECTION('',(-0.,-1.));
#670 = ( GEOMETRIC_REPRESENTATION_CONTEXT(2) 
PARAMETRIC_REPRESENTATION_CONTEXT() REPRESENTATION_CONTEXT('2D SPACE',''
  ) );
#671 = ORIENTED_EDGE('',*,*,#345,.T.);
#672 = ORIENTED_EDGE('',*,*,#649,.F.);
#673 = ORIENTED_EDGE('',*,*,#674,.F.);
#674 = EDGE_CURVE('',#650,#650,#675,.T.);
#675 = SURFACE_CURVE('',#676,(#681,#688),.PCURVE_S1.);
#676 = CIRCLE('',#677,3.4);
#677 = AXIS2_PLACEMENT_3D('',#678,#679,#680);
#678 = CARTESIAN_POINT('',(-20.,-34.64101615137,-17.25));
#679 = DIRECTION('',(0.,0.,1.));
#680 = DIRECTION('',(1.,0.,0.));
#681 = PCURVE('',#362,#682);
#682 = DEFINITIONAL_REPRESENTATION('',(#683),#687);
#683 = LINE('',#684,#685);
#684 = CARTESIAN_POINT('',(-0.,0.));
#685 = VECTOR('',#686,1.);
#686 = DIRECTION('',(-1.,0.));
#687 = ( GEOMETRIC_REPRESENTATION_CONTEXT(2) 
PARAMETRIC_REPRESENTATION_CONTEXT() REPRESENTATION_CONTEXT('2D SPACE',''
  ) );
#688 = PCURVE('',#689,#694);
#689 = PLANE('',#690);
#690 = AXIS2_PLACEMENT_3D('',#691,#692,#693);
#691 = CARTESIAN_POINT('',(-20.,-34.64101615137,-17.25));
#692 = DIRECTION('',(0.,0.,1.));
#693 = DIRECTION('',(1.,0.,-0.));
#694 = DEFINITIONAL_REPRESENTATION('',(#695),#699);
#695 = CIRCLE('',#696,3.4);
#696 = AXIS2_PLACEMENT_2D('',#697,#698);
#697 = CARTESIAN_POINT('',(0.,0.));
#698 = DIRECTION('',(1.,0.));
#699 = ( GEOMETRIC_REPRESENTATION_CONTEXT(2) 
PARAMETRIC_REPRESENTATION_CONTEXT() REPRESENTATION_CONTEXT('2D SPACE',''
  ) );
#700 = ADVANCED_FACE('',(#701),#393,.F.);
#701 = FACE_BOUND('',#702,.T.);
#702 = EDGE_LOOP('',(#703,#726,#727,#728));
#703 = ORIENTED_EDGE('',*,*,#704,.T.);
#704 = EDGE_CURVE('',#705,#377,#707,.T.);
#705 = VERTEX_POINT('',#706);
#706 = CARTESIAN_POINT('',(-36.6,4.898587196589E-15,-17.25));
#707 = SEAM_CURVE('',#708,(#712,#719),.PCURVE_S1.);
#708 = LINE('',#709,#710);
#709 = CARTESIAN_POINT('',(-36.6,4.898587196589E-15,-17.25));
#710 = VECTOR('',#711,1.);
#711 = DIRECTION('',(0.,0.,1.));
#712 = PCURVE('',#393,#713);
#713 = DEFINITIONAL_REPRESENTATION('',(#714),#718);
#714 = LINE('',#715,#716);
#715 = CARTESIAN_POINT('',(-0.,0.));
#716 = VECTOR('',#717,1.);
#717 = DIRECTION('',(-0.,-1.));
#718 = ( GEOMETRIC_REPRESENTATION_CONTEXT(2) 
PARAMETRIC_REPRESENTATION_CONTEXT() REPRESENTATION_CONTEXT('2D SPACE',''
  ) );
#719 = PCURVE('',#393,#720);
#720 = DEFINITIONAL_REPRESENTATION('',(#721),#725);
#721 = LINE('',#722,#723);
#722 = CARTESIAN_POINT('',(-6.28318530718,0.));
#723 = VECTOR('',#724,1.);
#724 = DIRECTION('',(-0.,-1.));
#725 = ( GEOMETRIC_REPRESENTATION_CONTEXT(2) 
PARAMETRIC_REPRESENTATION_CONTEXT() REPRESENTATION_CONTEXT('2D SPACE',''
  ) );
#726 = ORIENTED_EDGE('',*,*,#376,.T.);
#727 = ORIENTED_EDGE('',*,*,#704,.F.);
#728 = ORIENTED_EDGE('',*,*,#729,.F.);
#729 = EDGE_CURVE('',#705,#705,#730,.T.);
#730 = SURFACE_CURVE('',#731,(#736,#743),.PCURVE_S1.);
#731 = CIRCLE('',#732,3.4);
#732 = AXIS2_PLACEMENT_3D('',#733,#734,#735);
#733 = CARTESIAN_POINT('',(-40.,4.898587196589E-15,-17.25));
#734 = DIRECTION('',(0.,0.,1.));
#735 = DIRECTION('',(1.,0.,0.));
#736 = PCURVE('',#393,#737);
#737 = DEFINITIONAL_REPRESENTATION('',(#738),#742);
#738 = LINE('',#739,#740);
#739 = CARTESIAN_POINT('',(-0.,0.));
#740 = VECTOR('',#741,1.);
#741 = DIRECTION('',(-1.,0.));
#742 = ( GEOMETRIC_REPRESENTATION_CONTEXT(2) 
PARAMETRIC_REPRESENTATION_CONTEXT() REPRESENTATION_CONTEXT('2D SPACE',''
  ) );
#743 = PCURVE('',#744,#749);
#744 = PLANE('',#745);
#745 = AXIS2_PLACEMENT_3D('',#746,#747,#748);
#746 = CARTESIAN_POINT('',(-40.,5.101708912568E-15,-17.25));
#747 = DIRECTION('',(0.,0.,1.));
#748 = DIRECTION('',(1.,0.,-0.));
#749 = DEFINITIONAL_REPRESENTATION('',(#750),#754);
#750 = CIRCLE('',#751,3.4);
#751 = AXIS2_PLACEMENT_2D('',#752,#753);
#752 = CARTESIAN_POINT('',(0.,-2.031217159781E-16));
#753 = DIRECTION('',(1.,0.));
#754 = ( GEOMETRIC_REPRESENTATION_CONTEXT(2) 
PARAMETRIC_REPRESENTATION_CONTEXT() REPRESENTATION_CONTEXT('2D SPACE',''
  ) );
#755 = ADVANCED_FACE('',(#756),#424,.F.);
#756 = FACE_BOUND('',#757,.T.);
#757 = EDGE_LOOP('',(#758,#781,#782,#783));
#758 = ORIENTED_EDGE('',*,*,#759,.T.);
#759 = EDGE_CURVE('',#760,#408,#762,.T.);
#760 = VERTEX_POINT('',#761);
#761 = CARTESIAN_POINT('',(23.4,-34.64101615137,-17.25));
#762 = SEAM_CURVE('',#763,(#767,#774),.PCURVE_S1.);
#763 = LINE('',#764,#765);
#764 = CARTESIAN_POINT('',(23.4,-34.64101615137,-17.25));
#765 = VECTOR('',#766,1.);
#766 = DIRECTION('',(0.,0.,1.));
#767 = PCURVE('',#424,#768);
#768 = DEFINITIONAL_REPRESENTATION('',(#769),#773);
#769 = LINE('',#770,#771);
#770 = CARTESIAN_POINT('',(-0.,0.));
#771 = VECTOR('',#772,1.);
#772 = DIRECTION('',(-0.,-1.));
#773 = ( GEOMETRIC_REPRESENTATION_CONTEXT(2) 
PARAMETRIC_REPRESENTATION_CONTEXT() REPRESENTATION_CONTEXT('2D SPACE',''
  ) );
#774 = PCURVE('',#424,#775);
#775 = DEFINITIONAL_REPRESENTATION('',(#776),#780);
#776 = LINE('',#777,#778);
#777 = CARTESIAN_POINT('',(-6.28318530718,0.));
#778 = VECTOR('',#779,1.);
#779 = DIRECTION('',(-0.,-1.));
#780 = ( GEOMETRIC_REPRESENTATION_CONTEXT(2) 
PARAMETRIC_REPRESENTATION_CONTEXT() REPRESENTATION_CONTEXT('2D SPACE',''
  ) );
#781 = ORIENTED_EDGE('',*,*,#407,.T.);
#782 = ORIENTED_EDGE('',*,*,#759,.F.);
#783 = ORIENTED_EDGE('',*,*,#784,.F.);
#784 = EDGE_CURVE('',#760,#760,#785,.T.);
#785 = SURFACE_CURVE('',#786,(#791,#798),.PCURVE_S1.);
#786 = CIRCLE('',#787,3.4);
#787 = AXIS2_PLACEMENT_3D('',#788,#789,#790);
#788 = CARTESIAN_POINT('',(20.,-34.64101615137,-17.25));
#789 = DIRECTION('',(0.,0.,1.));
#790 = DIRECTION('',(1.,0.,0.));
#791 = PCURVE('',#424,#792);
#792 = DEFINITIONAL_REPRESENTATION('',(#793),#797);
#793 = LINE('',#794,#795);
#794 = CARTESIAN_POINT('',(-0.,0.));
#795 = VECTOR('',#796,1.);
#796 = DIRECTION('',(-1.,0.));
#797 = ( GEOMETRIC_REPRESENTATION_CONTEXT(2) 
PARAMETRIC_REPRESENTATION_CONTEXT() REPRESENTATION_CONTEXT('2D SPACE',''
  ) );
#798 = PCURVE('',#799,#804);
#799 = PLANE('',#800);
#800 = AXIS2_PLACEMENT_3D('',#801,#802,#803);
#801 = CARTESIAN_POINT('',(20.,-34.64101615137,-17.25));
#802 = DIRECTION('',(0.,0.,1.));
#803 = DIRECTION('',(1.,0.,-0.));
#804 = DEFINITIONAL_REPRESENTATION('',(#805),#809);
#805 = CIRCLE('',#806,3.4);
#806 = AXIS2_PLACEMENT_2D('',#807,#808);
#807 = CARTESIAN_POINT('',(-3.552713678801E-15,7.105427357601E-15));
#808 = DIRECTION('',(1.,0.));
#809 = ( GEOMETRIC_REPRESENTATION_CONTEXT(2) 
PARAMETRIC_REPRESENTATION_CONTEXT() REPRESENTATION_CONTEXT('2D SPACE',''
  ) );
#810 = ADVANCED_FACE('',(#811),#455,.F.);
#811 = FACE_BOUND('',#812,.T.);
#812 = EDGE_LOOP('',(#813,#836,#837,#838));
#813 = ORIENTED_EDGE('',*,*,#814,.T.);
#814 = EDGE_CURVE('',#815,#439,#817,.T.);
#815 = VERTEX_POINT('',#816);
#816 = CARTESIAN_POINT('',(25.,0.,-30.));
#817 = SEAM_CURVE('',#818,(#822,#829),.PCURVE_S1.);
#818 = LINE('',#819,#820);
#819 = CARTESIAN_POINT('',(25.,0.,-30.));
#820 = VECTOR('',#821,1.);
#821 = DIRECTION('',(0.,0.,1.));
#822 = PCURVE('',#455,#823);
#823 = DEFINITIONAL_REPRESENTATION('',(#824),#828);
#824 = LINE('',#825,#826);
#825 = CARTESIAN_POINT('',(-0.,0.));
#826 = VECTOR('',#827,1.);
#827 = DIRECTION('',(-0.,-1.));
#828 = ( GEOMETRIC_REPRESENTATION_CONTEXT(2) 
PARAMETRIC_REPRESENTATION_CONTEXT() REPRESENTATION_CONTEXT('2D SPACE',''
  ) );
#829 = PCURVE('',#455,#830);
#830 = DEFINITIONAL_REPRESENTATION('',(#831),#835);
#831 = LINE('',#832,#833);
#832 = CARTESIAN_POINT('',(-6.28318530718,0.));
#833 = VECTOR('',#834,1.);
#834 = DIRECTION('',(-0.,-1.));
#835 = ( GEOMETRIC_REPRESENTATION_CONTEXT(2) 
PARAMETRIC_REPRESENTATION_CONTEXT() REPRESENTATION_CONTEXT('2D SPACE',''
  ) );
#836 = ORIENTED_EDGE('',*,*,#438,.T.);
#837 = ORIENTED_EDGE('',*,*,#814,.F.);
#838 = ORIENTED_EDGE('',*,*,#839,.F.);
#839 = EDGE_CURVE('',#815,#815,#840,.T.);
#840 = SURFACE_CURVE('',#841,(#846,#853),.PCURVE_S1.);
#841 = CIRCLE('',#842,25.);
#842 = AXIS2_PLACEMENT_3D('',#843,#844,#845);
#843 = CARTESIAN_POINT('',(0.,0.,-30.));
#844 = DIRECTION('',(0.,0.,1.));
#845 = DIRECTION('',(1.,0.,0.));
#846 = PCURVE('',#455,#847);
#847 = DEFINITIONAL_REPRESENTATION('',(#848),#852);
#848 = LINE('',#849,#850);
#849 = CARTESIAN_POINT('',(-0.,0.));
#850 = VECTOR('',#851,1.);
#851 = DIRECTION('',(-1.,0.));
#852 = ( GEOMETRIC_REPRESENTATION_CONTEXT(2) 
PARAMETRIC_REPRESENTATION_CONTEXT() REPRESENTATION_CONTEXT('2D SPACE',''
  ) );
#853 = PCURVE('',#854,#859);
#854 = PLANE('',#855);
#855 = AXIS2_PLACEMENT_3D('',#856,#857,#858);
#856 = CARTESIAN_POINT('',(-8.751616848252E-16,1.604946055186E-15,-30.)
  );
#857 = DIRECTION('',(0.,0.,1.));
#858 = DIRECTION('',(1.,0.,-0.));
#859 = DEFINITIONAL_REPRESENTATION('',(#860),#864);
#860 = CIRCLE('',#861,25.);
#861 = AXIS2_PLACEMENT_2D('',#862,#863);
#862 = CARTESIAN_POINT('',(8.751616848252E-16,-1.604946055186E-15));
#863 = DIRECTION('',(1.,0.));
#864 = ( GEOMETRIC_REPRESENTATION_CONTEXT(2) 
PARAMETRIC_REPRESENTATION_CONTEXT() REPRESENTATION_CONTEXT('2D SPACE',''
  ) );
#865 = ADVANCED_FACE('',(#866),#486,.F.);
#866 = FACE_BOUND('',#867,.T.);
#867 = EDGE_LOOP('',(#868,#891,#892,#893));
#868 = ORIENTED_EDGE('',*,*,#869,.T.);
#869 = EDGE_CURVE('',#870,#470,#872,.T.);
#870 = VERTEX_POINT('',#871);
#871 = CARTESIAN_POINT('',(43.4,0.,-17.25));
#872 = SEAM_CURVE('',#873,(#877,#884),.PCURVE_S1.);
#873 = LINE('',#874,#875);
#874 = CARTESIAN_POINT('',(43.4,0.,-17.25));
#875 = VECTOR('',#876,1.);
#876 = DIRECTION('',(0.,0.,1.));
#877 = PCURVE('',#486,#878);
#878 = DEFINITIONAL_REPRESENTATION('',(#879),#883);
#879 = LINE('',#880,#881);
#880 = CARTESIAN_POINT('',(-0.,0.));
#881 = VECTOR('',#882,1.);
#882 = DIRECTION('',(-0.,-1.));
#883 = ( GEOMETRIC_REPRESENTATION_CONTEXT(2) 
PARAMETRIC_REPRESENTATION_CONTEXT() REPRESENTATION_CONTEXT('2D SPACE',''
  ) );
#884 = PCURVE('',#486,#885);
#885 = DEFINITIONAL_REPRESENTATION('',(#886),#890);
#886 = LINE('',#887,#888);
#887 = CARTESIAN_POINT('',(-6.28318530718,0.));
#888 = VECTOR('',#889,1.);
#889 = DIRECTION('',(-0.,-1.));
#890 = ( GEOMETRIC_REPRESENTATION_CONTEXT(2) 
PARAMETRIC_REPRESENTATION_CONTEXT() REPRESENTATION_CONTEXT('2D SPACE',''
  ) );
#891 = ORIENTED_EDGE('',*,*,#469,.T.);
#892 = ORIENTED_EDGE('',*,*,#869,.F.);
#893 = ORIENTED_EDGE('',*,*,#894,.F.);
#894 = EDGE_CURVE('',#870,#870,#895,.T.);
#895 = SURFACE_CURVE('',#896,(#901,#908),.PCURVE_S1.);
#896 = CIRCLE('',#897,3.4);
#897 = AXIS2_PLACEMENT_3D('',#898,#899,#900);
#898 = CARTESIAN_POINT('',(40.,0.,-17.25));
#899 = DIRECTION('',(0.,0.,1.));
#900 = DIRECTION('',(1.,0.,0.));
#901 = PCURVE('',#486,#902);
#902 = DEFINITIONAL_REPRESENTATION('',(#903),#907);
#903 = LINE('',#904,#905);
#904 = CARTESIAN_POINT('',(-0.,0.));
#905 = VECTOR('',#906,1.);
#906 = DIRECTION('',(-1.,0.));
#907 = ( GEOMETRIC_REPRESENTATION_CONTEXT(2) 
PARAMETRIC_REPRESENTATION_CONTEXT() REPRESENTATION_CONTEXT('2D SPACE',''
  ) );
#908 = PCURVE('',#909,#914);
#909 = PLANE('',#910);
#910 = AXIS2_PLACEMENT_3D('',#911,#912,#913);
#911 = CARTESIAN_POINT('',(40.,2.633949703729E-16,-17.25));
#912 = DIRECTION('',(0.,0.,1.));
#913 = DIRECTION('',(1.,0.,-0.));
#914 = DEFINITIONAL_REPRESENTATION('',(#915),#919);
#915 = CIRCLE('',#916,3.4);
#916 = AXIS2_PLACEMENT_2D('',#917,#918);
#917 = CARTESIAN_POINT('',(0.,-2.633949703729E-16));
#918 = DIRECTION('',(1.,0.));
#919 = ( GEOMETRIC_REPRESENTATION_CONTEXT(2) 
PARAMETRIC_REPRESENTATION_CONTEXT() REPRESENTATION_CONTEXT('2D SPACE',''
  ) );
#920 = ADVANCED_FACE('',(#921),#517,.F.);
#921 = FACE_BOUND('',#922,.T.);
#922 = EDGE_LOOP('',(#923,#946,#947,#948));
#923 = ORIENTED_EDGE('',*,*,#924,.T.);
#924 = EDGE_CURVE('',#925,#501,#927,.T.);
#925 = VERTEX_POINT('',#926);
#926 = CARTESIAN_POINT('',(-16.6,34.641016151378,-17.25));
#927 = SEAM_CURVE('',#928,(#932,#939),.PCURVE_S1.);
#928 = LINE('',#929,#930);
#929 = CARTESIAN_POINT('',(-16.6,34.641016151378,-17.25));
#930 = VECTOR('',#931,1.);
#931 = DIRECTION('',(0.,0.,1.));
#932 = PCURVE('',#517,#933);
#933 = DEFINITIONAL_REPRESENTATION('',(#934),#938);
#934 = LINE('',#935,#936);
#935 = CARTESIAN_POINT('',(-0.,0.));
#936 = VECTOR('',#937,1.);
#937 = DIRECTION('',(-0.,-1.));
#938 = ( GEOMETRIC_REPRESENTATION_CONTEXT(2) 
PARAMETRIC_REPRESENTATION_CONTEXT() REPRESENTATION_CONTEXT('2D SPACE',''
  ) );
#939 = PCURVE('',#517,#940);
#940 = DEFINITIONAL_REPRESENTATION('',(#941),#945);
#941 = LINE('',#942,#943);
#942 = CARTESIAN_POINT('',(-6.28318530718,0.));
#943 = VECTOR('',#944,1.);
#944 = DIRECTION('',(-0.,-1.));
#945 = ( GEOMETRIC_REPRESENTATION_CONTEXT(2) 
PARAMETRIC_REPRESENTATION_CONTEXT() REPRESENTATION_CONTEXT('2D SPACE',''
  ) );
#946 = ORIENTED_EDGE('',*,*,#500,.T.);
#947 = ORIENTED_EDGE('',*,*,#924,.F.);
#948 = ORIENTED_EDGE('',*,*,#949,.F.);
#949 = EDGE_CURVE('',#925,#925,#950,.T.);
#950 = SURFACE_CURVE('',#951,(#956,#963),.PCURVE_S1.);
#951 = CIRCLE('',#952,3.4);
#952 = AXIS2_PLACEMENT_3D('',#953,#954,#955);
#953 = CARTESIAN_POINT('',(-20.,34.641016151378,-17.25));
#954 = DIRECTION('',(0.,0.,1.));
#955 = DIRECTION('',(1.,0.,0.));
#956 = PCURVE('',#517,#957);
#957 = DEFINITIONAL_REPRESENTATION('',(#958),#962);
#958 = LINE('',#959,#960);
#959 = CARTESIAN_POINT('',(-0.,0.));
#960 = VECTOR('',#961,1.);
#961 = DIRECTION('',(-1.,0.));
#962 = ( GEOMETRIC_REPRESENTATION_CONTEXT(2) 
PARAMETRIC_REPRESENTATION_CONTEXT() REPRESENTATION_CONTEXT('2D SPACE',''
  ) );
#963 = PCURVE('',#964,#969);
#964 = PLANE('',#965);
#965 = AXIS2_PLACEMENT_3D('',#966,#967,#968);
#966 = CARTESIAN_POINT('',(-20.,34.641016151378,-17.25));
#967 = DIRECTION('',(0.,0.,1.));
#968 = DIRECTION('',(1.,0.,-0.));
#969 = DEFINITIONAL_REPRESENTATION('',(#970),#974);
#970 = CIRCLE('',#971,3.4);
#971 = AXIS2_PLACEMENT_2D('',#972,#973);
#972 = CARTESIAN_POINT('',(3.552713678801E-15,0.));
#973 = DIRECTION('',(1.,0.));
#974 = ( GEOMETRIC_REPRESENTATION_CONTEXT(2) 
PARAMETRIC_REPRESENTATION_CONTEXT() REPRESENTATION_CONTEXT('2D SPACE',''
  ) );
#975 = ADVANCED_FACE('',(#976),#548,.F.);
#976 = FACE_BOUND('',#977,.T.);
#977 = EDGE_LOOP('',(#978,#1001,#1002,#1003));
#978 = ORIENTED_EDGE('',*,*,#979,.T.);
#979 = EDGE_CURVE('',#980,#532,#982,.T.);
#980 = VERTEX_POINT('',#981);
#981 = CARTESIAN_POINT('',(4.,40.,-8.));
#982 = SEAM_CURVE('',#983,(#987,#994),.PCURVE_S1.);
#983 = LINE('',#984,#985);
#984 = CARTESIAN_POINT('',(4.,40.,-8.));
#985 = VECTOR('',#986,1.);
#986 = DIRECTION('',(0.,0.,1.));
#987 = PCURVE('',#548,#988);
#988 = DEFINITIONAL_REPRESENTATION('',(#989),#993);
#989 = LINE('',#990,#991);
#990 = CARTESIAN_POINT('',(-0.,0.));
#991 = VECTOR('',#992,1.);
#992 = DIRECTION('',(-0.,-1.));
#993 = ( GEOMETRIC_REPRESENTATION_CONTEXT(2) 
PARAMETRIC_REPRESENTATION_CONTEXT() REPRESENTATION_CONTEXT('2D SPACE',''
  ) );
#994 = PCURVE('',#548,#995);
#995 = DEFINITIONAL_REPRESENTATION('',(#996),#1000);
#996 = LINE('',#997,#998);
#997 = CARTESIAN_POINT('',(-6.28318530718,0.));
#998 = VECTOR('',#999,1.);
#999 = DIRECTION('',(-0.,-1.));
#1000 = ( GEOMETRIC_REPRESENTATION_CONTEXT(2) 
PARAMETRIC_REPRESENTATION_CONTEXT() REPRESENTATION_CONTEXT('2D SPACE',''
  ) );
#1001 = ORIENTED_EDGE('',*,*,#531,.T.);
#1002 = ORIENTED_EDGE('',*,*,#979,.F.);
#1003 = ORIENTED_EDGE('',*,*,#1004,.F.);
#1004 = EDGE_CURVE('',#980,#980,#1005,.T.);
#1005 = SURFACE_CURVE('',#1006,(#1011,#1018),.PCURVE_S1.);
#1006 = CIRCLE('',#1007,4.);
#1007 = AXIS2_PLACEMENT_3D('',#1008,#1009,#1010);
#1008 = CARTESIAN_POINT('',(2.449293598295E-15,40.,-8.));
#1009 = DIRECTION('',(0.,0.,1.));
#1010 = DIRECTION('',(1.,0.,0.));
#1011 = PCURVE('',#548,#1012);
#1012 = DEFINITIONAL_REPRESENTATION('',(#1013),#1017);
#1013 = LINE('',#1014,#1015);
#1014 = CARTESIAN_POINT('',(-0.,0.));
#1015 = VECTOR('',#1016,1.);
#1016 = DIRECTION('',(-1.,0.));
#1017 = ( GEOMETRIC_REPRESENTATION_CONTEXT(2) 
PARAMETRIC_REPRESENTATION_CONTEXT() REPRESENTATION_CONTEXT('2D SPACE',''
  ) );
#1018 = PCURVE('',#1019,#1024);
#1019 = PLANE('',#1020);
#1020 = AXIS2_PLACEMENT_3D('',#1021,#1022,#1023);
#1021 = CARTESIAN_POINT('',(2.393020231944E-15,40.,-8.));
#1022 = DIRECTION('',(0.,0.,1.));
#1023 = DIRECTION('',(1.,0.,-0.));
#1024 = DEFINITIONAL_REPRESENTATION('',(#1025),#1029);
#1025 = CIRCLE('',#1026,4.);
#1026 = AXIS2_PLACEMENT_2D('',#1027,#1028);
#1027 = CARTESIAN_POINT('',(5.627336635072E-17,-7.105427357601E-15));
#1028 = DIRECTION('',(1.,0.));
#1029 = ( GEOMETRIC_REPRESENTATION_CONTEXT(2) 
PARAMETRIC_REPRESENTATION_CONTEXT() REPRESENTATION_CONTEXT('2D SPACE',''
  ) );
#1030 = ADVANCED_FACE('',(#1031),#579,.F.);
#1031 = FACE_BOUND('',#1032,.T.);
#1032 = EDGE_LOOP('',(#1033,#1056,#1057,#1058));
#1033 = ORIENTED_EDGE('',*,*,#1034,.T.);
#1034 = EDGE_CURVE('',#1035,#563,#1037,.T.);
#1035 = VERTEX_POINT('',#1036);
#1036 = CARTESIAN_POINT('',(23.4,34.641016151378,-17.25));
#1037 = SEAM_CURVE('',#1038,(#1042,#1049),.PCURVE_S1.);
#1038 = LINE('',#1039,#1040);
#1039 = CARTESIAN_POINT('',(23.4,34.641016151378,-17.25));
#1040 = VECTOR('',#1041,1.);
#1041 = DIRECTION('',(0.,0.,1.));
#1042 = PCURVE('',#579,#1043);
#1043 = DEFINITIONAL_REPRESENTATION('',(#1044),#1048);
#1044 = LINE('',#1045,#1046);
#1045 = CARTESIAN_POINT('',(-0.,0.));
#1046 = VECTOR('',#1047,1.);
#1047 = DIRECTION('',(-0.,-1.));
#1048 = ( GEOMETRIC_REPRESENTATION_CONTEXT(2) 
PARAMETRIC_REPRESENTATION_CONTEXT() REPRESENTATION_CONTEXT('2D SPACE',''
  ) );
#1049 = PCURVE('',#579,#1050);
#1050 = DEFINITIONAL_REPRESENTATION('',(#1051),#1055);
#1051 = LINE('',#1052,#1053);
#1052 = CARTESIAN_POINT('',(-6.28318530718,0.));
#1053 = VECTOR('',#1054,1.);
#1054 = DIRECTION('',(-0.,-1.));
#1055 = ( GEOMETRIC_REPRESENTATION_CONTEXT(2) 
PARAMETRIC_REPRESENTATION_CONTEXT() REPRESENTATION_CONTEXT('2D SPACE',''
  ) );
#1056 = ORIENTED_EDGE('',*,*,#562,.T.);
#1057 = ORIENTED_EDGE('',*,*,#1034,.F.);
#1058 = ORIENTED_EDGE('',*,*,#1059,.F.);
#1059 = EDGE_CURVE('',#1035,#1035,#1060,.T.);
#1060 = SURFACE_CURVE('',#1061,(#1066,#1073),.PCURVE_S1.);
#1061 = CIRCLE('',#1062,3.4);
#1062 = AXIS2_PLACEMENT_3D('',#1063,#1064,#1065);
#1063 = CARTESIAN_POINT('',(20.,34.641016151378,-17.25));
#1064 = DIRECTION('',(0.,0.,1.));
#1065 = DIRECTION('',(1.,0.,0.));
#1066 = PCURVE('',#579,#1067);
#1067 = DEFINITIONAL_REPRESENTATION('',(#1068),#1072);
#1068 = LINE('',#1069,#1070);
#1069 = CARTESIAN_POINT('',(-0.,0.));
#1070 = VECTOR('',#1071,1.);
#1071 = DIRECTION('',(-1.,0.));
#1072 = ( GEOMETRIC_REPRESENTATION_CONTEXT(2) 
PARAMETRIC_REPRESENTATION_CONTEXT() REPRESENTATION_CONTEXT('2D SPACE',''
  ) );
#1073 = PCURVE('',#1074,#1079);
#1074 = PLANE('',#1075);
#1075 = AXIS2_PLACEMENT_3D('',#1076,#1077,#1078);
#1076 = CARTESIAN_POINT('',(20.,34.641016151378,-17.25));
#1077 = DIRECTION('',(0.,0.,1.));
#1078 = DIRECTION('',(1.,0.,-0.));
#1079 = DEFINITIONAL_REPRESENTATION('',(#1080),#1084);
#1080 = CIRCLE('',#1081,3.4);
#1081 = AXIS2_PLACEMENT_2D('',#1082,#1083);
#1082 = CARTESIAN_POINT('',(-3.552713678801E-15,-7.105427357601E-15));
#1083 = DIRECTION('',(1.,0.));
#1084 = ( GEOMETRIC_REPRESENTATION_CONTEXT(2) 
PARAMETRIC_REPRESENTATION_CONTEXT() REPRESENTATION_CONTEXT('2D SPACE',''
  ) );
#1085 = ADVANCED_FACE('',(#1086),#632,.T.);
#1086 = FACE_BOUND('',#1087,.T.);
#1087 = EDGE_LOOP('',(#1088));
#1088 = ORIENTED_EDGE('',*,*,#617,.T.);
#1089 = ADVANCED_FACE('',(#1090),#689,.T.);
#1090 = FACE_BOUND('',#1091,.T.);
#1091 = EDGE_LOOP('',(#1092));
#1092 = ORIENTED_EDGE('',*,*,#674,.T.);
#1093 = ADVANCED_FACE('',(#1094),#744,.T.);
#1094 = FACE_BOUND('',#1095,.T.);
#1095 = EDGE_LOOP('',(#1096));
#1096 = ORIENTED_EDGE('',*,*,#729,.T.);
#1097 = ADVANCED_FACE('',(#1098),#799,.T.);
#1098 = FACE_BOUND('',#1099,.T.);
#1099 = EDGE_LOOP('',(#1100));
#1100 = ORIENTED_EDGE('',*,*,#784,.T.);
#1101 = ADVANCED_FACE('',(#1102),#854,.T.);
#1102 = FACE_BOUND('',#1103,.T.);
#1103 = EDGE_LOOP('',(#1104));
#1104 = ORIENTED_EDGE('',*,*,#839,.T.);
#1105 = ADVANCED_FACE('',(#1106),#909,.T.);
#1106 = FACE_BOUND('',#1107,.T.);
#1107 = EDGE_LOOP('',(#1108));
#1108 = ORIENTED_EDGE('',*,*,#894,.T.);
#1109 = ADVANCED_FACE('',(#1110),#964,.T.);
#1110 = FACE_BOUND('',#1111,.T.);
#1111 = EDGE_LOOP('',(#1112));
#1112 = ORIENTED_EDGE('',*,*,#949,.T.);
#1113 = ADVANCED_FACE('',(#1114),#1019,.T.);
#1114 = FACE_BOUND('',#1115,.T.);
#1115 = EDGE_LOOP('',(#1116));
#1116 = ORIENTED_EDGE('',*,*,#1004,.T.);
#1117 = ADVANCED_FACE('',(#1118),#1074,.T.);
#1118 = FACE_BOUND('',#1119,.T.);
#1119 = EDGE_LOOP('',(#1120));
#1120 = ORIENTED_EDGE('',*,*,#1059,.T.);
#1121 = ( GEOMETRIC_REPRESENTATION_CONTEXT(3) 
GLOBAL_UNCERTAINTY_ASSIGNED_CONTEXT((#1125)) 
GLOBAL_UNIT_ASSIGNED_CONTEXT((#1122,#1123,#1124)) REPRESENTATION_CONTEXT
('Context #1','3D Context with UNIT and UNCERTAINTY') );
#1122 = ( LENGTH_UNIT() NAMED_UNIT(*) SI_UNIT(.MILLI.,.METRE.) );
#1123 = ( NAMED_UNIT(*) PLANE_ANGLE_UNIT() SI_UNIT($,.RADIAN.) );
#1124 = ( NAMED_UNIT(*) SI_UNIT($,.STERADIAN.) SOLID_ANGLE_UNIT() );
#1125 = UNCERTAINTY_MEASURE_WITH_UNIT(LENGTH_MEASURE(1.E-07),#1122,
  'distance_accuracy_value','confusion accuracy');
#1126 = CONTEXT_DEPENDENT_SHAPE_REPRESENTATION(#1127,#1129);
#1127 = ( REPRESENTATION_RELATIONSHIP('','',#72,#10) 
REPRESENTATION_RELATIONSHIP_WITH_TRANSFORMATION(#1128) 
SHAPE_REPRESENTATION_RELATIONSHIP() );
#1128 = ITEM_DEFINED_TRANSFORMATION('','',#11,#15);
#1129 = PRODUCT_DEFINITION_SHAPE('Placement','Placement of an item',
  #1130);
#1130 = NEXT_ASSEMBLY_USAGE_OCCURRENCE('10','ur_flange_ur20','',#5,#67,$
  );
#1131 = PRODUCT_RELATED_PRODUCT_CATEGORY('part',$,(#69));
#1132 = SHAPE_DEFINITION_REPRESENTATION(#1133,#1139);
#1133 = PRODUCT_DEFINITION_SHAPE('','',#1134);
#1134 = PRODUCT_DEFINITION('design','',#1135,#1138);
#1135 = PRODUCT_DEFINITION_FORMATION('','',#1136);
#1136 = PRODUCT('bracket','bracket','',(#1137));
#1137 = PRODUCT_CONTEXT('',#2,'mechanical');
#1138 = PRODUCT_DEFINITION_CONTEXT('part definition',#2,'design');
#1139 = ADVANCED_BREP_SHAPE_REPRESENTATION('',(#11,#1140),#8315);
#1140 = MANIFOLD_SOLID_BREP('',#1141);
#1141 = CLOSED_SHELL('',(#1142,#1343,#2097,#2174,#2255,#2309,#2359,#2413
    ,#2467,#2521,#2594,#2810,#2948,#3002,#3050,#3186,#3392,#3440,#3673,
    #3721,#3769,#3977,#4031,#4085,#4139,#4208,#4262,#4309,#4341,#4594,
    #5163,#5291,#5323,#5500,#5507,#5588,#5595,#5602,#5609,#5709,#5764,
    #5818,#5929,#6030,#6085,#6134,#6184,#6211,#6289,#6316,#6343,#6371,
    #6399,#6477,#6550,#6577,#6627,#6655,#6710,#6747,#6796,#6846,#6895,
    #6945,#6952,#7031,#7058,#7299,#7334,#7384,#7444,#7521,#7575,#7629,
    #7684,#7739,#7793,#7847,#7880,#7905,#8099,#8146,#8173,#8200,#8227,
    #8254,#8281,#8308));
#1142 = ADVANCED_FACE('',(#1143),#1156,.T.);
#1143 = FACE_BOUND('',#1144,.F.);
#1144 = EDGE_LOOP('',(#1145,#1179,#1202,#1235,#1261,#1290,#1316,#1342));
#1145 = ORIENTED_EDGE('',*,*,#1146,.F.);
#1146 = EDGE_CURVE('',#1147,#1147,#1149,.T.);
#1147 = VERTEX_POINT('',#1148);
#1148 = CARTESIAN_POINT('',(48.,0.,0.));
#1149 = SURFACE_CURVE('',#1150,(#1155,#1167),.PCURVE_S1.);
#1150 = CIRCLE('',#1151,48.);
#1151 = AXIS2_PLACEMENT_3D('',#1152,#1153,#1154);
#1152 = CARTESIAN_POINT('',(0.,0.,0.));
#1153 = DIRECTION('',(0.,0.,1.));
#1154 = DIRECTION('',(1.,0.,0.));
#1155 = PCURVE('',#1156,#1161);
#1156 = CYLINDRICAL_SURFACE('',#1157,48.);
#1157 = AXIS2_PLACEMENT_3D('',#1158,#1159,#1160);
#1158 = CARTESIAN_POINT('',(0.,0.,0.));
#1159 = DIRECTION('',(-0.,-0.,-1.));
#1160 = DIRECTION('',(1.,0.,0.));
#1161 = DEFINITIONAL_REPRESENTATION('',(#1162),#1166);
#1162 = LINE('',#1163,#1164);
#1163 = CARTESIAN_POINT('',(-0.,0.));
#1164 = VECTOR('',#1165,1.);
#1165 = DIRECTION('',(-1.,0.));
#1166 = ( GEOMETRIC_REPRESENTATION_CONTEXT(2) 
PARAMETRIC_REPRESENTATION_CONTEXT() REPRESENTATION_CONTEXT('2D SPACE',''
  ) );
#1167 = PCURVE('',#1168,#1173);
#1168 = PLANE('',#1169);
#1169 = AXIS2_PLACEMENT_3D('',#1170,#1171,#1172);
#1170 = CARTESIAN_POINT('',(-2.734880265079E-15,1.687072141469E-15,0.));
#1171 = DIRECTION('',(0.,0.,1.));
#1172 = DIRECTION('',(1.,0.,-0.));
#1173 = DEFINITIONAL_REPRESENTATION('',(#1174),#1178);
#1174 = CIRCLE('',#1175,48.);
#1175 = AXIS2_PLACEMENT_2D('',#1176,#1177);
#1176 = CARTESIAN_POINT('',(2.734880265079E-15,-1.687072141469E-15));
#1177 = DIRECTION('',(1.,0.));
#1178 = ( GEOMETRIC_REPRESENTATION_CONTEXT(2) 
PARAMETRIC_REPRESENTATION_CONTEXT() REPRESENTATION_CONTEXT('2D SPACE',''
  ) );
#1179 = ORIENTED_EDGE('',*,*,#1180,.T.);
#1180 = EDGE_CURVE('',#1147,#1181,#1183,.T.);
#1181 = VERTEX_POINT('',#1182);
#1182 = CARTESIAN_POINT('',(48.,0.,3.));
#1183 = SEAM_CURVE('',#1184,(#1188,#1195),.PCURVE_S1.);
#1184 = LINE('',#1185,#1186);
#1185 = CARTESIAN_POINT('',(48.,0.,0.));
#1186 = VECTOR('',#1187,1.);
#1187 = DIRECTION('',(0.,0.,1.));
#1188 = PCURVE('',#1156,#1189);
#1189 = DEFINITIONAL_REPRESENTATION('',(#1190),#1194);
#1190 = LINE('',#1191,#1192);
#1191 = CARTESIAN_POINT('',(-6.28318530718,0.));
#1192 = VECTOR('',#1193,1.);
#1193 = DIRECTION('',(-0.,-1.));
#1194 = ( GEOMETRIC_REPRESENTATION_CONTEXT(2) 
PARAMETRIC_REPRESENTATION_CONTEXT() REPRESENTATION_CONTEXT('2D SPACE',''
  ) );
#1195 = PCURVE('',#1156,#1196);
#1196 = DEFINITIONAL_REPRESENTATION('',(#1197),#1201);
#1197 = LINE('',#1198,#1199);
#1198 = CARTESIAN_POINT('',(-0.,0.));
#1199 = VECTOR('',#1200,1.);
#1200 = DIRECTION('',(-0.,-1.));
#1201 = ( GEOMETRIC_REPRESENTATION_CONTEXT(2) 
PARAMETRIC_REPRESENTATION_CONTEXT() REPRESENTATION_CONTEXT('2D SPACE',''
  ) );
#1202 = ORIENTED_EDGE('',*,*,#1203,.F.);
#1203 = EDGE_CURVE('',#1204,#1181,#1206,.T.);
#1204 = VERTEX_POINT('',#1205);
#1205 = CARTESIAN_POINT('',(19.763886032268,43.742299995582,3.));
#1206 = SURFACE_CURVE('',#1207,(#1212,#1219),.PCURVE_S1.);
#1207 = CIRCLE('',#1208,48.);
#1208 = AXIS2_PLACEMENT_3D('',#1209,#1210,#1211);
#1209 = CARTESIAN_POINT('',(0.,0.,3.));
#1210 = DIRECTION('',(0.,0.,-1.));
#1211 = DIRECTION('',(1.,0.,0.));
#1212 = PCURVE('',#1156,#1213);
#1213 = DEFINITIONAL_REPRESENTATION('',(#1214),#1218);
#1214 = LINE('',#1215,#1216);
#1215 = CARTESIAN_POINT('',(-6.28318530718,-3.));
#1216 = VECTOR('',#1217,1.);
#1217 = DIRECTION('',(1.,-0.));
#1218 = ( GEOMETRIC_REPRESENTATION_CONTEXT(2) 
PARAMETRIC_REPRESENTATION_CONTEXT() REPRESENTATION_CONTEXT('2D SPACE',''
  ) );
#1219 = PCURVE('',#1220,#1225);
#1220 = PLANE('',#1221);
#1221 = AXIS2_PLACEMENT_3D('',#1222,#1223,#1224);
#1222 = CARTESIAN_POINT('',(35.723547906108,20.625,3.));
#1223 = DIRECTION('',(0.,0.,1.));
#1224 = DIRECTION('',(0.866025403784,0.5,0.));
#1225 = DEFINITIONAL_REPRESENTATION('',(#1226),#1234);
#1226 = ( BOUNDED_CURVE() B_SPLINE_CURVE(2,(#1227,#1228,#1229,#1230,
#1231,#1232,#1233),.UNSPECIFIED.,.T.,.F.) B_SPLINE_CURVE_WITH_KNOTS((1,2
    ,2,2,2,1),(-2.094395102393,0.,2.094395102393,4.188790204786,
6.28318530718,8.377580409573),.UNSPECIFIED.) CURVE() 
GEOMETRIC_REPRESENTATION_ITEM() RATIONAL_B_SPLINE_CURVE((1.,0.5,1.,0.5,
1.,0.5,1.)) REPRESENTATION_ITEM('') );
#1227 = CARTESIAN_POINT('',(0.319219381653,-24.));
#1228 = CARTESIAN_POINT('',(-41.25,-96.));
#1229 = CARTESIAN_POINT('',(-82.81921938165,-24.));
#1230 = CARTESIAN_POINT('',(-124.3884387633,48.));
#1231 = CARTESIAN_POINT('',(-41.25,48.));
#1232 = CARTESIAN_POINT('',(41.888438763306,48.));
#1233 = CARTESIAN_POINT('',(0.319219381653,-24.));
#1234 = ( GEOMETRIC_REPRESENTATION_CONTEXT(2) 
PARAMETRIC_REPRESENTATION_CONTEXT() REPRESENTATION_CONTEXT('2D SPACE',''
  ) );
#1235 = ORIENTED_EDGE('',*,*,#1236,.F.);
#1236 = EDGE_CURVE('',#1237,#1204,#1239,.T.);
#1237 = VERTEX_POINT('',#1238);
#1238 = CARTESIAN_POINT('',(19.763886032268,43.742299995582,5.));
#1239 = SURFACE_CURVE('',#1240,(#1244,#1250),.PCURVE_S1.);
#1240 = LINE('',#1241,#1242);
#1241 = CARTESIAN_POINT('',(19.763886032268,43.742299995582,0.));
#1242 = VECTOR('',#1243,1.);
#1243 = DIRECTION('',(-0.,-0.,-1.));
#1244 = PCURVE('',#1156,#1245);
#1245 = DEFINITIONAL_REPRESENTATION('',(#1246),#1249);
#1246 = B_SPLINE_CURVE_WITH_KNOTS('',1,(#1247,#1248),.UNSPECIFIED.,.F.,
  .F.,(2,2),(-5.0000006,-2.7),.PIECEWISE_BEZIER_KNOTS.);
#1247 = CARTESIAN_POINT('',(-1.14642536101,-5.0000006));
#1248 = CARTESIAN_POINT('',(-1.14642536101,-2.7));
#1249 = ( GEOMETRIC_REPRESENTATION_CONTEXT(2) 
PARAMETRIC_REPRESENTATION_CONTEXT() REPRESENTATION_CONTEXT('2D SPACE',''
  ) );
#1250 = PCURVE('',#1251,#1256);
#1251 = PLANE('',#1252);
#1252 = AXIS2_PLACEMENT_3D('',#1253,#1254,#1255);
#1253 = CARTESIAN_POINT('',(33.198384506252,51.498711305964,3.));
#1254 = DIRECTION('',(0.5,-0.866025403784,0.));
#1255 = DIRECTION('',(-0.866025403784,-0.5,0.));
#1256 = DEFINITIONAL_REPRESENTATION('',(#1257),#1260);
#1257 = B_SPLINE_CURVE_WITH_KNOTS('',1,(#1258,#1259),.UNSPECIFIED.,.F.,
  .F.,(2,2),(-5.0000006,-2.7),.PIECEWISE_BEZIER_KNOTS.);
#1258 = CARTESIAN_POINT('',(15.512822620764,-2.0000006));
#1259 = CARTESIAN_POINT('',(15.512822620764,0.3));
#1260 = ( GEOMETRIC_REPRESENTATION_CONTEXT(2) 
PARAMETRIC_REPRESENTATION_CONTEXT() REPRESENTATION_CONTEXT('2D SPACE',''
  ) );
#1261 = ORIENTED_EDGE('',*,*,#1262,.T.);
#1262 = EDGE_CURVE('',#1237,#1263,#1265,.T.);
#1263 = VERTEX_POINT('',#1264);
#1264 = CARTESIAN_POINT('',(47.763886032268,-4.755122616346,5.));
#1265 = SURFACE_CURVE('',#1266,(#1271,#1278),.PCURVE_S1.);
#1266 = CIRCLE('',#1267,48.);
#1267 = AXIS2_PLACEMENT_3D('',#1268,#1269,#1270);
#1268 = CARTESIAN_POINT('',(0.,0.,5.));
#1269 = DIRECTION('',(0.,0.,1.));
#1270 = DIRECTION('',(1.,0.,-0.));
#1271 = PCURVE('',#1156,#1272);
#1272 = DEFINITIONAL_REPRESENTATION('',(#1273),#1277);
#1273 = LINE('',#1274,#1275);
#1274 = CARTESIAN_POINT('',(-0.,-5.));
#1275 = VECTOR('',#1276,1.);
#1276 = DIRECTION('',(-1.,0.));
#1277 = ( GEOMETRIC_REPRESENTATION_CONTEXT(2) 
PARAMETRIC_REPRESENTATION_CONTEXT() REPRESENTATION_CONTEXT('2D SPACE',''
  ) );
#1278 = PCURVE('',#1279,#1284);
#1279 = CONICAL_SURFACE('',#1280,48.,0.785398163397);
#1280 = AXIS2_PLACEMENT_3D('',#1281,#1282,#1283);
#1281 = CARTESIAN_POINT('',(0.,0.,5.));
#1282 = DIRECTION('',(-0.,-0.,-1.));
#1283 = DIRECTION('',(1.,0.,0.));
#1284 = DEFINITIONAL_REPRESENTATION('',(#1285),#1289);
#1285 = LINE('',#1286,#1287);
#1286 = CARTESIAN_POINT('',(-0.,-0.));
#1287 = VECTOR('',#1288,1.);
#1288 = DIRECTION('',(-1.,-0.));
#1289 = ( GEOMETRIC_REPRESENTATION_CONTEXT(2) 
PARAMETRIC_REPRESENTATION_CONTEXT() REPRESENTATION_CONTEXT('2D SPACE',''
  ) );
#1290 = ORIENTED_EDGE('',*,*,#1291,.T.);
#1291 = EDGE_CURVE('',#1263,#1292,#1294,.T.);
#1292 = VERTEX_POINT('',#1293);
#1293 = CARTESIAN_POINT('',(47.763886032268,-4.755122616346,3.));
#1294 = SURFACE_CURVE('',#1295,(#1299,#1305),.PCURVE_S1.);
#1295 = LINE('',#1296,#1297);
#1296 = CARTESIAN_POINT('',(47.763886032268,-4.755122616346,0.));
#1297 = VECTOR('',#1298,1.);
#1298 = DIRECTION('',(-0.,-0.,-1.));
#1299 = PCURVE('',#1156,#1300);
#1300 = DEFINITIONAL_REPRESENTATION('',(#1301),#1304);
#1301 = B_SPLINE_CURVE_WITH_KNOTS('',1,(#1302,#1303),.UNSPECIFIED.,.F.,
  .F.,(2,2),(-5.0000006,-2.7),.PIECEWISE_BEZIER_KNOTS.);
#1302 = CARTESIAN_POINT('',(-6.183957497366,-5.0000006));
#1303 = CARTESIAN_POINT('',(-6.183957497366,-2.7));
#1304 = ( GEOMETRIC_REPRESENTATION_CONTEXT(2) 
PARAMETRIC_REPRESENTATION_CONTEXT() REPRESENTATION_CONTEXT('2D SPACE',''
  ) );
#1305 = PCURVE('',#1306,#1311);
#1306 = PLANE('',#1307);
#1307 = AXIS2_PLACEMENT_3D('',#1308,#1309,#1310);
#1308 = CARTESIAN_POINT('',(38.248711305964,-10.24871130596,3.));
#1309 = DIRECTION('',(-0.5,0.866025403784,0.));
#1310 = DIRECTION('',(0.866025403784,0.5,0.));
#1311 = DEFINITIONAL_REPRESENTATION('',(#1312),#1315);
#1312 = B_SPLINE_CURVE_WITH_KNOTS('',1,(#1313,#1314),.UNSPECIFIED.,.F.,
  .F.,(2,2),(-5.0000006,-2.7),.PIECEWISE_BEZIER_KNOTS.);
#1313 = CARTESIAN_POINT('',(10.987177379236,-2.0000006));
#1314 = CARTESIAN_POINT('',(10.987177379236,0.3));
#1315 = ( GEOMETRIC_REPRESENTATION_CONTEXT(2) 
PARAMETRIC_REPRESENTATION_CONTEXT() REPRESENTATION_CONTEXT('2D SPACE',''
  ) );
#1316 = ORIENTED_EDGE('',*,*,#1317,.F.);
#1317 = EDGE_CURVE('',#1181,#1292,#1318,.T.);
#1318 = SURFACE_CURVE('',#1319,(#1324,#1331),.PCURVE_S1.);
#1319 = CIRCLE('',#1320,48.);
#1320 = AXIS2_PLACEMENT_3D('',#1321,#1322,#1323);
#1321 = CARTESIAN_POINT('',(0.,0.,3.));
#1322 = DIRECTION('',(0.,0.,-1.));
#1323 = DIRECTION('',(1.,0.,0.));
#1324 = PCURVE('',#1156,#1325);
#1325 = DEFINITIONAL_REPRESENTATION('',(#1326),#1330);
#1326 = LINE('',#1327,#1328);
#1327 = CARTESIAN_POINT('',(-6.28318530718,-3.));
#1328 = VECTOR('',#1329,1.);
#1329 = DIRECTION('',(1.,-0.));
#1330 = ( GEOMETRIC_REPRESENTATION_CONTEXT(2) 
PARAMETRIC_REPRESENTATION_CONTEXT() REPRESENTATION_CONTEXT('2D SPACE',''
  ) );
#1331 = PCURVE('',#1220,#1332);
#1332 = DEFINITIONAL_REPRESENTATION('',(#1333),#1341);
#1333 = ( BOUNDED_CURVE() B_SPLINE_CURVE(2,(#1334,#1335,#1336,#1337,
#1338,#1339,#1340),.UNSPECIFIED.,.T.,.F.) B_SPLINE_CURVE_WITH_KNOTS((1,2
    ,2,2,2,1),(-2.094395102393,0.,2.094395102393,4.188790204786,
6.28318530718,8.377580409573),.UNSPECIFIED.) CURVE() 
GEOMETRIC_REPRESENTATION_ITEM() RATIONAL_B_SPLINE_CURVE((1.,0.5,1.,0.5,
1.,0.5,1.)) REPRESENTATION_ITEM('') );
#1334 = CARTESIAN_POINT('',(0.319219381653,-24.));
#1335 = CARTESIAN_POINT('',(-41.25,-96.));
#1336 = CARTESIAN_POINT('',(-82.81921938165,-24.));
#1337 = CARTESIAN_POINT('',(-124.3884387633,48.));
#1338 = CARTESIAN_POINT('',(-41.25,48.));
#1339 = CARTESIAN_POINT('',(41.888438763306,48.));
#1340 = CARTESIAN_POINT('',(0.319219381653,-24.));
#1341 = ( GEOMETRIC_REPRESENTATION_CONTEXT(2) 
PARAMETRIC_REPRESENTATION_CONTEXT() REPRESENTATION_CONTEXT('2D SPACE',''
  ) );
#1342 = ORIENTED_EDGE('',*,*,#1180,.F.);
#1343 = ADVANCED_FACE('',(#1344,#1347,#1382,#1417,#1452,#1872,#1907,
    #1942,#1977),#1168,.F.);
#1344 = FACE_BOUND('',#1345,.F.);
#1345 = EDGE_LOOP('',(#1346));
#1346 = ORIENTED_EDGE('',*,*,#1146,.T.);
#1347 = FACE_BOUND('',#1348,.F.);
#1348 = EDGE_LOOP('',(#1349));
#1349 = ORIENTED_EDGE('',*,*,#1350,.T.);
#1350 = EDGE_CURVE('',#1351,#1351,#1353,.T.);
#1351 = VERTEX_POINT('',#1352);
#1352 = CARTESIAN_POINT('',(-15.5,-34.64101615137,0.));
#1353 = SURFACE_CURVE('',#1354,(#1359,#1370),.PCURVE_S1.);
#1354 = CIRCLE('',#1355,4.5);
#1355 = AXIS2_PLACEMENT_3D('',#1356,#1357,#1358);
#1356 = CARTESIAN_POINT('',(-20.,-34.64101615137,0.));
#1357 = DIRECTION('',(0.,0.,-1.));
#1358 = DIRECTION('',(1.,0.,0.));
#1359 = PCURVE('',#1168,#1360);
#1360 = DEFINITIONAL_REPRESENTATION('',(#1361),#1369);
#1361 = ( BOUNDED_CURVE() B_SPLINE_CURVE(2,(#1362,#1363,#1364,#1365,
#1366,#1367,#1368),.UNSPECIFIED.,.T.,.F.) B_SPLINE_CURVE_WITH_KNOTS((1,2
    ,2,2,2,1),(-2.094395102393,0.,2.094395102393,4.188790204786,
6.28318530718,8.377580409573),.UNSPECIFIED.) CURVE() 
GEOMETRIC_REPRESENTATION_ITEM() RATIONAL_B_SPLINE_CURVE((1.,0.5,1.,0.5,
1.,0.5,1.)) REPRESENTATION_ITEM('') );
#1362 = CARTESIAN_POINT('',(-15.5,-34.64101615137));
#1363 = CARTESIAN_POINT('',(-15.5,-42.43524478543));
#1364 = CARTESIAN_POINT('',(-22.25,-38.5381304684));
#1365 = CARTESIAN_POINT('',(-29.,-34.64101615137));
#1366 = CARTESIAN_POINT('',(-22.25,-30.74390183434));
#1367 = CARTESIAN_POINT('',(-15.5,-26.84678751731));
#1368 = CARTESIAN_POINT('',(-15.5,-34.64101615137));
#1369 = ( GEOMETRIC_REPRESENTATION_CONTEXT(2) 
PARAMETRIC_REPRESENTATION_CONTEXT() REPRESENTATION_CONTEXT('2D SPACE',''
  ) );
#1370 = PCURVE('',#1371,#1376);
#1371 = CYLINDRICAL_SURFACE('',#1372,4.5);
#1372 = AXIS2_PLACEMENT_3D('',#1373,#1374,#1375);
#1373 = CARTESIAN_POINT('',(-20.,-34.64101615137,-20.));
#1374 = DIRECTION('',(-0.,-0.,-1.));
#1375 = DIRECTION('',(1.,0.,0.));
#1376 = DEFINITIONAL_REPRESENTATION('',(#1377),#1381);
#1377 = LINE('',#1378,#1379);
#1378 = CARTESIAN_POINT('',(-6.28318530718,-20.));
#1379 = VECTOR('',#1380,1.);
#1380 = DIRECTION('',(1.,-0.));
#1381 = ( GEOMETRIC_REPRESENTATION_CONTEXT(2) 
PARAMETRIC_REPRESENTATION_CONTEXT() REPRESENTATION_CONTEXT('2D SPACE',''
  ) );
#1382 = FACE_BOUND('',#1383,.F.);
#1383 = EDGE_LOOP('',(#1384));
#1384 = ORIENTED_EDGE('',*,*,#1385,.T.);
#1385 = EDGE_CURVE('',#1386,#1386,#1388,.T.);
#1386 = VERTEX_POINT('',#1387);
#1387 = CARTESIAN_POINT('',(-35.5,4.898587196589E-15,0.));
#1388 = SURFACE_CURVE('',#1389,(#1394,#1405),.PCURVE_S1.);
#1389 = CIRCLE('',#1390,4.5);
#1390 = AXIS2_PLACEMENT_3D('',#1391,#1392,#1393);
#1391 = CARTESIAN_POINT('',(-40.,4.898587196589E-15,0.));
#1392 = DIRECTION('',(0.,0.,-1.));
#1393 = DIRECTION('',(1.,0.,0.));
#1394 = PCURVE('',#1168,#1395);
#1395 = DEFINITIONAL_REPRESENTATION('',(#1396),#1404);
#1396 = ( BOUNDED_CURVE() B_SPLINE_CURVE(2,(#1397,#1398,#1399,#1400,
#1401,#1402,#1403),.UNSPECIFIED.,.T.,.F.) B_SPLINE_CURVE_WITH_KNOTS((1,2
    ,2,2,2,1),(-2.094395102393,0.,2.094395102393,4.188790204786,
6.28318530718,8.377580409573),.UNSPECIFIED.) CURVE() 
GEOMETRIC_REPRESENTATION_ITEM() RATIONAL_B_SPLINE_CURVE((1.,0.5,1.,0.5,
1.,0.5,1.)) REPRESENTATION_ITEM('') );
#1397 = CARTESIAN_POINT('',(-35.5,3.21151505512E-15));
#1398 = CARTESIAN_POINT('',(-35.5,-7.79422863406));
#1399 = CARTESIAN_POINT('',(-42.25,-3.89711431703));
#1400 = CARTESIAN_POINT('',(-49.,2.109332935887E-15));
#1401 = CARTESIAN_POINT('',(-42.25,3.89711431703));
#1402 = CARTESIAN_POINT('',(-35.5,7.79422863406));
#1403 = CARTESIAN_POINT('',(-35.5,3.21151505512E-15));
#1404 = ( GEOMETRIC_REPRESENTATION_CONTEXT(2) 
PARAMETRIC_REPRESENTATION_CONTEXT() REPRESENTATION_CONTEXT('2D SPACE',''
  ) );
#1405 = PCURVE('',#1406,#1411);
#1406 = CYLINDRICAL_SURFACE('',#1407,4.5);
#1407 = AXIS2_PLACEMENT_3D('',#1408,#1409,#1410);
#1408 = CARTESIAN_POINT('',(-40.,4.898587196589E-15,-20.));
#1409 = DIRECTION('',(-0.,-0.,-1.));
#1410 = DIRECTION('',(1.,0.,0.));
#1411 = DEFINITIONAL_REPRESENTATION('',(#1412),#1416);
#1412 = LINE('',#1413,#1414);
#1413 = CARTESIAN_POINT('',(-6.28318530718,-20.));
#1414 = VECTOR('',#1415,1.);
#1415 = DIRECTION('',(1.,-0.));
#1416 = ( GEOMETRIC_REPRESENTATION_CONTEXT(2) 
PARAMETRIC_REPRESENTATION_CONTEXT() REPRESENTATION_CONTEXT('2D SPACE',''
  ) );
#1417 = FACE_BOUND('',#1418,.F.);
#1418 = EDGE_LOOP('',(#1419));
#1419 = ORIENTED_EDGE('',*,*,#1420,.T.);
#1420 = EDGE_CURVE('',#1421,#1421,#1423,.T.);
#1421 = VERTEX_POINT('',#1422);
#1422 = CARTESIAN_POINT('',(24.5,-34.64101615137,0.));
#1423 = SURFACE_CURVE('',#1424,(#1429,#1440),.PCURVE_S1.);
#1424 = CIRCLE('',#1425,4.5);
#1425 = AXIS2_PLACEMENT_3D('',#1426,#1427,#1428);
#1426 = CARTESIAN_POINT('',(20.,-34.64101615137,0.));
#1427 = DIRECTION('',(0.,0.,-1.));
#1428 = DIRECTION('',(1.,0.,0.));
#1429 = PCURVE('',#1168,#1430);
#1430 = DEFINITIONAL_REPRESENTATION('',(#1431),#1439);
#1431 = ( BOUNDED_CURVE() B_SPLINE_CURVE(2,(#1432,#1433,#1434,#1435,
#1436,#1437,#1438),.UNSPECIFIED.,.T.,.F.) B_SPLINE_CURVE_WITH_KNOTS((1,2
    ,2,2,2,1),(-2.094395102393,0.,2.094395102393,4.188790204786,
6.28318530718,8.377580409573),.UNSPECIFIED.) CURVE() 
GEOMETRIC_REPRESENTATION_ITEM() RATIONAL_B_SPLINE_CURVE((1.,0.5,1.,0.5,
1.,0.5,1.)) REPRESENTATION_ITEM('') );
#1432 = CARTESIAN_POINT('',(24.5,-34.64101615137));
#1433 = CARTESIAN_POINT('',(24.5,-42.43524478543));
#1434 = CARTESIAN_POINT('',(17.75,-38.5381304684));
#1435 = CARTESIAN_POINT('',(11.,-34.64101615137));
#1436 = CARTESIAN_POINT('',(17.75,-30.74390183434));
#1437 = CARTESIAN_POINT('',(24.5,-26.84678751731));
#1438 = CARTESIAN_POINT('',(24.5,-34.64101615137));
#1439 = ( GEOMETRIC_REPRESENTATION_CONTEXT(2) 
PARAMETRIC_REPRESENTATION_CONTEXT() REPRESENTATION_CONTEXT('2D SPACE',''
  ) );
#1440 = PCURVE('',#1441,#1446);
#1441 = CYLINDRICAL_SURFACE('',#1442,4.5);
#1442 = AXIS2_PLACEMENT_3D('',#1443,#1444,#1445);
#1443 = CARTESIAN_POINT('',(20.,-34.64101615137,-20.));
#1444 = DIRECTION('',(-0.,-0.,-1.));
#1445 = DIRECTION('',(1.,0.,0.));
#1446 = DEFINITIONAL_REPRESENTATION('',(#1447),#1451);
#1447 = LINE('',#1448,#1449);
#1448 = CARTESIAN_POINT('',(-6.28318530718,-20.));
#1449 = VECTOR('',#1450,1.);
#1450 = DIRECTION('',(1.,-0.));
#1451 = ( GEOMETRIC_REPRESENTATION_CONTEXT(2) 
PARAMETRIC_REPRESENTATION_CONTEXT() REPRESENTATION_CONTEXT('2D SPACE',''
  ) );
#1452 = FACE_BOUND('',#1453,.F.);
#1453 = EDGE_LOOP('',(#1454,#1485,#1518,#1546,#1575,#1608,#1636,#1665,
    #1698,#1727,#1760,#1789,#1815,#1848));
#1454 = ORIENTED_EDGE('',*,*,#1455,.F.);
#1455 = EDGE_CURVE('',#1456,#1458,#1460,.T.);
#1456 = VERTEX_POINT('',#1457);
#1457 = CARTESIAN_POINT('',(15.130472102606,19.775712729312,0.));
#1458 = VERTEX_POINT('',#1459);
#1459 = CARTESIAN_POINT('',(3.1,24.706274506692,0.));
#1460 = SURFACE_CURVE('',#1461,(#1466,#1473),.PCURVE_S1.);
#1461 = CIRCLE('',#1462,24.9);
#1462 = AXIS2_PLACEMENT_3D('',#1463,#1464,#1465);
#1463 = CARTESIAN_POINT('',(0.,0.,0.));
#1464 = DIRECTION('',(0.,-0.,1.));
#1465 = DIRECTION('',(0.607649482032,0.794205330494,0.));
#1466 = PCURVE('',#1168,#1467);
#1467 = DEFINITIONAL_REPRESENTATION('',(#1468),#1472);
#1468 = CIRCLE('',#1469,24.9);
#1469 = AXIS2_PLACEMENT_2D('',#1470,#1471);
#1470 = CARTESIAN_POINT('',(2.734880265079E-15,-1.687072141469E-15));
#1471 = DIRECTION('',(0.607649482032,0.794205330494));
#1472 = ( GEOMETRIC_REPRESENTATION_CONTEXT(2) 
PARAMETRIC_REPRESENTATION_CONTEXT() REPRESENTATION_CONTEXT('2D SPACE',''
  ) );
#1473 = PCURVE('',#1474,#1479);
#1474 = CYLINDRICAL_SURFACE('',#1475,24.9);
#1475 = AXIS2_PLACEMENT_3D('',#1476,#1477,#1478);
#1476 = CARTESIAN_POINT('',(0.,0.,-3.));
#1477 = DIRECTION('',(-0.,-0.,-1.));
#1478 = DIRECTION('',(1.,0.,0.));
#1479 = DEFINITIONAL_REPRESENTATION('',(#1480),#1484);
#1480 = LINE('',#1481,#1482);
#1481 = CARTESIAN_POINT('',(-0.917698683377,-3.));
#1482 = VECTOR('',#1483,1.);
#1483 = DIRECTION('',(-1.,0.));
#1484 = ( GEOMETRIC_REPRESENTATION_CONTEXT(2) 
PARAMETRIC_REPRESENTATION_CONTEXT() REPRESENTATION_CONTEXT('2D SPACE',''
  ) );
#1485 = ORIENTED_EDGE('',*,*,#1486,.T.);
#1486 = EDGE_CURVE('',#1456,#1487,#1489,.T.);
#1487 = VERTEX_POINT('',#1488);
#1488 = CARTESIAN_POINT('',(20.977669529664,17.677669529664,0.));
#1489 = SURFACE_CURVE('',#1490,(#1495,#1506),.PCURVE_S1.);
#1490 = CIRCLE('',#1491,3.3);
#1491 = AXIS2_PLACEMENT_3D('',#1492,#1493,#1494);
#1492 = CARTESIAN_POINT('',(17.677669529664,17.677669529664,0.));
#1493 = DIRECTION('',(0.,0.,-1.));
#1494 = DIRECTION('',(1.,0.,0.));
#1495 = PCURVE('',#1168,#1496);
#1496 = DEFINITIONAL_REPRESENTATION('',(#1497),#1505);
#1497 = ( BOUNDED_CURVE() B_SPLINE_CURVE(2,(#1498,#1499,#1500,#1501,
#1502,#1503,#1504),.UNSPECIFIED.,.T.,.F.) B_SPLINE_CURVE_WITH_KNOTS((1,2
    ,2,2,2,1),(-2.094395102393,0.,2.094395102393,4.188790204786,
6.28318530718,8.377580409573),.UNSPECIFIED.) CURVE() 
GEOMETRIC_REPRESENTATION_ITEM() RATIONAL_B_SPLINE_CURVE((1.,0.5,1.,0.5,
1.,0.5,1.)) REPRESENTATION_ITEM('') );
#1498 = CARTESIAN_POINT('',(20.977669529664,17.677669529664));
#1499 = CARTESIAN_POINT('',(20.977669529664,11.961901864686));
#1500 = CARTESIAN_POINT('',(16.027669529664,14.819785697175));
#1501 = CARTESIAN_POINT('',(11.077669529664,17.677669529664));
#1502 = CARTESIAN_POINT('',(16.027669529664,20.535553362152));
#1503 = CARTESIAN_POINT('',(20.977669529664,23.393437194641));
#1504 = CARTESIAN_POINT('',(20.977669529664,17.677669529664));
#1505 = ( GEOMETRIC_REPRESENTATION_CONTEXT(2) 
PARAMETRIC_REPRESENTATION_CONTEXT() REPRESENTATION_CONTEXT('2D SPACE',''
  ) );
#1506 = PCURVE('',#1507,#1512);
#1507 = CYLINDRICAL_SURFACE('',#1508,3.3);
#1508 = AXIS2_PLACEMENT_3D('',#1509,#1510,#1511);
#1509 = CARTESIAN_POINT('',(17.677669529664,17.677669529664,-20.));
#1510 = DIRECTION('',(-0.,-0.,-1.));
#1511 = DIRECTION('',(1.,0.,0.));
#1512 = DEFINITIONAL_REPRESENTATION('',(#1513),#1517);
#1513 = LINE('',#1514,#1515);
#1514 = CARTESIAN_POINT('',(-6.28318530718,-20.));
#1515 = VECTOR('',#1516,1.);
#1516 = DIRECTION('',(1.,-0.));
#1517 = ( GEOMETRIC_REPRESENTATION_CONTEXT(2) 
PARAMETRIC_REPRESENTATION_CONTEXT() REPRESENTATION_CONTEXT('2D SPACE',''
  ) );
#1518 = ORIENTED_EDGE('',*,*,#1519,.T.);
#1519 = EDGE_CURVE('',#1487,#1520,#1522,.T.);
#1520 = VERTEX_POINT('',#1521);
#1521 = CARTESIAN_POINT('',(19.775712729312,15.130472102606,0.));
#1522 = SURFACE_CURVE('',#1523,(#1528,#1539),.PCURVE_S1.);
#1523 = CIRCLE('',#1524,3.3);
#1524 = AXIS2_PLACEMENT_3D('',#1525,#1526,#1527);
#1525 = CARTESIAN_POINT('',(17.677669529664,17.677669529664,0.));
#1526 = DIRECTION('',(0.,0.,-1.));
#1527 = DIRECTION('',(1.,0.,0.));
#1528 = PCURVE('',#1168,#1529);
#1529 = DEFINITIONAL_REPRESENTATION('',(#1530),#1538);
#1530 = ( BOUNDED_CURVE() B_SPLINE_CURVE(2,(#1531,#1532,#1533,#1534,
#1535,#1536,#1537),.UNSPECIFIED.,.T.,.F.) B_SPLINE_CURVE_WITH_KNOTS((1,2
    ,2,2,2,1),(-2.094395102393,0.,2.094395102393,4.188790204786,
6.28318530718,8.377580409573),.UNSPECIFIED.) CURVE() 
GEOMETRIC_REPRESENTATION_ITEM() RATIONAL_B_SPLINE_CURVE((1.,0.5,1.,0.5,
1.,0.5,1.)) REPRESENTATION_ITEM('') );
#1531 = CARTESIAN_POINT('',(20.977669529664,17.677669529664));
#1532 = CARTESIAN_POINT('',(20.977669529664,11.961901864686));
#1533 = CARTESIAN_POINT('',(16.027669529664,14.819785697175));
#1534 = CARTESIAN_POINT('',(11.077669529664,17.677669529664));
#1535 = CARTESIAN_POINT('',(16.027669529664,20.535553362152));
#1536 = CARTESIAN_POINT('',(20.977669529664,23.393437194641));
#1537 = CARTESIAN_POINT('',(20.977669529664,17.677669529664));
#1538 = ( GEOMETRIC_REPRESENTATION_CONTEXT(2) 
PARAMETRIC_REPRESENTATION_CONTEXT() REPRESENTATION_CONTEXT('2D SPACE',''
  ) );
#1539 = PCURVE('',#1507,#1540);
#1540 = DEFINITIONAL_REPRESENTATION('',(#1541),#1545);
#1541 = LINE('',#1542,#1543);
#1542 = CARTESIAN_POINT('',(-6.28318530718,-20.));
#1543 = VECTOR('',#1544,1.);
#1544 = DIRECTION('',(1.,-0.));
#1545 = ( GEOMETRIC_REPRESENTATION_CONTEXT(2) 
PARAMETRIC_REPRESENTATION_CONTEXT() REPRESENTATION_CONTEXT('2D SPACE',''
  ) );
#1546 = ORIENTED_EDGE('',*,*,#1547,.F.);
#1547 = EDGE_CURVE('',#1548,#1520,#1550,.T.);
#1548 = VERTEX_POINT('',#1549);
#1549 = CARTESIAN_POINT('',(19.775712729312,-15.1304721026,0.));
#1550 = SURFACE_CURVE('',#1551,(#1556,#1563),.PCURVE_S1.);
#1551 = CIRCLE('',#1552,24.9);
#1552 = AXIS2_PLACEMENT_3D('',#1553,#1554,#1555);
#1553 = CARTESIAN_POINT('',(0.,0.,0.));
#1554 = DIRECTION('',(0.,-0.,1.));
#1555 = DIRECTION('',(0.607649482032,0.794205330494,0.));
#1556 = PCURVE('',#1168,#1557);
#1557 = DEFINITIONAL_REPRESENTATION('',(#1558),#1562);
#1558 = CIRCLE('',#1559,24.9);
#1559 = AXIS2_PLACEMENT_2D('',#1560,#1561);
#1560 = CARTESIAN_POINT('',(2.734880265079E-15,-1.687072141469E-15));
#1561 = DIRECTION('',(0.607649482032,0.794205330494));
#1562 = ( GEOMETRIC_REPRESENTATION_CONTEXT(2) 
PARAMETRIC_REPRESENTATION_CONTEXT() REPRESENTATION_CONTEXT('2D SPACE',''
  ) );
#1563 = PCURVE('',#1564,#1569);
#1564 = CYLINDRICAL_SURFACE('',#1565,24.9);
#1565 = AXIS2_PLACEMENT_3D('',#1566,#1567,#1568);
#1566 = CARTESIAN_POINT('',(0.,0.,-3.));
#1567 = DIRECTION('',(-0.,-0.,-1.));
#1568 = DIRECTION('',(1.,0.,0.));
#1569 = DEFINITIONAL_REPRESENTATION('',(#1570),#1574);
#1570 = LINE('',#1571,#1572);
#1571 = CARTESIAN_POINT('',(-0.917698683377,-3.));
#1572 = VECTOR('',#1573,1.);
#1573 = DIRECTION('',(-1.,0.));
#1574 = ( GEOMETRIC_REPRESENTATION_CONTEXT(2) 
PARAMETRIC_REPRESENTATION_CONTEXT() REPRESENTATION_CONTEXT('2D SPACE',''
  ) );
#1575 = ORIENTED_EDGE('',*,*,#1576,.T.);
#1576 = EDGE_CURVE('',#1548,#1577,#1579,.T.);
#1577 = VERTEX_POINT('',#1578);
#1578 = CARTESIAN_POINT('',(20.977669529664,-17.67766952966,0.));
#1579 = SURFACE_CURVE('',#1580,(#1585,#1596),.PCURVE_S1.);
#1580 = CIRCLE('',#1581,3.3);
#1581 = AXIS2_PLACEMENT_3D('',#1582,#1583,#1584);
#1582 = CARTESIAN_POINT('',(17.677669529664,-17.67766952966,0.));
#1583 = DIRECTION('',(0.,0.,-1.));
#1584 = DIRECTION('',(1.,0.,0.));
#1585 = PCURVE('',#1168,#1586);
#1586 = DEFINITIONAL_REPRESENTATION('',(#1587),#1595);
#1587 = ( BOUNDED_CURVE() B_SPLINE_CURVE(2,(#1588,#1589,#1590,#1591,
#1592,#1593,#1594),.UNSPECIFIED.,.T.,.F.) B_SPLINE_CURVE_WITH_KNOTS((1,2
    ,2,2,2,1),(-2.094395102393,0.,2.094395102393,4.188790204786,
6.28318530718,8.377580409573),.UNSPECIFIED.) CURVE() 
GEOMETRIC_REPRESENTATION_ITEM() RATIONAL_B_SPLINE_CURVE((1.,0.5,1.,0.5,
1.,0.5,1.)) REPRESENTATION_ITEM('') );
#1588 = CARTESIAN_POINT('',(20.977669529664,-17.67766952966));
#1589 = CARTESIAN_POINT('',(20.977669529664,-23.39343719464));
#1590 = CARTESIAN_POINT('',(16.027669529664,-20.53555336215));
#1591 = CARTESIAN_POINT('',(11.077669529664,-17.67766952966));
#1592 = CARTESIAN_POINT('',(16.027669529664,-14.81978569717));
#1593 = CARTESIAN_POINT('',(20.977669529664,-11.96190186468));
#1594 = CARTESIAN_POINT('',(20.977669529664,-17.67766952966));
#1595 = ( GEOMETRIC_REPRESENTATION_CONTEXT(2) 
PARAMETRIC_REPRESENTATION_CONTEXT() REPRESENTATION_CONTEXT('2D SPACE',''
  ) );
#1596 = PCURVE('',#1597,#1602);
#1597 = CYLINDRICAL_SURFACE('',#1598,3.3);
#1598 = AXIS2_PLACEMENT_3D('',#1599,#1600,#1601);
#1599 = CARTESIAN_POINT('',(17.677669529664,-17.67766952966,-20.));
#1600 = DIRECTION('',(-0.,-0.,-1.));
#1601 = DIRECTION('',(1.,0.,0.));
#1602 = DEFINITIONAL_REPRESENTATION('',(#1603),#1607);
#1603 = LINE('',#1604,#1605);
#1604 = CARTESIAN_POINT('',(-6.28318530718,-20.));
#1605 = VECTOR('',#1606,1.);
#1606 = DIRECTION('',(1.,-0.));
#1607 = ( GEOMETRIC_REPRESENTATION_CONTEXT(2) 
PARAMETRIC_REPRESENTATION_CONTEXT() REPRESENTATION_CONTEXT('2D SPACE',''
  ) );
#1608 = ORIENTED_EDGE('',*,*,#1609,.T.);
#1609 = EDGE_CURVE('',#1577,#1610,#1612,.T.);
#1610 = VERTEX_POINT('',#1611);
#1611 = CARTESIAN_POINT('',(15.130472102606,-19.77571272931,0.));
#1612 = SURFACE_CURVE('',#1613,(#1618,#1629),.PCURVE_S1.);
#1613 = CIRCLE('',#1614,3.3);
#1614 = AXIS2_PLACEMENT_3D('',#1615,#1616,#1617);
#1615 = CARTESIAN_POINT('',(17.677669529664,-17.67766952966,0.));
#1616 = DIRECTION('',(0.,0.,-1.));
#1617 = DIRECTION('',(1.,0.,0.));
#1618 = PCURVE('',#1168,#1619);
#1619 = DEFINITIONAL_REPRESENTATION('',(#1620),#1628);
#1620 = ( BOUNDED_CURVE() B_SPLINE_CURVE(2,(#1621,#1622,#1623,#1624,
#1625,#1626,#1627),.UNSPECIFIED.,.T.,.F.) B_SPLINE_CURVE_WITH_KNOTS((1,2
    ,2,2,2,1),(-2.094395102393,0.,2.094395102393,4.188790204786,
6.28318530718,8.377580409573),.UNSPECIFIED.) CURVE() 
GEOMETRIC_REPRESENTATION_ITEM() RATIONAL_B_SPLINE_CURVE((1.,0.5,1.,0.5,
1.,0.5,1.)) REPRESENTATION_ITEM('') );
#1621 = CARTESIAN_POINT('',(20.977669529664,-17.67766952966));
#1622 = CARTESIAN_POINT('',(20.977669529664,-23.39343719464));
#1623 = CARTESIAN_POINT('',(16.027669529664,-20.53555336215));
#1624 = CARTESIAN_POINT('',(11.077669529664,-17.67766952966));
#1625 = CARTESIAN_POINT('',(16.027669529664,-14.81978569717));
#1626 = CARTESIAN_POINT('',(20.977669529664,-11.96190186468));
#1627 = CARTESIAN_POINT('',(20.977669529664,-17.67766952966));
#1628 = ( GEOMETRIC_REPRESENTATION_CONTEXT(2) 
PARAMETRIC_REPRESENTATION_CONTEXT() REPRESENTATION_CONTEXT('2D SPACE',''
  ) );
#1629 = PCURVE('',#1597,#1630);
#1630 = DEFINITIONAL_REPRESENTATION('',(#1631),#1635);
#1631 = LINE('',#1632,#1633);
#1632 = CARTESIAN_POINT('',(-6.28318530718,-20.));
#1633 = VECTOR('',#1634,1.);
#1634 = DIRECTION('',(1.,-0.));
#1635 = ( GEOMETRIC_REPRESENTATION_CONTEXT(2) 
PARAMETRIC_REPRESENTATION_CONTEXT() REPRESENTATION_CONTEXT('2D SPACE',''
  ) );
#1636 = ORIENTED_EDGE('',*,*,#1637,.F.);
#1637 = EDGE_CURVE('',#1638,#1610,#1640,.T.);
#1638 = VERTEX_POINT('',#1639);
#1639 = CARTESIAN_POINT('',(-15.1304721026,-19.77571272931,0.));
#1640 = SURFACE_CURVE('',#1641,(#1646,#1653),.PCURVE_S1.);
#1641 = CIRCLE('',#1642,24.9);
#1642 = AXIS2_PLACEMENT_3D('',#1643,#1644,#1645);
#1643 = CARTESIAN_POINT('',(0.,0.,0.));
#1644 = DIRECTION('',(0.,-0.,1.));
#1645 = DIRECTION('',(0.607649482032,0.794205330494,0.));
#1646 = PCURVE('',#1168,#1647);
#1647 = DEFINITIONAL_REPRESENTATION('',(#1648),#1652);
#1648 = CIRCLE('',#1649,24.9);
#1649 = AXIS2_PLACEMENT_2D('',#1650,#1651);
#1650 = CARTESIAN_POINT('',(2.734880265079E-15,-1.687072141469E-15));
#1651 = DIRECTION('',(0.607649482032,0.794205330494));
#1652 = ( GEOMETRIC_REPRESENTATION_CONTEXT(2) 
PARAMETRIC_REPRESENTATION_CONTEXT() REPRESENTATION_CONTEXT('2D SPACE',''
  ) );
#1653 = PCURVE('',#1654,#1659);
#1654 = CYLINDRICAL_SURFACE('',#1655,24.9);
#1655 = AXIS2_PLACEMENT_3D('',#1656,#1657,#1658);
#1656 = CARTESIAN_POINT('',(0.,0.,-3.));
#1657 = DIRECTION('',(-0.,-0.,-1.));
#1658 = DIRECTION('',(1.,0.,0.));
#1659 = DEFINITIONAL_REPRESENTATION('',(#1660),#1664);
#1660 = LINE('',#1661,#1662);
#1661 = CARTESIAN_POINT('',(-0.917698683377,-3.));
#1662 = VECTOR('',#1663,1.);
#1663 = DIRECTION('',(-1.,0.));
#1664 = ( GEOMETRIC_REPRESENTATION_CONTEXT(2) 
PARAMETRIC_REPRESENTATION_CONTEXT() REPRESENTATION_CONTEXT('2D SPACE',''
  ) );
#1665 = ORIENTED_EDGE('',*,*,#1666,.T.);
#1666 = EDGE_CURVE('',#1638,#1667,#1669,.T.);
#1667 = VERTEX_POINT('',#1668);
#1668 = CARTESIAN_POINT('',(-19.77571272931,-15.1304721026,0.));
#1669 = SURFACE_CURVE('',#1670,(#1675,#1686),.PCURVE_S1.);
#1670 = CIRCLE('',#1671,3.3);
#1671 = AXIS2_PLACEMENT_3D('',#1672,#1673,#1674);
#1672 = CARTESIAN_POINT('',(-17.67766952966,-17.67766952966,0.));
#1673 = DIRECTION('',(0.,0.,-1.));
#1674 = DIRECTION('',(1.,0.,0.));
#1675 = PCURVE('',#1168,#1676);
#1676 = DEFINITIONAL_REPRESENTATION('',(#1677),#1685);
#1677 = ( BOUNDED_CURVE() B_SPLINE_CURVE(2,(#1678,#1679,#1680,#1681,
#1682,#1683,#1684),.UNSPECIFIED.,.T.,.F.) B_SPLINE_CURVE_WITH_KNOTS((1,2
    ,2,2,2,1),(-2.094395102393,0.,2.094395102393,4.188790204786,
6.28318530718,8.377580409573),.UNSPECIFIED.) CURVE() 
GEOMETRIC_REPRESENTATION_ITEM() RATIONAL_B_SPLINE_CURVE((1.,0.5,1.,0.5,
1.,0.5,1.)) REPRESENTATION_ITEM('') );
#1678 = CARTESIAN_POINT('',(-14.37766952966,-17.67766952966));
#1679 = CARTESIAN_POINT('',(-14.37766952966,-23.39343719464));
#1680 = CARTESIAN_POINT('',(-19.32766952966,-20.53555336215));
#1681 = CARTESIAN_POINT('',(-24.27766952966,-17.67766952966));
#1682 = CARTESIAN_POINT('',(-19.32766952966,-14.81978569717));
#1683 = CARTESIAN_POINT('',(-14.37766952966,-11.96190186468));
#1684 = CARTESIAN_POINT('',(-14.37766952966,-17.67766952966));
#1685 = ( GEOMETRIC_REPRESENTATION_CONTEXT(2) 
PARAMETRIC_REPRESENTATION_CONTEXT() REPRESENTATION_CONTEXT('2D SPACE',''
  ) );
#1686 = PCURVE('',#1687,#1692);
#1687 = CYLINDRICAL_SURFACE('',#1688,3.3);
#1688 = AXIS2_PLACEMENT_3D('',#1689,#1690,#1691);
#1689 = CARTESIAN_POINT('',(-17.67766952966,-17.67766952966,-20.));
#1690 = DIRECTION('',(-0.,-0.,-1.));
#1691 = DIRECTION('',(1.,0.,0.));
#1692 = DEFINITIONAL_REPRESENTATION('',(#1693),#1697);
#1693 = LINE('',#1694,#1695);
#1694 = CARTESIAN_POINT('',(-6.28318530718,-20.));
#1695 = VECTOR('',#1696,1.);
#1696 = DIRECTION('',(1.,-0.));
#1697 = ( GEOMETRIC_REPRESENTATION_CONTEXT(2) 
PARAMETRIC_REPRESENTATION_CONTEXT() REPRESENTATION_CONTEXT('2D SPACE',''
  ) );
#1698 = ORIENTED_EDGE('',*,*,#1699,.F.);
#1699 = EDGE_CURVE('',#1700,#1667,#1702,.T.);
#1700 = VERTEX_POINT('',#1701);
#1701 = CARTESIAN_POINT('',(-19.77571272931,15.130472102606,0.));
#1702 = SURFACE_CURVE('',#1703,(#1708,#1715),.PCURVE_S1.);
#1703 = CIRCLE('',#1704,24.9);
#1704 = AXIS2_PLACEMENT_3D('',#1705,#1706,#1707);
#1705 = CARTESIAN_POINT('',(0.,0.,0.));
#1706 = DIRECTION('',(0.,-0.,1.));
#1707 = DIRECTION('',(0.607649482032,0.794205330494,0.));
#1708 = PCURVE('',#1168,#1709);
#1709 = DEFINITIONAL_REPRESENTATION('',(#1710),#1714);
#1710 = CIRCLE('',#1711,24.9);
#1711 = AXIS2_PLACEMENT_2D('',#1712,#1713);
#1712 = CARTESIAN_POINT('',(2.734880265079E-15,-1.687072141469E-15));
#1713 = DIRECTION('',(0.607649482032,0.794205330494));
#1714 = ( GEOMETRIC_REPRESENTATION_CONTEXT(2) 
PARAMETRIC_REPRESENTATION_CONTEXT() REPRESENTATION_CONTEXT('2D SPACE',''
  ) );
#1715 = PCURVE('',#1716,#1721);
#1716 = CYLINDRICAL_SURFACE('',#1717,24.9);
#1717 = AXIS2_PLACEMENT_3D('',#1718,#1719,#1720);
#1718 = CARTESIAN_POINT('',(0.,0.,-3.));
#1719 = DIRECTION('',(-0.,-0.,-1.));
#1720 = DIRECTION('',(1.,0.,0.));
#1721 = DEFINITIONAL_REPRESENTATION('',(#1722),#1726);
#1722 = LINE('',#1723,#1724);
#1723 = CARTESIAN_POINT('',(-0.917698683377,-3.));
#1724 = VECTOR('',#1725,1.);
#1725 = DIRECTION('',(-1.,0.));
#1726 = ( GEOMETRIC_REPRESENTATION_CONTEXT(2) 
PARAMETRIC_REPRESENTATION_CONTEXT() REPRESENTATION_CONTEXT('2D SPACE',''
  ) );
#1727 = ORIENTED_EDGE('',*,*,#1728,.T.);
#1728 = EDGE_CURVE('',#1700,#1729,#1731,.T.);
#1729 = VERTEX_POINT('',#1730);
#1730 = CARTESIAN_POINT('',(-15.1304721026,19.775712729312,0.));
#1731 = SURFACE_CURVE('',#1732,(#1737,#1748),.PCURVE_S1.);
#1732 = CIRCLE('',#1733,3.3);
#1733 = AXIS2_PLACEMENT_3D('',#1734,#1735,#1736);
#1734 = CARTESIAN_POINT('',(-17.67766952966,17.677669529664,0.));
#1735 = DIRECTION('',(0.,0.,-1.));
#1736 = DIRECTION('',(1.,0.,0.));
#1737 = PCURVE('',#1168,#1738);
#1738 = DEFINITIONAL_REPRESENTATION('',(#1739),#1747);
#1739 = ( BOUNDED_CURVE() B_SPLINE_CURVE(2,(#1740,#1741,#1742,#1743,
#1744,#1745,#1746),.UNSPECIFIED.,.T.,.F.) B_SPLINE_CURVE_WITH_KNOTS((1,2
    ,2,2,2,1),(-2.094395102393,0.,2.094395102393,4.188790204786,
6.28318530718,8.377580409573),.UNSPECIFIED.) CURVE() 
GEOMETRIC_REPRESENTATION_ITEM() RATIONAL_B_SPLINE_CURVE((1.,0.5,1.,0.5,
1.,0.5,1.)) REPRESENTATION_ITEM('') );
#1740 = CARTESIAN_POINT('',(-14.37766952966,17.677669529664));
#1741 = CARTESIAN_POINT('',(-14.37766952966,11.961901864686));
#1742 = CARTESIAN_POINT('',(-19.32766952966,14.819785697175));
#1743 = CARTESIAN_POINT('',(-24.27766952966,17.677669529664));
#1744 = CARTESIAN_POINT('',(-19.32766952966,20.535553362152));
#1745 = CARTESIAN_POINT('',(-14.37766952966,23.393437194641));
#1746 = CARTESIAN_POINT('',(-14.37766952966,17.677669529664));
#1747 = ( GEOMETRIC_REPRESENTATION_CONTEXT(2) 
PARAMETRIC_REPRESENTATION_CONTEXT() REPRESENTATION_CONTEXT('2D SPACE',''
  ) );
#1748 = PCURVE('',#1749,#1754);
#1749 = CYLINDRICAL_SURFACE('',#1750,3.3);
#1750 = AXIS2_PLACEMENT_3D('',#1751,#1752,#1753);
#1751 = CARTESIAN_POINT('',(-17.67766952966,17.677669529664,-20.));
#1752 = DIRECTION('',(-0.,-0.,-1.));
#1753 = DIRECTION('',(1.,0.,0.));
#1754 = DEFINITIONAL_REPRESENTATION('',(#1755),#1759);
#1755 = LINE('',#1756,#1757);
#1756 = CARTESIAN_POINT('',(-6.28318530718,-20.));
#1757 = VECTOR('',#1758,1.);
#1758 = DIRECTION('',(1.,-0.));
#1759 = ( GEOMETRIC_REPRESENTATION_CONTEXT(2) 
PARAMETRIC_REPRESENTATION_CONTEXT() REPRESENTATION_CONTEXT('2D SPACE',''
  ) );
#1760 = ORIENTED_EDGE('',*,*,#1761,.F.);
#1761 = EDGE_CURVE('',#1762,#1729,#1764,.T.);
#1762 = VERTEX_POINT('',#1763);
#1763 = CARTESIAN_POINT('',(-3.1,24.706274506692,0.));
#1764 = SURFACE_CURVE('',#1765,(#1770,#1777),.PCURVE_S1.);
#1765 = CIRCLE('',#1766,24.9);
#1766 = AXIS2_PLACEMENT_3D('',#1767,#1768,#1769);
#1767 = CARTESIAN_POINT('',(0.,0.,0.));
#1768 = DIRECTION('',(0.,-0.,1.));
#1769 = DIRECTION('',(0.607649482032,0.794205330494,0.));
#1770 = PCURVE('',#1168,#1771);
#1771 = DEFINITIONAL_REPRESENTATION('',(#1772),#1776);
#1772 = CIRCLE('',#1773,24.9);
#1773 = AXIS2_PLACEMENT_2D('',#1774,#1775);
#1774 = CARTESIAN_POINT('',(2.734880265079E-15,-1.687072141469E-15));
#1775 = DIRECTION('',(0.607649482032,0.794205330494));
#1776 = ( GEOMETRIC_REPRESENTATION_CONTEXT(2) 
PARAMETRIC_REPRESENTATION_CONTEXT() REPRESENTATION_CONTEXT('2D SPACE',''
  ) );
#1777 = PCURVE('',#1778,#1783);
#1778 = CYLINDRICAL_SURFACE('',#1779,24.9);
#1779 = AXIS2_PLACEMENT_3D('',#1780,#1781,#1782);
#1780 = CARTESIAN_POINT('',(0.,0.,-3.));
#1781 = DIRECTION('',(-0.,-0.,-1.));
#1782 = DIRECTION('',(1.,0.,0.));
#1783 = DEFINITIONAL_REPRESENTATION('',(#1784),#1788);
#1784 = LINE('',#1785,#1786);
#1785 = CARTESIAN_POINT('',(-0.917698683377,-3.));
#1786 = VECTOR('',#1787,1.);
#1787 = DIRECTION('',(-1.,0.));
#1788 = ( GEOMETRIC_REPRESENTATION_CONTEXT(2) 
PARAMETRIC_REPRESENTATION_CONTEXT() REPRESENTATION_CONTEXT('2D SPACE',''
  ) );
#1789 = ORIENTED_EDGE('',*,*,#1790,.F.);
#1790 = EDGE_CURVE('',#1791,#1762,#1793,.T.);
#1791 = VERTEX_POINT('',#1792);
#1792 = CARTESIAN_POINT('',(-3.1,26.4,0.));
#1793 = SURFACE_CURVE('',#1794,(#1798,#1804),.PCURVE_S1.);
#1794 = LINE('',#1795,#1796);
#1795 = CARTESIAN_POINT('',(-3.1,11.8,0.));
#1796 = VECTOR('',#1797,1.);
#1797 = DIRECTION('',(-1.110223024625E-16,-1.,0.));
#1798 = PCURVE('',#1168,#1799);
#1799 = DEFINITIONAL_REPRESENTATION('',(#1800),#1803);
#1800 = B_SPLINE_CURVE_WITH_KNOTS('',1,(#1801,#1802),.UNSPECIFIED.,.F.,
  .F.,(2,2),(-14.6,-11.8),.PIECEWISE_BEZIER_KNOTS.);
#1801 = CARTESIAN_POINT('',(-3.1,26.4));
#1802 = CARTESIAN_POINT('',(-3.1,23.6));
#1803 = ( GEOMETRIC_REPRESENTATION_CONTEXT(2) 
PARAMETRIC_REPRESENTATION_CONTEXT() REPRESENTATION_CONTEXT('2D SPACE',''
  ) );
#1804 = PCURVE('',#1805,#1810);
#1805 = PLANE('',#1806);
#1806 = AXIS2_PLACEMENT_3D('',#1807,#1808,#1809);
#1807 = CARTESIAN_POINT('',(-3.1,23.6,-20.));
#1808 = DIRECTION('',(-1.,1.110223024625E-16,0.));
#1809 = DIRECTION('',(1.110223024625E-16,1.,0.));
#1810 = DEFINITIONAL_REPRESENTATION('',(#1811),#1814);
#1811 = B_SPLINE_CURVE_WITH_KNOTS('',1,(#1812,#1813),.UNSPECIFIED.,.F.,
  .F.,(2,2),(-14.6,-11.8),.PIECEWISE_BEZIER_KNOTS.);
#1812 = CARTESIAN_POINT('',(2.8,-20.));
#1813 = CARTESIAN_POINT('',(0.,-20.));
#1814 = ( GEOMETRIC_REPRESENTATION_CONTEXT(2) 
PARAMETRIC_REPRESENTATION_CONTEXT() REPRESENTATION_CONTEXT('2D SPACE',''
  ) );
#1815 = ORIENTED_EDGE('',*,*,#1816,.T.);
#1816 = EDGE_CURVE('',#1791,#1817,#1819,.T.);
#1817 = VERTEX_POINT('',#1818);
#1818 = CARTESIAN_POINT('',(3.1,26.4,0.));
#1819 = SURFACE_CURVE('',#1820,(#1825,#1836),.PCURVE_S1.);
#1820 = CIRCLE('',#1821,3.1);
#1821 = AXIS2_PLACEMENT_3D('',#1822,#1823,#1824);
#1822 = CARTESIAN_POINT('',(1.964931133798E-15,26.4,0.));
#1823 = DIRECTION('',(-0.,0.,-1.));
#1824 = DIRECTION('',(-1.,-3.223228136009E-17,0.));
#1825 = PCURVE('',#1168,#1826);
#1826 = DEFINITIONAL_REPRESENTATION('',(#1827),#1835);
#1827 = ( BOUNDED_CURVE() B_SPLINE_CURVE(2,(#1828,#1829,#1830,#1831,
#1832,#1833,#1834),.UNSPECIFIED.,.T.,.F.) B_SPLINE_CURVE_WITH_KNOTS((1,2
    ,2,2,2,1),(-2.094395102393,0.,2.094395102393,4.188790204786,
6.28318530718,8.377580409573),.UNSPECIFIED.) CURVE() 
GEOMETRIC_REPRESENTATION_ITEM() RATIONAL_B_SPLINE_CURVE((1.,0.5,1.,0.5,
1.,0.5,1.)) REPRESENTATION_ITEM('') );
#1828 = CARTESIAN_POINT('',(-3.1,26.4));
#1829 = CARTESIAN_POINT('',(-3.1,31.769357503464));
#1830 = CARTESIAN_POINT('',(1.55,29.084678751732));
#1831 = CARTESIAN_POINT('',(6.2,26.4));
#1832 = CARTESIAN_POINT('',(1.55,23.715321248268));
#1833 = CARTESIAN_POINT('',(-3.1,21.030642496536));
#1834 = CARTESIAN_POINT('',(-3.1,26.4));
#1835 = ( GEOMETRIC_REPRESENTATION_CONTEXT(2) 
PARAMETRIC_REPRESENTATION_CONTEXT() REPRESENTATION_CONTEXT('2D SPACE',''
  ) );
#1836 = PCURVE('',#1837,#1842);
#1837 = CYLINDRICAL_SURFACE('',#1838,3.1);
#1838 = AXIS2_PLACEMENT_3D('',#1839,#1840,#1841);
#1839 = CARTESIAN_POINT('',(1.964931133798E-15,26.4,-20.));
#1840 = DIRECTION('',(-0.,0.,-1.));
#1841 = DIRECTION('',(-1.,-3.223228136009E-17,0.));
#1842 = DEFINITIONAL_REPRESENTATION('',(#1843),#1847);
#1843 = LINE('',#1844,#1845);
#1844 = CARTESIAN_POINT('',(0.,-20.));
#1845 = VECTOR('',#1846,1.);
#1846 = DIRECTION('',(1.,0.));
#1847 = ( GEOMETRIC_REPRESENTATION_CONTEXT(2) 
PARAMETRIC_REPRESENTATION_CONTEXT() REPRESENTATION_CONTEXT('2D SPACE',''
  ) );
#1848 = ORIENTED_EDGE('',*,*,#1849,.F.);
#1849 = EDGE_CURVE('',#1458,#1817,#1850,.T.);
#1850 = SURFACE_CURVE('',#1851,(#1855,#1861),.PCURVE_S1.);
#1851 = LINE('',#1852,#1853);
#1852 = CARTESIAN_POINT('',(3.1,13.2,0.));
#1853 = VECTOR('',#1854,1.);
#1854 = DIRECTION('',(1.110223024625E-16,1.,-0.));
#1855 = PCURVE('',#1168,#1856);
#1856 = DEFINITIONAL_REPRESENTATION('',(#1857),#1860);
#1857 = B_SPLINE_CURVE_WITH_KNOTS('',1,(#1858,#1859),.UNSPECIFIED.,.F.,
  .F.,(2,2),(10.4,13.2),.PIECEWISE_BEZIER_KNOTS.);
#1858 = CARTESIAN_POINT('',(3.1,23.6));
#1859 = CARTESIAN_POINT('',(3.1,26.4));
#1860 = ( GEOMETRIC_REPRESENTATION_CONTEXT(2) 
PARAMETRIC_REPRESENTATION_CONTEXT() REPRESENTATION_CONTEXT('2D SPACE',''
  ) );
#1861 = PCURVE('',#1862,#1867);
#1862 = PLANE('',#1863);
#1863 = AXIS2_PLACEMENT_3D('',#1864,#1865,#1866);
#1864 = CARTESIAN_POINT('',(3.1,26.4,-20.));
#1865 = DIRECTION('',(1.,-1.110223024625E-16,0.));
#1866 = DIRECTION('',(-1.110223024625E-16,-1.,0.));
#1867 = DEFINITIONAL_REPRESENTATION('',(#1868),#1871);
#1868 = B_SPLINE_CURVE_WITH_KNOTS('',1,(#1869,#1870),.UNSPECIFIED.,.F.,
  .F.,(2,2),(10.4,13.2),.PIECEWISE_BEZIER_KNOTS.);
#1869 = CARTESIAN_POINT('',(2.8,-20.));
#1870 = CARTESIAN_POINT('',(0.,-20.));
#1871 = ( GEOMETRIC_REPRESENTATION_CONTEXT(2) 
PARAMETRIC_REPRESENTATION_CONTEXT() REPRESENTATION_CONTEXT('2D SPACE',''
  ) );
#1872 = FACE_BOUND('',#1873,.F.);
#1873 = EDGE_LOOP('',(#1874));
#1874 = ORIENTED_EDGE('',*,*,#1875,.T.);
#1875 = EDGE_CURVE('',#1876,#1876,#1878,.T.);
#1876 = VERTEX_POINT('',#1877);
#1877 = CARTESIAN_POINT('',(44.5,0.,0.));
#1878 = SURFACE_CURVE('',#1879,(#1884,#1895),.PCURVE_S1.);
#1879 = CIRCLE('',#1880,4.5);
#1880 = AXIS2_PLACEMENT_3D('',#1881,#1882,#1883);
#1881 = CARTESIAN_POINT('',(40.,0.,0.));
#1882 = DIRECTION('',(0.,0.,-1.));
#1883 = DIRECTION('',(1.,0.,0.));
#1884 = PCURVE('',#1168,#1885);
#1885 = DEFINITIONAL_REPRESENTATION('',(#1886),#1894);
#1886 = ( BOUNDED_CURVE() B_SPLINE_CURVE(2,(#1887,#1888,#1889,#1890,
#1891,#1892,#1893),.UNSPECIFIED.,.T.,.F.) B_SPLINE_CURVE_WITH_KNOTS((1,2
    ,2,2,2,1),(-2.094395102393,0.,2.094395102393,4.188790204786,
6.28318530718,8.377580409573),.UNSPECIFIED.) CURVE() 
GEOMETRIC_REPRESENTATION_ITEM() RATIONAL_B_SPLINE_CURVE((1.,0.5,1.,0.5,
1.,0.5,1.)) REPRESENTATION_ITEM('') );
#1887 = CARTESIAN_POINT('',(44.5,-1.687072141469E-15));
#1888 = CARTESIAN_POINT('',(44.5,-7.79422863406));
#1889 = CARTESIAN_POINT('',(37.75,-3.89711431703));
#1890 = CARTESIAN_POINT('',(31.,-2.789254260702E-15));
#1891 = CARTESIAN_POINT('',(37.75,3.89711431703));
#1892 = CARTESIAN_POINT('',(44.5,7.79422863406));
#1893 = CARTESIAN_POINT('',(44.5,-1.687072141469E-15));
#1894 = ( GEOMETRIC_REPRESENTATION_CONTEXT(2) 
PARAMETRIC_REPRESENTATION_CONTEXT() REPRESENTATION_CONTEXT('2D SPACE',''
  ) );
#1895 = PCURVE('',#1896,#1901);
#1896 = CYLINDRICAL_SURFACE('',#1897,4.5);
#1897 = AXIS2_PLACEMENT_3D('',#1898,#1899,#1900);
#1898 = CARTESIAN_POINT('',(40.,0.,-20.));
#1899 = DIRECTION('',(-0.,-0.,-1.));
#1900 = DIRECTION('',(1.,0.,0.));
#1901 = DEFINITIONAL_REPRESENTATION('',(#1902),#1906);
#1902 = LINE('',#1903,#1904);
#1903 = CARTESIAN_POINT('',(-6.28318530718,-20.));
#1904 = VECTOR('',#1905,1.);
#1905 = DIRECTION('',(1.,-0.));
#1906 = ( GEOMETRIC_REPRESENTATION_CONTEXT(2) 
PARAMETRIC_REPRESENTATION_CONTEXT() REPRESENTATION_CONTEXT('2D SPACE',''
  ) );
#1907 = FACE_BOUND('',#1908,.F.);
#1908 = EDGE_LOOP('',(#1909));
#1909 = ORIENTED_EDGE('',*,*,#1910,.T.);
#1910 = EDGE_CURVE('',#1911,#1911,#1913,.T.);
#1911 = VERTEX_POINT('',#1912);
#1912 = CARTESIAN_POINT('',(-15.5,34.641016151378,0.));
#1913 = SURFACE_CURVE('',#1914,(#1919,#1930),.PCURVE_S1.);
#1914 = CIRCLE('',#1915,4.5);
#1915 = AXIS2_PLACEMENT_3D('',#1916,#1917,#1918);
#1916 = CARTESIAN_POINT('',(-20.,34.641016151378,0.));
#1917 = DIRECTION('',(0.,0.,-1.));
#1918 = DIRECTION('',(1.,0.,0.));
#1919 = PCURVE('',#1168,#1920);
#1920 = DEFINITIONAL_REPRESENTATION('',(#1921),#1929);
#1921 = ( BOUNDED_CURVE() B_SPLINE_CURVE(2,(#1922,#1923,#1924,#1925,
#1926,#1927,#1928),.UNSPECIFIED.,.T.,.F.) B_SPLINE_CURVE_WITH_KNOTS((1,2
    ,2,2,2,1),(-2.094395102393,0.,2.094395102393,4.188790204786,
6.28318530718,8.377580409573),.UNSPECIFIED.) CURVE() 
GEOMETRIC_REPRESENTATION_ITEM() RATIONAL_B_SPLINE_CURVE((1.,0.5,1.,0.5,
1.,0.5,1.)) REPRESENTATION_ITEM('') );
#1922 = CARTESIAN_POINT('',(-15.5,34.641016151378));
#1923 = CARTESIAN_POINT('',(-15.5,26.846787517318));
#1924 = CARTESIAN_POINT('',(-22.25,30.743901834348));
#1925 = CARTESIAN_POINT('',(-29.,34.641016151378));
#1926 = CARTESIAN_POINT('',(-22.25,38.538130468408));
#1927 = CARTESIAN_POINT('',(-15.5,42.435244785437));
#1928 = CARTESIAN_POINT('',(-15.5,34.641016151378));
#1929 = ( GEOMETRIC_REPRESENTATION_CONTEXT(2) 
PARAMETRIC_REPRESENTATION_CONTEXT() REPRESENTATION_CONTEXT('2D SPACE',''
  ) );
#1930 = PCURVE('',#1931,#1936);
#1931 = CYLINDRICAL_SURFACE('',#1932,4.5);
#1932 = AXIS2_PLACEMENT_3D('',#1933,#1934,#1935);
#1933 = CARTESIAN_POINT('',(-20.,34.641016151378,-20.));
#1934 = DIRECTION('',(-0.,-0.,-1.));
#1935 = DIRECTION('',(1.,0.,0.));
#1936 = DEFINITIONAL_REPRESENTATION('',(#1937),#1941);
#1937 = LINE('',#1938,#1939);
#1938 = CARTESIAN_POINT('',(-6.28318530718,-20.));
#1939 = VECTOR('',#1940,1.);
#1940 = DIRECTION('',(1.,-0.));
#1941 = ( GEOMETRIC_REPRESENTATION_CONTEXT(2) 
PARAMETRIC_REPRESENTATION_CONTEXT() REPRESENTATION_CONTEXT('2D SPACE',''
  ) );
#1942 = FACE_BOUND('',#1943,.F.);
#1943 = EDGE_LOOP('',(#1944));
#1944 = ORIENTED_EDGE('',*,*,#1945,.T.);
#1945 = EDGE_CURVE('',#1946,#1946,#1948,.T.);
#1946 = VERTEX_POINT('',#1947);
#1947 = CARTESIAN_POINT('',(24.5,34.641016151378,0.));
#1948 = SURFACE_CURVE('',#1949,(#1954,#1965),.PCURVE_S1.);
#1949 = CIRCLE('',#1950,4.5);
#1950 = AXIS2_PLACEMENT_3D('',#1951,#1952,#1953);
#1951 = CARTESIAN_POINT('',(20.,34.641016151378,0.));
#1952 = DIRECTION('',(0.,0.,-1.));
#1953 = DIRECTION('',(1.,0.,0.));
#1954 = PCURVE('',#1168,#1955);
#1955 = DEFINITIONAL_REPRESENTATION('',(#1956),#1964);
#1956 = ( BOUNDED_CURVE() B_SPLINE_CURVE(2,(#1957,#1958,#1959,#1960,
#1961,#1962,#1963),.UNSPECIFIED.,.T.,.F.) B_SPLINE_CURVE_WITH_KNOTS((1,2
    ,2,2,2,1),(-2.094395102393,0.,2.094395102393,4.188790204786,
6.28318530718,8.377580409573),.UNSPECIFIED.) CURVE() 
GEOMETRIC_REPRESENTATION_ITEM() RATIONAL_B_SPLINE_CURVE((1.,0.5,1.,0.5,
1.,0.5,1.)) REPRESENTATION_ITEM('') );
#1957 = CARTESIAN_POINT('',(24.5,34.641016151378));
#1958 = CARTESIAN_POINT('',(24.5,26.846787517318));
#1959 = CARTESIAN_POINT('',(17.75,30.743901834348));
#1960 = CARTESIAN_POINT('',(11.,34.641016151378));
#1961 = CARTESIAN_POINT('',(17.75,38.538130468408));
#1962 = CARTESIAN_POINT('',(24.5,42.435244785437));
#1963 = CARTESIAN_POINT('',(24.5,34.641016151378));
#1964 = ( GEOMETRIC_REPRESENTATION_CONTEXT(2) 
PARAMETRIC_REPRESENTATION_CONTEXT() REPRESENTATION_CONTEXT('2D SPACE',''
  ) );
#1965 = PCURVE('',#1966,#1971);
#1966 = CYLINDRICAL_SURFACE('',#1967,4.5);
#1967 = AXIS2_PLACEMENT_3D('',#1968,#1969,#1970);
#1968 = CARTESIAN_POINT('',(20.,34.641016151378,-20.));
#1969 = DIRECTION('',(-0.,-0.,-1.));
#1970 = DIRECTION('',(1.,0.,0.));
#1971 = DEFINITIONAL_REPRESENTATION('',(#1972),#1976);
#1972 = LINE('',#1973,#1974);
#1973 = CARTESIAN_POINT('',(-6.28318530718,-20.));
#1974 = VECTOR('',#1975,1.);
#1975 = DIRECTION('',(1.,-0.));
#1976 = ( GEOMETRIC_REPRESENTATION_CONTEXT(2) 
PARAMETRIC_REPRESENTATION_CONTEXT() REPRESENTATION_CONTEXT('2D SPACE',''
  ) );
#1977 = FACE_BOUND('',#1978,.F.);
#1978 = EDGE_LOOP('',(#1979,#2007,#2040,#2066));
#1979 = ORIENTED_EDGE('',*,*,#1980,.F.);
#1980 = EDGE_CURVE('',#1981,#1983,#1985,.T.);
#1981 = VERTEX_POINT('',#1982);
#1982 = CARTESIAN_POINT('',(-4.1,41.4,0.));
#1983 = VERTEX_POINT('',#1984);
#1984 = CARTESIAN_POINT('',(-4.1,38.6,0.));
#1985 = SURFACE_CURVE('',#1986,(#1990,#1996),.PCURVE_S1.);
#1986 = LINE('',#1987,#1988);
#1987 = CARTESIAN_POINT('',(-4.1,19.3,0.));
#1988 = VECTOR('',#1989,1.);
#1989 = DIRECTION('',(-1.110223024625E-16,-1.,0.));
#1990 = PCURVE('',#1168,#1991);
#1991 = DEFINITIONAL_REPRESENTATION('',(#1992),#1995);
#1992 = B_SPLINE_CURVE_WITH_KNOTS('',1,(#1993,#1994),.UNSPECIFIED.,.F.,
  .F.,(2,2),(-22.1,-19.3),.PIECEWISE_BEZIER_KNOTS.);
#1993 = CARTESIAN_POINT('',(-4.1,41.4));
#1994 = CARTESIAN_POINT('',(-4.1,38.6));
#1995 = ( GEOMETRIC_REPRESENTATION_CONTEXT(2) 
PARAMETRIC_REPRESENTATION_CONTEXT() REPRESENTATION_CONTEXT('2D SPACE',''
  ) );
#1996 = PCURVE('',#1997,#2002);
#1997 = PLANE('',#1998);
#1998 = AXIS2_PLACEMENT_3D('',#1999,#2000,#2001);
#1999 = CARTESIAN_POINT('',(-4.1,38.6,-20.));
#2000 = DIRECTION('',(-1.,1.110223024625E-16,0.));
#2001 = DIRECTION('',(1.110223024625E-16,1.,0.));
#2002 = DEFINITIONAL_REPRESENTATION('',(#2003),#2006);
#2003 = B_SPLINE_CURVE_WITH_KNOTS('',1,(#2004,#2005),.UNSPECIFIED.,.F.,
  .F.,(2,2),(-22.1,-19.3),.PIECEWISE_BEZIER_KNOTS.);
#2004 = CARTESIAN_POINT('',(2.8,-20.));
#2005 = CARTESIAN_POINT('',(0.,-20.));
#2006 = ( GEOMETRIC_REPRESENTATION_CONTEXT(2) 
PARAMETRIC_REPRESENTATION_CONTEXT() REPRESENTATION_CONTEXT('2D SPACE',''
  ) );
#2007 = ORIENTED_EDGE('',*,*,#2008,.T.);
#2008 = EDGE_CURVE('',#1981,#2009,#2011,.T.);
#2009 = VERTEX_POINT('',#2010);
#2010 = CARTESIAN_POINT('',(4.1,41.4,0.));
#2011 = SURFACE_CURVE('',#2012,(#2017,#2028),.PCURVE_S1.);
#2012 = CIRCLE('',#2013,4.1);
#2013 = AXIS2_PLACEMENT_3D('',#2014,#2015,#2016);
#2014 = CARTESIAN_POINT('',(2.922668544626E-15,41.4,0.));
#2015 = DIRECTION('',(0.,0.,-1.));
#2016 = DIRECTION('',(-1.,1.110223024625E-16,0.));
#2017 = PCURVE('',#1168,#2018);
#2018 = DEFINITIONAL_REPRESENTATION('',(#2019),#2027);
#2019 = ( BOUNDED_CURVE() B_SPLINE_CURVE(2,(#2020,#2021,#2022,#2023,
#2024,#2025,#2026),.UNSPECIFIED.,.T.,.F.) B_SPLINE_CURVE_WITH_KNOTS((1,2
    ,2,2,2,1),(-2.094395102393,0.,2.094395102393,4.188790204786,
6.28318530718,8.377580409573),.UNSPECIFIED.) CURVE() 
GEOMETRIC_REPRESENTATION_ITEM() RATIONAL_B_SPLINE_CURVE((1.,0.5,1.,0.5,
1.,0.5,1.)) REPRESENTATION_ITEM('') );
#2020 = CARTESIAN_POINT('',(-4.1,41.4));
#2021 = CARTESIAN_POINT('',(-4.1,48.501408311032));
#2022 = CARTESIAN_POINT('',(2.05,44.950704155516));
#2023 = CARTESIAN_POINT('',(8.2,41.4));
#2024 = CARTESIAN_POINT('',(2.05,37.849295844484));
#2025 = CARTESIAN_POINT('',(-4.1,34.298591688968));
#2026 = CARTESIAN_POINT('',(-4.1,41.4));
#2027 = ( GEOMETRIC_REPRESENTATION_CONTEXT(2) 
PARAMETRIC_REPRESENTATION_CONTEXT() REPRESENTATION_CONTEXT('2D SPACE',''
  ) );
#2028 = PCURVE('',#2029,#2034);
#2029 = CYLINDRICAL_SURFACE('',#2030,4.1);
#2030 = AXIS2_PLACEMENT_3D('',#2031,#2032,#2033);
#2031 = CARTESIAN_POINT('',(2.922668544626E-15,41.4,-20.));
#2032 = DIRECTION('',(0.,0.,-1.));
#2033 = DIRECTION('',(-1.,1.110223024625E-16,0.));
#2034 = DEFINITIONAL_REPRESENTATION('',(#2035),#2039);
#2035 = LINE('',#2036,#2037);
#2036 = CARTESIAN_POINT('',(0.,-20.));
#2037 = VECTOR('',#2038,1.);
#2038 = DIRECTION('',(1.,0.));
#2039 = ( GEOMETRIC_REPRESENTATION_CONTEXT(2) 
PARAMETRIC_REPRESENTATION_CONTEXT() REPRESENTATION_CONTEXT('2D SPACE',''
  ) );
#2040 = ORIENTED_EDGE('',*,*,#2041,.F.);
#2041 = EDGE_CURVE('',#2042,#2009,#2044,.T.);
#2042 = VERTEX_POINT('',#2043);
#2043 = CARTESIAN_POINT('',(4.1,38.6,0.));
#2044 = SURFACE_CURVE('',#2045,(#2049,#2055),.PCURVE_S1.);
#2045 = LINE('',#2046,#2047);
#2046 = CARTESIAN_POINT('',(4.1,20.7,0.));
#2047 = VECTOR('',#2048,1.);
#2048 = DIRECTION('',(1.110223024625E-16,1.,-0.));
#2049 = PCURVE('',#1168,#2050);
#2050 = DEFINITIONAL_REPRESENTATION('',(#2051),#2054);
#2051 = B_SPLINE_CURVE_WITH_KNOTS('',1,(#2052,#2053),.UNSPECIFIED.,.F.,
  .F.,(2,2),(17.9,20.7),.PIECEWISE_BEZIER_KNOTS.);
#2052 = CARTESIAN_POINT('',(4.1,38.6));
#2053 = CARTESIAN_POINT('',(4.1,41.4));
#2054 = ( GEOMETRIC_REPRESENTATION_CONTEXT(2) 
PARAMETRIC_REPRESENTATION_CONTEXT() REPRESENTATION_CONTEXT('2D SPACE',''
  ) );
#2055 = PCURVE('',#2056,#2061);
#2056 = PLANE('',#2057);
#2057 = AXIS2_PLACEMENT_3D('',#2058,#2059,#2060);
#2058 = CARTESIAN_POINT('',(4.1,41.4,-20.));
#2059 = DIRECTION('',(1.,-1.110223024625E-16,0.));
#2060 = DIRECTION('',(-1.110223024625E-16,-1.,0.));
#2061 = DEFINITIONAL_REPRESENTATION('',(#2062),#2065);
#2062 = B_SPLINE_CURVE_WITH_KNOTS('',1,(#2063,#2064),.UNSPECIFIED.,.F.,
  .F.,(2,2),(17.9,20.7),.PIECEWISE_BEZIER_KNOTS.);
#2063 = CARTESIAN_POINT('',(2.8,-20.));
#2064 = CARTESIAN_POINT('',(0.,-20.));
#2065 = ( GEOMETRIC_REPRESENTATION_CONTEXT(2) 
PARAMETRIC_REPRESENTATION_CONTEXT() REPRESENTATION_CONTEXT('2D SPACE',''
  ) );
#2066 = ORIENTED_EDGE('',*,*,#2067,.T.);
#2067 = EDGE_CURVE('',#2042,#1983,#2068,.T.);
#2068 = SURFACE_CURVE('',#2069,(#2074,#2085),.PCURVE_S1.);
#2069 = CIRCLE('',#2070,4.1);
#2070 = AXIS2_PLACEMENT_3D('',#2071,#2072,#2073);
#2071 = CARTESIAN_POINT('',(1.975918651964E-15,38.6,0.));
#2072 = DIRECTION('',(0.,-0.,-1.));
#2073 = DIRECTION('',(1.,-1.110223024625E-16,0.));
#2074 = PCURVE('',#1168,#2075);
#2075 = DEFINITIONAL_REPRESENTATION('',(#2076),#2084);
#2076 = ( BOUNDED_CURVE() B_SPLINE_CURVE(2,(#2077,#2078,#2079,#2080,
#2081,#2082,#2083),.UNSPECIFIED.,.T.,.F.) B_SPLINE_CURVE_WITH_KNOTS((1,2
    ,2,2,2,1),(-2.094395102393,0.,2.094395102393,4.188790204786,
6.28318530718,8.377580409573),.UNSPECIFIED.) CURVE() 
GEOMETRIC_REPRESENTATION_ITEM() RATIONAL_B_SPLINE_CURVE((1.,0.5,1.,0.5,
1.,0.5,1.)) REPRESENTATION_ITEM('') );
#2077 = CARTESIAN_POINT('',(4.1,38.6));
#2078 = CARTESIAN_POINT('',(4.1,31.498591688968));
#2079 = CARTESIAN_POINT('',(-2.05,35.049295844484));
#2080 = CARTESIAN_POINT('',(-8.2,38.6));
#2081 = CARTESIAN_POINT('',(-2.05,42.150704155516));
#2082 = CARTESIAN_POINT('',(4.1,45.701408311032));
#2083 = CARTESIAN_POINT('',(4.1,38.6));
#2084 = ( GEOMETRIC_REPRESENTATION_CONTEXT(2) 
PARAMETRIC_REPRESENTATION_CONTEXT() REPRESENTATION_CONTEXT('2D SPACE',''
  ) );
#2085 = PCURVE('',#2086,#2091);
#2086 = CYLINDRICAL_SURFACE('',#2087,4.1);
#2087 = AXIS2_PLACEMENT_3D('',#2088,#2089,#2090);
#2088 = CARTESIAN_POINT('',(1.975918651964E-15,38.6,-20.));
#2089 = DIRECTION('',(0.,-0.,-1.));
#2090 = DIRECTION('',(1.,-1.110223024625E-16,0.));
#2091 = DEFINITIONAL_REPRESENTATION('',(#2092),#2096);
#2092 = LINE('',#2093,#2094);
#2093 = CARTESIAN_POINT('',(0.,-20.));
#2094 = VECTOR('',#2095,1.);
#2095 = DIRECTION('',(1.,0.));
#2096 = ( GEOMETRIC_REPRESENTATION_CONTEXT(2) 
PARAMETRIC_REPRESENTATION_CONTEXT() REPRESENTATION_CONTEXT('2D SPACE',''
  ) );
#2097 = ADVANCED_FACE('',(#2098),#1220,.F.);
#2098 = FACE_BOUND('',#2099,.F.);
#2099 = EDGE_LOOP('',(#2100,#2123,#2124,#2125,#2148));
#2100 = ORIENTED_EDGE('',*,*,#2101,.T.);
#2101 = EDGE_CURVE('',#2102,#1204,#2104,.T.);
#2102 = VERTEX_POINT('',#2103);
#2103 = CARTESIAN_POINT('',(31.899346400575,50.748711305964,3.));
#2104 = SURFACE_CURVE('',#2105,(#2109,#2116),.PCURVE_S1.);
#2105 = LINE('',#2106,#2107);
#2106 = CARTESIAN_POINT('',(33.198384506252,51.498711305964,3.));
#2107 = VECTOR('',#2108,1.);
#2108 = DIRECTION('',(-0.866025403784,-0.5,0.));
#2109 = PCURVE('',#1220,#2110);
#2110 = DEFINITIONAL_REPRESENTATION('',(#2111),#2115);
#2111 = LINE('',#2112,#2113);
#2112 = CARTESIAN_POINT('',(13.25,28.));
#2113 = VECTOR('',#2114,1.);
#2114 = DIRECTION('',(-1.,7.437084071669E-18));
#2115 = ( GEOMETRIC_REPRESENTATION_CONTEXT(2) 
PARAMETRIC_REPRESENTATION_CONTEXT() REPRESENTATION_CONTEXT('2D SPACE',''
  ) );
#2116 = PCURVE('',#1251,#2117);
#2117 = DEFINITIONAL_REPRESENTATION('',(#2118),#2122);
#2118 = LINE('',#2119,#2120);
#2119 = CARTESIAN_POINT('',(0.,0.));
#2120 = VECTOR('',#2121,1.);
#2121 = DIRECTION('',(1.,0.));
#2122 = ( GEOMETRIC_REPRESENTATION_CONTEXT(2) 
PARAMETRIC_REPRESENTATION_CONTEXT() REPRESENTATION_CONTEXT('2D SPACE',''
  ) );
#2123 = ORIENTED_EDGE('',*,*,#1203,.T.);
#2124 = ORIENTED_EDGE('',*,*,#1317,.T.);
#2125 = ORIENTED_EDGE('',*,*,#2126,.T.);
#2126 = EDGE_CURVE('',#1292,#2127,#2129,.T.);
#2127 = VERTEX_POINT('',#2128);
#2128 = CARTESIAN_POINT('',(59.899346400575,2.251288694036,3.));
#2129 = SURFACE_CURVE('',#2130,(#2134,#2141),.PCURVE_S1.);
#2130 = LINE('',#2131,#2132);
#2131 = CARTESIAN_POINT('',(38.248711305964,-10.24871130596,3.));
#2132 = VECTOR('',#2133,1.);
#2133 = DIRECTION('',(0.866025403784,0.5,0.));
#2134 = PCURVE('',#1220,#2135);
#2135 = DEFINITIONAL_REPRESENTATION('',(#2136),#2140);
#2136 = LINE('',#2137,#2138);
#2137 = CARTESIAN_POINT('',(-13.25,-28.));
#2138 = VECTOR('',#2139,1.);
#2139 = DIRECTION('',(1.,-7.437084071669E-18));
#2140 = ( GEOMETRIC_REPRESENTATION_CONTEXT(2) 
PARAMETRIC_REPRESENTATION_CONTEXT() REPRESENTATION_CONTEXT('2D SPACE',''
  ) );
#2141 = PCURVE('',#1306,#2142);
#2142 = DEFINITIONAL_REPRESENTATION('',(#2143),#2147);
#2143 = LINE('',#2144,#2145);
#2144 = CARTESIAN_POINT('',(0.,0.));
#2145 = VECTOR('',#2146,1.);
#2146 = DIRECTION('',(1.,0.));
#2147 = ( GEOMETRIC_REPRESENTATION_CONTEXT(2) 
PARAMETRIC_REPRESENTATION_CONTEXT() REPRESENTATION_CONTEXT('2D SPACE',''
  ) );
#2148 = ORIENTED_EDGE('',*,*,#2149,.F.);
#2149 = EDGE_CURVE('',#2102,#2127,#2150,.T.);
#2150 = SURFACE_CURVE('',#2151,(#2155,#2162),.PCURVE_S1.);
#2151 = LINE('',#2152,#2153);
#2152 = CARTESIAN_POINT('',(95.899346400575,-60.10254037844,3.));
#2153 = VECTOR('',#2154,1.);
#2154 = DIRECTION('',(0.5,-0.866025403784,0.));
#2155 = PCURVE('',#1220,#2156);
#2156 = DEFINITIONAL_REPRESENTATION('',(#2157),#2161);
#2157 = LINE('',#2158,#2159);
#2158 = CARTESIAN_POINT('',(11.75,-100.));
#2159 = VECTOR('',#2160,1.);
#2160 = DIRECTION('',(7.437084071669E-18,-1.));
#2161 = ( GEOMETRIC_REPRESENTATION_CONTEXT(2) 
PARAMETRIC_REPRESENTATION_CONTEXT() REPRESENTATION_CONTEXT('2D SPACE',''
  ) );
#2162 = PCURVE('',#2163,#2168);
#2163 = PLANE('',#2164);
#2164 = AXIS2_PLACEMENT_3D('',#2165,#2166,#2167);
#2165 = CARTESIAN_POINT('',(145.89934640057,-146.7050807568,-100.));
#2166 = DIRECTION('',(0.866025403784,0.5,0.));
#2167 = DIRECTION('',(0.,0.,1.));
#2168 = DEFINITIONAL_REPRESENTATION('',(#2169),#2173);
#2169 = LINE('',#2170,#2171);
#2170 = CARTESIAN_POINT('',(103.,-100.));
#2171 = VECTOR('',#2172,1.);
#2172 = DIRECTION('',(0.,1.));
#2173 = ( GEOMETRIC_REPRESENTATION_CONTEXT(2) 
PARAMETRIC_REPRESENTATION_CONTEXT() REPRESENTATION_CONTEXT('2D SPACE',''
  ) );
#2174 = ADVANCED_FACE('',(#2175),#1306,.F.);
#2175 = FACE_BOUND('',#2176,.F.);
#2176 = EDGE_LOOP('',(#2177,#2178,#2179,#2206,#2234));
#2177 = ORIENTED_EDGE('',*,*,#2126,.F.);
#2178 = ORIENTED_EDGE('',*,*,#1291,.F.);
#2179 = ORIENTED_EDGE('',*,*,#2180,.T.);
#2180 = EDGE_CURVE('',#1263,#2181,#2183,.T.);
#2181 = VERTEX_POINT('',#2182);
#2182 = CARTESIAN_POINT('',(46.691742076554,-5.374125217789,6.));
#2183 = SURFACE_CURVE('',#2184,(#2189,#2196),.PCURVE_S1.);
#2184 = HYPERBOLA('',#2185,28.,28.);
#2185 = AXIS2_PLACEMENT_3D('',#2186,#2187,#2188);
#2186 = CARTESIAN_POINT('',(14.,-24.24871130596,53.));
#2187 = DIRECTION('',(-0.5,0.866025403784,0.));
#2188 = DIRECTION('',(-0.,0.,-1.));
#2189 = PCURVE('',#1306,#2190);
#2190 = DEFINITIONAL_REPRESENTATION('',(#2191),#2195);
#2191 = ( BOUNDED_CURVE() B_SPLINE_CURVE(2,(#2192,#2193,#2194),
.UNSPECIFIED.,.F.,.F.) B_SPLINE_CURVE_WITH_KNOTS((3,3),(-1.133556211171,
-1.107491468207),.PIECEWISE_BEZIER_KNOTS.) CURVE() 
GEOMETRIC_REPRESENTATION_ITEM() RATIONAL_B_SPLINE_CURVE((1.,
1.000084922555,1.)) REPRESENTATION_ITEM('') );
#2192 = CARTESIAN_POINT('',(10.987177379236,-2.));
#2193 = CARTESIAN_POINT('',(10.361658960938,-2.50806661517));
#2194 = CARTESIAN_POINT('',(9.749172176354,-3.));
#2195 = ( GEOMETRIC_REPRESENTATION_CONTEXT(2) 
PARAMETRIC_REPRESENTATION_CONTEXT() REPRESENTATION_CONTEXT('2D SPACE',''
  ) );
#2196 = PCURVE('',#1279,#2197);
#2197 = DEFINITIONAL_REPRESENTATION('',(#2198),#2205);
#2198 = B_SPLINE_CURVE_WITH_KNOTS('',5,(#2199,#2200,#2201,#2202,#2203,
    #2204),.UNSPECIFIED.,.F.,.F.,(6,6),(-1.133556211171,-1.107491468207)
  ,.PIECEWISE_BEZIER_KNOTS.);
#2199 = CARTESIAN_POINT('',(-6.183957497366,-1.06581410364E-14));
#2200 = CARTESIAN_POINT('',(-6.180916610687,-0.203238151459));
#2201 = CARTESIAN_POINT('',(-6.177859629628,-0.404845812937));
#2202 = CARTESIAN_POINT('',(-6.174786499194,-0.604834490602));
#2203 = CARTESIAN_POINT('',(-6.171697166289,-0.803215506021));
#2204 = CARTESIAN_POINT('',(-6.168591579893,-1.));
#2205 = ( GEOMETRIC_REPRESENTATION_CONTEXT(2) 
PARAMETRIC_REPRESENTATION_CONTEXT() REPRESENTATION_CONTEXT('2D SPACE',''
  ) );
#2206 = ORIENTED_EDGE('',*,*,#2207,.T.);
#2207 = EDGE_CURVE('',#2181,#2208,#2210,.T.);
#2208 = VERTEX_POINT('',#2209);
#2209 = CARTESIAN_POINT('',(59.899346400575,2.251288694036,6.));
#2210 = SURFACE_CURVE('',#2211,(#2215,#2222),.PCURVE_S1.);
#2211 = LINE('',#2212,#2213);
#2212 = CARTESIAN_POINT('',(38.248711305964,-10.24871130596,6.));
#2213 = VECTOR('',#2214,1.);
#2214 = DIRECTION('',(0.866025403784,0.5,0.));
#2215 = PCURVE('',#1306,#2216);
#2216 = DEFINITIONAL_REPRESENTATION('',(#2217),#2221);
#2217 = LINE('',#2218,#2219);
#2218 = CARTESIAN_POINT('',(0.,-3.));
#2219 = VECTOR('',#2220,1.);
#2220 = DIRECTION('',(1.,0.));
#2221 = ( GEOMETRIC_REPRESENTATION_CONTEXT(2) 
PARAMETRIC_REPRESENTATION_CONTEXT() REPRESENTATION_CONTEXT('2D SPACE',''
  ) );
#2222 = PCURVE('',#2223,#2228);
#2223 = PLANE('',#2224);
#2224 = AXIS2_PLACEMENT_3D('',#2225,#2226,#2227);
#2225 = CARTESIAN_POINT('',(145.89934640057,-146.7050807568,6.));
#2226 = DIRECTION('',(0.,0.,1.));
#2227 = DIRECTION('',(0.866025403784,0.5,0.));
#2228 = DEFINITIONAL_REPRESENTATION('',(#2229),#2233);
#2229 = LINE('',#2230,#2231);
#2230 = CARTESIAN_POINT('',(-25.,172.));
#2231 = VECTOR('',#2232,1.);
#2232 = DIRECTION('',(1.,-7.437084071669E-18));
#2233 = ( GEOMETRIC_REPRESENTATION_CONTEXT(2) 
PARAMETRIC_REPRESENTATION_CONTEXT() REPRESENTATION_CONTEXT('2D SPACE',''
  ) );
#2234 = ORIENTED_EDGE('',*,*,#2235,.F.);
#2235 = EDGE_CURVE('',#2127,#2208,#2236,.T.);
#2236 = SURFACE_CURVE('',#2237,(#2241,#2248),.PCURVE_S1.);
#2237 = LINE('',#2238,#2239);
#2238 = CARTESIAN_POINT('',(59.899346400575,2.251288694036,-48.5));
#2239 = VECTOR('',#2240,1.);
#2240 = DIRECTION('',(0.,0.,1.));
#2241 = PCURVE('',#1306,#2242);
#2242 = DEFINITIONAL_REPRESENTATION('',(#2243),#2247);
#2243 = LINE('',#2244,#2245);
#2244 = CARTESIAN_POINT('',(25.,51.5));
#2245 = VECTOR('',#2246,1.);
#2246 = DIRECTION('',(0.,-1.));
#2247 = ( GEOMETRIC_REPRESENTATION_CONTEXT(2) 
PARAMETRIC_REPRESENTATION_CONTEXT() REPRESENTATION_CONTEXT('2D SPACE',''
  ) );
#2248 = PCURVE('',#2163,#2249);
#2249 = DEFINITIONAL_REPRESENTATION('',(#2250),#2254);
#2250 = LINE('',#2251,#2252);
#2251 = CARTESIAN_POINT('',(51.5,-172.));
#2252 = VECTOR('',#2253,1.);
#2253 = DIRECTION('',(1.,0.));
#2254 = ( GEOMETRIC_REPRESENTATION_CONTEXT(2) 
PARAMETRIC_REPRESENTATION_CONTEXT() REPRESENTATION_CONTEXT('2D SPACE',''
  ) );
#2255 = ADVANCED_FACE('',(#2256),#1279,.T.);
#2256 = FACE_BOUND('',#2257,.T.);
#2257 = EDGE_LOOP('',(#2258,#2285,#2286,#2287));
#2258 = ORIENTED_EDGE('',*,*,#2259,.T.);
#2259 = EDGE_CURVE('',#2260,#1237,#2262,.T.);
#2260 = VERTEX_POINT('',#2261);
#2261 = CARTESIAN_POINT('',(18.691742076557,43.123297394141,6.));
#2262 = SURFACE_CURVE('',#2263,(#2268,#2278),.PCURVE_S1.);
#2263 = HYPERBOLA('',#2264,28.,28.);
#2264 = AXIS2_PLACEMENT_3D('',#2265,#2266,#2267);
#2265 = CARTESIAN_POINT('',(-14.,24.248711305964,53.));
#2266 = DIRECTION('',(0.5,-0.866025403784,0.));
#2267 = DIRECTION('',(0.,-0.,-1.));
#2268 = PCURVE('',#1279,#2269);
#2269 = DEFINITIONAL_REPRESENTATION('',(#2270),#2277);
#2270 = B_SPLINE_CURVE_WITH_KNOTS('',5,(#2271,#2272,#2273,#2274,#2275,
    #2276),.UNSPECIFIED.,.F.,.F.,(6,6),(1.107491468207,1.133556211171),
  .PIECEWISE_BEZIER_KNOTS.);
#2271 = CARTESIAN_POINT('',(-1.161791278483,-1.));
#2272 = CARTESIAN_POINT('',(-1.158685692087,-0.803215506021));
#2273 = CARTESIAN_POINT('',(-1.155596359182,-0.604834490602));
#2274 = CARTESIAN_POINT('',(-1.152523228749,-0.404845812937));
#2275 = CARTESIAN_POINT('',(-1.149466247689,-0.203238151459));
#2276 = CARTESIAN_POINT('',(-1.14642536101,0.));
#2277 = ( GEOMETRIC_REPRESENTATION_CONTEXT(2) 
PARAMETRIC_REPRESENTATION_CONTEXT() REPRESENTATION_CONTEXT('2D SPACE',''
  ) );
#2278 = PCURVE('',#1251,#2279);
#2279 = DEFINITIONAL_REPRESENTATION('',(#2280),#2284);
#2280 = ( BOUNDED_CURVE() B_SPLINE_CURVE(2,(#2281,#2282,#2283),
.UNSPECIFIED.,.F.,.F.) B_SPLINE_CURVE_WITH_KNOTS((3,3),(1.107491468207,
1.133556211171),.PIECEWISE_BEZIER_KNOTS.) CURVE() 
GEOMETRIC_REPRESENTATION_ITEM() RATIONAL_B_SPLINE_CURVE((1.,
1.000084922555,1.)) REPRESENTATION_ITEM('') );
#2281 = CARTESIAN_POINT('',(16.750827823646,-3.));
#2282 = CARTESIAN_POINT('',(16.138341039062,-2.50806661517));
#2283 = CARTESIAN_POINT('',(15.512822620764,-2.));
#2284 = ( GEOMETRIC_REPRESENTATION_CONTEXT(2) 
PARAMETRIC_REPRESENTATION_CONTEXT() REPRESENTATION_CONTEXT('2D SPACE',''
  ) );
#2285 = ORIENTED_EDGE('',*,*,#1262,.T.);
#2286 = ORIENTED_EDGE('',*,*,#2180,.T.);
#2287 = ORIENTED_EDGE('',*,*,#2288,.F.);
#2288 = EDGE_CURVE('',#2260,#2181,#2289,.T.);
#2289 = SURFACE_CURVE('',#2290,(#2295,#2302),.PCURVE_S1.);
#2290 = CIRCLE('',#2291,47.);
#2291 = AXIS2_PLACEMENT_3D('',#2292,#2293,#2294);
#2292 = CARTESIAN_POINT('',(0.,0.,6.));
#2293 = DIRECTION('',(0.,0.,1.));
#2294 = DIRECTION('',(1.,0.,-0.));
#2295 = PCURVE('',#1279,#2296);
#2296 = DEFINITIONAL_REPRESENTATION('',(#2297),#2301);
#2297 = LINE('',#2298,#2299);
#2298 = CARTESIAN_POINT('',(-0.,-1.));
#2299 = VECTOR('',#2300,1.);
#2300 = DIRECTION('',(-1.,-0.));
#2301 = ( GEOMETRIC_REPRESENTATION_CONTEXT(2) 
PARAMETRIC_REPRESENTATION_CONTEXT() REPRESENTATION_CONTEXT('2D SPACE',''
  ) );
#2302 = PCURVE('',#2223,#2303);
#2303 = DEFINITIONAL_REPRESENTATION('',(#2304),#2308);
#2304 = CIRCLE('',#2305,47.);
#2305 = AXIS2_PLACEMENT_2D('',#2306,#2307);
#2306 = CARTESIAN_POINT('',(-53.,200.));
#2307 = DIRECTION('',(0.866025403784,-0.5));
#2308 = ( GEOMETRIC_REPRESENTATION_CONTEXT(2) 
PARAMETRIC_REPRESENTATION_CONTEXT() REPRESENTATION_CONTEXT('2D SPACE',''
  ) );
#2309 = ADVANCED_FACE('',(#2310),#1251,.F.);
#2310 = FACE_BOUND('',#2311,.F.);
#2311 = EDGE_LOOP('',(#2312,#2313,#2336,#2357,#2358));
#2312 = ORIENTED_EDGE('',*,*,#2101,.F.);
#2313 = ORIENTED_EDGE('',*,*,#2314,.F.);
#2314 = EDGE_CURVE('',#2315,#2102,#2317,.T.);
#2315 = VERTEX_POINT('',#2316);
#2316 = CARTESIAN_POINT('',(31.899346400575,50.748711305964,6.));
#2317 = SURFACE_CURVE('',#2318,(#2322,#2329),.PCURVE_S1.);
#2318 = LINE('',#2319,#2320);
#2319 = CARTESIAN_POINT('',(31.899346400575,50.748711305964,-48.5));
#2320 = VECTOR('',#2321,1.);
#2321 = DIRECTION('',(0.,0.,-1.));
#2322 = PCURVE('',#1251,#2323);
#2323 = DEFINITIONAL_REPRESENTATION('',(#2324),#2328);
#2324 = LINE('',#2325,#2326);
#2325 = CARTESIAN_POINT('',(1.5,51.5));
#2326 = VECTOR('',#2327,1.);
#2327 = DIRECTION('',(-0.,1.));
#2328 = ( GEOMETRIC_REPRESENTATION_CONTEXT(2) 
PARAMETRIC_REPRESENTATION_CONTEXT() REPRESENTATION_CONTEXT('2D SPACE',''
  ) );
#2329 = PCURVE('',#2163,#2330);
#2330 = DEFINITIONAL_REPRESENTATION('',(#2331),#2335);
#2331 = LINE('',#2332,#2333);
#2332 = CARTESIAN_POINT('',(51.5,-228.));
#2333 = VECTOR('',#2334,1.);
#2334 = DIRECTION('',(-1.,0.));
#2335 = ( GEOMETRIC_REPRESENTATION_CONTEXT(2) 
PARAMETRIC_REPRESENTATION_CONTEXT() REPRESENTATION_CONTEXT('2D SPACE',''
  ) );
#2336 = ORIENTED_EDGE('',*,*,#2337,.T.);
#2337 = EDGE_CURVE('',#2315,#2260,#2338,.T.);
#2338 = SURFACE_CURVE('',#2339,(#2343,#2350),.PCURVE_S1.);
#2339 = LINE('',#2340,#2341);
#2340 = CARTESIAN_POINT('',(33.198384506252,51.498711305964,6.));
#2341 = VECTOR('',#2342,1.);
#2342 = DIRECTION('',(-0.866025403784,-0.5,0.));
#2343 = PCURVE('',#1251,#2344);
#2344 = DEFINITIONAL_REPRESENTATION('',(#2345),#2349);
#2345 = LINE('',#2346,#2347);
#2346 = CARTESIAN_POINT('',(0.,-3.));
#2347 = VECTOR('',#2348,1.);
#2348 = DIRECTION('',(1.,0.));
#2349 = ( GEOMETRIC_REPRESENTATION_CONTEXT(2) 
PARAMETRIC_REPRESENTATION_CONTEXT() REPRESENTATION_CONTEXT('2D SPACE',''
  ) );
#2350 = PCURVE('',#2223,#2351);
#2351 = DEFINITIONAL_REPRESENTATION('',(#2352),#2356);
#2352 = LINE('',#2353,#2354);
#2353 = CARTESIAN_POINT('',(1.5,228.));
#2354 = VECTOR('',#2355,1.);
#2355 = DIRECTION('',(-1.,7.437084071669E-18));
#2356 = ( GEOMETRIC_REPRESENTATION_CONTEXT(2) 
PARAMETRIC_REPRESENTATION_CONTEXT() REPRESENTATION_CONTEXT('2D SPACE',''
  ) );
#2357 = ORIENTED_EDGE('',*,*,#2259,.T.);
#2358 = ORIENTED_EDGE('',*,*,#1236,.T.);
#2359 = ADVANCED_FACE('',(#2360),#1371,.F.);
#2360 = FACE_BOUND('',#2361,.T.);
#2361 = EDGE_LOOP('',(#2362,#2363,#2386,#2412));
#2362 = ORIENTED_EDGE('',*,*,#1350,.T.);
#2363 = ORIENTED_EDGE('',*,*,#2364,.T.);
#2364 = EDGE_CURVE('',#1351,#2365,#2367,.T.);
#2365 = VERTEX_POINT('',#2366);
#2366 = CARTESIAN_POINT('',(-15.5,-34.64101615137,6.));
#2367 = SEAM_CURVE('',#2368,(#2372,#2379),.PCURVE_S1.);
#2368 = LINE('',#2369,#2370);
#2369 = CARTESIAN_POINT('',(-15.5,-34.64101615137,-20.));
#2370 = VECTOR('',#2371,1.);
#2371 = DIRECTION('',(0.,0.,1.));
#2372 = PCURVE('',#1371,#2373);
#2373 = DEFINITIONAL_REPRESENTATION('',(#2374),#2378);
#2374 = LINE('',#2375,#2376);
#2375 = CARTESIAN_POINT('',(-6.28318530718,0.));
#2376 = VECTOR('',#2377,1.);
#2377 = DIRECTION('',(-0.,-1.));
#2378 = ( GEOMETRIC_REPRESENTATION_CONTEXT(2) 
PARAMETRIC_REPRESENTATION_CONTEXT() REPRESENTATION_CONTEXT('2D SPACE',''
  ) );
#2379 = PCURVE('',#1371,#2380);
#2380 = DEFINITIONAL_REPRESENTATION('',(#2381),#2385);
#2381 = LINE('',#2382,#2383);
#2382 = CARTESIAN_POINT('',(-0.,0.));
#2383 = VECTOR('',#2384,1.);
#2384 = DIRECTION('',(-0.,-1.));
#2385 = ( GEOMETRIC_REPRESENTATION_CONTEXT(2) 
PARAMETRIC_REPRESENTATION_CONTEXT() REPRESENTATION_CONTEXT('2D SPACE',''
  ) );
#2386 = ORIENTED_EDGE('',*,*,#2387,.F.);
#2387 = EDGE_CURVE('',#2365,#2365,#2388,.T.);
#2388 = SURFACE_CURVE('',#2389,(#2394,#2401),.PCURVE_S1.);
#2389 = CIRCLE('',#2390,4.5);
#2390 = AXIS2_PLACEMENT_3D('',#2391,#2392,#2393);
#2391 = CARTESIAN_POINT('',(-20.,-34.64101615137,6.));
#2392 = DIRECTION('',(0.,0.,-1.));
#2393 = DIRECTION('',(1.,0.,0.));
#2394 = PCURVE('',#1371,#2395);
#2395 = DEFINITIONAL_REPRESENTATION('',(#2396),#2400);
#2396 = LINE('',#2397,#2398);
#2397 = CARTESIAN_POINT('',(-6.28318530718,-26.));
#2398 = VECTOR('',#2399,1.);
#2399 = DIRECTION('',(1.,-0.));
#2400 = ( GEOMETRIC_REPRESENTATION_CONTEXT(2) 
PARAMETRIC_REPRESENTATION_CONTEXT() REPRESENTATION_CONTEXT('2D SPACE',''
  ) );
#2401 = PCURVE('',#2223,#2402);
#2402 = DEFINITIONAL_REPRESENTATION('',(#2403),#2411);
#2403 = ( BOUNDED_CURVE() B_SPLINE_CURVE(2,(#2404,#2405,#2406,#2407,
#2408,#2409,#2410),.UNSPECIFIED.,.T.,.F.) B_SPLINE_CURVE_WITH_KNOTS((1,2
    ,2,2,2,1),(-2.094395102393,0.,2.094395102393,4.188790204786,
6.28318530718,8.377580409573),.UNSPECIFIED.) CURVE() 
GEOMETRIC_REPRESENTATION_ITEM() RATIONAL_B_SPLINE_CURVE((1.,0.5,1.,0.5,
1.,0.5,1.)) REPRESENTATION_ITEM('') );
#2404 = CARTESIAN_POINT('',(-83.74390183434,177.75));
#2405 = CARTESIAN_POINT('',(-87.64101615137,171.));
#2406 = CARTESIAN_POINT('',(-91.5381304684,177.75));
#2407 = CARTESIAN_POINT('',(-95.43524478543,184.5));
#2408 = CARTESIAN_POINT('',(-87.64101615137,184.5));
#2409 = CARTESIAN_POINT('',(-79.84678751731,184.5));
#2410 = CARTESIAN_POINT('',(-83.74390183434,177.75));
#2411 = ( GEOMETRIC_REPRESENTATION_CONTEXT(2) 
PARAMETRIC_REPRESENTATION_CONTEXT() REPRESENTATION_CONTEXT('2D SPACE',''
  ) );
#2412 = ORIENTED_EDGE('',*,*,#2364,.F.);
#2413 = ADVANCED_FACE('',(#2414),#1406,.F.);
#2414 = FACE_BOUND('',#2415,.T.);
#2415 = EDGE_LOOP('',(#2416,#2417,#2440,#2466));
#2416 = ORIENTED_EDGE('',*,*,#1385,.T.);
#2417 = ORIENTED_EDGE('',*,*,#2418,.T.);
#2418 = EDGE_CURVE('',#1386,#2419,#2421,.T.);
#2419 = VERTEX_POINT('',#2420);
#2420 = CARTESIAN_POINT('',(-35.5,4.898587196589E-15,6.));
#2421 = SEAM_CURVE('',#2422,(#2426,#2433),.PCURVE_S1.);
#2422 = LINE('',#2423,#2424);
#2423 = CARTESIAN_POINT('',(-35.5,4.898587196589E-15,-20.));
#2424 = VECTOR('',#2425,1.);
#2425 = DIRECTION('',(0.,0.,1.));
#2426 = PCURVE('',#1406,#2427);
#2427 = DEFINITIONAL_REPRESENTATION('',(#2428),#2432);
#2428 = LINE('',#2429,#2430);
#2429 = CARTESIAN_POINT('',(-6.28318530718,0.));
#2430 = VECTOR('',#2431,1.);
#2431 = DIRECTION('',(-0.,-1.));
#2432 = ( GEOMETRIC_REPRESENTATION_CONTEXT(2) 
PARAMETRIC_REPRESENTATION_CONTEXT() REPRESENTATION_CONTEXT('2D SPACE',''
  ) );
#2433 = PCURVE('',#1406,#2434);
#2434 = DEFINITIONAL_REPRESENTATION('',(#2435),#2439);
#2435 = LINE('',#2436,#2437);
#2436 = CARTESIAN_POINT('',(-0.,0.));
#2437 = VECTOR('',#2438,1.);
#2438 = DIRECTION('',(-0.,-1.));
#2439 = ( GEOMETRIC_REPRESENTATION_CONTEXT(2) 
PARAMETRIC_REPRESENTATION_CONTEXT() REPRESENTATION_CONTEXT('2D SPACE',''
  ) );
#2440 = ORIENTED_EDGE('',*,*,#2441,.F.);
#2441 = EDGE_CURVE('',#2419,#2419,#2442,.T.);
#2442 = SURFACE_CURVE('',#2443,(#2448,#2455),.PCURVE_S1.);
#2443 = CIRCLE('',#2444,4.5);
#2444 = AXIS2_PLACEMENT_3D('',#2445,#2446,#2447);
#2445 = CARTESIAN_POINT('',(-40.,4.898587196589E-15,6.));
#2446 = DIRECTION('',(0.,0.,-1.));
#2447 = DIRECTION('',(1.,0.,0.));
#2448 = PCURVE('',#1406,#2449);
#2449 = DEFINITIONAL_REPRESENTATION('',(#2450),#2454);
#2450 = LINE('',#2451,#2452);
#2451 = CARTESIAN_POINT('',(-6.28318530718,-26.));
#2452 = VECTOR('',#2453,1.);
#2453 = DIRECTION('',(1.,-0.));
#2454 = ( GEOMETRIC_REPRESENTATION_CONTEXT(2) 
PARAMETRIC_REPRESENTATION_CONTEXT() REPRESENTATION_CONTEXT('2D SPACE',''
  ) );
#2455 = PCURVE('',#2223,#2456);
#2456 = DEFINITIONAL_REPRESENTATION('',(#2457),#2465);
#2457 = ( BOUNDED_CURVE() B_SPLINE_CURVE(2,(#2458,#2459,#2460,#2461,
#2462,#2463,#2464),.UNSPECIFIED.,.T.,.F.) B_SPLINE_CURVE_WITH_KNOTS((1,2
    ,2,2,2,1),(-2.094395102393,0.,2.094395102393,4.188790204786,
6.28318530718,8.377580409573),.UNSPECIFIED.) CURVE() 
GEOMETRIC_REPRESENTATION_ITEM() RATIONAL_B_SPLINE_CURVE((1.,0.5,1.,0.5,
1.,0.5,1.)) REPRESENTATION_ITEM('') );
#2458 = CARTESIAN_POINT('',(-83.74390183434,217.75));
#2459 = CARTESIAN_POINT('',(-87.64101615137,211.));
#2460 = CARTESIAN_POINT('',(-91.5381304684,217.75));
#2461 = CARTESIAN_POINT('',(-95.43524478543,224.5));
#2462 = CARTESIAN_POINT('',(-87.64101615137,224.5));
#2463 = CARTESIAN_POINT('',(-79.84678751731,224.5));
#2464 = CARTESIAN_POINT('',(-83.74390183434,217.75));
#2465 = ( GEOMETRIC_REPRESENTATION_CONTEXT(2) 
PARAMETRIC_REPRESENTATION_CONTEXT() REPRESENTATION_CONTEXT('2D SPACE',''
  ) );
#2466 = ORIENTED_EDGE('',*,*,#2418,.F.);
#2467 = ADVANCED_FACE('',(#2468),#1441,.F.);
#2468 = FACE_BOUND('',#2469,.T.);
#2469 = EDGE_LOOP('',(#2470,#2471,#2494,#2520));
#2470 = ORIENTED_EDGE('',*,*,#1420,.T.);
#2471 = ORIENTED_EDGE('',*,*,#2472,.T.);
#2472 = EDGE_CURVE('',#1421,#2473,#2475,.T.);
#2473 = VERTEX_POINT('',#2474);
#2474 = CARTESIAN_POINT('',(24.5,-34.64101615137,6.));
#2475 = SEAM_CURVE('',#2476,(#2480,#2487),.PCURVE_S1.);
#2476 = LINE('',#2477,#2478);
#2477 = CARTESIAN_POINT('',(24.5,-34.64101615137,-20.));
#2478 = VECTOR('',#2479,1.);
#2479 = DIRECTION('',(0.,0.,1.));
#2480 = PCURVE('',#1441,#2481);
#2481 = DEFINITIONAL_REPRESENTATION('',(#2482),#2486);
#2482 = LINE('',#2483,#2484);
#2483 = CARTESIAN_POINT('',(-6.28318530718,0.));
#2484 = VECTOR('',#2485,1.);
#2485 = DIRECTION('',(-0.,-1.));
#2486 = ( GEOMETRIC_REPRESENTATION_CONTEXT(2) 
PARAMETRIC_REPRESENTATION_CONTEXT() REPRESENTATION_CONTEXT('2D SPACE',''
  ) );
#2487 = PCURVE('',#1441,#2488);
#2488 = DEFINITIONAL_REPRESENTATION('',(#2489),#2493);
#2489 = LINE('',#2490,#2491);
#2490 = CARTESIAN_POINT('',(-0.,0.));
#2491 = VECTOR('',#2492,1.);
#2492 = DIRECTION('',(-0.,-1.));
#2493 = ( GEOMETRIC_REPRESENTATION_CONTEXT(2) 
PARAMETRIC_REPRESENTATION_CONTEXT() REPRESENTATION_CONTEXT('2D SPACE',''
  ) );
#2494 = ORIENTED_EDGE('',*,*,#2495,.F.);
#2495 = EDGE_CURVE('',#2473,#2473,#2496,.T.);
#2496 = SURFACE_CURVE('',#2497,(#2502,#2509),.PCURVE_S1.);
#2497 = CIRCLE('',#2498,4.5);
#2498 = AXIS2_PLACEMENT_3D('',#2499,#2500,#2501);
#2499 = CARTESIAN_POINT('',(20.,-34.64101615137,6.));
#2500 = DIRECTION('',(0.,0.,-1.));
#2501 = DIRECTION('',(1.,0.,0.));
#2502 = PCURVE('',#1441,#2503);
#2503 = DEFINITIONAL_REPRESENTATION('',(#2504),#2508);
#2504 = LINE('',#2505,#2506);
#2505 = CARTESIAN_POINT('',(-6.28318530718,-26.));
#2506 = VECTOR('',#2507,1.);
#2507 = DIRECTION('',(1.,-0.));
#2508 = ( GEOMETRIC_REPRESENTATION_CONTEXT(2) 
PARAMETRIC_REPRESENTATION_CONTEXT() REPRESENTATION_CONTEXT('2D SPACE',''
  ) );
#2509 = PCURVE('',#2223,#2510);
#2510 = DEFINITIONAL_REPRESENTATION('',(#2511),#2519);
#2511 = ( BOUNDED_CURVE() B_SPLINE_CURVE(2,(#2512,#2513,#2514,#2515,
#2516,#2517,#2518),.UNSPECIFIED.,.T.,.F.) B_SPLINE_CURVE_WITH_KNOTS((1,2
    ,2,2,2,1),(-2.094395102393,0.,2.094395102393,4.188790204786,
6.28318530718,8.377580409573),.UNSPECIFIED.) CURVE() 
GEOMETRIC_REPRESENTATION_ITEM() RATIONAL_B_SPLINE_CURVE((1.,0.5,1.,0.5,
1.,0.5,1.)) REPRESENTATION_ITEM('') );
#2512 = CARTESIAN_POINT('',(-49.10288568297,157.75));
#2513 = CARTESIAN_POINT('',(-53.,151.));
#2514 = CARTESIAN_POINT('',(-56.89711431703,157.75));
#2515 = CARTESIAN_POINT('',(-60.79422863406,164.5));
#2516 = CARTESIAN_POINT('',(-53.,164.5));
#2517 = CARTESIAN_POINT('',(-45.20577136594,164.5));
#2518 = CARTESIAN_POINT('',(-49.10288568297,157.75));
#2519 = ( GEOMETRIC_REPRESENTATION_CONTEXT(2) 
PARAMETRIC_REPRESENTATION_CONTEXT() REPRESENTATION_CONTEXT('2D SPACE',''
  ) );
#2520 = ORIENTED_EDGE('',*,*,#2472,.F.);
#2521 = ADVANCED_FACE('',(#2522),#1474,.T.);
#2522 = FACE_BOUND('',#2523,.F.);
#2523 = EDGE_LOOP('',(#2524,#2555,#2574,#2575));
#2524 = ORIENTED_EDGE('',*,*,#2525,.F.);
#2525 = EDGE_CURVE('',#2526,#2528,#2530,.T.);
#2526 = VERTEX_POINT('',#2527);
#2527 = CARTESIAN_POINT('',(15.130472102606,19.775712729312,-3.));
#2528 = VERTEX_POINT('',#2529);
#2529 = CARTESIAN_POINT('',(3.1,24.706274506692,-3.));
#2530 = SURFACE_CURVE('',#2531,(#2536,#2543),.PCURVE_S1.);
#2531 = CIRCLE('',#2532,24.9);
#2532 = AXIS2_PLACEMENT_3D('',#2533,#2534,#2535);
#2533 = CARTESIAN_POINT('',(0.,0.,-3.));
#2534 = DIRECTION('',(0.,-0.,1.));
#2535 = DIRECTION('',(0.607649482032,0.794205330494,0.));
#2536 = PCURVE('',#1474,#2537);
#2537 = DEFINITIONAL_REPRESENTATION('',(#2538),#2542);
#2538 = LINE('',#2539,#2540);
#2539 = CARTESIAN_POINT('',(-0.917698683377,0.));
#2540 = VECTOR('',#2541,1.);
#2541 = DIRECTION('',(-1.,0.));
#2542 = ( GEOMETRIC_REPRESENTATION_CONTEXT(2) 
PARAMETRIC_REPRESENTATION_CONTEXT() REPRESENTATION_CONTEXT('2D SPACE',''
  ) );
#2543 = PCURVE('',#2544,#2549);
#2544 = PLANE('',#2545);
#2545 = AXIS2_PLACEMENT_3D('',#2546,#2547,#2548);
#2546 = CARTESIAN_POINT('',(-1.757352780774E-15,1.619572327868E-15,-3.)
  );
#2547 = DIRECTION('',(0.,0.,1.));
#2548 = DIRECTION('',(1.,0.,-0.));
#2549 = DEFINITIONAL_REPRESENTATION('',(#2550),#2554);
#2550 = CIRCLE('',#2551,24.9);
#2551 = AXIS2_PLACEMENT_2D('',#2552,#2553);
#2552 = CARTESIAN_POINT('',(1.757352780774E-15,-1.619572327868E-15));
#2553 = DIRECTION('',(0.607649482032,0.794205330494));
#2554 = ( GEOMETRIC_REPRESENTATION_CONTEXT(2) 
PARAMETRIC_REPRESENTATION_CONTEXT() REPRESENTATION_CONTEXT('2D SPACE',''
  ) );
#2555 = ORIENTED_EDGE('',*,*,#2556,.F.);
#2556 = EDGE_CURVE('',#1456,#2526,#2557,.T.);
#2557 = SURFACE_CURVE('',#2558,(#2562,#2568),.PCURVE_S1.);
#2558 = LINE('',#2559,#2560);
#2559 = CARTESIAN_POINT('',(15.130472102606,19.775712729312,-3.));
#2560 = VECTOR('',#2561,1.);
#2561 = DIRECTION('',(-0.,-0.,-1.));
#2562 = PCURVE('',#1474,#2563);
#2563 = DEFINITIONAL_REPRESENTATION('',(#2564),#2567);
#2564 = B_SPLINE_CURVE_WITH_KNOTS('',1,(#2565,#2566),.UNSPECIFIED.,.F.,
  .F.,(2,2),(-3.,0.),.PIECEWISE_BEZIER_KNOTS.);
#2565 = CARTESIAN_POINT('',(-0.917698683377,-3.));
#2566 = CARTESIAN_POINT('',(-0.917698683377,0.));
#2567 = ( GEOMETRIC_REPRESENTATION_CONTEXT(2) 
PARAMETRIC_REPRESENTATION_CONTEXT() REPRESENTATION_CONTEXT('2D SPACE',''
  ) );
#2568 = PCURVE('',#1507,#2569);
#2569 = DEFINITIONAL_REPRESENTATION('',(#2570),#2573);
#2570 = B_SPLINE_CURVE_WITH_KNOTS('',1,(#2571,#2572),.UNSPECIFIED.,.F.,
  .F.,(2,2),(-3.0000006,5.999999999062E-07),.PIECEWISE_BEZIER_KNOTS.);
#2571 = CARTESIAN_POINT('',(-2.452586113075,-20.0000006));
#2572 = CARTESIAN_POINT('',(-2.452586113075,-16.9999994));
#2573 = ( GEOMETRIC_REPRESENTATION_CONTEXT(2) 
PARAMETRIC_REPRESENTATION_CONTEXT() REPRESENTATION_CONTEXT('2D SPACE',''
  ) );
#2574 = ORIENTED_EDGE('',*,*,#1455,.T.);
#2575 = ORIENTED_EDGE('',*,*,#2576,.T.);
#2576 = EDGE_CURVE('',#1458,#2528,#2577,.T.);
#2577 = SURFACE_CURVE('',#2578,(#2582,#2588),.PCURVE_S1.);
#2578 = LINE('',#2579,#2580);
#2579 = CARTESIAN_POINT('',(3.1,24.706274506692,-3.));
#2580 = VECTOR('',#2581,1.);
#2581 = DIRECTION('',(-0.,-0.,-1.));
#2582 = PCURVE('',#1474,#2583);
#2583 = DEFINITIONAL_REPRESENTATION('',(#2584),#2587);
#2584 = B_SPLINE_CURVE_WITH_KNOTS('',1,(#2585,#2586),.UNSPECIFIED.,.F.,
  .F.,(2,2),(-3.0000006,5.999999999062E-07),.PIECEWISE_BEZIER_KNOTS.);
#2585 = CARTESIAN_POINT('',(-1.445974456059,-3.0000006));
#2586 = CARTESIAN_POINT('',(-1.445974456059,5.999999999062E-07));
#2587 = ( GEOMETRIC_REPRESENTATION_CONTEXT(2) 
PARAMETRIC_REPRESENTATION_CONTEXT() REPRESENTATION_CONTEXT('2D SPACE',''
  ) );
#2588 = PCURVE('',#1862,#2589);
#2589 = DEFINITIONAL_REPRESENTATION('',(#2590),#2593);
#2590 = B_SPLINE_CURVE_WITH_KNOTS('',1,(#2591,#2592),.UNSPECIFIED.,.F.,
  .F.,(2,2),(-3.0000006,5.999999999062E-07),.PIECEWISE_BEZIER_KNOTS.);
#2591 = CARTESIAN_POINT('',(1.693725493308,-20.0000006));
#2592 = CARTESIAN_POINT('',(1.693725493308,-16.9999994));
#2593 = ( GEOMETRIC_REPRESENTATION_CONTEXT(2) 
PARAMETRIC_REPRESENTATION_CONTEXT() REPRESENTATION_CONTEXT('2D SPACE',''
  ) );
#2594 = ADVANCED_FACE('',(#2595),#1507,.F.);
#2595 = FACE_BOUND('',#2596,.T.);
#2596 = EDGE_LOOP('',(#2597,#2598,#2621,#2649,#2675,#2708,#2734,#2760,
    #2761,#2762,#2783,#2809));
#2597 = ORIENTED_EDGE('',*,*,#1486,.T.);
#2598 = ORIENTED_EDGE('',*,*,#2599,.T.);
#2599 = EDGE_CURVE('',#1487,#2600,#2602,.T.);
#2600 = VERTEX_POINT('',#2601);
#2601 = CARTESIAN_POINT('',(20.977669529664,17.677669529664,6.));
#2602 = SEAM_CURVE('',#2603,(#2607,#2614),.PCURVE_S1.);
#2603 = LINE('',#2604,#2605);
#2604 = CARTESIAN_POINT('',(20.977669529664,17.677669529664,-20.));
#2605 = VECTOR('',#2606,1.);
#2606 = DIRECTION('',(0.,0.,1.));
#2607 = PCURVE('',#1507,#2608);
#2608 = DEFINITIONAL_REPRESENTATION('',(#2609),#2613);
#2609 = LINE('',#2610,#2611);
#2610 = CARTESIAN_POINT('',(-6.28318530718,0.));
#2611 = VECTOR('',#2612,1.);
#2612 = DIRECTION('',(-0.,-1.));
#2613 = ( GEOMETRIC_REPRESENTATION_CONTEXT(2) 
PARAMETRIC_REPRESENTATION_CONTEXT() REPRESENTATION_CONTEXT('2D SPACE',''
  ) );
#2614 = PCURVE('',#1507,#2615);
#2615 = DEFINITIONAL_REPRESENTATION('',(#2616),#2620);
#2616 = LINE('',#2617,#2618);
#2617 = CARTESIAN_POINT('',(-0.,0.));
#2618 = VECTOR('',#2619,1.);
#2619 = DIRECTION('',(-0.,-1.));
#2620 = ( GEOMETRIC_REPRESENTATION_CONTEXT(2) 
PARAMETRIC_REPRESENTATION_CONTEXT() REPRESENTATION_CONTEXT('2D SPACE',''
  ) );
#2621 = ORIENTED_EDGE('',*,*,#2622,.F.);
#2622 = EDGE_CURVE('',#2623,#2600,#2625,.T.);
#2623 = VERTEX_POINT('',#2624);
#2624 = CARTESIAN_POINT('',(15.262543549402,19.926483994991,6.));
#2625 = SURFACE_CURVE('',#2626,(#2631,#2638),.PCURVE_S1.);
#2626 = CIRCLE('',#2627,3.3);
#2627 = AXIS2_PLACEMENT_3D('',#2628,#2629,#2630);
#2628 = CARTESIAN_POINT('',(17.677669529664,17.677669529664,6.));
#2629 = DIRECTION('',(0.,0.,-1.));
#2630 = DIRECTION('',(1.,0.,0.));
#2631 = PCURVE('',#1507,#2632);
#2632 = DEFINITIONAL_REPRESENTATION('',(#2633),#2637);
#2633 = LINE('',#2634,#2635);
#2634 = CARTESIAN_POINT('',(-6.28318530718,-26.));
#2635 = VECTOR('',#2636,1.);
#2636 = DIRECTION('',(1.,-0.));
#2637 = ( GEOMETRIC_REPRESENTATION_CONTEXT(2) 
PARAMETRIC_REPRESENTATION_CONTEXT() REPRESENTATION_CONTEXT('2D SPACE',''
  ) );
#2638 = PCURVE('',#2223,#2639);
#2639 = DEFINITIONAL_REPRESENTATION('',(#2640),#2648);
#2640 = ( BOUNDED_CURVE() B_SPLINE_CURVE(2,(#2641,#2642,#2643,#2644,
#2645,#2646,#2647),.UNSPECIFIED.,.T.,.F.) B_SPLINE_CURVE_WITH_KNOTS((1,2
    ,2,2,2,1),(-2.094395102393,0.,2.094395102393,4.188790204786,
6.28318530718,8.377580409573),.UNSPECIFIED.) CURVE() 
GEOMETRIC_REPRESENTATION_ITEM() RATIONAL_B_SPLINE_CURVE((1.,0.5,1.,0.5,
1.,0.5,1.)) REPRESENTATION_ITEM('') );
#2641 = CARTESIAN_POINT('',(-25.99397051028,204.82047612756));
#2642 = CARTESIAN_POINT('',(-28.85185434277,199.87047612756));
#2643 = CARTESIAN_POINT('',(-31.70973817526,204.82047612756));
#2644 = CARTESIAN_POINT('',(-34.56762200775,209.77047612756));
#2645 = CARTESIAN_POINT('',(-28.85185434277,209.77047612756));
#2646 = CARTESIAN_POINT('',(-23.13608667779,209.77047612756));
#2647 = CARTESIAN_POINT('',(-25.99397051028,204.82047612756));
#2648 = ( GEOMETRIC_REPRESENTATION_CONTEXT(2) 
PARAMETRIC_REPRESENTATION_CONTEXT() REPRESENTATION_CONTEXT('2D SPACE',''
  ) );
#2649 = ORIENTED_EDGE('',*,*,#2650,.T.);
#2650 = EDGE_CURVE('',#2623,#2651,#2653,.T.);
#2651 = VERTEX_POINT('',#2652);
#2652 = CARTESIAN_POINT('',(15.262543549402,19.926483994991,2.));
#2653 = SURFACE_CURVE('',#2654,(#2658,#2664),.PCURVE_S1.);
#2654 = LINE('',#2655,#2656);
#2655 = CARTESIAN_POINT('',(15.262543549402,19.926483994991,2.));
#2656 = VECTOR('',#2657,1.);
#2657 = DIRECTION('',(-0.,-0.,-1.));
#2658 = PCURVE('',#1507,#2659);
#2659 = DEFINITIONAL_REPRESENTATION('',(#2660),#2663);
#2660 = B_SPLINE_CURVE_WITH_KNOTS('',1,(#2661,#2662),.UNSPECIFIED.,.F.,
  .F.,(2,2),(-4.0000006,5.999999999062E-07),.PIECEWISE_BEZIER_KNOTS.);
#2661 = CARTESIAN_POINT('',(-2.391838400878,-26.0000006));
#2662 = CARTESIAN_POINT('',(-2.391838400878,-21.9999994));
#2663 = ( GEOMETRIC_REPRESENTATION_CONTEXT(2) 
PARAMETRIC_REPRESENTATION_CONTEXT() REPRESENTATION_CONTEXT('2D SPACE',''
  ) );
#2664 = PCURVE('',#2665,#2670);
#2665 = CYLINDRICAL_SURFACE('',#2666,25.1);
#2666 = AXIS2_PLACEMENT_3D('',#2667,#2668,#2669);
#2667 = CARTESIAN_POINT('',(0.,0.,2.));
#2668 = DIRECTION('',(-0.,-0.,-1.));
#2669 = DIRECTION('',(1.,0.,0.));
#2670 = DEFINITIONAL_REPRESENTATION('',(#2671),#2674);
#2671 = B_SPLINE_CURVE_WITH_KNOTS('',1,(#2672,#2673),.UNSPECIFIED.,.F.,
  .F.,(2,2),(-4.,0.),.PIECEWISE_BEZIER_KNOTS.);
#2672 = CARTESIAN_POINT('',(-0.91716976839,-4.));
#2673 = CARTESIAN_POINT('',(-0.91716976839,0.));
#2674 = ( GEOMETRIC_REPRESENTATION_CONTEXT(2) 
PARAMETRIC_REPRESENTATION_CONTEXT() REPRESENTATION_CONTEXT('2D SPACE',''
  ) );
#2675 = ORIENTED_EDGE('',*,*,#2676,.F.);
#2676 = EDGE_CURVE('',#2677,#2651,#2679,.T.);
#2677 = VERTEX_POINT('',#2678);
#2678 = CARTESIAN_POINT('',(19.926483994991,15.262543549402,2.));
#2679 = SURFACE_CURVE('',#2680,(#2685,#2692),.PCURVE_S1.);
#2680 = CIRCLE('',#2681,3.3);
#2681 = AXIS2_PLACEMENT_3D('',#2682,#2683,#2684);
#2682 = CARTESIAN_POINT('',(17.677669529664,17.677669529664,2.));
#2683 = DIRECTION('',(0.,0.,-1.));
#2684 = DIRECTION('',(1.,0.,0.));
#2685 = PCURVE('',#1507,#2686);
#2686 = DEFINITIONAL_REPRESENTATION('',(#2687),#2691);
#2687 = LINE('',#2688,#2689);
#2688 = CARTESIAN_POINT('',(-6.28318530718,-22.));
#2689 = VECTOR('',#2690,1.);
#2690 = DIRECTION('',(1.,-0.));
#2691 = ( GEOMETRIC_REPRESENTATION_CONTEXT(2) 
PARAMETRIC_REPRESENTATION_CONTEXT() REPRESENTATION_CONTEXT('2D SPACE',''
  ) );
#2692 = PCURVE('',#2693,#2698);
#2693 = PLANE('',#2694);
#2694 = AXIS2_PLACEMENT_3D('',#2695,#2696,#2697);
#2695 = CARTESIAN_POINT('',(-1.743349969771E-15,7.187288144848E-16,2.));
#2696 = DIRECTION('',(0.,0.,1.));
#2697 = DIRECTION('',(1.,0.,-0.));
#2698 = DEFINITIONAL_REPRESENTATION('',(#2699),#2707);
#2699 = ( BOUNDED_CURVE() B_SPLINE_CURVE(2,(#2700,#2701,#2702,#2703,
#2704,#2705,#2706),.UNSPECIFIED.,.T.,.F.) B_SPLINE_CURVE_WITH_KNOTS((1,2
    ,2,2,2,1),(-2.094395102393,0.,2.094395102393,4.188790204786,
6.28318530718,8.377580409573),.UNSPECIFIED.) CURVE() 
GEOMETRIC_REPRESENTATION_ITEM() RATIONAL_B_SPLINE_CURVE((1.,0.5,1.,0.5,
1.,0.5,1.)) REPRESENTATION_ITEM('') );
#2700 = CARTESIAN_POINT('',(20.977669529664,17.677669529664));
#2701 = CARTESIAN_POINT('',(20.977669529664,11.961901864686));
#2702 = CARTESIAN_POINT('',(16.027669529664,14.819785697175));
#2703 = CARTESIAN_POINT('',(11.077669529664,17.677669529664));
#2704 = CARTESIAN_POINT('',(16.027669529664,20.535553362152));
#2705 = CARTESIAN_POINT('',(20.977669529664,23.393437194641));
#2706 = CARTESIAN_POINT('',(20.977669529664,17.677669529664));
#2707 = ( GEOMETRIC_REPRESENTATION_CONTEXT(2) 
PARAMETRIC_REPRESENTATION_CONTEXT() REPRESENTATION_CONTEXT('2D SPACE',''
  ) );
#2708 = ORIENTED_EDGE('',*,*,#2709,.F.);
#2709 = EDGE_CURVE('',#2710,#2677,#2712,.T.);
#2710 = VERTEX_POINT('',#2711);
#2711 = CARTESIAN_POINT('',(19.926483994991,15.262543549402,6.));
#2712 = SURFACE_CURVE('',#2713,(#2717,#2723),.PCURVE_S1.);
#2713 = LINE('',#2714,#2715);
#2714 = CARTESIAN_POINT('',(19.926483994991,15.262543549402,2.));
#2715 = VECTOR('',#2716,1.);
#2716 = DIRECTION('',(-0.,-0.,-1.));
#2717 = PCURVE('',#1507,#2718);
#2718 = DEFINITIONAL_REPRESENTATION('',(#2719),#2722);
#2719 = B_SPLINE_CURVE_WITH_KNOTS('',1,(#2720,#2721),.UNSPECIFIED.,.F.,
  .F.,(2,2),(-4.0000006,5.999999999062E-07),.PIECEWISE_BEZIER_KNOTS.);
#2720 = CARTESIAN_POINT('',(-5.462143233096,-26.0000006));
#2721 = CARTESIAN_POINT('',(-5.462143233096,-21.9999994));
#2722 = ( GEOMETRIC_REPRESENTATION_CONTEXT(2) 
PARAMETRIC_REPRESENTATION_CONTEXT() REPRESENTATION_CONTEXT('2D SPACE',''
  ) );
#2723 = PCURVE('',#2724,#2729);
#2724 = CYLINDRICAL_SURFACE('',#2725,25.1);
#2725 = AXIS2_PLACEMENT_3D('',#2726,#2727,#2728);
#2726 = CARTESIAN_POINT('',(0.,0.,2.));
#2727 = DIRECTION('',(-0.,-0.,-1.));
#2728 = DIRECTION('',(1.,0.,0.));
#2729 = DEFINITIONAL_REPRESENTATION('',(#2730),#2733);
#2730 = B_SPLINE_CURVE_WITH_KNOTS('',1,(#2731,#2732),.UNSPECIFIED.,.F.,
  .F.,(2,2),(-4.,0.),.PIECEWISE_BEZIER_KNOTS.);
#2731 = CARTESIAN_POINT('',(-6.936811865585,-4.));
#2732 = CARTESIAN_POINT('',(-6.936811865585,0.));
#2733 = ( GEOMETRIC_REPRESENTATION_CONTEXT(2) 
PARAMETRIC_REPRESENTATION_CONTEXT() REPRESENTATION_CONTEXT('2D SPACE',''
  ) );
#2734 = ORIENTED_EDGE('',*,*,#2735,.F.);
#2735 = EDGE_CURVE('',#2600,#2710,#2736,.T.);
#2736 = SURFACE_CURVE('',#2737,(#2742,#2749),.PCURVE_S1.);
#2737 = CIRCLE('',#2738,3.3);
#2738 = AXIS2_PLACEMENT_3D('',#2739,#2740,#2741);
#2739 = CARTESIAN_POINT('',(17.677669529664,17.677669529664,6.));
#2740 = DIRECTION('',(0.,0.,-1.));
#2741 = DIRECTION('',(1.,0.,0.));
#2742 = PCURVE('',#1507,#2743);
#2743 = DEFINITIONAL_REPRESENTATION('',(#2744),#2748);
#2744 = LINE('',#2745,#2746);
#2745 = CARTESIAN_POINT('',(-6.28318530718,-26.));
#2746 = VECTOR('',#2747,1.);
#2747 = DIRECTION('',(1.,-0.));
#2748 = ( GEOMETRIC_REPRESENTATION_CONTEXT(2) 
PARAMETRIC_REPRESENTATION_CONTEXT() REPRESENTATION_CONTEXT('2D SPACE',''
  ) );
#2749 = PCURVE('',#2223,#2750);
#2750 = DEFINITIONAL_REPRESENTATION('',(#2751),#2759);
#2751 = ( BOUNDED_CURVE() B_SPLINE_CURVE(2,(#2752,#2753,#2754,#2755,
#2756,#2757,#2758),.UNSPECIFIED.,.T.,.F.) B_SPLINE_CURVE_WITH_KNOTS((1,2
    ,2,2,2,1),(-2.094395102393,0.,2.094395102393,4.188790204786,
6.28318530718,8.377580409573),.UNSPECIFIED.) CURVE() 
GEOMETRIC_REPRESENTATION_ITEM() RATIONAL_B_SPLINE_CURVE((1.,0.5,1.,0.5,
1.,0.5,1.)) REPRESENTATION_ITEM('') );
#2752 = CARTESIAN_POINT('',(-25.99397051028,204.82047612756));
#2753 = CARTESIAN_POINT('',(-28.85185434277,199.87047612756));
#2754 = CARTESIAN_POINT('',(-31.70973817526,204.82047612756));
#2755 = CARTESIAN_POINT('',(-34.56762200775,209.77047612756));
#2756 = CARTESIAN_POINT('',(-28.85185434277,209.77047612756));
#2757 = CARTESIAN_POINT('',(-23.13608667779,209.77047612756));
#2758 = CARTESIAN_POINT('',(-25.99397051028,204.82047612756));
#2759 = ( GEOMETRIC_REPRESENTATION_CONTEXT(2) 
PARAMETRIC_REPRESENTATION_CONTEXT() REPRESENTATION_CONTEXT('2D SPACE',''
  ) );
#2760 = ORIENTED_EDGE('',*,*,#2599,.F.);
#2761 = ORIENTED_EDGE('',*,*,#1519,.T.);
#2762 = ORIENTED_EDGE('',*,*,#2763,.T.);
#2763 = EDGE_CURVE('',#1520,#2764,#2766,.T.);
#2764 = VERTEX_POINT('',#2765);
#2765 = CARTESIAN_POINT('',(19.775712729312,15.130472102606,-3.));
#2766 = SURFACE_CURVE('',#2767,(#2771,#2777),.PCURVE_S1.);
#2767 = LINE('',#2768,#2769);
#2768 = CARTESIAN_POINT('',(19.775712729312,15.130472102606,-3.));
#2769 = VECTOR('',#2770,1.);
#2770 = DIRECTION('',(-0.,-0.,-1.));
#2771 = PCURVE('',#1507,#2772);
#2772 = DEFINITIONAL_REPRESENTATION('',(#2773),#2776);
#2773 = B_SPLINE_CURVE_WITH_KNOTS('',1,(#2774,#2775),.UNSPECIFIED.,.F.,
  .F.,(2,2),(-3.0000006,5.999999999062E-07),.PIECEWISE_BEZIER_KNOTS.);
#2774 = CARTESIAN_POINT('',(-5.401395520899,-20.0000006));
#2775 = CARTESIAN_POINT('',(-5.401395520899,-16.9999994));
#2776 = ( GEOMETRIC_REPRESENTATION_CONTEXT(2) 
PARAMETRIC_REPRESENTATION_CONTEXT() REPRESENTATION_CONTEXT('2D SPACE',''
  ) );
#2777 = PCURVE('',#1564,#2778);
#2778 = DEFINITIONAL_REPRESENTATION('',(#2779),#2782);
#2779 = B_SPLINE_CURVE_WITH_KNOTS('',1,(#2780,#2781),.UNSPECIFIED.,.F.,
  .F.,(2,2),(-3.,0.),.PIECEWISE_BEZIER_KNOTS.);
#2780 = CARTESIAN_POINT('',(-6.936282950598,-3.));
#2781 = CARTESIAN_POINT('',(-6.936282950598,0.));
#2782 = ( GEOMETRIC_REPRESENTATION_CONTEXT(2) 
PARAMETRIC_REPRESENTATION_CONTEXT() REPRESENTATION_CONTEXT('2D SPACE',''
  ) );
#2783 = ORIENTED_EDGE('',*,*,#2784,.T.);
#2784 = EDGE_CURVE('',#2764,#2526,#2785,.T.);
#2785 = SURFACE_CURVE('',#2786,(#2791,#2798),.PCURVE_S1.);
#2786 = CIRCLE('',#2787,3.3);
#2787 = AXIS2_PLACEMENT_3D('',#2788,#2789,#2790);
#2788 = CARTESIAN_POINT('',(17.677669529664,17.677669529664,-3.));
#2789 = DIRECTION('',(0.,0.,-1.));
#2790 = DIRECTION('',(1.,0.,0.));
#2791 = PCURVE('',#1507,#2792);
#2792 = DEFINITIONAL_REPRESENTATION('',(#2793),#2797);
#2793 = LINE('',#2794,#2795);
#2794 = CARTESIAN_POINT('',(-6.28318530718,-17.));
#2795 = VECTOR('',#2796,1.);
#2796 = DIRECTION('',(1.,-0.));
#2797 = ( GEOMETRIC_REPRESENTATION_CONTEXT(2) 
PARAMETRIC_REPRESENTATION_CONTEXT() REPRESENTATION_CONTEXT('2D SPACE',''
  ) );
#2798 = PCURVE('',#2544,#2799);
#2799 = DEFINITIONAL_REPRESENTATION('',(#2800),#2808);
#2800 = ( BOUNDED_CURVE() B_SPLINE_CURVE(2,(#2801,#2802,#2803,#2804,
#2805,#2806,#2807),.UNSPECIFIED.,.T.,.F.) B_SPLINE_CURVE_WITH_KNOTS((1,2
    ,2,2,2,1),(-2.094395102393,0.,2.094395102393,4.188790204786,
6.28318530718,8.377580409573),.UNSPECIFIED.) CURVE() 
GEOMETRIC_REPRESENTATION_ITEM() RATIONAL_B_SPLINE_CURVE((1.,0.5,1.,0.5,
1.,0.5,1.)) REPRESENTATION_ITEM('') );
#2801 = CARTESIAN_POINT('',(20.977669529664,17.677669529664));
#2802 = CARTESIAN_POINT('',(20.977669529664,11.961901864686));
#2803 = CARTESIAN_POINT('',(16.027669529664,14.819785697175));
#2804 = CARTESIAN_POINT('',(11.077669529664,17.677669529664));
#2805 = CARTESIAN_POINT('',(16.027669529664,20.535553362152));
#2806 = CARTESIAN_POINT('',(20.977669529664,23.393437194641));
#2807 = CARTESIAN_POINT('',(20.977669529664,17.677669529664));
#2808 = ( GEOMETRIC_REPRESENTATION_CONTEXT(2) 
PARAMETRIC_REPRESENTATION_CONTEXT() REPRESENTATION_CONTEXT('2D SPACE',''
  ) );
#2809 = ORIENTED_EDGE('',*,*,#2556,.F.);
#2810 = ADVANCED_FACE('',(#2811),#1862,.F.);
#2811 = FACE_BOUND('',#2812,.F.);
#2812 = EDGE_LOOP('',(#2813,#2814,#2837,#2858,#2879,#2900,#2928,#2947));
#2813 = ORIENTED_EDGE('',*,*,#1849,.T.);
#2814 = ORIENTED_EDGE('',*,*,#2815,.T.);
#2815 = EDGE_CURVE('',#1817,#2816,#2818,.T.);
#2816 = VERTEX_POINT('',#2817);
#2817 = CARTESIAN_POINT('',(3.1,26.4,6.));
#2818 = SURFACE_CURVE('',#2819,(#2823,#2830),.PCURVE_S1.);
#2819 = LINE('',#2820,#2821);
#2820 = CARTESIAN_POINT('',(3.1,26.4,-20.));
#2821 = VECTOR('',#2822,1.);
#2822 = DIRECTION('',(0.,0.,1.));
#2823 = PCURVE('',#1862,#2824);
#2824 = DEFINITIONAL_REPRESENTATION('',(#2825),#2829);
#2825 = LINE('',#2826,#2827);
#2826 = CARTESIAN_POINT('',(0.,0.));
#2827 = VECTOR('',#2828,1.);
#2828 = DIRECTION('',(0.,-1.));
#2829 = ( GEOMETRIC_REPRESENTATION_CONTEXT(2) 
PARAMETRIC_REPRESENTATION_CONTEXT() REPRESENTATION_CONTEXT('2D SPACE',''
  ) );
#2830 = PCURVE('',#1837,#2831);
#2831 = DEFINITIONAL_REPRESENTATION('',(#2832),#2836);
#2832 = LINE('',#2833,#2834);
#2833 = CARTESIAN_POINT('',(3.14159265359,0.));
#2834 = VECTOR('',#2835,1.);
#2835 = DIRECTION('',(0.,-1.));
#2836 = ( GEOMETRIC_REPRESENTATION_CONTEXT(2) 
PARAMETRIC_REPRESENTATION_CONTEXT() REPRESENTATION_CONTEXT('2D SPACE',''
  ) );
#2837 = ORIENTED_EDGE('',*,*,#2838,.F.);
#2838 = EDGE_CURVE('',#2839,#2816,#2841,.T.);
#2839 = VERTEX_POINT('',#2840);
#2840 = CARTESIAN_POINT('',(3.1,24.907830094169,6.));
#2841 = SURFACE_CURVE('',#2842,(#2846,#2852),.PCURVE_S1.);
#2842 = LINE('',#2843,#2844);
#2843 = CARTESIAN_POINT('',(3.1,-60.15254037844,6.));
#2844 = VECTOR('',#2845,1.);
#2845 = DIRECTION('',(1.110223024625E-16,1.,-0.));
#2846 = PCURVE('',#1862,#2847);
#2847 = DEFINITIONAL_REPRESENTATION('',(#2848),#2851);
#2848 = B_SPLINE_CURVE_WITH_KNOTS('',1,(#2849,#2850),.UNSPECIFIED.,.F.,
  .F.,(2,2),(83.752540378444,86.552540378444),.PIECEWISE_BEZIER_KNOTS.);
#2849 = CARTESIAN_POINT('',(2.8,-26.));
#2850 = CARTESIAN_POINT('',(0.,-26.));
#2851 = ( GEOMETRIC_REPRESENTATION_CONTEXT(2) 
PARAMETRIC_REPRESENTATION_CONTEXT() REPRESENTATION_CONTEXT('2D SPACE',''
  ) );
#2852 = PCURVE('',#2223,#2853);
#2853 = DEFINITIONAL_REPRESENTATION('',(#2854),#2857);
#2854 = B_SPLINE_CURVE_WITH_KNOTS('',1,(#2855,#2856),.UNSPECIFIED.,.F.,
  .F.,(2,2),(83.752540378444,86.552540378444),.PIECEWISE_BEZIER_KNOTS.);
#2855 = CARTESIAN_POINT('',(-38.51532124826,218.88819952931));
#2856 = CARTESIAN_POINT('',(-37.11532124826,221.3130706599));
#2857 = ( GEOMETRIC_REPRESENTATION_CONTEXT(2) 
PARAMETRIC_REPRESENTATION_CONTEXT() REPRESENTATION_CONTEXT('2D SPACE',''
  ) );
#2858 = ORIENTED_EDGE('',*,*,#2859,.T.);
#2859 = EDGE_CURVE('',#2839,#2860,#2862,.T.);
#2860 = VERTEX_POINT('',#2861);
#2861 = CARTESIAN_POINT('',(3.1,24.907830094169,2.));
#2862 = SURFACE_CURVE('',#2863,(#2867,#2873),.PCURVE_S1.);
#2863 = LINE('',#2864,#2865);
#2864 = CARTESIAN_POINT('',(3.1,24.907830094169,2.));
#2865 = VECTOR('',#2866,1.);
#2866 = DIRECTION('',(-0.,-0.,-1.));
#2867 = PCURVE('',#1862,#2868);
#2868 = DEFINITIONAL_REPRESENTATION('',(#2869),#2872);
#2869 = B_SPLINE_CURVE_WITH_KNOTS('',1,(#2870,#2871),.UNSPECIFIED.,.F.,
  .F.,(2,2),(-4.0000006,5.999999999062E-07),.PIECEWISE_BEZIER_KNOTS.);
#2870 = CARTESIAN_POINT('',(1.492169905831,-26.0000006));
#2871 = CARTESIAN_POINT('',(1.492169905831,-21.9999994));
#2872 = ( GEOMETRIC_REPRESENTATION_CONTEXT(2) 
PARAMETRIC_REPRESENTATION_CONTEXT() REPRESENTATION_CONTEXT('2D SPACE',''
  ) );
#2873 = PCURVE('',#2665,#2874);
#2874 = DEFINITIONAL_REPRESENTATION('',(#2875),#2878);
#2875 = B_SPLINE_CURVE_WITH_KNOTS('',1,(#2876,#2877),.UNSPECIFIED.,.F.,
  .F.,(2,2),(-4.0000006,5.999999999062E-07),.PIECEWISE_BEZIER_KNOTS.);
#2876 = CARTESIAN_POINT('',(-1.446974187935,-4.0000006));
#2877 = CARTESIAN_POINT('',(-1.446974187935,5.999999999062E-07));
#2878 = ( GEOMETRIC_REPRESENTATION_CONTEXT(2) 
PARAMETRIC_REPRESENTATION_CONTEXT() REPRESENTATION_CONTEXT('2D SPACE',''
  ) );
#2879 = ORIENTED_EDGE('',*,*,#2880,.F.);
#2880 = EDGE_CURVE('',#2881,#2860,#2883,.T.);
#2881 = VERTEX_POINT('',#2882);
#2882 = CARTESIAN_POINT('',(3.1,23.6,2.));
#2883 = SURFACE_CURVE('',#2884,(#2888,#2894),.PCURVE_S1.);
#2884 = LINE('',#2885,#2886);
#2885 = CARTESIAN_POINT('',(3.1,13.2,2.));
#2886 = VECTOR('',#2887,1.);
#2887 = DIRECTION('',(1.110223024625E-16,1.,-0.));
#2888 = PCURVE('',#1862,#2889);
#2889 = DEFINITIONAL_REPRESENTATION('',(#2890),#2893);
#2890 = B_SPLINE_CURVE_WITH_KNOTS('',1,(#2891,#2892),.UNSPECIFIED.,.F.,
  .F.,(2,2),(10.4,11.9),.PIECEWISE_BEZIER_KNOTS.);
#2891 = CARTESIAN_POINT('',(2.8,-22.));
#2892 = CARTESIAN_POINT('',(1.3,-22.));
#2893 = ( GEOMETRIC_REPRESENTATION_CONTEXT(2) 
PARAMETRIC_REPRESENTATION_CONTEXT() REPRESENTATION_CONTEXT('2D SPACE',''
  ) );
#2894 = PCURVE('',#2693,#2895);
#2895 = DEFINITIONAL_REPRESENTATION('',(#2896),#2899);
#2896 = B_SPLINE_CURVE_WITH_KNOTS('',1,(#2897,#2898),.UNSPECIFIED.,.F.,
  .F.,(2,2),(10.4,11.9),.PIECEWISE_BEZIER_KNOTS.);
#2897 = CARTESIAN_POINT('',(3.1,23.6));
#2898 = CARTESIAN_POINT('',(3.1,25.1));
#2899 = ( GEOMETRIC_REPRESENTATION_CONTEXT(2) 
PARAMETRIC_REPRESENTATION_CONTEXT() REPRESENTATION_CONTEXT('2D SPACE',''
  ) );
#2900 = ORIENTED_EDGE('',*,*,#2901,.F.);
#2901 = EDGE_CURVE('',#2902,#2881,#2904,.T.);
#2902 = VERTEX_POINT('',#2903);
#2903 = CARTESIAN_POINT('',(3.1,23.6,-3.));
#2904 = SURFACE_CURVE('',#2905,(#2909,#2916),.PCURVE_S1.);
#2905 = LINE('',#2906,#2907);
#2906 = CARTESIAN_POINT('',(3.1,23.6,-20.));
#2907 = VECTOR('',#2908,1.);
#2908 = DIRECTION('',(0.,0.,1.));
#2909 = PCURVE('',#1862,#2910);
#2910 = DEFINITIONAL_REPRESENTATION('',(#2911),#2915);
#2911 = LINE('',#2912,#2913);
#2912 = CARTESIAN_POINT('',(2.8,0.));
#2913 = VECTOR('',#2914,1.);
#2914 = DIRECTION('',(0.,-1.));
#2915 = ( GEOMETRIC_REPRESENTATION_CONTEXT(2) 
PARAMETRIC_REPRESENTATION_CONTEXT() REPRESENTATION_CONTEXT('2D SPACE',''
  ) );
#2916 = PCURVE('',#2917,#2922);
#2917 = CYLINDRICAL_SURFACE('',#2918,3.1);
#2918 = AXIS2_PLACEMENT_3D('',#2919,#2920,#2921);
#2919 = CARTESIAN_POINT('',(1.09668586407E-15,23.6,-20.));
#2920 = DIRECTION('',(0.,0.,-1.));
#2921 = DIRECTION('',(1.,3.223228136009E-17,0.));
#2922 = DEFINITIONAL_REPRESENTATION('',(#2923),#2927);
#2923 = LINE('',#2924,#2925);
#2924 = CARTESIAN_POINT('',(0.,0.));
#2925 = VECTOR('',#2926,1.);
#2926 = DIRECTION('',(0.,-1.));
#2927 = ( GEOMETRIC_REPRESENTATION_CONTEXT(2) 
PARAMETRIC_REPRESENTATION_CONTEXT() REPRESENTATION_CONTEXT('2D SPACE',''
  ) );
#2928 = ORIENTED_EDGE('',*,*,#2929,.T.);
#2929 = EDGE_CURVE('',#2902,#2528,#2930,.T.);
#2930 = SURFACE_CURVE('',#2931,(#2935,#2941),.PCURVE_S1.);
#2931 = LINE('',#2932,#2933);
#2932 = CARTESIAN_POINT('',(3.1,13.2,-3.));
#2933 = VECTOR('',#2934,1.);
#2934 = DIRECTION('',(1.110223024625E-16,1.,-0.));
#2935 = PCURVE('',#1862,#2936);
#2936 = DEFINITIONAL_REPRESENTATION('',(#2937),#2940);
#2937 = B_SPLINE_CURVE_WITH_KNOTS('',1,(#2938,#2939),.UNSPECIFIED.,.F.,
  .F.,(2,2),(10.4,11.7),.PIECEWISE_BEZIER_KNOTS.);
#2938 = CARTESIAN_POINT('',(2.8,-17.));
#2939 = CARTESIAN_POINT('',(1.5,-17.));
#2940 = ( GEOMETRIC_REPRESENTATION_CONTEXT(2) 
PARAMETRIC_REPRESENTATION_CONTEXT() REPRESENTATION_CONTEXT('2D SPACE',''
  ) );
#2941 = PCURVE('',#2544,#2942);
#2942 = DEFINITIONAL_REPRESENTATION('',(#2943),#2946);
#2943 = B_SPLINE_CURVE_WITH_KNOTS('',1,(#2944,#2945),.UNSPECIFIED.,.F.,
  .F.,(2,2),(10.4,11.7),.PIECEWISE_BEZIER_KNOTS.);
#2944 = CARTESIAN_POINT('',(3.1,23.6));
#2945 = CARTESIAN_POINT('',(3.1,24.9));
#2946 = ( GEOMETRIC_REPRESENTATION_CONTEXT(2) 
PARAMETRIC_REPRESENTATION_CONTEXT() REPRESENTATION_CONTEXT('2D SPACE',''
  ) );
#2947 = ORIENTED_EDGE('',*,*,#2576,.F.);
#2948 = ADVANCED_FACE('',(#2949),#1837,.F.);
#2949 = FACE_BOUND('',#2950,.F.);
#2950 = EDGE_LOOP('',(#2951,#2952,#2975,#3001));
#2951 = ORIENTED_EDGE('',*,*,#1816,.F.);
#2952 = ORIENTED_EDGE('',*,*,#2953,.T.);
#2953 = EDGE_CURVE('',#1791,#2954,#2956,.T.);
#2954 = VERTEX_POINT('',#2955);
#2955 = CARTESIAN_POINT('',(-3.1,26.4,6.));
#2956 = SURFACE_CURVE('',#2957,(#2961,#2968),.PCURVE_S1.);
#2957 = LINE('',#2958,#2959);
#2958 = CARTESIAN_POINT('',(-3.1,26.4,-20.));
#2959 = VECTOR('',#2960,1.);
#2960 = DIRECTION('',(0.,0.,1.));
#2961 = PCURVE('',#1837,#2962);
#2962 = DEFINITIONAL_REPRESENTATION('',(#2963),#2967);
#2963 = LINE('',#2964,#2965);
#2964 = CARTESIAN_POINT('',(0.,0.));
#2965 = VECTOR('',#2966,1.);
#2966 = DIRECTION('',(0.,-1.));
#2967 = ( GEOMETRIC_REPRESENTATION_CONTEXT(2) 
PARAMETRIC_REPRESENTATION_CONTEXT() REPRESENTATION_CONTEXT('2D SPACE',''
  ) );
#2968 = PCURVE('',#1805,#2969);
#2969 = DEFINITIONAL_REPRESENTATION('',(#2970),#2974);
#2970 = LINE('',#2971,#2972);
#2971 = CARTESIAN_POINT('',(2.8,0.));
#2972 = VECTOR('',#2973,1.);
#2973 = DIRECTION('',(0.,-1.));
#2974 = ( GEOMETRIC_REPRESENTATION_CONTEXT(2) 
PARAMETRIC_REPRESENTATION_CONTEXT() REPRESENTATION_CONTEXT('2D SPACE',''
  ) );
#2975 = ORIENTED_EDGE('',*,*,#2976,.T.);
#2976 = EDGE_CURVE('',#2954,#2816,#2977,.T.);
#2977 = SURFACE_CURVE('',#2978,(#2983,#2990),.PCURVE_S1.);
#2978 = CIRCLE('',#2979,3.1);
#2979 = AXIS2_PLACEMENT_3D('',#2980,#2981,#2982);
#2980 = CARTESIAN_POINT('',(1.964931133798E-15,26.4,6.));
#2981 = DIRECTION('',(-0.,0.,-1.));
#2982 = DIRECTION('',(-1.,-3.223228136009E-17,0.));
#2983 = PCURVE('',#1837,#2984);
#2984 = DEFINITIONAL_REPRESENTATION('',(#2985),#2989);
#2985 = LINE('',#2986,#2987);
#2986 = CARTESIAN_POINT('',(0.,-26.));
#2987 = VECTOR('',#2988,1.);
#2988 = DIRECTION('',(1.,0.));
#2989 = ( GEOMETRIC_REPRESENTATION_CONTEXT(2) 
PARAMETRIC_REPRESENTATION_CONTEXT() REPRESENTATION_CONTEXT('2D SPACE',''
  ) );
#2990 = PCURVE('',#2223,#2991);
#2991 = DEFINITIONAL_REPRESENTATION('',(#2992),#3000);
#2992 = ( BOUNDED_CURVE() B_SPLINE_CURVE(2,(#2993,#2994,#2995,#2996,
#2997,#2998,#2999),.UNSPECIFIED.,.T.,.F.) B_SPLINE_CURVE_WITH_KNOTS((1,2
    ,2,2,2,1),(-2.094395102393,0.,2.094395102393,4.188790204786,
6.28318530718,8.377580409573),.UNSPECIFIED.) CURVE() 
GEOMETRIC_REPRESENTATION_ITEM() RATIONAL_B_SPLINE_CURVE((1.,0.5,1.,0.5,
1.,0.5,1.)) REPRESENTATION_ITEM('') );
#2993 = CARTESIAN_POINT('',(-42.48467875173,224.4130706599));
#2994 = CARTESIAN_POINT('',(-39.8,229.0630706599));
#2995 = CARTESIAN_POINT('',(-37.11532124826,224.4130706599));
#2996 = CARTESIAN_POINT('',(-34.43064249653,219.7630706599));
#2997 = CARTESIAN_POINT('',(-39.8,219.7630706599));
#2998 = CARTESIAN_POINT('',(-45.16935750346,219.7630706599));
#2999 = CARTESIAN_POINT('',(-42.48467875173,224.4130706599));
#3000 = ( GEOMETRIC_REPRESENTATION_CONTEXT(2) 
PARAMETRIC_REPRESENTATION_CONTEXT() REPRESENTATION_CONTEXT('2D SPACE',''
  ) );
#3001 = ORIENTED_EDGE('',*,*,#2815,.F.);
#3002 = ADVANCED_FACE('',(#3003),#1564,.T.);
#3003 = FACE_BOUND('',#3004,.F.);
#3004 = EDGE_LOOP('',(#3005,#3029,#3048,#3049));
#3005 = ORIENTED_EDGE('',*,*,#3006,.F.);
#3006 = EDGE_CURVE('',#3007,#2764,#3009,.T.);
#3007 = VERTEX_POINT('',#3008);
#3008 = CARTESIAN_POINT('',(19.775712729312,-15.1304721026,-3.));
#3009 = SURFACE_CURVE('',#3010,(#3015,#3022),.PCURVE_S1.);
#3010 = CIRCLE('',#3011,24.9);
#3011 = AXIS2_PLACEMENT_3D('',#3012,#3013,#3014);
#3012 = CARTESIAN_POINT('',(0.,0.,-3.));
#3013 = DIRECTION('',(0.,-0.,1.));
#3014 = DIRECTION('',(0.607649482032,0.794205330494,0.));
#3015 = PCURVE('',#1564,#3016);
#3016 = DEFINITIONAL_REPRESENTATION('',(#3017),#3021);
#3017 = LINE('',#3018,#3019);
#3018 = CARTESIAN_POINT('',(-0.917698683377,0.));
#3019 = VECTOR('',#3020,1.);
#3020 = DIRECTION('',(-1.,0.));
#3021 = ( GEOMETRIC_REPRESENTATION_CONTEXT(2) 
PARAMETRIC_REPRESENTATION_CONTEXT() REPRESENTATION_CONTEXT('2D SPACE',''
  ) );
#3022 = PCURVE('',#2544,#3023);
#3023 = DEFINITIONAL_REPRESENTATION('',(#3024),#3028);
#3024 = CIRCLE('',#3025,24.9);
#3025 = AXIS2_PLACEMENT_2D('',#3026,#3027);
#3026 = CARTESIAN_POINT('',(1.757352780774E-15,-1.619572327868E-15));
#3027 = DIRECTION('',(0.607649482032,0.794205330494));
#3028 = ( GEOMETRIC_REPRESENTATION_CONTEXT(2) 
PARAMETRIC_REPRESENTATION_CONTEXT() REPRESENTATION_CONTEXT('2D SPACE',''
  ) );
#3029 = ORIENTED_EDGE('',*,*,#3030,.F.);
#3030 = EDGE_CURVE('',#1548,#3007,#3031,.T.);
#3031 = SURFACE_CURVE('',#3032,(#3036,#3042),.PCURVE_S1.);
#3032 = LINE('',#3033,#3034);
#3033 = CARTESIAN_POINT('',(19.775712729312,-15.1304721026,-3.));
#3034 = VECTOR('',#3035,1.);
#3035 = DIRECTION('',(-0.,-0.,-1.));
#3036 = PCURVE('',#1564,#3037);
#3037 = DEFINITIONAL_REPRESENTATION('',(#3038),#3041);
#3038 = B_SPLINE_CURVE_WITH_KNOTS('',1,(#3039,#3040),.UNSPECIFIED.,.F.,
  .F.,(2,2),(-3.0000006,5.999999999062E-07),.PIECEWISE_BEZIER_KNOTS.);
#3039 = CARTESIAN_POINT('',(-5.630087663761,-3.0000006));
#3040 = CARTESIAN_POINT('',(-5.630087663761,5.999999999062E-07));
#3041 = ( GEOMETRIC_REPRESENTATION_CONTEXT(2) 
PARAMETRIC_REPRESENTATION_CONTEXT() REPRESENTATION_CONTEXT('2D SPACE',''
  ) );
#3042 = PCURVE('',#1597,#3043);
#3043 = DEFINITIONAL_REPRESENTATION('',(#3044),#3047);
#3044 = B_SPLINE_CURVE_WITH_KNOTS('',1,(#3045,#3046),.UNSPECIFIED.,.F.,
  .F.,(2,2),(-3.0000006,5.999999999062E-07),.PIECEWISE_BEZIER_KNOTS.);
#3045 = CARTESIAN_POINT('',(-0.88178978628,-20.0000006));
#3046 = CARTESIAN_POINT('',(-0.88178978628,-16.9999994));
#3047 = ( GEOMETRIC_REPRESENTATION_CONTEXT(2) 
PARAMETRIC_REPRESENTATION_CONTEXT() REPRESENTATION_CONTEXT('2D SPACE',''
  ) );
#3048 = ORIENTED_EDGE('',*,*,#1547,.T.);
#3049 = ORIENTED_EDGE('',*,*,#2763,.T.);
#3050 = ADVANCED_FACE('',(#3051),#1805,.F.);
#3051 = FACE_BOUND('',#3052,.F.);
#3052 = EDGE_LOOP('',(#3053,#3076,#3099,#3120,#3146,#3165,#3166,#3167));
#3053 = ORIENTED_EDGE('',*,*,#3054,.T.);
#3054 = EDGE_CURVE('',#3055,#3057,#3059,.T.);
#3055 = VERTEX_POINT('',#3056);
#3056 = CARTESIAN_POINT('',(-3.1,24.706274506692,-3.));
#3057 = VERTEX_POINT('',#3058);
#3058 = CARTESIAN_POINT('',(-3.1,23.6,-3.));
#3059 = SURFACE_CURVE('',#3060,(#3064,#3070),.PCURVE_S1.);
#3060 = LINE('',#3061,#3062);
#3061 = CARTESIAN_POINT('',(-3.1,11.8,-3.));
#3062 = VECTOR('',#3063,1.);
#3063 = DIRECTION('',(-1.110223024625E-16,-1.,0.));
#3064 = PCURVE('',#1805,#3065);
#3065 = DEFINITIONAL_REPRESENTATION('',(#3066),#3069);
#3066 = B_SPLINE_CURVE_WITH_KNOTS('',1,(#3067,#3068),.UNSPECIFIED.,.F.,
  .F.,(2,2),(-13.1,-11.8),.PIECEWISE_BEZIER_KNOTS.);
#3067 = CARTESIAN_POINT('',(1.3,-17.));
#3068 = CARTESIAN_POINT('',(0.,-17.));
#3069 = ( GEOMETRIC_REPRESENTATION_CONTEXT(2) 
PARAMETRIC_REPRESENTATION_CONTEXT() REPRESENTATION_CONTEXT('2D SPACE',''
  ) );
#3070 = PCURVE('',#2544,#3071);
#3071 = DEFINITIONAL_REPRESENTATION('',(#3072),#3075);
#3072 = B_SPLINE_CURVE_WITH_KNOTS('',1,(#3073,#3074),.UNSPECIFIED.,.F.,
  .F.,(2,2),(-13.1,-11.8),.PIECEWISE_BEZIER_KNOTS.);
#3073 = CARTESIAN_POINT('',(-3.1,24.9));
#3074 = CARTESIAN_POINT('',(-3.1,23.6));
#3075 = ( GEOMETRIC_REPRESENTATION_CONTEXT(2) 
PARAMETRIC_REPRESENTATION_CONTEXT() REPRESENTATION_CONTEXT('2D SPACE',''
  ) );
#3076 = ORIENTED_EDGE('',*,*,#3077,.T.);
#3077 = EDGE_CURVE('',#3057,#3078,#3080,.T.);
#3078 = VERTEX_POINT('',#3079);
#3079 = CARTESIAN_POINT('',(-3.1,23.6,2.));
#3080 = SURFACE_CURVE('',#3081,(#3085,#3092),.PCURVE_S1.);
#3081 = LINE('',#3082,#3083);
#3082 = CARTESIAN_POINT('',(-3.1,23.6,-20.));
#3083 = VECTOR('',#3084,1.);
#3084 = DIRECTION('',(0.,0.,1.));
#3085 = PCURVE('',#1805,#3086);
#3086 = DEFINITIONAL_REPRESENTATION('',(#3087),#3091);
#3087 = LINE('',#3088,#3089);
#3088 = CARTESIAN_POINT('',(0.,0.));
#3089 = VECTOR('',#3090,1.);
#3090 = DIRECTION('',(0.,-1.));
#3091 = ( GEOMETRIC_REPRESENTATION_CONTEXT(2) 
PARAMETRIC_REPRESENTATION_CONTEXT() REPRESENTATION_CONTEXT('2D SPACE',''
  ) );
#3092 = PCURVE('',#2917,#3093);
#3093 = DEFINITIONAL_REPRESENTATION('',(#3094),#3098);
#3094 = LINE('',#3095,#3096);
#3095 = CARTESIAN_POINT('',(3.14159265359,0.));
#3096 = VECTOR('',#3097,1.);
#3097 = DIRECTION('',(0.,-1.));
#3098 = ( GEOMETRIC_REPRESENTATION_CONTEXT(2) 
PARAMETRIC_REPRESENTATION_CONTEXT() REPRESENTATION_CONTEXT('2D SPACE',''
  ) );
#3099 = ORIENTED_EDGE('',*,*,#3100,.F.);
#3100 = EDGE_CURVE('',#3101,#3078,#3103,.T.);
#3101 = VERTEX_POINT('',#3102);
#3102 = CARTESIAN_POINT('',(-3.1,24.907830094169,2.));
#3103 = SURFACE_CURVE('',#3104,(#3108,#3114),.PCURVE_S1.);
#3104 = LINE('',#3105,#3106);
#3105 = CARTESIAN_POINT('',(-3.1,11.8,2.));
#3106 = VECTOR('',#3107,1.);
#3107 = DIRECTION('',(-1.110223024625E-16,-1.,0.));
#3108 = PCURVE('',#1805,#3109);
#3109 = DEFINITIONAL_REPRESENTATION('',(#3110),#3113);
#3110 = B_SPLINE_CURVE_WITH_KNOTS('',1,(#3111,#3112),.UNSPECIFIED.,.F.,
  .F.,(2,2),(-13.3,-11.8),.PIECEWISE_BEZIER_KNOTS.);
#3111 = CARTESIAN_POINT('',(1.5,-22.));
#3112 = CARTESIAN_POINT('',(0.,-22.));
#3113 = ( GEOMETRIC_REPRESENTATION_CONTEXT(2) 
PARAMETRIC_REPRESENTATION_CONTEXT() REPRESENTATION_CONTEXT('2D SPACE',''
  ) );
#3114 = PCURVE('',#2693,#3115);
#3115 = DEFINITIONAL_REPRESENTATION('',(#3116),#3119);
#3116 = B_SPLINE_CURVE_WITH_KNOTS('',1,(#3117,#3118),.UNSPECIFIED.,.F.,
  .F.,(2,2),(-13.3,-11.8),.PIECEWISE_BEZIER_KNOTS.);
#3117 = CARTESIAN_POINT('',(-3.1,25.1));
#3118 = CARTESIAN_POINT('',(-3.1,23.6));
#3119 = ( GEOMETRIC_REPRESENTATION_CONTEXT(2) 
PARAMETRIC_REPRESENTATION_CONTEXT() REPRESENTATION_CONTEXT('2D SPACE',''
  ) );
#3120 = ORIENTED_EDGE('',*,*,#3121,.F.);
#3121 = EDGE_CURVE('',#3122,#3101,#3124,.T.);
#3122 = VERTEX_POINT('',#3123);
#3123 = CARTESIAN_POINT('',(-3.1,24.907830094169,6.));
#3124 = SURFACE_CURVE('',#3125,(#3129,#3135),.PCURVE_S1.);
#3125 = LINE('',#3126,#3127);
#3126 = CARTESIAN_POINT('',(-3.1,24.907830094169,2.));
#3127 = VECTOR('',#3128,1.);
#3128 = DIRECTION('',(-0.,-0.,-1.));
#3129 = PCURVE('',#1805,#3130);
#3130 = DEFINITIONAL_REPRESENTATION('',(#3131),#3134);
#3131 = B_SPLINE_CURVE_WITH_KNOTS('',1,(#3132,#3133),.UNSPECIFIED.,.F.,
  .F.,(2,2),(-4.0000006,5.999999999062E-07),.PIECEWISE_BEZIER_KNOTS.);
#3132 = CARTESIAN_POINT('',(1.307830094169,-26.0000006));
#3133 = CARTESIAN_POINT('',(1.307830094169,-21.9999994));
#3134 = ( GEOMETRIC_REPRESENTATION_CONTEXT(2) 
PARAMETRIC_REPRESENTATION_CONTEXT() REPRESENTATION_CONTEXT('2D SPACE',''
  ) );
#3135 = PCURVE('',#3136,#3141);
#3136 = CYLINDRICAL_SURFACE('',#3137,25.1);
#3137 = AXIS2_PLACEMENT_3D('',#3138,#3139,#3140);
#3138 = CARTESIAN_POINT('',(0.,0.,2.));
#3139 = DIRECTION('',(-0.,-0.,-1.));
#3140 = DIRECTION('',(1.,0.,0.));
#3141 = DEFINITIONAL_REPRESENTATION('',(#3142),#3145);
#3142 = B_SPLINE_CURVE_WITH_KNOTS('',1,(#3143,#3144),.UNSPECIFIED.,.F.,
  .F.,(2,2),(-4.0000006,5.999999999062E-07),.PIECEWISE_BEZIER_KNOTS.);
#3143 = CARTESIAN_POINT('',(-1.694618465655,-4.0000006));
#3144 = CARTESIAN_POINT('',(-1.694618465655,5.999999999062E-07));
#3145 = ( GEOMETRIC_REPRESENTATION_CONTEXT(2) 
PARAMETRIC_REPRESENTATION_CONTEXT() REPRESENTATION_CONTEXT('2D SPACE',''
  ) );
#3146 = ORIENTED_EDGE('',*,*,#3147,.F.);
#3147 = EDGE_CURVE('',#2954,#3122,#3148,.T.);
#3148 = SURFACE_CURVE('',#3149,(#3153,#3159),.PCURVE_S1.);
#3149 = LINE('',#3150,#3151);
#3150 = CARTESIAN_POINT('',(-3.1,-61.55254037844,6.));
#3151 = VECTOR('',#3152,1.);
#3152 = DIRECTION('',(-1.110223024625E-16,-1.,0.));
#3153 = PCURVE('',#1805,#3154);
#3154 = DEFINITIONAL_REPRESENTATION('',(#3155),#3158);
#3155 = B_SPLINE_CURVE_WITH_KNOTS('',1,(#3156,#3157),.UNSPECIFIED.,.F.,
  .F.,(2,2),(-87.95254037844,-85.15254037844),.PIECEWISE_BEZIER_KNOTS.);
#3156 = CARTESIAN_POINT('',(2.8,-26.));
#3157 = CARTESIAN_POINT('',(0.,-26.));
#3158 = ( GEOMETRIC_REPRESENTATION_CONTEXT(2) 
PARAMETRIC_REPRESENTATION_CONTEXT() REPRESENTATION_CONTEXT('2D SPACE',''
  ) );
#3159 = PCURVE('',#2223,#3160);
#3160 = DEFINITIONAL_REPRESENTATION('',(#3161),#3164);
#3161 = B_SPLINE_CURVE_WITH_KNOTS('',1,(#3162,#3163),.UNSPECIFIED.,.F.,
  .F.,(2,2),(-87.95254037844,-85.15254037844),.PIECEWISE_BEZIER_KNOTS.);
#3162 = CARTESIAN_POINT('',(-42.48467875173,224.4130706599));
#3163 = CARTESIAN_POINT('',(-43.88467875173,221.98819952931));
#3164 = ( GEOMETRIC_REPRESENTATION_CONTEXT(2) 
PARAMETRIC_REPRESENTATION_CONTEXT() REPRESENTATION_CONTEXT('2D SPACE',''
  ) );
#3165 = ORIENTED_EDGE('',*,*,#2953,.F.);
#3166 = ORIENTED_EDGE('',*,*,#1790,.T.);
#3167 = ORIENTED_EDGE('',*,*,#3168,.T.);
#3168 = EDGE_CURVE('',#1762,#3055,#3169,.T.);
#3169 = SURFACE_CURVE('',#3170,(#3174,#3180),.PCURVE_S1.);
#3170 = LINE('',#3171,#3172);
#3171 = CARTESIAN_POINT('',(-3.1,24.706274506692,-3.));
#3172 = VECTOR('',#3173,1.);
#3173 = DIRECTION('',(-0.,-0.,-1.));
#3174 = PCURVE('',#1805,#3175);
#3175 = DEFINITIONAL_REPRESENTATION('',(#3176),#3179);
#3176 = B_SPLINE_CURVE_WITH_KNOTS('',1,(#3177,#3178),.UNSPECIFIED.,.F.,
  .F.,(2,2),(-3.0000006,5.999999999062E-07),.PIECEWISE_BEZIER_KNOTS.);
#3177 = CARTESIAN_POINT('',(1.106274506692,-20.0000006));
#3178 = CARTESIAN_POINT('',(1.106274506692,-16.9999994));
#3179 = ( GEOMETRIC_REPRESENTATION_CONTEXT(2) 
PARAMETRIC_REPRESENTATION_CONTEXT() REPRESENTATION_CONTEXT('2D SPACE',''
  ) );
#3180 = PCURVE('',#1778,#3181);
#3181 = DEFINITIONAL_REPRESENTATION('',(#3182),#3185);
#3182 = B_SPLINE_CURVE_WITH_KNOTS('',1,(#3183,#3184),.UNSPECIFIED.,.F.,
  .F.,(2,2),(-3.0000006,5.999999999062E-07),.PIECEWISE_BEZIER_KNOTS.);
#3183 = CARTESIAN_POINT('',(-1.695618197531,-3.0000006));
#3184 = CARTESIAN_POINT('',(-1.695618197531,5.999999999062E-07));
#3185 = ( GEOMETRIC_REPRESENTATION_CONTEXT(2) 
PARAMETRIC_REPRESENTATION_CONTEXT() REPRESENTATION_CONTEXT('2D SPACE',''
  ) );
#3186 = ADVANCED_FACE('',(#3187),#1597,.F.);
#3187 = FACE_BOUND('',#3188,.T.);
#3188 = EDGE_LOOP('',(#3189,#3190,#3213,#3241,#3262,#3290,#3316,#3342,
    #3343,#3344,#3365,#3391));
#3189 = ORIENTED_EDGE('',*,*,#1576,.T.);
#3190 = ORIENTED_EDGE('',*,*,#3191,.T.);
#3191 = EDGE_CURVE('',#1577,#3192,#3194,.T.);
#3192 = VERTEX_POINT('',#3193);
#3193 = CARTESIAN_POINT('',(20.977669529664,-17.67766952966,6.));
#3194 = SEAM_CURVE('',#3195,(#3199,#3206),.PCURVE_S1.);
#3195 = LINE('',#3196,#3197);
#3196 = CARTESIAN_POINT('',(20.977669529664,-17.67766952966,-20.));
#3197 = VECTOR('',#3198,1.);
#3198 = DIRECTION('',(0.,0.,1.));
#3199 = PCURVE('',#1597,#3200);
#3200 = DEFINITIONAL_REPRESENTATION('',(#3201),#3205);
#3201 = LINE('',#3202,#3203);
#3202 = CARTESIAN_POINT('',(-6.28318530718,0.));
#3203 = VECTOR('',#3204,1.);
#3204 = DIRECTION('',(-0.,-1.));
#3205 = ( GEOMETRIC_REPRESENTATION_CONTEXT(2) 
PARAMETRIC_REPRESENTATION_CONTEXT() REPRESENTATION_CONTEXT('2D SPACE',''
  ) );
#3206 = PCURVE('',#1597,#3207);
#3207 = DEFINITIONAL_REPRESENTATION('',(#3208),#3212);
#3208 = LINE('',#3209,#3210);
#3209 = CARTESIAN_POINT('',(-0.,0.));
#3210 = VECTOR('',#3211,1.);
#3211 = DIRECTION('',(-0.,-1.));
#3212 = ( GEOMETRIC_REPRESENTATION_CONTEXT(2) 
PARAMETRIC_REPRESENTATION_CONTEXT() REPRESENTATION_CONTEXT('2D SPACE',''
  ) );
#3213 = ORIENTED_EDGE('',*,*,#3214,.F.);
#3214 = EDGE_CURVE('',#3215,#3192,#3217,.T.);
#3215 = VERTEX_POINT('',#3216);
#3216 = CARTESIAN_POINT('',(19.926483994991,-15.2625435494,6.));
#3217 = SURFACE_CURVE('',#3218,(#3223,#3230),.PCURVE_S1.);
#3218 = CIRCLE('',#3219,3.3);
#3219 = AXIS2_PLACEMENT_3D('',#3220,#3221,#3222);
#3220 = CARTESIAN_POINT('',(17.677669529664,-17.67766952966,6.));
#3221 = DIRECTION('',(0.,0.,-1.));
#3222 = DIRECTION('',(1.,0.,0.));
#3223 = PCURVE('',#1597,#3224);
#3224 = DEFINITIONAL_REPRESENTATION('',(#3225),#3229);
#3225 = LINE('',#3226,#3227);
#3226 = CARTESIAN_POINT('',(-6.28318530718,-26.));
#3227 = VECTOR('',#3228,1.);
#3228 = DIRECTION('',(1.,-0.));
#3229 = ( GEOMETRIC_REPRESENTATION_CONTEXT(2) 
PARAMETRIC_REPRESENTATION_CONTEXT() REPRESENTATION_CONTEXT('2D SPACE',''
  ) );
#3230 = PCURVE('',#2223,#3231);
#3231 = DEFINITIONAL_REPRESENTATION('',(#3232),#3240);
#3232 = ( BOUNDED_CURVE() B_SPLINE_CURVE(2,(#3233,#3234,#3235,#3236,
#3237,#3238,#3239),.UNSPECIFIED.,.T.,.F.) B_SPLINE_CURVE_WITH_KNOTS((1,2
    ,2,2,2,1),(-2.094395102393,0.,2.094395102393,4.188790204786,
6.28318530718,8.377580409573),.UNSPECIFIED.) CURVE() 
GEOMETRIC_REPRESENTATION_ITEM() RATIONAL_B_SPLINE_CURVE((1.,0.5,1.,0.5,
1.,0.5,1.)) REPRESENTATION_ITEM('') );
#3233 = CARTESIAN_POINT('',(-43.67164003994,174.20185434277));
#3234 = CARTESIAN_POINT('',(-46.52952387243,169.25185434277));
#3235 = CARTESIAN_POINT('',(-49.38740770492,174.20185434277));
#3236 = CARTESIAN_POINT('',(-52.24529153741,179.15185434277));
#3237 = CARTESIAN_POINT('',(-46.52952387243,179.15185434277));
#3238 = CARTESIAN_POINT('',(-40.81375620746,179.15185434277));
#3239 = CARTESIAN_POINT('',(-43.67164003994,174.20185434277));
#3240 = ( GEOMETRIC_REPRESENTATION_CONTEXT(2) 
PARAMETRIC_REPRESENTATION_CONTEXT() REPRESENTATION_CONTEXT('2D SPACE',''
  ) );
#3241 = ORIENTED_EDGE('',*,*,#3242,.T.);
#3242 = EDGE_CURVE('',#3215,#3243,#3245,.T.);
#3243 = VERTEX_POINT('',#3244);
#3244 = CARTESIAN_POINT('',(19.926483994991,-15.2625435494,2.));
#3245 = SURFACE_CURVE('',#3246,(#3250,#3256),.PCURVE_S1.);
#3246 = LINE('',#3247,#3248);
#3247 = CARTESIAN_POINT('',(19.926483994991,-15.2625435494,2.));
#3248 = VECTOR('',#3249,1.);
#3249 = DIRECTION('',(-0.,-0.,-1.));
#3250 = PCURVE('',#1597,#3251);
#3251 = DEFINITIONAL_REPRESENTATION('',(#3252),#3255);
#3252 = B_SPLINE_CURVE_WITH_KNOTS('',1,(#3253,#3254),.UNSPECIFIED.,.F.,
  .F.,(2,2),(-4.0000006,5.999999999062E-07),.PIECEWISE_BEZIER_KNOTS.);
#3253 = CARTESIAN_POINT('',(-0.821042074083,-26.0000006));
#3254 = CARTESIAN_POINT('',(-0.821042074083,-21.9999994));
#3255 = ( GEOMETRIC_REPRESENTATION_CONTEXT(2) 
PARAMETRIC_REPRESENTATION_CONTEXT() REPRESENTATION_CONTEXT('2D SPACE',''
  ) );
#3256 = PCURVE('',#2724,#3257);
#3257 = DEFINITIONAL_REPRESENTATION('',(#3258),#3261);
#3258 = B_SPLINE_CURVE_WITH_KNOTS('',1,(#3259,#3260),.UNSPECIFIED.,.F.,
  .F.,(2,2),(-4.0000006,5.999999999062E-07),.PIECEWISE_BEZIER_KNOTS.);
#3259 = CARTESIAN_POINT('',(-5.629558748774,-4.0000006));
#3260 = CARTESIAN_POINT('',(-5.629558748774,5.999999999062E-07));
#3261 = ( GEOMETRIC_REPRESENTATION_CONTEXT(2) 
PARAMETRIC_REPRESENTATION_CONTEXT() REPRESENTATION_CONTEXT('2D SPACE',''
  ) );
#3262 = ORIENTED_EDGE('',*,*,#3263,.F.);
#3263 = EDGE_CURVE('',#3264,#3243,#3266,.T.);
#3264 = VERTEX_POINT('',#3265);
#3265 = CARTESIAN_POINT('',(15.262543549402,-19.92648399499,2.));
#3266 = SURFACE_CURVE('',#3267,(#3272,#3279),.PCURVE_S1.);
#3267 = CIRCLE('',#3268,3.3);
#3268 = AXIS2_PLACEMENT_3D('',#3269,#3270,#3271);
#3269 = CARTESIAN_POINT('',(17.677669529664,-17.67766952966,2.));
#3270 = DIRECTION('',(0.,0.,-1.));
#3271 = DIRECTION('',(1.,0.,0.));
#3272 = PCURVE('',#1597,#3273);
#3273 = DEFINITIONAL_REPRESENTATION('',(#3274),#3278);
#3274 = LINE('',#3275,#3276);
#3275 = CARTESIAN_POINT('',(-6.28318530718,-22.));
#3276 = VECTOR('',#3277,1.);
#3277 = DIRECTION('',(1.,-0.));
#3278 = ( GEOMETRIC_REPRESENTATION_CONTEXT(2) 
PARAMETRIC_REPRESENTATION_CONTEXT() REPRESENTATION_CONTEXT('2D SPACE',''
  ) );
#3279 = PCURVE('',#2693,#3280);
#3280 = DEFINITIONAL_REPRESENTATION('',(#3281),#3289);
#3281 = ( BOUNDED_CURVE() B_SPLINE_CURVE(2,(#3282,#3283,#3284,#3285,
#3286,#3287,#3288),.UNSPECIFIED.,.T.,.F.) B_SPLINE_CURVE_WITH_KNOTS((1,2
    ,2,2,2,1),(-2.094395102393,0.,2.094395102393,4.188790204786,
6.28318530718,8.377580409573),.UNSPECIFIED.) CURVE() 
GEOMETRIC_REPRESENTATION_ITEM() RATIONAL_B_SPLINE_CURVE((1.,0.5,1.,0.5,
1.,0.5,1.)) REPRESENTATION_ITEM('') );
#3282 = CARTESIAN_POINT('',(20.977669529664,-17.67766952966));
#3283 = CARTESIAN_POINT('',(20.977669529664,-23.39343719464));
#3284 = CARTESIAN_POINT('',(16.027669529664,-20.53555336215));
#3285 = CARTESIAN_POINT('',(11.077669529664,-17.67766952966));
#3286 = CARTESIAN_POINT('',(16.027669529664,-14.81978569717));
#3287 = CARTESIAN_POINT('',(20.977669529664,-11.96190186468));
#3288 = CARTESIAN_POINT('',(20.977669529664,-17.67766952966));
#3289 = ( GEOMETRIC_REPRESENTATION_CONTEXT(2) 
PARAMETRIC_REPRESENTATION_CONTEXT() REPRESENTATION_CONTEXT('2D SPACE',''
  ) );
#3290 = ORIENTED_EDGE('',*,*,#3291,.F.);
#3291 = EDGE_CURVE('',#3292,#3264,#3294,.T.);
#3292 = VERTEX_POINT('',#3293);
#3293 = CARTESIAN_POINT('',(15.262543549402,-19.92648399499,6.));
#3294 = SURFACE_CURVE('',#3295,(#3299,#3305),.PCURVE_S1.);
#3295 = LINE('',#3296,#3297);
#3296 = CARTESIAN_POINT('',(15.262543549402,-19.92648399499,2.));
#3297 = VECTOR('',#3298,1.);
#3298 = DIRECTION('',(-0.,-0.,-1.));
#3299 = PCURVE('',#1597,#3300);
#3300 = DEFINITIONAL_REPRESENTATION('',(#3301),#3304);
#3301 = B_SPLINE_CURVE_WITH_KNOTS('',1,(#3302,#3303),.UNSPECIFIED.,.F.,
  .F.,(2,2),(-4.0000006,5.999999999062E-07),.PIECEWISE_BEZIER_KNOTS.);
#3302 = CARTESIAN_POINT('',(-3.891346906301,-26.0000006));
#3303 = CARTESIAN_POINT('',(-3.891346906301,-21.9999994));
#3304 = ( GEOMETRIC_REPRESENTATION_CONTEXT(2) 
PARAMETRIC_REPRESENTATION_CONTEXT() REPRESENTATION_CONTEXT('2D SPACE',''
  ) );
#3305 = PCURVE('',#3306,#3311);
#3306 = CYLINDRICAL_SURFACE('',#3307,25.1);
#3307 = AXIS2_PLACEMENT_3D('',#3308,#3309,#3310);
#3308 = CARTESIAN_POINT('',(0.,0.,2.));
#3309 = DIRECTION('',(-0.,-0.,-1.));
#3310 = DIRECTION('',(1.,0.,0.));
#3311 = DEFINITIONAL_REPRESENTATION('',(#3312),#3315);
#3312 = B_SPLINE_CURVE_WITH_KNOTS('',1,(#3313,#3314),.UNSPECIFIED.,.F.,
  .F.,(2,2),(-4.0000006,5.999999999062E-07),.PIECEWISE_BEZIER_KNOTS.);
#3313 = CARTESIAN_POINT('',(-5.36601553879,-4.0000006));
#3314 = CARTESIAN_POINT('',(-5.36601553879,5.999999999062E-07));
#3315 = ( GEOMETRIC_REPRESENTATION_CONTEXT(2) 
PARAMETRIC_REPRESENTATION_CONTEXT() REPRESENTATION_CONTEXT('2D SPACE',''
  ) );
#3316 = ORIENTED_EDGE('',*,*,#3317,.F.);
#3317 = EDGE_CURVE('',#3192,#3292,#3318,.T.);
#3318 = SURFACE_CURVE('',#3319,(#3324,#3331),.PCURVE_S1.);
#3319 = CIRCLE('',#3320,3.3);
#3320 = AXIS2_PLACEMENT_3D('',#3321,#3322,#3323);
#3321 = CARTESIAN_POINT('',(17.677669529664,-17.67766952966,6.));
#3322 = DIRECTION('',(0.,0.,-1.));
#3323 = DIRECTION('',(1.,0.,0.));
#3324 = PCURVE('',#1597,#3325);
#3325 = DEFINITIONAL_REPRESENTATION('',(#3326),#3330);
#3326 = LINE('',#3327,#3328);
#3327 = CARTESIAN_POINT('',(-6.28318530718,-26.));
#3328 = VECTOR('',#3329,1.);
#3329 = DIRECTION('',(1.,-0.));
#3330 = ( GEOMETRIC_REPRESENTATION_CONTEXT(2) 
PARAMETRIC_REPRESENTATION_CONTEXT() REPRESENTATION_CONTEXT('2D SPACE',''
  ) );
#3331 = PCURVE('',#2223,#3332);
#3332 = DEFINITIONAL_REPRESENTATION('',(#3333),#3341);
#3333 = ( BOUNDED_CURVE() B_SPLINE_CURVE(2,(#3334,#3335,#3336,#3337,
#3338,#3339,#3340),.UNSPECIFIED.,.T.,.F.) B_SPLINE_CURVE_WITH_KNOTS((1,2
    ,2,2,2,1),(-2.094395102393,0.,2.094395102393,4.188790204786,
6.28318530718,8.377580409573),.UNSPECIFIED.) CURVE() 
GEOMETRIC_REPRESENTATION_ITEM() RATIONAL_B_SPLINE_CURVE((1.,0.5,1.,0.5,
1.,0.5,1.)) REPRESENTATION_ITEM('') );
#3334 = CARTESIAN_POINT('',(-43.67164003994,174.20185434277));
#3335 = CARTESIAN_POINT('',(-46.52952387243,169.25185434277));
#3336 = CARTESIAN_POINT('',(-49.38740770492,174.20185434277));
#3337 = CARTESIAN_POINT('',(-52.24529153741,179.15185434277));
#3338 = CARTESIAN_POINT('',(-46.52952387243,179.15185434277));
#3339 = CARTESIAN_POINT('',(-40.81375620746,179.15185434277));
#3340 = CARTESIAN_POINT('',(-43.67164003994,174.20185434277));
#3341 = ( GEOMETRIC_REPRESENTATION_CONTEXT(2) 
PARAMETRIC_REPRESENTATION_CONTEXT() REPRESENTATION_CONTEXT('2D SPACE',''
  ) );
#3342 = ORIENTED_EDGE('',*,*,#3191,.F.);
#3343 = ORIENTED_EDGE('',*,*,#1609,.T.);
#3344 = ORIENTED_EDGE('',*,*,#3345,.T.);
#3345 = EDGE_CURVE('',#1610,#3346,#3348,.T.);
#3346 = VERTEX_POINT('',#3347);
#3347 = CARTESIAN_POINT('',(15.130472102606,-19.77571272931,-3.));
#3348 = SURFACE_CURVE('',#3349,(#3353,#3359),.PCURVE_S1.);
#3349 = LINE('',#3350,#3351);
#3350 = CARTESIAN_POINT('',(15.130472102606,-19.77571272931,-3.));
#3351 = VECTOR('',#3352,1.);
#3352 = DIRECTION('',(-0.,-0.,-1.));
#3353 = PCURVE('',#1597,#3354);
#3354 = DEFINITIONAL_REPRESENTATION('',(#3355),#3358);
#3355 = B_SPLINE_CURVE_WITH_KNOTS('',1,(#3356,#3357),.UNSPECIFIED.,.F.,
  .F.,(2,2),(-3.0000006,5.999999999062E-07),.PIECEWISE_BEZIER_KNOTS.);
#3356 = CARTESIAN_POINT('',(-3.830599194105,-20.0000006));
#3357 = CARTESIAN_POINT('',(-3.830599194105,-16.9999994));
#3358 = ( GEOMETRIC_REPRESENTATION_CONTEXT(2) 
PARAMETRIC_REPRESENTATION_CONTEXT() REPRESENTATION_CONTEXT('2D SPACE',''
  ) );
#3359 = PCURVE('',#1654,#3360);
#3360 = DEFINITIONAL_REPRESENTATION('',(#3361),#3364);
#3361 = B_SPLINE_CURVE_WITH_KNOTS('',1,(#3362,#3363),.UNSPECIFIED.,.F.,
  .F.,(2,2),(-3.0000006,5.999999999062E-07),.PIECEWISE_BEZIER_KNOTS.);
#3362 = CARTESIAN_POINT('',(-5.365486623803,-3.0000006));
#3363 = CARTESIAN_POINT('',(-5.365486623803,5.999999999062E-07));
#3364 = ( GEOMETRIC_REPRESENTATION_CONTEXT(2) 
PARAMETRIC_REPRESENTATION_CONTEXT() REPRESENTATION_CONTEXT('2D SPACE',''
  ) );
#3365 = ORIENTED_EDGE('',*,*,#3366,.T.);
#3366 = EDGE_CURVE('',#3346,#3007,#3367,.T.);
#3367 = SURFACE_CURVE('',#3368,(#3373,#3380),.PCURVE_S1.);
#3368 = CIRCLE('',#3369,3.3);
#3369 = AXIS2_PLACEMENT_3D('',#3370,#3371,#3372);
#3370 = CARTESIAN_POINT('',(17.677669529664,-17.67766952966,-3.));
#3371 = DIRECTION('',(0.,0.,-1.));
#3372 = DIRECTION('',(1.,0.,0.));
#3373 = PCURVE('',#1597,#3374);
#3374 = DEFINITIONAL_REPRESENTATION('',(#3375),#3379);
#3375 = LINE('',#3376,#3377);
#3376 = CARTESIAN_POINT('',(-6.28318530718,-17.));
#3377 = VECTOR('',#3378,1.);
#3378 = DIRECTION('',(1.,-0.));
#3379 = ( GEOMETRIC_REPRESENTATION_CONTEXT(2) 
PARAMETRIC_REPRESENTATION_CONTEXT() REPRESENTATION_CONTEXT('2D SPACE',''
  ) );
#3380 = PCURVE('',#2544,#3381);
#3381 = DEFINITIONAL_REPRESENTATION('',(#3382),#3390);
#3382 = ( BOUNDED_CURVE() B_SPLINE_CURVE(2,(#3383,#3384,#3385,#3386,
#3387,#3388,#3389),.UNSPECIFIED.,.T.,.F.) B_SPLINE_CURVE_WITH_KNOTS((1,2
    ,2,2,2,1),(-2.094395102393,0.,2.094395102393,4.188790204786,
6.28318530718,8.377580409573),.UNSPECIFIED.) CURVE() 
GEOMETRIC_REPRESENTATION_ITEM() RATIONAL_B_SPLINE_CURVE((1.,0.5,1.,0.5,
1.,0.5,1.)) REPRESENTATION_ITEM('') );
#3383 = CARTESIAN_POINT('',(20.977669529664,-17.67766952966));
#3384 = CARTESIAN_POINT('',(20.977669529664,-23.39343719464));
#3385 = CARTESIAN_POINT('',(16.027669529664,-20.53555336215));
#3386 = CARTESIAN_POINT('',(11.077669529664,-17.67766952966));
#3387 = CARTESIAN_POINT('',(16.027669529664,-14.81978569717));
#3388 = CARTESIAN_POINT('',(20.977669529664,-11.96190186468));
#3389 = CARTESIAN_POINT('',(20.977669529664,-17.67766952966));
#3390 = ( GEOMETRIC_REPRESENTATION_CONTEXT(2) 
PARAMETRIC_REPRESENTATION_CONTEXT() REPRESENTATION_CONTEXT('2D SPACE',''
  ) );
#3391 = ORIENTED_EDGE('',*,*,#3030,.F.);
#3392 = ADVANCED_FACE('',(#3393),#1778,.T.);
#3393 = FACE_BOUND('',#3394,.F.);
#3394 = EDGE_LOOP('',(#3395,#3419,#3420,#3421));
#3395 = ORIENTED_EDGE('',*,*,#3396,.F.);
#3396 = EDGE_CURVE('',#3055,#3397,#3399,.T.);
#3397 = VERTEX_POINT('',#3398);
#3398 = CARTESIAN_POINT('',(-15.1304721026,19.775712729312,-3.));
#3399 = SURFACE_CURVE('',#3400,(#3405,#3412),.PCURVE_S1.);
#3400 = CIRCLE('',#3401,24.9);
#3401 = AXIS2_PLACEMENT_3D('',#3402,#3403,#3404);
#3402 = CARTESIAN_POINT('',(0.,0.,-3.));
#3403 = DIRECTION('',(0.,-0.,1.));
#3404 = DIRECTION('',(0.607649482032,0.794205330494,0.));
#3405 = PCURVE('',#1778,#3406);
#3406 = DEFINITIONAL_REPRESENTATION('',(#3407),#3411);
#3407 = LINE('',#3408,#3409);
#3408 = CARTESIAN_POINT('',(-0.917698683377,0.));
#3409 = VECTOR('',#3410,1.);
#3410 = DIRECTION('',(-1.,0.));
#3411 = ( GEOMETRIC_REPRESENTATION_CONTEXT(2) 
PARAMETRIC_REPRESENTATION_CONTEXT() REPRESENTATION_CONTEXT('2D SPACE',''
  ) );
#3412 = PCURVE('',#2544,#3413);
#3413 = DEFINITIONAL_REPRESENTATION('',(#3414),#3418);
#3414 = CIRCLE('',#3415,24.9);
#3415 = AXIS2_PLACEMENT_2D('',#3416,#3417);
#3416 = CARTESIAN_POINT('',(1.757352780774E-15,-1.619572327868E-15));
#3417 = DIRECTION('',(0.607649482032,0.794205330494));
#3418 = ( GEOMETRIC_REPRESENTATION_CONTEXT(2) 
PARAMETRIC_REPRESENTATION_CONTEXT() REPRESENTATION_CONTEXT('2D SPACE',''
  ) );
#3419 = ORIENTED_EDGE('',*,*,#3168,.F.);
#3420 = ORIENTED_EDGE('',*,*,#1761,.T.);
#3421 = ORIENTED_EDGE('',*,*,#3422,.T.);
#3422 = EDGE_CURVE('',#1729,#3397,#3423,.T.);
#3423 = SURFACE_CURVE('',#3424,(#3428,#3434),.PCURVE_S1.);
#3424 = LINE('',#3425,#3426);
#3425 = CARTESIAN_POINT('',(-15.1304721026,19.775712729312,-3.));
#3426 = VECTOR('',#3427,1.);
#3427 = DIRECTION('',(-0.,-0.,-1.));
#3428 = PCURVE('',#1778,#3429);
#3429 = DEFINITIONAL_REPRESENTATION('',(#3430),#3433);
#3430 = B_SPLINE_CURVE_WITH_KNOTS('',1,(#3431,#3432),.UNSPECIFIED.,.F.,
  .F.,(2,2),(-3.0000006,5.999999999062E-07),.PIECEWISE_BEZIER_KNOTS.);
#3431 = CARTESIAN_POINT('',(-2.223893970213,-3.0000006));
#3432 = CARTESIAN_POINT('',(-2.223893970213,5.999999999062E-07));
#3433 = ( GEOMETRIC_REPRESENTATION_CONTEXT(2) 
PARAMETRIC_REPRESENTATION_CONTEXT() REPRESENTATION_CONTEXT('2D SPACE',''
  ) );
#3434 = PCURVE('',#1749,#3435);
#3435 = DEFINITIONAL_REPRESENTATION('',(#3436),#3439);
#3436 = B_SPLINE_CURVE_WITH_KNOTS('',1,(#3437,#3438),.UNSPECIFIED.,.F.,
  .F.,(2,2),(-3.0000006,5.999999999062E-07),.PIECEWISE_BEZIER_KNOTS.);
#3437 = CARTESIAN_POINT('',(-0.689006540515,-20.0000006));
#3438 = CARTESIAN_POINT('',(-0.689006540515,-16.9999994));
#3439 = ( GEOMETRIC_REPRESENTATION_CONTEXT(2) 
PARAMETRIC_REPRESENTATION_CONTEXT() REPRESENTATION_CONTEXT('2D SPACE',''
  ) );
#3440 = ADVANCED_FACE('',(#3441),#1749,.F.);
#3441 = FACE_BOUND('',#3442,.T.);
#3442 = EDGE_LOOP('',(#3443,#3471,#3494,#3522,#3543,#3571,#3597,#3623,
    #3624,#3652,#3671,#3672));
#3443 = ORIENTED_EDGE('',*,*,#3444,.T.);
#3444 = EDGE_CURVE('',#3397,#3445,#3447,.T.);
#3445 = VERTEX_POINT('',#3446);
#3446 = CARTESIAN_POINT('',(-14.37766952966,17.677669529664,-3.));
#3447 = SURFACE_CURVE('',#3448,(#3453,#3460),.PCURVE_S1.);
#3448 = CIRCLE('',#3449,3.3);
#3449 = AXIS2_PLACEMENT_3D('',#3450,#3451,#3452);
#3450 = CARTESIAN_POINT('',(-17.67766952966,17.677669529664,-3.));
#3451 = DIRECTION('',(0.,0.,-1.));
#3452 = DIRECTION('',(1.,0.,0.));
#3453 = PCURVE('',#1749,#3454);
#3454 = DEFINITIONAL_REPRESENTATION('',(#3455),#3459);
#3455 = LINE('',#3456,#3457);
#3456 = CARTESIAN_POINT('',(-6.28318530718,-17.));
#3457 = VECTOR('',#3458,1.);
#3458 = DIRECTION('',(1.,-0.));
#3459 = ( GEOMETRIC_REPRESENTATION_CONTEXT(2) 
PARAMETRIC_REPRESENTATION_CONTEXT() REPRESENTATION_CONTEXT('2D SPACE',''
  ) );
#3460 = PCURVE('',#2544,#3461);
#3461 = DEFINITIONAL_REPRESENTATION('',(#3462),#3470);
#3462 = ( BOUNDED_CURVE() B_SPLINE_CURVE(2,(#3463,#3464,#3465,#3466,
#3467,#3468,#3469),.UNSPECIFIED.,.T.,.F.) B_SPLINE_CURVE_WITH_KNOTS((1,2
    ,2,2,2,1),(-2.094395102393,0.,2.094395102393,4.188790204786,
6.28318530718,8.377580409573),.UNSPECIFIED.) CURVE() 
GEOMETRIC_REPRESENTATION_ITEM() RATIONAL_B_SPLINE_CURVE((1.,0.5,1.,0.5,
1.,0.5,1.)) REPRESENTATION_ITEM('') );
#3463 = CARTESIAN_POINT('',(-14.37766952966,17.677669529664));
#3464 = CARTESIAN_POINT('',(-14.37766952966,11.961901864686));
#3465 = CARTESIAN_POINT('',(-19.32766952966,14.819785697175));
#3466 = CARTESIAN_POINT('',(-24.27766952966,17.677669529664));
#3467 = CARTESIAN_POINT('',(-19.32766952966,20.535553362152));
#3468 = CARTESIAN_POINT('',(-14.37766952966,23.393437194641));
#3469 = CARTESIAN_POINT('',(-14.37766952966,17.677669529664));
#3470 = ( GEOMETRIC_REPRESENTATION_CONTEXT(2) 
PARAMETRIC_REPRESENTATION_CONTEXT() REPRESENTATION_CONTEXT('2D SPACE',''
  ) );
#3471 = ORIENTED_EDGE('',*,*,#3472,.T.);
#3472 = EDGE_CURVE('',#3445,#3473,#3475,.T.);
#3473 = VERTEX_POINT('',#3474);
#3474 = CARTESIAN_POINT('',(-14.37766952966,17.677669529664,2.));
#3475 = SEAM_CURVE('',#3476,(#3480,#3487),.PCURVE_S1.);
#3476 = LINE('',#3477,#3478);
#3477 = CARTESIAN_POINT('',(-14.37766952966,17.677669529664,-20.));
#3478 = VECTOR('',#3479,1.);
#3479 = DIRECTION('',(0.,0.,1.));
#3480 = PCURVE('',#1749,#3481);
#3481 = DEFINITIONAL_REPRESENTATION('',(#3482),#3486);
#3482 = LINE('',#3483,#3484);
#3483 = CARTESIAN_POINT('',(-6.28318530718,0.));
#3484 = VECTOR('',#3485,1.);
#3485 = DIRECTION('',(-0.,-1.));
#3486 = ( GEOMETRIC_REPRESENTATION_CONTEXT(2) 
PARAMETRIC_REPRESENTATION_CONTEXT() REPRESENTATION_CONTEXT('2D SPACE',''
  ) );
#3487 = PCURVE('',#1749,#3488);
#3488 = DEFINITIONAL_REPRESENTATION('',(#3489),#3493);
#3489 = LINE('',#3490,#3491);
#3490 = CARTESIAN_POINT('',(-0.,0.));
#3491 = VECTOR('',#3492,1.);
#3492 = DIRECTION('',(-0.,-1.));
#3493 = ( GEOMETRIC_REPRESENTATION_CONTEXT(2) 
PARAMETRIC_REPRESENTATION_CONTEXT() REPRESENTATION_CONTEXT('2D SPACE',''
  ) );
#3494 = ORIENTED_EDGE('',*,*,#3495,.F.);
#3495 = EDGE_CURVE('',#3496,#3473,#3498,.T.);
#3496 = VERTEX_POINT('',#3497);
#3497 = CARTESIAN_POINT('',(-15.2625435494,19.926483994991,2.));
#3498 = SURFACE_CURVE('',#3499,(#3504,#3511),.PCURVE_S1.);
#3499 = CIRCLE('',#3500,3.3);
#3500 = AXIS2_PLACEMENT_3D('',#3501,#3502,#3503);
#3501 = CARTESIAN_POINT('',(-17.67766952966,17.677669529664,2.));
#3502 = DIRECTION('',(0.,0.,-1.));
#3503 = DIRECTION('',(1.,0.,0.));
#3504 = PCURVE('',#1749,#3505);
#3505 = DEFINITIONAL_REPRESENTATION('',(#3506),#3510);
#3506 = LINE('',#3507,#3508);
#3507 = CARTESIAN_POINT('',(-6.28318530718,-22.));
#3508 = VECTOR('',#3509,1.);
#3509 = DIRECTION('',(1.,-0.));
#3510 = ( GEOMETRIC_REPRESENTATION_CONTEXT(2) 
PARAMETRIC_REPRESENTATION_CONTEXT() REPRESENTATION_CONTEXT('2D SPACE',''
  ) );
#3511 = PCURVE('',#2693,#3512);
#3512 = DEFINITIONAL_REPRESENTATION('',(#3513),#3521);
#3513 = ( BOUNDED_CURVE() B_SPLINE_CURVE(2,(#3514,#3515,#3516,#3517,
#3518,#3519,#3520),.UNSPECIFIED.,.T.,.F.) B_SPLINE_CURVE_WITH_KNOTS((1,2
    ,2,2,2,1),(-2.094395102393,0.,2.094395102393,4.188790204786,
6.28318530718,8.377580409573),.UNSPECIFIED.) CURVE() 
GEOMETRIC_REPRESENTATION_ITEM() RATIONAL_B_SPLINE_CURVE((1.,0.5,1.,0.5,
1.,0.5,1.)) REPRESENTATION_ITEM('') );
#3514 = CARTESIAN_POINT('',(-14.37766952966,17.677669529664));
#3515 = CARTESIAN_POINT('',(-14.37766952966,11.961901864686));
#3516 = CARTESIAN_POINT('',(-19.32766952966,14.819785697175));
#3517 = CARTESIAN_POINT('',(-24.27766952966,17.677669529664));
#3518 = CARTESIAN_POINT('',(-19.32766952966,20.535553362152));
#3519 = CARTESIAN_POINT('',(-14.37766952966,23.393437194641));
#3520 = CARTESIAN_POINT('',(-14.37766952966,17.677669529664));
#3521 = ( GEOMETRIC_REPRESENTATION_CONTEXT(2) 
PARAMETRIC_REPRESENTATION_CONTEXT() REPRESENTATION_CONTEXT('2D SPACE',''
  ) );
#3522 = ORIENTED_EDGE('',*,*,#3523,.F.);
#3523 = EDGE_CURVE('',#3524,#3496,#3526,.T.);
#3524 = VERTEX_POINT('',#3525);
#3525 = CARTESIAN_POINT('',(-15.2625435494,19.926483994991,6.));
#3526 = SURFACE_CURVE('',#3527,(#3531,#3537),.PCURVE_S1.);
#3527 = LINE('',#3528,#3529);
#3528 = CARTESIAN_POINT('',(-15.2625435494,19.926483994991,2.));
#3529 = VECTOR('',#3530,1.);
#3530 = DIRECTION('',(-0.,-0.,-1.));
#3531 = PCURVE('',#1749,#3532);
#3532 = DEFINITIONAL_REPRESENTATION('',(#3533),#3536);
#3533 = B_SPLINE_CURVE_WITH_KNOTS('',1,(#3534,#3535),.UNSPECIFIED.,.F.,
  .F.,(2,2),(-4.0000006,5.999999999062E-07),.PIECEWISE_BEZIER_KNOTS.);
#3534 = CARTESIAN_POINT('',(-0.749754252712,-26.0000006));
#3535 = CARTESIAN_POINT('',(-0.749754252712,-21.9999994));
#3536 = ( GEOMETRIC_REPRESENTATION_CONTEXT(2) 
PARAMETRIC_REPRESENTATION_CONTEXT() REPRESENTATION_CONTEXT('2D SPACE',''
  ) );
#3537 = PCURVE('',#3136,#3538);
#3538 = DEFINITIONAL_REPRESENTATION('',(#3539),#3542);
#3539 = B_SPLINE_CURVE_WITH_KNOTS('',1,(#3540,#3541),.UNSPECIFIED.,.F.,
  .F.,(2,2),(-4.0000006,5.999999999062E-07),.PIECEWISE_BEZIER_KNOTS.);
#3540 = CARTESIAN_POINT('',(-2.2244228852,-4.0000006));
#3541 = CARTESIAN_POINT('',(-2.2244228852,5.999999999062E-07));
#3542 = ( GEOMETRIC_REPRESENTATION_CONTEXT(2) 
PARAMETRIC_REPRESENTATION_CONTEXT() REPRESENTATION_CONTEXT('2D SPACE',''
  ) );
#3543 = ORIENTED_EDGE('',*,*,#3544,.F.);
#3544 = EDGE_CURVE('',#3545,#3524,#3547,.T.);
#3545 = VERTEX_POINT('',#3546);
#3546 = CARTESIAN_POINT('',(-19.92648399499,15.262543549402,6.));
#3547 = SURFACE_CURVE('',#3548,(#3553,#3560),.PCURVE_S1.);
#3548 = CIRCLE('',#3549,3.3);
#3549 = AXIS2_PLACEMENT_3D('',#3550,#3551,#3552);
#3550 = CARTESIAN_POINT('',(-17.67766952966,17.677669529664,6.));
#3551 = DIRECTION('',(0.,0.,-1.));
#3552 = DIRECTION('',(1.,0.,0.));
#3553 = PCURVE('',#1749,#3554);
#3554 = DEFINITIONAL_REPRESENTATION('',(#3555),#3559);
#3555 = LINE('',#3556,#3557);
#3556 = CARTESIAN_POINT('',(-6.28318530718,-26.));
#3557 = VECTOR('',#3558,1.);
#3558 = DIRECTION('',(1.,-0.));
#3559 = ( GEOMETRIC_REPRESENTATION_CONTEXT(2) 
PARAMETRIC_REPRESENTATION_CONTEXT() REPRESENTATION_CONTEXT('2D SPACE',''
  ) );
#3560 = PCURVE('',#2223,#3561);
#3561 = DEFINITIONAL_REPRESENTATION('',(#3562),#3570);
#3562 = ( BOUNDED_CURVE() B_SPLINE_CURVE(2,(#3563,#3564,#3565,#3566,
#3567,#3568,#3569),.UNSPECIFIED.,.T.,.F.) B_SPLINE_CURVE_WITH_KNOTS((1,2
    ,2,2,2,1),(-2.094395102393,0.,2.094395102393,4.188790204786,
6.28318530718,8.377580409573),.UNSPECIFIED.) CURVE() 
GEOMETRIC_REPRESENTATION_ITEM() RATIONAL_B_SPLINE_CURVE((1.,0.5,1.,0.5,
1.,0.5,1.)) REPRESENTATION_ITEM('') );
#3563 = CARTESIAN_POINT('',(-56.61259229507,222.49814565722));
#3564 = CARTESIAN_POINT('',(-59.47047612756,217.54814565722));
#3565 = CARTESIAN_POINT('',(-62.32835996005,222.49814565722));
#3566 = CARTESIAN_POINT('',(-65.18624379254,227.44814565722));
#3567 = CARTESIAN_POINT('',(-59.47047612756,227.44814565722));
#3568 = CARTESIAN_POINT('',(-53.75470846258,227.44814565722));
#3569 = CARTESIAN_POINT('',(-56.61259229507,222.49814565722));
#3570 = ( GEOMETRIC_REPRESENTATION_CONTEXT(2) 
PARAMETRIC_REPRESENTATION_CONTEXT() REPRESENTATION_CONTEXT('2D SPACE',''
  ) );
#3571 = ORIENTED_EDGE('',*,*,#3572,.T.);
#3572 = EDGE_CURVE('',#3545,#3573,#3575,.T.);
#3573 = VERTEX_POINT('',#3574);
#3574 = CARTESIAN_POINT('',(-19.92648399499,15.262543549402,2.));
#3575 = SURFACE_CURVE('',#3576,(#3580,#3586),.PCURVE_S1.);
#3576 = LINE('',#3577,#3578);
#3577 = CARTESIAN_POINT('',(-19.92648399499,15.262543549402,2.));
#3578 = VECTOR('',#3579,1.);
#3579 = DIRECTION('',(-0.,-0.,-1.));
#3580 = PCURVE('',#1749,#3581);
#3581 = DEFINITIONAL_REPRESENTATION('',(#3582),#3585);
#3582 = B_SPLINE_CURVE_WITH_KNOTS('',1,(#3583,#3584),.UNSPECIFIED.,.F.,
  .F.,(2,2),(-4.0000006,5.999999999062E-07),.PIECEWISE_BEZIER_KNOTS.);
#3583 = CARTESIAN_POINT('',(-3.962634727673,-26.0000006));
#3584 = CARTESIAN_POINT('',(-3.962634727673,-21.9999994));
#3585 = ( GEOMETRIC_REPRESENTATION_CONTEXT(2) 
PARAMETRIC_REPRESENTATION_CONTEXT() REPRESENTATION_CONTEXT('2D SPACE',''
  ) );
#3586 = PCURVE('',#3587,#3592);
#3587 = CYLINDRICAL_SURFACE('',#3588,25.1);
#3588 = AXIS2_PLACEMENT_3D('',#3589,#3590,#3591);
#3589 = CARTESIAN_POINT('',(0.,0.,2.));
#3590 = DIRECTION('',(-0.,-0.,-1.));
#3591 = DIRECTION('',(1.,0.,0.));
#3592 = DEFINITIONAL_REPRESENTATION('',(#3593),#3596);
#3593 = B_SPLINE_CURVE_WITH_KNOTS('',1,(#3594,#3595),.UNSPECIFIED.,.F.,
  .F.,(2,2),(-4.0000006,5.999999999062E-07),.PIECEWISE_BEZIER_KNOTS.);
#3594 = CARTESIAN_POINT('',(-2.487966095185,-4.0000006));
#3595 = CARTESIAN_POINT('',(-2.487966095185,5.999999999062E-07));
#3596 = ( GEOMETRIC_REPRESENTATION_CONTEXT(2) 
PARAMETRIC_REPRESENTATION_CONTEXT() REPRESENTATION_CONTEXT('2D SPACE',''
  ) );
#3597 = ORIENTED_EDGE('',*,*,#3598,.F.);
#3598 = EDGE_CURVE('',#3473,#3573,#3599,.T.);
#3599 = SURFACE_CURVE('',#3600,(#3605,#3612),.PCURVE_S1.);
#3600 = CIRCLE('',#3601,3.3);
#3601 = AXIS2_PLACEMENT_3D('',#3602,#3603,#3604);
#3602 = CARTESIAN_POINT('',(-17.67766952966,17.677669529664,2.));
#3603 = DIRECTION('',(0.,0.,-1.));
#3604 = DIRECTION('',(1.,0.,0.));
#3605 = PCURVE('',#1749,#3606);
#3606 = DEFINITIONAL_REPRESENTATION('',(#3607),#3611);
#3607 = LINE('',#3608,#3609);
#3608 = CARTESIAN_POINT('',(-6.28318530718,-22.));
#3609 = VECTOR('',#3610,1.);
#3610 = DIRECTION('',(1.,-0.));
#3611 = ( GEOMETRIC_REPRESENTATION_CONTEXT(2) 
PARAMETRIC_REPRESENTATION_CONTEXT() REPRESENTATION_CONTEXT('2D SPACE',''
  ) );
#3612 = PCURVE('',#2693,#3613);
#3613 = DEFINITIONAL_REPRESENTATION('',(#3614),#3622);
#3614 = ( BOUNDED_CURVE() B_SPLINE_CURVE(2,(#3615,#3616,#3617,#3618,
#3619,#3620,#3621),.UNSPECIFIED.,.T.,.F.) B_SPLINE_CURVE_WITH_KNOTS((1,2
    ,2,2,2,1),(-2.094395102393,0.,2.094395102393,4.188790204786,
6.28318530718,8.377580409573),.UNSPECIFIED.) CURVE() 
GEOMETRIC_REPRESENTATION_ITEM() RATIONAL_B_SPLINE_CURVE((1.,0.5,1.,0.5,
1.,0.5,1.)) REPRESENTATION_ITEM('') );
#3615 = CARTESIAN_POINT('',(-14.37766952966,17.677669529664));
#3616 = CARTESIAN_POINT('',(-14.37766952966,11.961901864686));
#3617 = CARTESIAN_POINT('',(-19.32766952966,14.819785697175));
#3618 = CARTESIAN_POINT('',(-24.27766952966,17.677669529664));
#3619 = CARTESIAN_POINT('',(-19.32766952966,20.535553362152));
#3620 = CARTESIAN_POINT('',(-14.37766952966,23.393437194641));
#3621 = CARTESIAN_POINT('',(-14.37766952966,17.677669529664));
#3622 = ( GEOMETRIC_REPRESENTATION_CONTEXT(2) 
PARAMETRIC_REPRESENTATION_CONTEXT() REPRESENTATION_CONTEXT('2D SPACE',''
  ) );
#3623 = ORIENTED_EDGE('',*,*,#3472,.F.);
#3624 = ORIENTED_EDGE('',*,*,#3625,.T.);
#3625 = EDGE_CURVE('',#3445,#3626,#3628,.T.);
#3626 = VERTEX_POINT('',#3627);
#3627 = CARTESIAN_POINT('',(-19.77571272931,15.130472102606,-3.));
#3628 = SURFACE_CURVE('',#3629,(#3634,#3641),.PCURVE_S1.);
#3629 = CIRCLE('',#3630,3.3);
#3630 = AXIS2_PLACEMENT_3D('',#3631,#3632,#3633);
#3631 = CARTESIAN_POINT('',(-17.67766952966,17.677669529664,-3.));
#3632 = DIRECTION('',(0.,0.,-1.));
#3633 = DIRECTION('',(1.,0.,0.));
#3634 = PCURVE('',#1749,#3635);
#3635 = DEFINITIONAL_REPRESENTATION('',(#3636),#3640);
#3636 = LINE('',#3637,#3638);
#3637 = CARTESIAN_POINT('',(-6.28318530718,-17.));
#3638 = VECTOR('',#3639,1.);
#3639 = DIRECTION('',(1.,-0.));
#3640 = ( GEOMETRIC_REPRESENTATION_CONTEXT(2) 
PARAMETRIC_REPRESENTATION_CONTEXT() REPRESENTATION_CONTEXT('2D SPACE',''
  ) );
#3641 = PCURVE('',#2544,#3642);
#3642 = DEFINITIONAL_REPRESENTATION('',(#3643),#3651);
#3643 = ( BOUNDED_CURVE() B_SPLINE_CURVE(2,(#3644,#3645,#3646,#3647,
#3648,#3649,#3650),.UNSPECIFIED.,.T.,.F.) B_SPLINE_CURVE_WITH_KNOTS((1,2
    ,2,2,2,1),(-2.094395102393,0.,2.094395102393,4.188790204786,
6.28318530718,8.377580409573),.UNSPECIFIED.) CURVE() 
GEOMETRIC_REPRESENTATION_ITEM() RATIONAL_B_SPLINE_CURVE((1.,0.5,1.,0.5,
1.,0.5,1.)) REPRESENTATION_ITEM('') );
#3644 = CARTESIAN_POINT('',(-14.37766952966,17.677669529664));
#3645 = CARTESIAN_POINT('',(-14.37766952966,11.961901864686));
#3646 = CARTESIAN_POINT('',(-19.32766952966,14.819785697175));
#3647 = CARTESIAN_POINT('',(-24.27766952966,17.677669529664));
#3648 = CARTESIAN_POINT('',(-19.32766952966,20.535553362152));
#3649 = CARTESIAN_POINT('',(-14.37766952966,23.393437194641));
#3650 = CARTESIAN_POINT('',(-14.37766952966,17.677669529664));
#3651 = ( GEOMETRIC_REPRESENTATION_CONTEXT(2) 
PARAMETRIC_REPRESENTATION_CONTEXT() REPRESENTATION_CONTEXT('2D SPACE',''
  ) );
#3652 = ORIENTED_EDGE('',*,*,#3653,.F.);
#3653 = EDGE_CURVE('',#1700,#3626,#3654,.T.);
#3654 = SURFACE_CURVE('',#3655,(#3659,#3665),.PCURVE_S1.);
#3655 = LINE('',#3656,#3657);
#3656 = CARTESIAN_POINT('',(-19.77571272931,15.130472102606,-3.));
#3657 = VECTOR('',#3658,1.);
#3658 = DIRECTION('',(-0.,-0.,-1.));
#3659 = PCURVE('',#1749,#3660);
#3660 = DEFINITIONAL_REPRESENTATION('',(#3661),#3664);
#3661 = B_SPLINE_CURVE_WITH_KNOTS('',1,(#3662,#3663),.UNSPECIFIED.,.F.,
  .F.,(2,2),(-3.0000006,5.999999999062E-07),.PIECEWISE_BEZIER_KNOTS.);
#3662 = CARTESIAN_POINT('',(-4.02338243987,-20.0000006));
#3663 = CARTESIAN_POINT('',(-4.02338243987,-16.9999994));
#3664 = ( GEOMETRIC_REPRESENTATION_CONTEXT(2) 
PARAMETRIC_REPRESENTATION_CONTEXT() REPRESENTATION_CONTEXT('2D SPACE',''
  ) );
#3665 = PCURVE('',#1716,#3666);
#3666 = DEFINITIONAL_REPRESENTATION('',(#3667),#3670);
#3667 = B_SPLINE_CURVE_WITH_KNOTS('',1,(#3668,#3669),.UNSPECIFIED.,.F.,
  .F.,(2,2),(-3.0000006,5.999999999062E-07),.PIECEWISE_BEZIER_KNOTS.);
#3668 = CARTESIAN_POINT('',(-2.488495010172,-3.0000006));
#3669 = CARTESIAN_POINT('',(-2.488495010172,5.999999999062E-07));
#3670 = ( GEOMETRIC_REPRESENTATION_CONTEXT(2) 
PARAMETRIC_REPRESENTATION_CONTEXT() REPRESENTATION_CONTEXT('2D SPACE',''
  ) );
#3671 = ORIENTED_EDGE('',*,*,#1728,.T.);
#3672 = ORIENTED_EDGE('',*,*,#3422,.T.);
#3673 = ADVANCED_FACE('',(#3674),#1654,.T.);
#3674 = FACE_BOUND('',#3675,.F.);
#3675 = EDGE_LOOP('',(#3676,#3700,#3719,#3720));
#3676 = ORIENTED_EDGE('',*,*,#3677,.F.);
#3677 = EDGE_CURVE('',#3678,#3346,#3680,.T.);
#3678 = VERTEX_POINT('',#3679);
#3679 = CARTESIAN_POINT('',(-15.1304721026,-19.77571272931,-3.));
#3680 = SURFACE_CURVE('',#3681,(#3686,#3693),.PCURVE_S1.);
#3681 = CIRCLE('',#3682,24.9);
#3682 = AXIS2_PLACEMENT_3D('',#3683,#3684,#3685);
#3683 = CARTESIAN_POINT('',(0.,0.,-3.));
#3684 = DIRECTION('',(0.,-0.,1.));
#3685 = DIRECTION('',(0.607649482032,0.794205330494,0.));
#3686 = PCURVE('',#1654,#3687);
#3687 = DEFINITIONAL_REPRESENTATION('',(#3688),#3692);
#3688 = LINE('',#3689,#3690);
#3689 = CARTESIAN_POINT('',(-0.917698683377,0.));
#3690 = VECTOR('',#3691,1.);
#3691 = DIRECTION('',(-1.,0.));
#3692 = ( GEOMETRIC_REPRESENTATION_CONTEXT(2) 
PARAMETRIC_REPRESENTATION_CONTEXT() REPRESENTATION_CONTEXT('2D SPACE',''
  ) );
#3693 = PCURVE('',#2544,#3694);
#3694 = DEFINITIONAL_REPRESENTATION('',(#3695),#3699);
#3695 = CIRCLE('',#3696,24.9);
#3696 = AXIS2_PLACEMENT_2D('',#3697,#3698);
#3697 = CARTESIAN_POINT('',(1.757352780774E-15,-1.619572327868E-15));
#3698 = DIRECTION('',(0.607649482032,0.794205330494));
#3699 = ( GEOMETRIC_REPRESENTATION_CONTEXT(2) 
PARAMETRIC_REPRESENTATION_CONTEXT() REPRESENTATION_CONTEXT('2D SPACE',''
  ) );
#3700 = ORIENTED_EDGE('',*,*,#3701,.F.);
#3701 = EDGE_CURVE('',#1638,#3678,#3702,.T.);
#3702 = SURFACE_CURVE('',#3703,(#3707,#3713),.PCURVE_S1.);
#3703 = LINE('',#3704,#3705);
#3704 = CARTESIAN_POINT('',(-15.1304721026,-19.77571272931,-3.));
#3705 = VECTOR('',#3706,1.);
#3706 = DIRECTION('',(-0.,-0.,-1.));
#3707 = PCURVE('',#1654,#3708);
#3708 = DEFINITIONAL_REPRESENTATION('',(#3709),#3712);
#3709 = B_SPLINE_CURVE_WITH_KNOTS('',1,(#3710,#3711),.UNSPECIFIED.,.F.,
  .F.,(2,2),(-3.0000006,5.999999999062E-07),.PIECEWISE_BEZIER_KNOTS.);
#3710 = CARTESIAN_POINT('',(-4.059291336966,-3.0000006));
#3711 = CARTESIAN_POINT('',(-4.059291336966,5.999999999062E-07));
#3712 = ( GEOMETRIC_REPRESENTATION_CONTEXT(2) 
PARAMETRIC_REPRESENTATION_CONTEXT() REPRESENTATION_CONTEXT('2D SPACE',''
  ) );
#3713 = PCURVE('',#1687,#3714);
#3714 = DEFINITIONAL_REPRESENTATION('',(#3715),#3718);
#3715 = B_SPLINE_CURVE_WITH_KNOTS('',1,(#3716,#3717),.UNSPECIFIED.,.F.,
  .F.,(2,2),(-3.0000006,5.999999999062E-07),.PIECEWISE_BEZIER_KNOTS.);
#3716 = CARTESIAN_POINT('',(-5.594178766665,-20.0000006));
#3717 = CARTESIAN_POINT('',(-5.594178766665,-16.9999994));
#3718 = ( GEOMETRIC_REPRESENTATION_CONTEXT(2) 
PARAMETRIC_REPRESENTATION_CONTEXT() REPRESENTATION_CONTEXT('2D SPACE',''
  ) );
#3719 = ORIENTED_EDGE('',*,*,#1637,.T.);
#3720 = ORIENTED_EDGE('',*,*,#3345,.T.);
#3721 = ADVANCED_FACE('',(#3722),#1716,.T.);
#3722 = FACE_BOUND('',#3723,.F.);
#3723 = EDGE_LOOP('',(#3724,#3748,#3749,#3750));
#3724 = ORIENTED_EDGE('',*,*,#3725,.F.);
#3725 = EDGE_CURVE('',#3626,#3726,#3728,.T.);
#3726 = VERTEX_POINT('',#3727);
#3727 = CARTESIAN_POINT('',(-19.77571272931,-15.1304721026,-3.));
#3728 = SURFACE_CURVE('',#3729,(#3734,#3741),.PCURVE_S1.);
#3729 = CIRCLE('',#3730,24.9);
#3730 = AXIS2_PLACEMENT_3D('',#3731,#3732,#3733);
#3731 = CARTESIAN_POINT('',(0.,0.,-3.));
#3732 = DIRECTION('',(0.,-0.,1.));
#3733 = DIRECTION('',(0.607649482032,0.794205330494,0.));
#3734 = PCURVE('',#1716,#3735);
#3735 = DEFINITIONAL_REPRESENTATION('',(#3736),#3740);
#3736 = LINE('',#3737,#3738);
#3737 = CARTESIAN_POINT('',(-0.917698683377,0.));
#3738 = VECTOR('',#3739,1.);
#3739 = DIRECTION('',(-1.,0.));
#3740 = ( GEOMETRIC_REPRESENTATION_CONTEXT(2) 
PARAMETRIC_REPRESENTATION_CONTEXT() REPRESENTATION_CONTEXT('2D SPACE',''
  ) );
#3741 = PCURVE('',#2544,#3742);
#3742 = DEFINITIONAL_REPRESENTATION('',(#3743),#3747);
#3743 = CIRCLE('',#3744,24.9);
#3744 = AXIS2_PLACEMENT_2D('',#3745,#3746);
#3745 = CARTESIAN_POINT('',(1.757352780774E-15,-1.619572327868E-15));
#3746 = DIRECTION('',(0.607649482032,0.794205330494));
#3747 = ( GEOMETRIC_REPRESENTATION_CONTEXT(2) 
PARAMETRIC_REPRESENTATION_CONTEXT() REPRESENTATION_CONTEXT('2D SPACE',''
  ) );
#3748 = ORIENTED_EDGE('',*,*,#3653,.F.);
#3749 = ORIENTED_EDGE('',*,*,#1699,.T.);
#3750 = ORIENTED_EDGE('',*,*,#3751,.T.);
#3751 = EDGE_CURVE('',#1667,#3726,#3752,.T.);
#3752 = SURFACE_CURVE('',#3753,(#3757,#3763),.PCURVE_S1.);
#3753 = LINE('',#3754,#3755);
#3754 = CARTESIAN_POINT('',(-19.77571272931,-15.1304721026,-3.));
#3755 = VECTOR('',#3756,1.);
#3756 = DIRECTION('',(-0.,-0.,-1.));
#3757 = PCURVE('',#1716,#3758);
#3758 = DEFINITIONAL_REPRESENTATION('',(#3759),#3762);
#3759 = B_SPLINE_CURVE_WITH_KNOTS('',1,(#3760,#3761),.UNSPECIFIED.,.F.,
  .F.,(2,2),(-3.0000006,5.999999999062E-07),.PIECEWISE_BEZIER_KNOTS.);
#3760 = CARTESIAN_POINT('',(-3.794690297008,-3.0000006));
#3761 = CARTESIAN_POINT('',(-3.794690297008,5.999999999062E-07));
#3762 = ( GEOMETRIC_REPRESENTATION_CONTEXT(2) 
PARAMETRIC_REPRESENTATION_CONTEXT() REPRESENTATION_CONTEXT('2D SPACE',''
  ) );
#3763 = PCURVE('',#1687,#3764);
#3764 = DEFINITIONAL_REPRESENTATION('',(#3765),#3768);
#3765 = B_SPLINE_CURVE_WITH_KNOTS('',1,(#3766,#3767),.UNSPECIFIED.,.F.,
  .F.,(2,2),(-3.0000006,5.999999999062E-07),.PIECEWISE_BEZIER_KNOTS.);
#3766 = CARTESIAN_POINT('',(-2.25980286731,-20.0000006));
#3767 = CARTESIAN_POINT('',(-2.25980286731,-16.9999994));
#3768 = ( GEOMETRIC_REPRESENTATION_CONTEXT(2) 
PARAMETRIC_REPRESENTATION_CONTEXT() REPRESENTATION_CONTEXT('2D SPACE',''
  ) );
#3769 = ADVANCED_FACE('',(#3770),#1687,.F.);
#3770 = FACE_BOUND('',#3771,.T.);
#3771 = EDGE_LOOP('',(#3772,#3800,#3823,#3851,#3872,#3900,#3921,#3947,
    #3948,#3974,#3975,#3976));
#3772 = ORIENTED_EDGE('',*,*,#3773,.T.);
#3773 = EDGE_CURVE('',#3726,#3774,#3776,.T.);
#3774 = VERTEX_POINT('',#3775);
#3775 = CARTESIAN_POINT('',(-14.37766952966,-17.67766952966,-3.));
#3776 = SURFACE_CURVE('',#3777,(#3782,#3789),.PCURVE_S1.);
#3777 = CIRCLE('',#3778,3.3);
#3778 = AXIS2_PLACEMENT_3D('',#3779,#3780,#3781);
#3779 = CARTESIAN_POINT('',(-17.67766952966,-17.67766952966,-3.));
#3780 = DIRECTION('',(0.,0.,-1.));
#3781 = DIRECTION('',(1.,0.,0.));
#3782 = PCURVE('',#1687,#3783);
#3783 = DEFINITIONAL_REPRESENTATION('',(#3784),#3788);
#3784 = LINE('',#3785,#3786);
#3785 = CARTESIAN_POINT('',(-6.28318530718,-17.));
#3786 = VECTOR('',#3787,1.);
#3787 = DIRECTION('',(1.,-0.));
#3788 = ( GEOMETRIC_REPRESENTATION_CONTEXT(2) 
PARAMETRIC_REPRESENTATION_CONTEXT() REPRESENTATION_CONTEXT('2D SPACE',''
  ) );
#3789 = PCURVE('',#2544,#3790);
#3790 = DEFINITIONAL_REPRESENTATION('',(#3791),#3799);
#3791 = ( BOUNDED_CURVE() B_SPLINE_CURVE(2,(#3792,#3793,#3794,#3795,
#3796,#3797,#3798),.UNSPECIFIED.,.T.,.F.) B_SPLINE_CURVE_WITH_KNOTS((1,2
    ,2,2,2,1),(-2.094395102393,0.,2.094395102393,4.188790204786,
6.28318530718,8.377580409573),.UNSPECIFIED.) CURVE() 
GEOMETRIC_REPRESENTATION_ITEM() RATIONAL_B_SPLINE_CURVE((1.,0.5,1.,0.5,
1.,0.5,1.)) REPRESENTATION_ITEM('') );
#3792 = CARTESIAN_POINT('',(-14.37766952966,-17.67766952966));
#3793 = CARTESIAN_POINT('',(-14.37766952966,-23.39343719464));
#3794 = CARTESIAN_POINT('',(-19.32766952966,-20.53555336215));
#3795 = CARTESIAN_POINT('',(-24.27766952966,-17.67766952966));
#3796 = CARTESIAN_POINT('',(-19.32766952966,-14.81978569717));
#3797 = CARTESIAN_POINT('',(-14.37766952966,-11.96190186468));
#3798 = CARTESIAN_POINT('',(-14.37766952966,-17.67766952966));
#3799 = ( GEOMETRIC_REPRESENTATION_CONTEXT(2) 
PARAMETRIC_REPRESENTATION_CONTEXT() REPRESENTATION_CONTEXT('2D SPACE',''
  ) );
#3800 = ORIENTED_EDGE('',*,*,#3801,.T.);
#3801 = EDGE_CURVE('',#3774,#3802,#3804,.T.);
#3802 = VERTEX_POINT('',#3803);
#3803 = CARTESIAN_POINT('',(-14.37766952966,-17.67766952966,2.));
#3804 = SEAM_CURVE('',#3805,(#3809,#3816),.PCURVE_S1.);
#3805 = LINE('',#3806,#3807);
#3806 = CARTESIAN_POINT('',(-14.37766952966,-17.67766952966,-20.));
#3807 = VECTOR('',#3808,1.);
#3808 = DIRECTION('',(0.,0.,1.));
#3809 = PCURVE('',#1687,#3810);
#3810 = DEFINITIONAL_REPRESENTATION('',(#3811),#3815);
#3811 = LINE('',#3812,#3813);
#3812 = CARTESIAN_POINT('',(-6.28318530718,0.));
#3813 = VECTOR('',#3814,1.);
#3814 = DIRECTION('',(-0.,-1.));
#3815 = ( GEOMETRIC_REPRESENTATION_CONTEXT(2) 
PARAMETRIC_REPRESENTATION_CONTEXT() REPRESENTATION_CONTEXT('2D SPACE',''
  ) );
#3816 = PCURVE('',#1687,#3817);
#3817 = DEFINITIONAL_REPRESENTATION('',(#3818),#3822);
#3818 = LINE('',#3819,#3820);
#3819 = CARTESIAN_POINT('',(-0.,0.));
#3820 = VECTOR('',#3821,1.);
#3821 = DIRECTION('',(-0.,-1.));
#3822 = ( GEOMETRIC_REPRESENTATION_CONTEXT(2) 
PARAMETRIC_REPRESENTATION_CONTEXT() REPRESENTATION_CONTEXT('2D SPACE',''
  ) );
#3823 = ORIENTED_EDGE('',*,*,#3824,.F.);
#3824 = EDGE_CURVE('',#3825,#3802,#3827,.T.);
#3825 = VERTEX_POINT('',#3826);
#3826 = CARTESIAN_POINT('',(-19.92648399499,-15.2625435494,2.));
#3827 = SURFACE_CURVE('',#3828,(#3833,#3840),.PCURVE_S1.);
#3828 = CIRCLE('',#3829,3.3);
#3829 = AXIS2_PLACEMENT_3D('',#3830,#3831,#3832);
#3830 = CARTESIAN_POINT('',(-17.67766952966,-17.67766952966,2.));
#3831 = DIRECTION('',(0.,0.,-1.));
#3832 = DIRECTION('',(1.,0.,0.));
#3833 = PCURVE('',#1687,#3834);
#3834 = DEFINITIONAL_REPRESENTATION('',(#3835),#3839);
#3835 = LINE('',#3836,#3837);
#3836 = CARTESIAN_POINT('',(-6.28318530718,-22.));
#3837 = VECTOR('',#3838,1.);
#3838 = DIRECTION('',(1.,-0.));
#3839 = ( GEOMETRIC_REPRESENTATION_CONTEXT(2) 
PARAMETRIC_REPRESENTATION_CONTEXT() REPRESENTATION_CONTEXT('2D SPACE',''
  ) );
#3840 = PCURVE('',#2693,#3841);
#3841 = DEFINITIONAL_REPRESENTATION('',(#3842),#3850);
#3842 = ( BOUNDED_CURVE() B_SPLINE_CURVE(2,(#3843,#3844,#3845,#3846,
#3847,#3848,#3849),.UNSPECIFIED.,.T.,.F.) B_SPLINE_CURVE_WITH_KNOTS((1,2
    ,2,2,2,1),(-2.094395102393,0.,2.094395102393,4.188790204786,
6.28318530718,8.377580409573),.UNSPECIFIED.) CURVE() 
GEOMETRIC_REPRESENTATION_ITEM() RATIONAL_B_SPLINE_CURVE((1.,0.5,1.,0.5,
1.,0.5,1.)) REPRESENTATION_ITEM('') );
#3843 = CARTESIAN_POINT('',(-14.37766952966,-17.67766952966));
#3844 = CARTESIAN_POINT('',(-14.37766952966,-23.39343719464));
#3845 = CARTESIAN_POINT('',(-19.32766952966,-20.53555336215));
#3846 = CARTESIAN_POINT('',(-24.27766952966,-17.67766952966));
#3847 = CARTESIAN_POINT('',(-19.32766952966,-14.81978569717));
#3848 = CARTESIAN_POINT('',(-14.37766952966,-11.96190186468));
#3849 = CARTESIAN_POINT('',(-14.37766952966,-17.67766952966));
#3850 = ( GEOMETRIC_REPRESENTATION_CONTEXT(2) 
PARAMETRIC_REPRESENTATION_CONTEXT() REPRESENTATION_CONTEXT('2D SPACE',''
  ) );
#3851 = ORIENTED_EDGE('',*,*,#3852,.F.);
#3852 = EDGE_CURVE('',#3853,#3825,#3855,.T.);
#3853 = VERTEX_POINT('',#3854);
#3854 = CARTESIAN_POINT('',(-19.92648399499,-15.2625435494,6.));
#3855 = SURFACE_CURVE('',#3856,(#3860,#3866),.PCURVE_S1.);
#3856 = LINE('',#3857,#3858);
#3857 = CARTESIAN_POINT('',(-19.92648399499,-15.2625435494,2.));
#3858 = VECTOR('',#3859,1.);
#3859 = DIRECTION('',(-0.,-0.,-1.));
#3860 = PCURVE('',#1687,#3861);
#3861 = DEFINITIONAL_REPRESENTATION('',(#3862),#3865);
#3862 = B_SPLINE_CURVE_WITH_KNOTS('',1,(#3863,#3864),.UNSPECIFIED.,.F.,
  .F.,(2,2),(-4.0000006,5.999999999062E-07),.PIECEWISE_BEZIER_KNOTS.);
#3863 = CARTESIAN_POINT('',(-2.320550579506,-26.0000006));
#3864 = CARTESIAN_POINT('',(-2.320550579506,-21.9999994));
#3865 = ( GEOMETRIC_REPRESENTATION_CONTEXT(2) 
PARAMETRIC_REPRESENTATION_CONTEXT() REPRESENTATION_CONTEXT('2D SPACE',''
  ) );
#3866 = PCURVE('',#3587,#3867);
#3867 = DEFINITIONAL_REPRESENTATION('',(#3868),#3871);
#3868 = B_SPLINE_CURVE_WITH_KNOTS('',1,(#3869,#3870),.UNSPECIFIED.,.F.,
  .F.,(2,2),(-4.0000006,5.999999999062E-07),.PIECEWISE_BEZIER_KNOTS.);
#3869 = CARTESIAN_POINT('',(-3.795219211995,-4.0000006));
#3870 = CARTESIAN_POINT('',(-3.795219211995,5.999999999062E-07));
#3871 = ( GEOMETRIC_REPRESENTATION_CONTEXT(2) 
PARAMETRIC_REPRESENTATION_CONTEXT() REPRESENTATION_CONTEXT('2D SPACE',''
  ) );
#3872 = ORIENTED_EDGE('',*,*,#3873,.F.);
#3873 = EDGE_CURVE('',#3874,#3853,#3876,.T.);
#3874 = VERTEX_POINT('',#3875);
#3875 = CARTESIAN_POINT('',(-15.2625435494,-19.92648399499,6.));
#3876 = SURFACE_CURVE('',#3877,(#3882,#3889),.PCURVE_S1.);
#3877 = CIRCLE('',#3878,3.3);
#3878 = AXIS2_PLACEMENT_3D('',#3879,#3880,#3881);
#3879 = CARTESIAN_POINT('',(-17.67766952966,-17.67766952966,6.));
#3880 = DIRECTION('',(0.,0.,-1.));
#3881 = DIRECTION('',(1.,0.,0.));
#3882 = PCURVE('',#1687,#3883);
#3883 = DEFINITIONAL_REPRESENTATION('',(#3884),#3888);
#3884 = LINE('',#3885,#3886);
#3885 = CARTESIAN_POINT('',(-6.28318530718,-26.));
#3886 = VECTOR('',#3887,1.);
#3887 = DIRECTION('',(1.,-0.));
#3888 = ( GEOMETRIC_REPRESENTATION_CONTEXT(2) 
PARAMETRIC_REPRESENTATION_CONTEXT() REPRESENTATION_CONTEXT('2D SPACE',''
  ) );
#3889 = PCURVE('',#2223,#3890);
#3890 = DEFINITIONAL_REPRESENTATION('',(#3891),#3899);
#3891 = ( BOUNDED_CURVE() B_SPLINE_CURVE(2,(#3892,#3893,#3894,#3895,
#3896,#3897,#3898),.UNSPECIFIED.,.T.,.F.) B_SPLINE_CURVE_WITH_KNOTS((1,2
    ,2,2,2,1),(-2.094395102393,0.,2.094395102393,4.188790204786,
6.28318530718,8.377580409573),.UNSPECIFIED.) CURVE() 
GEOMETRIC_REPRESENTATION_ITEM() RATIONAL_B_SPLINE_CURVE((1.,0.5,1.,0.5,
1.,0.5,1.)) REPRESENTATION_ITEM('') );
#3892 = CARTESIAN_POINT('',(-74.29026182473,191.87952387243));
#3893 = CARTESIAN_POINT('',(-77.14814565722,186.92952387243));
#3894 = CARTESIAN_POINT('',(-80.00602948971,191.87952387243));
#3895 = CARTESIAN_POINT('',(-82.8639133222,196.82952387243));
#3896 = CARTESIAN_POINT('',(-77.14814565722,196.82952387243));
#3897 = CARTESIAN_POINT('',(-71.43237799224,196.82952387243));
#3898 = CARTESIAN_POINT('',(-74.29026182473,191.87952387243));
#3899 = ( GEOMETRIC_REPRESENTATION_CONTEXT(2) 
PARAMETRIC_REPRESENTATION_CONTEXT() REPRESENTATION_CONTEXT('2D SPACE',''
  ) );
#3900 = ORIENTED_EDGE('',*,*,#3901,.T.);
#3901 = EDGE_CURVE('',#3874,#3902,#3904,.T.);
#3902 = VERTEX_POINT('',#3903);
#3903 = CARTESIAN_POINT('',(-15.2625435494,-19.92648399499,2.));
#3904 = SURFACE_CURVE('',#3905,(#3909,#3915),.PCURVE_S1.);
#3905 = LINE('',#3906,#3907);
#3906 = CARTESIAN_POINT('',(-15.2625435494,-19.92648399499,2.));
#3907 = VECTOR('',#3908,1.);
#3908 = DIRECTION('',(-0.,-0.,-1.));
#3909 = PCURVE('',#1687,#3910);
#3910 = DEFINITIONAL_REPRESENTATION('',(#3911),#3914);
#3911 = B_SPLINE_CURVE_WITH_KNOTS('',1,(#3912,#3913),.UNSPECIFIED.,.F.,
  .F.,(2,2),(-4.0000006,5.999999999062E-07),.PIECEWISE_BEZIER_KNOTS.);
#3912 = CARTESIAN_POINT('',(-5.533431054468,-26.0000006));
#3913 = CARTESIAN_POINT('',(-5.533431054468,-21.9999994));
#3914 = ( GEOMETRIC_REPRESENTATION_CONTEXT(2) 
PARAMETRIC_REPRESENTATION_CONTEXT() REPRESENTATION_CONTEXT('2D SPACE',''
  ) );
#3915 = PCURVE('',#3306,#3916);
#3916 = DEFINITIONAL_REPRESENTATION('',(#3917),#3920);
#3917 = B_SPLINE_CURVE_WITH_KNOTS('',1,(#3918,#3919),.UNSPECIFIED.,.F.,
  .F.,(2,2),(-4.0000006,5.999999999062E-07),.PIECEWISE_BEZIER_KNOTS.);
#3918 = CARTESIAN_POINT('',(-4.058762421979,-4.0000006));
#3919 = CARTESIAN_POINT('',(-4.058762421979,5.999999999062E-07));
#3920 = ( GEOMETRIC_REPRESENTATION_CONTEXT(2) 
PARAMETRIC_REPRESENTATION_CONTEXT() REPRESENTATION_CONTEXT('2D SPACE',''
  ) );
#3921 = ORIENTED_EDGE('',*,*,#3922,.F.);
#3922 = EDGE_CURVE('',#3802,#3902,#3923,.T.);
#3923 = SURFACE_CURVE('',#3924,(#3929,#3936),.PCURVE_S1.);
#3924 = CIRCLE('',#3925,3.3);
#3925 = AXIS2_PLACEMENT_3D('',#3926,#3927,#3928);
#3926 = CARTESIAN_POINT('',(-17.67766952966,-17.67766952966,2.));
#3927 = DIRECTION('',(0.,0.,-1.));
#3928 = DIRECTION('',(1.,0.,0.));
#3929 = PCURVE('',#1687,#3930);
#3930 = DEFINITIONAL_REPRESENTATION('',(#3931),#3935);
#3931 = LINE('',#3932,#3933);
#3932 = CARTESIAN_POINT('',(-6.28318530718,-22.));
#3933 = VECTOR('',#3934,1.);
#3934 = DIRECTION('',(1.,-0.));
#3935 = ( GEOMETRIC_REPRESENTATION_CONTEXT(2) 
PARAMETRIC_REPRESENTATION_CONTEXT() REPRESENTATION_CONTEXT('2D SPACE',''
  ) );
#3936 = PCURVE('',#2693,#3937);
#3937 = DEFINITIONAL_REPRESENTATION('',(#3938),#3946);
#3938 = ( BOUNDED_CURVE() B_SPLINE_CURVE(2,(#3939,#3940,#3941,#3942,
#3943,#3944,#3945),.UNSPECIFIED.,.T.,.F.) B_SPLINE_CURVE_WITH_KNOTS((1,2
    ,2,2,2,1),(-2.094395102393,0.,2.094395102393,4.188790204786,
6.28318530718,8.377580409573),.UNSPECIFIED.) CURVE() 
GEOMETRIC_REPRESENTATION_ITEM() RATIONAL_B_SPLINE_CURVE((1.,0.5,1.,0.5,
1.,0.5,1.)) REPRESENTATION_ITEM('') );
#3939 = CARTESIAN_POINT('',(-14.37766952966,-17.67766952966));
#3940 = CARTESIAN_POINT('',(-14.37766952966,-23.39343719464));
#3941 = CARTESIAN_POINT('',(-19.32766952966,-20.53555336215));
#3942 = CARTESIAN_POINT('',(-24.27766952966,-17.67766952966));
#3943 = CARTESIAN_POINT('',(-19.32766952966,-14.81978569717));
#3944 = CARTESIAN_POINT('',(-14.37766952966,-11.96190186468));
#3945 = CARTESIAN_POINT('',(-14.37766952966,-17.67766952966));
#3946 = ( GEOMETRIC_REPRESENTATION_CONTEXT(2) 
PARAMETRIC_REPRESENTATION_CONTEXT() REPRESENTATION_CONTEXT('2D SPACE',''
  ) );
#3947 = ORIENTED_EDGE('',*,*,#3801,.F.);
#3948 = ORIENTED_EDGE('',*,*,#3949,.T.);
#3949 = EDGE_CURVE('',#3774,#3678,#3950,.T.);
#3950 = SURFACE_CURVE('',#3951,(#3956,#3963),.PCURVE_S1.);
#3951 = CIRCLE('',#3952,3.3);
#3952 = AXIS2_PLACEMENT_3D('',#3953,#3954,#3955);
#3953 = CARTESIAN_POINT('',(-17.67766952966,-17.67766952966,-3.));
#3954 = DIRECTION('',(0.,0.,-1.));
#3955 = DIRECTION('',(1.,0.,0.));
#3956 = PCURVE('',#1687,#3957);
#3957 = DEFINITIONAL_REPRESENTATION('',(#3958),#3962);
#3958 = LINE('',#3959,#3960);
#3959 = CARTESIAN_POINT('',(-6.28318530718,-17.));
#3960 = VECTOR('',#3961,1.);
#3961 = DIRECTION('',(1.,-0.));
#3962 = ( GEOMETRIC_REPRESENTATION_CONTEXT(2) 
PARAMETRIC_REPRESENTATION_CONTEXT() REPRESENTATION_CONTEXT('2D SPACE',''
  ) );
#3963 = PCURVE('',#2544,#3964);
#3964 = DEFINITIONAL_REPRESENTATION('',(#3965),#3973);
#3965 = ( BOUNDED_CURVE() B_SPLINE_CURVE(2,(#3966,#3967,#3968,#3969,
#3970,#3971,#3972),.UNSPECIFIED.,.T.,.F.) B_SPLINE_CURVE_WITH_KNOTS((1,2
    ,2,2,2,1),(-2.094395102393,0.,2.094395102393,4.188790204786,
6.28318530718,8.377580409573),.UNSPECIFIED.) CURVE() 
GEOMETRIC_REPRESENTATION_ITEM() RATIONAL_B_SPLINE_CURVE((1.,0.5,1.,0.5,
1.,0.5,1.)) REPRESENTATION_ITEM('') );
#3966 = CARTESIAN_POINT('',(-14.37766952966,-17.67766952966));
#3967 = CARTESIAN_POINT('',(-14.37766952966,-23.39343719464));
#3968 = CARTESIAN_POINT('',(-19.32766952966,-20.53555336215));
#3969 = CARTESIAN_POINT('',(-24.27766952966,-17.67766952966));
#3970 = CARTESIAN_POINT('',(-19.32766952966,-14.81978569717));
#3971 = CARTESIAN_POINT('',(-14.37766952966,-11.96190186468));
#3972 = CARTESIAN_POINT('',(-14.37766952966,-17.67766952966));
#3973 = ( GEOMETRIC_REPRESENTATION_CONTEXT(2) 
PARAMETRIC_REPRESENTATION_CONTEXT() REPRESENTATION_CONTEXT('2D SPACE',''
  ) );
#3974 = ORIENTED_EDGE('',*,*,#3701,.F.);
#3975 = ORIENTED_EDGE('',*,*,#1666,.T.);
#3976 = ORIENTED_EDGE('',*,*,#3751,.T.);
#3977 = ADVANCED_FACE('',(#3978),#1896,.F.);
#3978 = FACE_BOUND('',#3979,.T.);
#3979 = EDGE_LOOP('',(#3980,#3981,#4004,#4030));
#3980 = ORIENTED_EDGE('',*,*,#1875,.T.);
#3981 = ORIENTED_EDGE('',*,*,#3982,.T.);
#3982 = EDGE_CURVE('',#1876,#3983,#3985,.T.);
#3983 = VERTEX_POINT('',#3984);
#3984 = CARTESIAN_POINT('',(44.5,0.,6.));
#3985 = SEAM_CURVE('',#3986,(#3990,#3997),.PCURVE_S1.);
#3986 = LINE('',#3987,#3988);
#3987 = CARTESIAN_POINT('',(44.5,0.,-20.));
#3988 = VECTOR('',#3989,1.);
#3989 = DIRECTION('',(0.,0.,1.));
#3990 = PCURVE('',#1896,#3991);
#3991 = DEFINITIONAL_REPRESENTATION('',(#3992),#3996);
#3992 = LINE('',#3993,#3994);
#3993 = CARTESIAN_POINT('',(-6.28318530718,0.));
#3994 = VECTOR('',#3995,1.);
#3995 = DIRECTION('',(-0.,-1.));
#3996 = ( GEOMETRIC_REPRESENTATION_CONTEXT(2) 
PARAMETRIC_REPRESENTATION_CONTEXT() REPRESENTATION_CONTEXT('2D SPACE',''
  ) );
#3997 = PCURVE('',#1896,#3998);
#3998 = DEFINITIONAL_REPRESENTATION('',(#3999),#4003);
#3999 = LINE('',#4000,#4001);
#4000 = CARTESIAN_POINT('',(-0.,0.));
#4001 = VECTOR('',#4002,1.);
#4002 = DIRECTION('',(-0.,-1.));
#4003 = ( GEOMETRIC_REPRESENTATION_CONTEXT(2) 
PARAMETRIC_REPRESENTATION_CONTEXT() REPRESENTATION_CONTEXT('2D SPACE',''
  ) );
#4004 = ORIENTED_EDGE('',*,*,#4005,.F.);
#4005 = EDGE_CURVE('',#3983,#3983,#4006,.T.);
#4006 = SURFACE_CURVE('',#4007,(#4012,#4019),.PCURVE_S1.);
#4007 = CIRCLE('',#4008,4.5);
#4008 = AXIS2_PLACEMENT_3D('',#4009,#4010,#4011);
#4009 = CARTESIAN_POINT('',(40.,0.,6.));
#4010 = DIRECTION('',(0.,0.,-1.));
#4011 = DIRECTION('',(1.,0.,0.));
#4012 = PCURVE('',#1896,#4013);
#4013 = DEFINITIONAL_REPRESENTATION('',(#4014),#4018);
#4014 = LINE('',#4015,#4016);
#4015 = CARTESIAN_POINT('',(-6.28318530718,-26.));
#4016 = VECTOR('',#4017,1.);
#4017 = DIRECTION('',(1.,-0.));
#4018 = ( GEOMETRIC_REPRESENTATION_CONTEXT(2) 
PARAMETRIC_REPRESENTATION_CONTEXT() REPRESENTATION_CONTEXT('2D SPACE',''
  ) );
#4019 = PCURVE('',#2223,#4020);
#4020 = DEFINITIONAL_REPRESENTATION('',(#4021),#4029);
#4021 = ( BOUNDED_CURVE() B_SPLINE_CURVE(2,(#4022,#4023,#4024,#4025,
#4026,#4027,#4028),.UNSPECIFIED.,.T.,.F.) B_SPLINE_CURVE_WITH_KNOTS((1,2
    ,2,2,2,1),(-2.094395102393,0.,2.094395102393,4.188790204786,
6.28318530718,8.377580409573),.UNSPECIFIED.) CURVE() 
GEOMETRIC_REPRESENTATION_ITEM() RATIONAL_B_SPLINE_CURVE((1.,0.5,1.,0.5,
1.,0.5,1.)) REPRESENTATION_ITEM('') );
#4022 = CARTESIAN_POINT('',(-14.46186953159,177.75));
#4023 = CARTESIAN_POINT('',(-18.35898384862,171.));
#4024 = CARTESIAN_POINT('',(-22.25609816565,177.75));
#4025 = CARTESIAN_POINT('',(-26.15321248268,184.5));
#4026 = CARTESIAN_POINT('',(-18.35898384862,184.5));
#4027 = CARTESIAN_POINT('',(-10.56475521456,184.5));
#4028 = CARTESIAN_POINT('',(-14.46186953159,177.75));
#4029 = ( GEOMETRIC_REPRESENTATION_CONTEXT(2) 
PARAMETRIC_REPRESENTATION_CONTEXT() REPRESENTATION_CONTEXT('2D SPACE',''
  ) );
#4030 = ORIENTED_EDGE('',*,*,#3982,.F.);
#4031 = ADVANCED_FACE('',(#4032),#1931,.F.);
#4032 = FACE_BOUND('',#4033,.T.);
#4033 = EDGE_LOOP('',(#4034,#4035,#4058,#4084));
#4034 = ORIENTED_EDGE('',*,*,#1910,.T.);
#4035 = ORIENTED_EDGE('',*,*,#4036,.T.);
#4036 = EDGE_CURVE('',#1911,#4037,#4039,.T.);
#4037 = VERTEX_POINT('',#4038);
#4038 = CARTESIAN_POINT('',(-15.5,34.641016151378,6.));
#4039 = SEAM_CURVE('',#4040,(#4044,#4051),.PCURVE_S1.);
#4040 = LINE('',#4041,#4042);
#4041 = CARTESIAN_POINT('',(-15.5,34.641016151378,-20.));
#4042 = VECTOR('',#4043,1.);
#4043 = DIRECTION('',(0.,0.,1.));
#4044 = PCURVE('',#1931,#4045);
#4045 = DEFINITIONAL_REPRESENTATION('',(#4046),#4050);
#4046 = LINE('',#4047,#4048);
#4047 = CARTESIAN_POINT('',(-6.28318530718,0.));
#4048 = VECTOR('',#4049,1.);
#4049 = DIRECTION('',(-0.,-1.));
#4050 = ( GEOMETRIC_REPRESENTATION_CONTEXT(2) 
PARAMETRIC_REPRESENTATION_CONTEXT() REPRESENTATION_CONTEXT('2D SPACE',''
  ) );
#4051 = PCURVE('',#1931,#4052);
#4052 = DEFINITIONAL_REPRESENTATION('',(#4053),#4057);
#4053 = LINE('',#4054,#4055);
#4054 = CARTESIAN_POINT('',(-0.,0.));
#4055 = VECTOR('',#4056,1.);
#4056 = DIRECTION('',(-0.,-1.));
#4057 = ( GEOMETRIC_REPRESENTATION_CONTEXT(2) 
PARAMETRIC_REPRESENTATION_CONTEXT() REPRESENTATION_CONTEXT('2D SPACE',''
  ) );
#4058 = ORIENTED_EDGE('',*,*,#4059,.F.);
#4059 = EDGE_CURVE('',#4037,#4037,#4060,.T.);
#4060 = SURFACE_CURVE('',#4061,(#4066,#4073),.PCURVE_S1.);
#4061 = CIRCLE('',#4062,4.5);
#4062 = AXIS2_PLACEMENT_3D('',#4063,#4064,#4065);
#4063 = CARTESIAN_POINT('',(-20.,34.641016151378,6.));
#4064 = DIRECTION('',(0.,0.,-1.));
#4065 = DIRECTION('',(1.,0.,0.));
#4066 = PCURVE('',#1931,#4067);
#4067 = DEFINITIONAL_REPRESENTATION('',(#4068),#4072);
#4068 = LINE('',#4069,#4070);
#4069 = CARTESIAN_POINT('',(-6.28318530718,-26.));
#4070 = VECTOR('',#4071,1.);
#4071 = DIRECTION('',(1.,-0.));
#4072 = ( GEOMETRIC_REPRESENTATION_CONTEXT(2) 
PARAMETRIC_REPRESENTATION_CONTEXT() REPRESENTATION_CONTEXT('2D SPACE',''
  ) );
#4073 = PCURVE('',#2223,#4074);
#4074 = DEFINITIONAL_REPRESENTATION('',(#4075),#4083);
#4075 = ( BOUNDED_CURVE() B_SPLINE_CURVE(2,(#4076,#4077,#4078,#4079,
#4080,#4081,#4082),.UNSPECIFIED.,.T.,.F.) B_SPLINE_CURVE_WITH_KNOTS((1,2
    ,2,2,2,1),(-2.094395102393,0.,2.094395102393,4.188790204786,
6.28318530718,8.377580409573),.UNSPECIFIED.) CURVE() 
GEOMETRIC_REPRESENTATION_ITEM() RATIONAL_B_SPLINE_CURVE((1.,0.5,1.,0.5,
1.,0.5,1.)) REPRESENTATION_ITEM('') );
#4076 = CARTESIAN_POINT('',(-49.10288568297,237.75));
#4077 = CARTESIAN_POINT('',(-53.,231.));
#4078 = CARTESIAN_POINT('',(-56.89711431703,237.75));
#4079 = CARTESIAN_POINT('',(-60.79422863406,244.5));
#4080 = CARTESIAN_POINT('',(-53.,244.5));
#4081 = CARTESIAN_POINT('',(-45.20577136594,244.5));
#4082 = CARTESIAN_POINT('',(-49.10288568297,237.75));
#4083 = ( GEOMETRIC_REPRESENTATION_CONTEXT(2) 
PARAMETRIC_REPRESENTATION_CONTEXT() REPRESENTATION_CONTEXT('2D SPACE',''
  ) );
#4084 = ORIENTED_EDGE('',*,*,#4036,.F.);
#4085 = ADVANCED_FACE('',(#4086),#1966,.F.);
#4086 = FACE_BOUND('',#4087,.T.);
#4087 = EDGE_LOOP('',(#4088,#4089,#4112,#4138));
#4088 = ORIENTED_EDGE('',*,*,#1945,.T.);
#4089 = ORIENTED_EDGE('',*,*,#4090,.T.);
#4090 = EDGE_CURVE('',#1946,#4091,#4093,.T.);
#4091 = VERTEX_POINT('',#4092);
#4092 = CARTESIAN_POINT('',(24.5,34.641016151378,6.));
#4093 = SEAM_CURVE('',#4094,(#4098,#4105),.PCURVE_S1.);
#4094 = LINE('',#4095,#4096);
#4095 = CARTESIAN_POINT('',(24.5,34.641016151378,-20.));
#4096 = VECTOR('',#4097,1.);
#4097 = DIRECTION('',(0.,0.,1.));
#4098 = PCURVE('',#1966,#4099);
#4099 = DEFINITIONAL_REPRESENTATION('',(#4100),#4104);
#4100 = LINE('',#4101,#4102);
#4101 = CARTESIAN_POINT('',(-6.28318530718,0.));
#4102 = VECTOR('',#4103,1.);
#4103 = DIRECTION('',(-0.,-1.));
#4104 = ( GEOMETRIC_REPRESENTATION_CONTEXT(2) 
PARAMETRIC_REPRESENTATION_CONTEXT() REPRESENTATION_CONTEXT('2D SPACE',''
  ) );
#4105 = PCURVE('',#1966,#4106);
#4106 = DEFINITIONAL_REPRESENTATION('',(#4107),#4111);
#4107 = LINE('',#4108,#4109);
#4108 = CARTESIAN_POINT('',(-0.,0.));
#4109 = VECTOR('',#4110,1.);
#4110 = DIRECTION('',(-0.,-1.));
#4111 = ( GEOMETRIC_REPRESENTATION_CONTEXT(2) 
PARAMETRIC_REPRESENTATION_CONTEXT() REPRESENTATION_CONTEXT('2D SPACE',''
  ) );
#4112 = ORIENTED_EDGE('',*,*,#4113,.F.);
#4113 = EDGE_CURVE('',#4091,#4091,#4114,.T.);
#4114 = SURFACE_CURVE('',#4115,(#4120,#4127),.PCURVE_S1.);
#4115 = CIRCLE('',#4116,4.5);
#4116 = AXIS2_PLACEMENT_3D('',#4117,#4118,#4119);
#4117 = CARTESIAN_POINT('',(20.,34.641016151378,6.));
#4118 = DIRECTION('',(0.,0.,-1.));
#4119 = DIRECTION('',(1.,0.,0.));
#4120 = PCURVE('',#1966,#4121);
#4121 = DEFINITIONAL_REPRESENTATION('',(#4122),#4126);
#4122 = LINE('',#4123,#4124);
#4123 = CARTESIAN_POINT('',(-6.28318530718,-26.));
#4124 = VECTOR('',#4125,1.);
#4125 = DIRECTION('',(1.,-0.));
#4126 = ( GEOMETRIC_REPRESENTATION_CONTEXT(2) 
PARAMETRIC_REPRESENTATION_CONTEXT() REPRESENTATION_CONTEXT('2D SPACE',''
  ) );
#4127 = PCURVE('',#2223,#4128);
#4128 = DEFINITIONAL_REPRESENTATION('',(#4129),#4137);
#4129 = ( BOUNDED_CURVE() B_SPLINE_CURVE(2,(#4130,#4131,#4132,#4133,
#4134,#4135,#4136),.UNSPECIFIED.,.T.,.F.) B_SPLINE_CURVE_WITH_KNOTS((1,2
    ,2,2,2,1),(-2.094395102393,0.,2.094395102393,4.188790204786,
6.28318530718,8.377580409573),.UNSPECIFIED.) CURVE() 
GEOMETRIC_REPRESENTATION_ITEM() RATIONAL_B_SPLINE_CURVE((1.,0.5,1.,0.5,
1.,0.5,1.)) REPRESENTATION_ITEM('') );
#4130 = CARTESIAN_POINT('',(-14.46186953159,217.75));
#4131 = CARTESIAN_POINT('',(-18.35898384862,211.));
#4132 = CARTESIAN_POINT('',(-22.25609816565,217.75));
#4133 = CARTESIAN_POINT('',(-26.15321248268,224.5));
#4134 = CARTESIAN_POINT('',(-18.35898384862,224.5));
#4135 = CARTESIAN_POINT('',(-10.56475521456,224.5));
#4136 = CARTESIAN_POINT('',(-14.46186953159,217.75));
#4137 = ( GEOMETRIC_REPRESENTATION_CONTEXT(2) 
PARAMETRIC_REPRESENTATION_CONTEXT() REPRESENTATION_CONTEXT('2D SPACE',''
  ) );
#4138 = ORIENTED_EDGE('',*,*,#4090,.F.);
#4139 = ADVANCED_FACE('',(#4140),#1997,.F.);
#4140 = FACE_BOUND('',#4141,.F.);
#4141 = EDGE_LOOP('',(#4142,#4143,#4166,#4187));
#4142 = ORIENTED_EDGE('',*,*,#1980,.T.);
#4143 = ORIENTED_EDGE('',*,*,#4144,.T.);
#4144 = EDGE_CURVE('',#1983,#4145,#4147,.T.);
#4145 = VERTEX_POINT('',#4146);
#4146 = CARTESIAN_POINT('',(-4.1,38.6,6.));
#4147 = SURFACE_CURVE('',#4148,(#4152,#4159),.PCURVE_S1.);
#4148 = LINE('',#4149,#4150);
#4149 = CARTESIAN_POINT('',(-4.1,38.6,-20.));
#4150 = VECTOR('',#4151,1.);
#4151 = DIRECTION('',(0.,0.,1.));
#4152 = PCURVE('',#1997,#4153);
#4153 = DEFINITIONAL_REPRESENTATION('',(#4154),#4158);
#4154 = LINE('',#4155,#4156);
#4155 = CARTESIAN_POINT('',(0.,0.));
#4156 = VECTOR('',#4157,1.);
#4157 = DIRECTION('',(0.,-1.));
#4158 = ( GEOMETRIC_REPRESENTATION_CONTEXT(2) 
PARAMETRIC_REPRESENTATION_CONTEXT() REPRESENTATION_CONTEXT('2D SPACE',''
  ) );
#4159 = PCURVE('',#2086,#4160);
#4160 = DEFINITIONAL_REPRESENTATION('',(#4161),#4165);
#4161 = LINE('',#4162,#4163);
#4162 = CARTESIAN_POINT('',(3.14159265359,0.));
#4163 = VECTOR('',#4164,1.);
#4164 = DIRECTION('',(0.,-1.));
#4165 = ( GEOMETRIC_REPRESENTATION_CONTEXT(2) 
PARAMETRIC_REPRESENTATION_CONTEXT() REPRESENTATION_CONTEXT('2D SPACE',''
  ) );
#4166 = ORIENTED_EDGE('',*,*,#4167,.F.);
#4167 = EDGE_CURVE('',#4168,#4145,#4170,.T.);
#4168 = VERTEX_POINT('',#4169);
#4169 = CARTESIAN_POINT('',(-4.1,41.4,6.));
#4170 = SURFACE_CURVE('',#4171,(#4175,#4181),.PCURVE_S1.);
#4171 = LINE('',#4172,#4173);
#4172 = CARTESIAN_POINT('',(-4.1,-54.05254037844,6.));
#4173 = VECTOR('',#4174,1.);
#4174 = DIRECTION('',(-1.110223024625E-16,-1.,0.));
#4175 = PCURVE('',#1997,#4176);
#4176 = DEFINITIONAL_REPRESENTATION('',(#4177),#4180);
#4177 = B_SPLINE_CURVE_WITH_KNOTS('',1,(#4178,#4179),.UNSPECIFIED.,.F.,
  .F.,(2,2),(-95.45254037844,-92.65254037844),.PIECEWISE_BEZIER_KNOTS.);
#4178 = CARTESIAN_POINT('',(2.8,-26.));
#4179 = CARTESIAN_POINT('',(0.,-26.));
#4180 = ( GEOMETRIC_REPRESENTATION_CONTEXT(2) 
PARAMETRIC_REPRESENTATION_CONTEXT() REPRESENTATION_CONTEXT('2D SPACE',''
  ) );
#4181 = PCURVE('',#2223,#4182);
#4182 = DEFINITIONAL_REPRESENTATION('',(#4183),#4186);
#4183 = B_SPLINE_CURVE_WITH_KNOTS('',1,(#4184,#4185),.UNSPECIFIED.,.F.,
  .F.,(2,2),(-95.45254037844,-92.65254037844),.PIECEWISE_BEZIER_KNOTS.);
#4184 = CARTESIAN_POINT('',(-35.85070415551,237.90345171667));
#4185 = CARTESIAN_POINT('',(-37.25070415551,235.47858058607));
#4186 = ( GEOMETRIC_REPRESENTATION_CONTEXT(2) 
PARAMETRIC_REPRESENTATION_CONTEXT() REPRESENTATION_CONTEXT('2D SPACE',''
  ) );
#4187 = ORIENTED_EDGE('',*,*,#4188,.F.);
#4188 = EDGE_CURVE('',#1981,#4168,#4189,.T.);
#4189 = SURFACE_CURVE('',#4190,(#4194,#4201),.PCURVE_S1.);
#4190 = LINE('',#4191,#4192);
#4191 = CARTESIAN_POINT('',(-4.1,41.4,-20.));
#4192 = VECTOR('',#4193,1.);
#4193 = DIRECTION('',(0.,0.,1.));
#4194 = PCURVE('',#1997,#4195);
#4195 = DEFINITIONAL_REPRESENTATION('',(#4196),#4200);
#4196 = LINE('',#4197,#4198);
#4197 = CARTESIAN_POINT('',(2.8,0.));
#4198 = VECTOR('',#4199,1.);
#4199 = DIRECTION('',(0.,-1.));
#4200 = ( GEOMETRIC_REPRESENTATION_CONTEXT(2) 
PARAMETRIC_REPRESENTATION_CONTEXT() REPRESENTATION_CONTEXT('2D SPACE',''
  ) );
#4201 = PCURVE('',#2029,#4202);
#4202 = DEFINITIONAL_REPRESENTATION('',(#4203),#4207);
#4203 = LINE('',#4204,#4205);
#4204 = CARTESIAN_POINT('',(0.,0.));
#4205 = VECTOR('',#4206,1.);
#4206 = DIRECTION('',(0.,-1.));
#4207 = ( GEOMETRIC_REPRESENTATION_CONTEXT(2) 
PARAMETRIC_REPRESENTATION_CONTEXT() REPRESENTATION_CONTEXT('2D SPACE',''
  ) );
#4208 = ADVANCED_FACE('',(#4209),#2086,.F.);
#4209 = FACE_BOUND('',#4210,.F.);
#4210 = EDGE_LOOP('',(#4211,#4212,#4235,#4261));
#4211 = ORIENTED_EDGE('',*,*,#2067,.F.);
#4212 = ORIENTED_EDGE('',*,*,#4213,.T.);
#4213 = EDGE_CURVE('',#2042,#4214,#4216,.T.);
#4214 = VERTEX_POINT('',#4215);
#4215 = CARTESIAN_POINT('',(4.1,38.6,6.));
#4216 = SURFACE_CURVE('',#4217,(#4221,#4228),.PCURVE_S1.);
#4217 = LINE('',#4218,#4219);
#4218 = CARTESIAN_POINT('',(4.1,38.6,-20.));
#4219 = VECTOR('',#4220,1.);
#4220 = DIRECTION('',(0.,0.,1.));
#4221 = PCURVE('',#2086,#4222);
#4222 = DEFINITIONAL_REPRESENTATION('',(#4223),#4227);
#4223 = LINE('',#4224,#4225);
#4224 = CARTESIAN_POINT('',(0.,0.));
#4225 = VECTOR('',#4226,1.);
#4226 = DIRECTION('',(0.,-1.));
#4227 = ( GEOMETRIC_REPRESENTATION_CONTEXT(2) 
PARAMETRIC_REPRESENTATION_CONTEXT() REPRESENTATION_CONTEXT('2D SPACE',''
  ) );
#4228 = PCURVE('',#2056,#4229);
#4229 = DEFINITIONAL_REPRESENTATION('',(#4230),#4234);
#4230 = LINE('',#4231,#4232);
#4231 = CARTESIAN_POINT('',(2.8,0.));
#4232 = VECTOR('',#4233,1.);
#4233 = DIRECTION('',(0.,-1.));
#4234 = ( GEOMETRIC_REPRESENTATION_CONTEXT(2) 
PARAMETRIC_REPRESENTATION_CONTEXT() REPRESENTATION_CONTEXT('2D SPACE',''
  ) );
#4235 = ORIENTED_EDGE('',*,*,#4236,.T.);
#4236 = EDGE_CURVE('',#4214,#4145,#4237,.T.);
#4237 = SURFACE_CURVE('',#4238,(#4243,#4250),.PCURVE_S1.);
#4238 = CIRCLE('',#4239,4.1);
#4239 = AXIS2_PLACEMENT_3D('',#4240,#4241,#4242);
#4240 = CARTESIAN_POINT('',(1.975918651964E-15,38.6,6.));
#4241 = DIRECTION('',(0.,-0.,-1.));
#4242 = DIRECTION('',(1.,-1.110223024625E-16,0.));
#4243 = PCURVE('',#2086,#4244);
#4244 = DEFINITIONAL_REPRESENTATION('',(#4245),#4249);
#4245 = LINE('',#4246,#4247);
#4246 = CARTESIAN_POINT('',(0.,-26.));
#4247 = VECTOR('',#4248,1.);
#4248 = DIRECTION('',(1.,0.));
#4249 = ( GEOMETRIC_REPRESENTATION_CONTEXT(2) 
PARAMETRIC_REPRESENTATION_CONTEXT() REPRESENTATION_CONTEXT('2D SPACE',''
  ) );
#4250 = PCURVE('',#2223,#4251);
#4251 = DEFINITIONAL_REPRESENTATION('',(#4252),#4260);
#4252 = ( BOUNDED_CURVE() B_SPLINE_CURVE(2,(#4253,#4254,#4255,#4256,
#4257,#4258,#4259),.UNSPECIFIED.,.T.,.F.) B_SPLINE_CURVE_WITH_KNOTS((1,2
    ,2,2,2,1),(-2.094395102393,0.,2.094395102393,4.188790204786,
6.28318530718,8.377580409573),.UNSPECIFIED.) CURVE() 
GEOMETRIC_REPRESENTATION_ITEM() RATIONAL_B_SPLINE_CURVE((1.,0.5,1.,0.5,
1.,0.5,1.)) REPRESENTATION_ITEM('') );
#4253 = CARTESIAN_POINT('',(-30.14929584448,231.37858058607));
#4254 = CARTESIAN_POINT('',(-33.7,225.22858058607));
#4255 = CARTESIAN_POINT('',(-37.25070415551,231.37858058607));
#4256 = CARTESIAN_POINT('',(-40.80140831103,237.52858058607));
#4257 = CARTESIAN_POINT('',(-33.7,237.52858058607));
#4258 = CARTESIAN_POINT('',(-26.59859168896,237.52858058607));
#4259 = CARTESIAN_POINT('',(-30.14929584448,231.37858058607));
#4260 = ( GEOMETRIC_REPRESENTATION_CONTEXT(2) 
PARAMETRIC_REPRESENTATION_CONTEXT() REPRESENTATION_CONTEXT('2D SPACE',''
  ) );
#4261 = ORIENTED_EDGE('',*,*,#4144,.F.);
#4262 = ADVANCED_FACE('',(#4263),#2056,.F.);
#4263 = FACE_BOUND('',#4264,.F.);
#4264 = EDGE_LOOP('',(#4265,#4266,#4289,#4308));
#4265 = ORIENTED_EDGE('',*,*,#2041,.T.);
#4266 = ORIENTED_EDGE('',*,*,#4267,.T.);
#4267 = EDGE_CURVE('',#2009,#4268,#4270,.T.);
#4268 = VERTEX_POINT('',#4269);
#4269 = CARTESIAN_POINT('',(4.1,41.4,6.));
#4270 = SURFACE_CURVE('',#4271,(#4275,#4282),.PCURVE_S1.);
#4271 = LINE('',#4272,#4273);
#4272 = CARTESIAN_POINT('',(4.1,41.4,-20.));
#4273 = VECTOR('',#4274,1.);
#4274 = DIRECTION('',(0.,0.,1.));
#4275 = PCURVE('',#2056,#4276);
#4276 = DEFINITIONAL_REPRESENTATION('',(#4277),#4281);
#4277 = LINE('',#4278,#4279);
#4278 = CARTESIAN_POINT('',(0.,0.));
#4279 = VECTOR('',#4280,1.);
#4280 = DIRECTION('',(0.,-1.));
#4281 = ( GEOMETRIC_REPRESENTATION_CONTEXT(2) 
PARAMETRIC_REPRESENTATION_CONTEXT() REPRESENTATION_CONTEXT('2D SPACE',''
  ) );
#4282 = PCURVE('',#2029,#4283);
#4283 = DEFINITIONAL_REPRESENTATION('',(#4284),#4288);
#4284 = LINE('',#4285,#4286);
#4285 = CARTESIAN_POINT('',(3.14159265359,0.));
#4286 = VECTOR('',#4287,1.);
#4287 = DIRECTION('',(0.,-1.));
#4288 = ( GEOMETRIC_REPRESENTATION_CONTEXT(2) 
PARAMETRIC_REPRESENTATION_CONTEXT() REPRESENTATION_CONTEXT('2D SPACE',''
  ) );
#4289 = ORIENTED_EDGE('',*,*,#4290,.F.);
#4290 = EDGE_CURVE('',#4214,#4268,#4291,.T.);
#4291 = SURFACE_CURVE('',#4292,(#4296,#4302),.PCURVE_S1.);
#4292 = LINE('',#4293,#4294);
#4293 = CARTESIAN_POINT('',(4.1,-52.65254037844,6.));
#4294 = VECTOR('',#4295,1.);
#4295 = DIRECTION('',(1.110223024625E-16,1.,-0.));
#4296 = PCURVE('',#2056,#4297);
#4297 = DEFINITIONAL_REPRESENTATION('',(#4298),#4301);
#4298 = B_SPLINE_CURVE_WITH_KNOTS('',1,(#4299,#4300),.UNSPECIFIED.,.F.,
  .F.,(2,2),(91.252540378444,94.052540378444),.PIECEWISE_BEZIER_KNOTS.);
#4299 = CARTESIAN_POINT('',(2.8,-26.));
#4300 = CARTESIAN_POINT('',(0.,-26.));
#4301 = ( GEOMETRIC_REPRESENTATION_CONTEXT(2) 
PARAMETRIC_REPRESENTATION_CONTEXT() REPRESENTATION_CONTEXT('2D SPACE',''
  ) );
#4302 = PCURVE('',#2223,#4303);
#4303 = DEFINITIONAL_REPRESENTATION('',(#4304),#4307);
#4304 = B_SPLINE_CURVE_WITH_KNOTS('',1,(#4305,#4306),.UNSPECIFIED.,.F.,
  .F.,(2,2),(91.252540378444,94.052540378444),.PIECEWISE_BEZIER_KNOTS.);
#4305 = CARTESIAN_POINT('',(-30.14929584448,231.37858058607));
#4306 = CARTESIAN_POINT('',(-28.74929584448,233.80345171667));
#4307 = ( GEOMETRIC_REPRESENTATION_CONTEXT(2) 
PARAMETRIC_REPRESENTATION_CONTEXT() REPRESENTATION_CONTEXT('2D SPACE',''
  ) );
#4308 = ORIENTED_EDGE('',*,*,#4213,.F.);
#4309 = ADVANCED_FACE('',(#4310),#2029,.F.);
#4310 = FACE_BOUND('',#4311,.F.);
#4311 = EDGE_LOOP('',(#4312,#4313,#4314,#4340));
#4312 = ORIENTED_EDGE('',*,*,#2008,.F.);
#4313 = ORIENTED_EDGE('',*,*,#4188,.T.);
#4314 = ORIENTED_EDGE('',*,*,#4315,.T.);
#4315 = EDGE_CURVE('',#4168,#4268,#4316,.T.);
#4316 = SURFACE_CURVE('',#4317,(#4322,#4329),.PCURVE_S1.);
#4317 = CIRCLE('',#4318,4.1);
#4318 = AXIS2_PLACEMENT_3D('',#4319,#4320,#4321);
#4319 = CARTESIAN_POINT('',(2.922668544626E-15,41.4,6.));
#4320 = DIRECTION('',(0.,0.,-1.));
#4321 = DIRECTION('',(-1.,1.110223024625E-16,0.));
#4322 = PCURVE('',#2029,#4323);
#4323 = DEFINITIONAL_REPRESENTATION('',(#4324),#4328);
#4324 = LINE('',#4325,#4326);
#4325 = CARTESIAN_POINT('',(0.,-26.));
#4326 = VECTOR('',#4327,1.);
#4327 = DIRECTION('',(1.,0.));
#4328 = ( GEOMETRIC_REPRESENTATION_CONTEXT(2) 
PARAMETRIC_REPRESENTATION_CONTEXT() REPRESENTATION_CONTEXT('2D SPACE',''
  ) );
#4329 = PCURVE('',#2223,#4330);
#4330 = DEFINITIONAL_REPRESENTATION('',(#4331),#4339);
#4331 = ( BOUNDED_CURVE() B_SPLINE_CURVE(2,(#4332,#4333,#4334,#4335,
#4336,#4337,#4338),.UNSPECIFIED.,.T.,.F.) B_SPLINE_CURVE_WITH_KNOTS((1,2
    ,2,2,2,1),(-2.094395102393,0.,2.094395102393,4.188790204786,
6.28318530718,8.377580409573),.UNSPECIFIED.) CURVE() 
GEOMETRIC_REPRESENTATION_ITEM() RATIONAL_B_SPLINE_CURVE((1.,0.5,1.,0.5,
1.,0.5,1.)) REPRESENTATION_ITEM('') );
#4332 = CARTESIAN_POINT('',(-35.85070415551,237.90345171667));
#4333 = CARTESIAN_POINT('',(-32.3,244.05345171667));
#4334 = CARTESIAN_POINT('',(-28.74929584448,237.90345171667));
#4335 = CARTESIAN_POINT('',(-25.19859168896,231.75345171667));
#4336 = CARTESIAN_POINT('',(-32.3,231.75345171667));
#4337 = CARTESIAN_POINT('',(-39.40140831103,231.75345171667));
#4338 = CARTESIAN_POINT('',(-35.85070415551,237.90345171667));
#4339 = ( GEOMETRIC_REPRESENTATION_CONTEXT(2) 
PARAMETRIC_REPRESENTATION_CONTEXT() REPRESENTATION_CONTEXT('2D SPACE',''
  ) );
#4340 = ORIENTED_EDGE('',*,*,#4267,.F.);
#4341 = ADVANCED_FACE('',(#4342,#4543),#2163,.F.);
#4342 = FACE_BOUND('',#4343,.F.);
#4343 = EDGE_LOOP('',(#4344,#4367,#4395,#4429,#4457,#4491,#4519,#4540,
    #4541,#4542));
#4344 = ORIENTED_EDGE('',*,*,#4345,.F.);
#4345 = EDGE_CURVE('',#4346,#2208,#4348,.T.);
#4346 = VERTEX_POINT('',#4347);
#4347 = CARTESIAN_POINT('',(69.321223432436,-14.06788102781,6.));
#4348 = SURFACE_CURVE('',#4349,(#4353,#4360),.PCURVE_S1.);
#4349 = LINE('',#4350,#4351);
#4350 = CARTESIAN_POINT('',(145.89934640057,-146.7050807568,6.));
#4351 = VECTOR('',#4352,1.);
#4352 = DIRECTION('',(-0.5,0.866025403784,0.));
#4353 = PCURVE('',#2163,#4354);
#4354 = DEFINITIONAL_REPRESENTATION('',(#4355),#4359);
#4355 = LINE('',#4356,#4357);
#4356 = CARTESIAN_POINT('',(106.,0.));
#4357 = VECTOR('',#4358,1.);
#4358 = DIRECTION('',(0.,-1.));
#4359 = ( GEOMETRIC_REPRESENTATION_CONTEXT(2) 
PARAMETRIC_REPRESENTATION_CONTEXT() REPRESENTATION_CONTEXT('2D SPACE',''
  ) );
#4360 = PCURVE('',#2223,#4361);
#4361 = DEFINITIONAL_REPRESENTATION('',(#4362),#4366);
#4362 = LINE('',#4363,#4364);
#4363 = CARTESIAN_POINT('',(0.,0.));
#4364 = VECTOR('',#4365,1.);
#4365 = DIRECTION('',(-7.437084071669E-18,1.));
#4366 = ( GEOMETRIC_REPRESENTATION_CONTEXT(2) 
PARAMETRIC_REPRESENTATION_CONTEXT() REPRESENTATION_CONTEXT('2D SPACE',''
  ) );
#4367 = ORIENTED_EDGE('',*,*,#4368,.T.);
#4368 = EDGE_CURVE('',#4346,#4369,#4371,.T.);
#4369 = VERTEX_POINT('',#4370);
#4370 = CARTESIAN_POINT('',(69.321223432436,-14.06788102781,
    -21.75117319556));
#4371 = SURFACE_CURVE('',#4372,(#4376,#4383),.PCURVE_S1.);
#4372 = LINE('',#4373,#4374);
#4373 = CARTESIAN_POINT('',(69.321223432436,-14.06788102781,-23.904));
#4374 = VECTOR('',#4375,1.);
#4375 = DIRECTION('',(0.,-0.,-1.));
#4376 = PCURVE('',#2163,#4377);
#4377 = DEFINITIONAL_REPRESENTATION('',(#4378),#4382);
#4378 = LINE('',#4379,#4380);
#4379 = CARTESIAN_POINT('',(76.096,-153.1562459362));
#4380 = VECTOR('',#4381,1.);
#4381 = DIRECTION('',(-1.,0.));
#4382 = ( GEOMETRIC_REPRESENTATION_CONTEXT(2) 
PARAMETRIC_REPRESENTATION_CONTEXT() REPRESENTATION_CONTEXT('2D SPACE',''
  ) );
#4383 = PCURVE('',#4384,#4389);
#4384 = CYLINDRICAL_SURFACE('',#4385,5.35);
#4385 = AXIS2_PLACEMENT_3D('',#4386,#4387,#4388);
#4386 = CARTESIAN_POINT('',(69.689186701682,-19.40521210546,-23.904));
#4387 = DIRECTION('',(0.,-0.,-1.));
#4388 = DIRECTION('',(0.866025403784,0.5,0.));
#4389 = DEFINITIONAL_REPRESENTATION('',(#4390),#4394);
#4390 = LINE('',#4391,#4392);
#4391 = CARTESIAN_POINT('',(-1.116030073275,0.));
#4392 = VECTOR('',#4393,1.);
#4393 = DIRECTION('',(-0.,1.));
#4394 = ( GEOMETRIC_REPRESENTATION_CONTEXT(2) 
PARAMETRIC_REPRESENTATION_CONTEXT() REPRESENTATION_CONTEXT('2D SPACE',''
  ) );
#4395 = ORIENTED_EDGE('',*,*,#4396,.T.);
#4396 = EDGE_CURVE('',#4369,#4397,#4399,.T.);
#4397 = VERTEX_POINT('',#4398);
#4398 = CARTESIAN_POINT('',(67.549346400575,-10.99889998386,
    -23.90415513553));
#4399 = SURFACE_CURVE('',#4400,(#4405,#4412),.PCURVE_S1.);
#4400 = ELLIPSE('',#4401,4.015279350173,4.);
#4401 = AXIS2_PLACEMENT_3D('',#4402,#4403,#4404);
#4402 = CARTESIAN_POINT('',(67.549346400575,-10.99889998386,
    -19.88887578536));
#4403 = DIRECTION('',(0.866025403784,0.5,-0.));
#4404 = DIRECTION('',(0.,0.,1.));
#4405 = PCURVE('',#2163,#4406);
#4406 = DEFINITIONAL_REPRESENTATION('',(#4407),#4411);
#4407 = ELLIPSE('',#4408,4.015279350173,4.);
#4408 = AXIS2_PLACEMENT_2D('',#4409,#4410);
#4409 = CARTESIAN_POINT('',(80.111124214637,-156.7));
#4410 = DIRECTION('',(1.,0.));
#4411 = ( GEOMETRIC_REPRESENTATION_CONTEXT(2) 
PARAMETRIC_REPRESENTATION_CONTEXT() REPRESENTATION_CONTEXT('2D SPACE',''
  ) );
#4412 = PCURVE('',#4413,#4418);
#4413 = CYLINDRICAL_SURFACE('',#4414,4.);
#4414 = AXIS2_PLACEMENT_3D('',#4415,#4416,#4417);
#4415 = CARTESIAN_POINT('',(62.502217431254,-13.91286125293,
    -20.39875293935));
#4416 = DIRECTION('',(0.862729915663,0.498097349046,8.715574274766E-02)
  );
#4417 = DIRECTION('',(7.547908730517E-02,4.357787137383E-02,
    -0.996194698092));
#4418 = DEFINITIONAL_REPRESENTATION('',(#4419),#4428);
#4419 = B_SPLINE_CURVE_WITH_KNOTS('',7,(#4420,#4421,#4422,#4423,#4424,
    #4425,#4426,#4427),.UNSPECIFIED.,.F.,.F.,(8,8),(1.570796326795,
    3.14159265359),.PIECEWISE_BEZIER_KNOTS.);
#4420 = CARTESIAN_POINT('',(-1.570796326795,5.850184255456));
#4421 = CARTESIAN_POINT('',(-1.346396851538,5.771654614712));
#4422 = CARTESIAN_POINT('',(-1.121997376282,5.693125292845));
#4423 = CARTESIAN_POINT('',(-0.897597901026,5.621052556515));
#4424 = CARTESIAN_POINT('',(-0.673198425769,5.561904733089));
#4425 = CARTESIAN_POINT('',(-0.448798950513,5.520788972753));
#4426 = CARTESIAN_POINT('',(-0.224399475256,5.500229601352));
#4427 = CARTESIAN_POINT('',(0.,5.500229601352));
#4428 = ( GEOMETRIC_REPRESENTATION_CONTEXT(2) 
PARAMETRIC_REPRESENTATION_CONTEXT() REPRESENTATION_CONTEXT('2D SPACE',''
  ) );
#4429 = ORIENTED_EDGE('',*,*,#4430,.T.);
#4430 = EDGE_CURVE('',#4397,#4431,#4433,.T.);
#4431 = VERTEX_POINT('',#4432);
#4432 = CARTESIAN_POINT('',(24.249346400575,63.998899983866,
    -23.90415513553));
#4433 = SURFACE_CURVE('',#4434,(#4438,#4445),.PCURVE_S1.);
#4434 = LINE('',#4435,#4436);
#4435 = CARTESIAN_POINT('',(107.72434640057,-80.58404117794,
    -23.90415513553));
#4436 = VECTOR('',#4437,1.);
#4437 = DIRECTION('',(-0.5,0.866025403784,0.));
#4438 = PCURVE('',#2163,#4439);
#4439 = DEFINITIONAL_REPRESENTATION('',(#4440),#4444);
#4440 = LINE('',#4441,#4442);
#4441 = CARTESIAN_POINT('',(76.095844864464,-76.35));
#4442 = VECTOR('',#4443,1.);
#4443 = DIRECTION('',(0.,-1.));
#4444 = ( GEOMETRIC_REPRESENTATION_CONTEXT(2) 
PARAMETRIC_REPRESENTATION_CONTEXT() REPRESENTATION_CONTEXT('2D SPACE',''
  ) );
#4445 = PCURVE('',#4446,#4451);
#4446 = PLANE('',#4447);
#4447 = AXIS2_PLACEMENT_3D('',#4448,#4449,#4450);
#4448 = CARTESIAN_POINT('',(64.804133780474,-17.20265138258,
    -24.38353173172));
#4449 = DIRECTION('',(-7.547908730517E-02,-4.357787137383E-02,
    0.996194698092));
#4450 = DIRECTION('',(-0.5,0.866025403784,0.));
#4451 = DEFINITIONAL_REPRESENTATION('',(#4452),#4456);
#4452 = LINE('',#4453,#4454);
#4453 = CARTESIAN_POINT('',(-76.35,-5.500229601352));
#4454 = VECTOR('',#4455,1.);
#4455 = DIRECTION('',(1.,7.858696607916E-18));
#4456 = ( GEOMETRIC_REPRESENTATION_CONTEXT(2) 
PARAMETRIC_REPRESENTATION_CONTEXT() REPRESENTATION_CONTEXT('2D SPACE',''
  ) );
#4457 = ORIENTED_EDGE('',*,*,#4458,.T.);
#4458 = EDGE_CURVE('',#4431,#4459,#4461,.T.);
#4459 = VERTEX_POINT('',#4460);
#4460 = CARTESIAN_POINT('',(22.249346400575,67.463001599004,
    -19.88887578536));
#4461 = SURFACE_CURVE('',#4462,(#4467,#4474),.PCURVE_S1.);
#4462 = ELLIPSE('',#4463,4.015279350173,4.);
#4463 = AXIS2_PLACEMENT_3D('',#4464,#4465,#4466);
#4464 = CARTESIAN_POINT('',(24.249346400575,63.998899983866,
    -19.88887578536));
#4465 = DIRECTION('',(0.866025403784,0.5,-0.));
#4466 = DIRECTION('',(0.,0.,1.));
#4467 = PCURVE('',#2163,#4468);
#4468 = DEFINITIONAL_REPRESENTATION('',(#4469),#4473);
#4469 = ELLIPSE('',#4470,4.015279350173,4.);
#4470 = AXIS2_PLACEMENT_2D('',#4471,#4472);
#4471 = CARTESIAN_POINT('',(80.111124214637,-243.3));
#4472 = DIRECTION('',(1.,0.));
#4473 = ( GEOMETRIC_REPRESENTATION_CONTEXT(2) 
PARAMETRIC_REPRESENTATION_CONTEXT() REPRESENTATION_CONTEXT('2D SPACE',''
  ) );
#4474 = PCURVE('',#4475,#4480);
#4475 = CYLINDRICAL_SURFACE('',#4476,4.);
#4476 = AXIS2_PLACEMENT_3D('',#4477,#4478,#4479);
#4477 = CARTESIAN_POINT('',(19.202217431254,61.084938714794,
    -20.39875293935));
#4478 = DIRECTION('',(0.862729915663,0.498097349046,8.715574274766E-02)
  );
#4479 = DIRECTION('',(7.547908730517E-02,4.357787137383E-02,
    -0.996194698092));
#4480 = DEFINITIONAL_REPRESENTATION('',(#4481),#4490);
#4481 = B_SPLINE_CURVE_WITH_KNOTS('',7,(#4482,#4483,#4484,#4485,#4486,
    #4487,#4488,#4489),.UNSPECIFIED.,.F.,.F.,(8,8),(3.14159265359,
    4.712388980385),.PIECEWISE_BEZIER_KNOTS.);
#4482 = CARTESIAN_POINT('',(0.,5.500229601352));
#4483 = CARTESIAN_POINT('',(0.224399475256,5.500229601352));
#4484 = CARTESIAN_POINT('',(0.448798950513,5.520788972755));
#4485 = CARTESIAN_POINT('',(0.67319842577,5.561904733085));
#4486 = CARTESIAN_POINT('',(0.897597901025,5.621052556519));
#4487 = CARTESIAN_POINT('',(1.121997376282,5.693125292843));
#4488 = CARTESIAN_POINT('',(1.346396851538,5.771654614712));
#4489 = CARTESIAN_POINT('',(1.570796326795,5.850184255456));
#4490 = ( GEOMETRIC_REPRESENTATION_CONTEXT(2) 
PARAMETRIC_REPRESENTATION_CONTEXT() REPRESENTATION_CONTEXT('2D SPACE',''
  ) );
#4491 = ORIENTED_EDGE('',*,*,#4492,.T.);
#4492 = EDGE_CURVE('',#4459,#4493,#4495,.T.);
#4493 = VERTEX_POINT('',#4494);
#4494 = CARTESIAN_POINT('',(22.249346400575,67.463001599004,6.));
#4495 = SURFACE_CURVE('',#4496,(#4500,#4507),.PCURVE_S1.);
#4496 = LINE('',#4497,#4498);
#4497 = CARTESIAN_POINT('',(22.249346400575,67.463001599004,
    -62.19176586586));
#4498 = VECTOR('',#4499,1.);
#4499 = DIRECTION('',(0.,0.,1.));
#4500 = PCURVE('',#2163,#4501);
#4501 = DEFINITIONAL_REPRESENTATION('',(#4502),#4506);
#4502 = LINE('',#4503,#4504);
#4503 = CARTESIAN_POINT('',(37.808234134138,-247.3));
#4504 = VECTOR('',#4505,1.);
#4505 = DIRECTION('',(1.,0.));
#4506 = ( GEOMETRIC_REPRESENTATION_CONTEXT(2) 
PARAMETRIC_REPRESENTATION_CONTEXT() REPRESENTATION_CONTEXT('2D SPACE',''
  ) );
#4507 = PCURVE('',#4508,#4513);
#4508 = PLANE('',#4509);
#4509 = AXIS2_PLACEMENT_3D('',#4510,#4511,#4512);
#4510 = CARTESIAN_POINT('',(17.504133780474,64.723351815427,
    -24.38353173172));
#4511 = DIRECTION('',(0.5,-0.866025403784,0.));
#4512 = DIRECTION('',(-7.547908730517E-02,-4.357787137383E-02,
    0.996194698092));
#4513 = DEFINITIONAL_REPRESENTATION('',(#4514),#4518);
#4514 = LINE('',#4515,#4516);
#4515 = CARTESIAN_POINT('',(-38.14191481215,-2.163244450117));
#4516 = VECTOR('',#4517,1.);
#4517 = DIRECTION('',(0.996194698092,-8.715574274766E-02));
#4518 = ( GEOMETRIC_REPRESENTATION_CONTEXT(2) 
PARAMETRIC_REPRESENTATION_CONTEXT() REPRESENTATION_CONTEXT('2D SPACE',''
  ) );
#4519 = ORIENTED_EDGE('',*,*,#4520,.F.);
#4520 = EDGE_CURVE('',#2315,#4493,#4521,.T.);
#4521 = SURFACE_CURVE('',#4522,(#4526,#4533),.PCURVE_S1.);
#4522 = LINE('',#4523,#4524);
#4523 = CARTESIAN_POINT('',(145.89934640057,-146.7050807568,6.));
#4524 = VECTOR('',#4525,1.);
#4525 = DIRECTION('',(-0.5,0.866025403784,0.));
#4526 = PCURVE('',#2163,#4527);
#4527 = DEFINITIONAL_REPRESENTATION('',(#4528),#4532);
#4528 = LINE('',#4529,#4530);
#4529 = CARTESIAN_POINT('',(106.,0.));
#4530 = VECTOR('',#4531,1.);
#4531 = DIRECTION('',(0.,-1.));
#4532 = ( GEOMETRIC_REPRESENTATION_CONTEXT(2) 
PARAMETRIC_REPRESENTATION_CONTEXT() REPRESENTATION_CONTEXT('2D SPACE',''
  ) );
#4533 = PCURVE('',#2223,#4534);
#4534 = DEFINITIONAL_REPRESENTATION('',(#4535),#4539);
#4535 = LINE('',#4536,#4537);
#4536 = CARTESIAN_POINT('',(0.,0.));
#4537 = VECTOR('',#4538,1.);
#4538 = DIRECTION('',(-7.437084071669E-18,1.));
#4539 = ( GEOMETRIC_REPRESENTATION_CONTEXT(2) 
PARAMETRIC_REPRESENTATION_CONTEXT() REPRESENTATION_CONTEXT('2D SPACE',''
  ) );
#4540 = ORIENTED_EDGE('',*,*,#2314,.T.);
#4541 = ORIENTED_EDGE('',*,*,#2149,.T.);
#4542 = ORIENTED_EDGE('',*,*,#2235,.T.);
#4543 = FACE_BOUND('',#4544,.F.);
#4544 = EDGE_LOOP('',(#4545));
#4545 = ORIENTED_EDGE('',*,*,#4546,.F.);
#4546 = EDGE_CURVE('',#4547,#4547,#4549,.T.);
#4547 = VERTEX_POINT('',#4548);
#4548 = CARTESIAN_POINT('',(45.899346400575,26.5,-5.032342189721));
#4549 = SURFACE_CURVE('',#4550,(#4555,#4562),.PCURVE_S1.);
#4550 = ELLIPSE('',#4551,6.3742559684,6.35);
#4551 = AXIS2_PLACEMENT_3D('',#4552,#4553,#4554);
#4552 = CARTESIAN_POINT('',(45.899346400575,26.5,-11.40659815812));
#4553 = DIRECTION('',(0.866025403784,0.5,-0.));
#4554 = DIRECTION('',(0.,0.,1.));
#4555 = PCURVE('',#2163,#4556);
#4556 = DEFINITIONAL_REPRESENTATION('',(#4557),#4561);
#4557 = ELLIPSE('',#4558,6.3742559684,6.35);
#4558 = AXIS2_PLACEMENT_2D('',#4559,#4560);
#4559 = CARTESIAN_POINT('',(88.593401841878,-200.));
#4560 = DIRECTION('',(1.,0.));
#4561 = ( GEOMETRIC_REPRESENTATION_CONTEXT(2) 
PARAMETRIC_REPRESENTATION_CONTEXT() REPRESENTATION_CONTEXT('2D SPACE',''
  ) );
#4562 = PCURVE('',#4563,#4568);
#4563 = CYLINDRICAL_SURFACE('',#4564,6.35);
#4564 = AXIS2_PLACEMENT_3D('',#4565,#4566,#4567);
#4565 = CARTESIAN_POINT('',(42.965664844574,24.806238163926,
    -11.70296807686));
#4566 = DIRECTION('',(0.862729915663,0.498097349046,8.715574274766E-02)
  );
#4567 = DIRECTION('',(-7.547908730517E-02,-4.357787137383E-02,
    0.996194698092));
#4568 = DEFINITIONAL_REPRESENTATION('',(#4569),#4593);
#4569 = B_SPLINE_CURVE_WITH_KNOTS('',8,(#4570,#4571,#4572,#4573,#4574,
    #4575,#4576,#4577,#4578,#4579,#4580,#4581,#4582,#4583,#4584,#4585,
    #4586,#4587,#4588,#4589,#4590,#4591,#4592),.UNSPECIFIED.,.F.,.F.,(9,
    7,7,9),(0.,1.570796326795,3.926990816987,6.28318530718),
  .UNSPECIFIED.);
#4570 = CARTESIAN_POINT('',(0.,3.95601647564));
#4571 = CARTESIAN_POINT('',(0.196349540849,3.95601647564));
#4572 = CARTESIAN_POINT('',(0.392699081699,3.931537974063));
#4573 = CARTESIAN_POINT('',(0.589048622548,3.882583930086));
#4574 = CARTESIAN_POINT('',(0.785398163397,3.811158619165));
#4575 = CARTESIAN_POINT('',(0.981747704247,3.721304233471));
#4576 = CARTESIAN_POINT('',(1.178097245096,3.618628240781));
#4577 = CARTESIAN_POINT('',(1.374446785946,3.509546041347));
#4578 = CARTESIAN_POINT('',(1.865320638069,3.236839593605));
#4579 = CARTESIAN_POINT('',(2.15984494934,3.073215132034));
#4580 = CARTESIAN_POINT('',(2.454369260621,2.931223849634));
#4581 = CARTESIAN_POINT('',(2.748893571882,2.832468105786));
#4582 = CARTESIAN_POINT('',(3.043417883168,2.792653873195));
#4583 = CARTESIAN_POINT('',(3.337942194436,2.815173847559));
#4584 = CARTESIAN_POINT('',(3.632466505713,2.891928612091));
#4585 = CARTESIAN_POINT('',(4.221515128261,3.123327706256));
#4586 = CARTESIAN_POINT('',(4.516039439536,3.277972874412));
#4587 = CARTESIAN_POINT('',(4.810563750795,3.45625889735));
#4588 = CARTESIAN_POINT('',(5.105088062094,3.635734842251));
#4589 = CARTESIAN_POINT('',(5.399612373341,3.790796413815));
#4590 = CARTESIAN_POINT('',(5.694136684632,3.900939643044));
#4591 = CARTESIAN_POINT('',(5.988660995906,3.95601647564));
#4592 = CARTESIAN_POINT('',(6.28318530718,3.95601647564));
#4593 = ( GEOMETRIC_REPRESENTATION_CONTEXT(2) 
PARAMETRIC_REPRESENTATION_CONTEXT() REPRESENTATION_CONTEXT('2D SPACE',''
  ) );
#4594 = ADVANCED_FACE('',(#4595,#4998,#5001,#5004,#5007,#5010,#5151,
    #5154,#5157),#2223,.T.);
#4595 = FACE_BOUND('',#4596,.T.);
#4596 = EDGE_LOOP('',(#4597,#4598,#4622,#4650,#4679,#4707,#4731,#4759,
    #4787,#4819,#4852,#4880,#4913,#4945,#4973,#4994,#4995,#4996,#4997));
#4597 = ORIENTED_EDGE('',*,*,#4345,.F.);
#4598 = ORIENTED_EDGE('',*,*,#4599,.T.);
#4599 = EDGE_CURVE('',#4346,#4600,#4602,.T.);
#4600 = VERTEX_POINT('',#4601);
#4601 = CARTESIAN_POINT('',(75.035450243008,-19.20529675667,6.));
#4602 = SURFACE_CURVE('',#4603,(#4608,#4615),.PCURVE_S1.);
#4603 = CIRCLE('',#4604,5.35);
#4604 = AXIS2_PLACEMENT_3D('',#4605,#4606,#4607);
#4605 = CARTESIAN_POINT('',(69.689186701682,-19.40521210546,6.));
#4606 = DIRECTION('',(0.,-0.,1.));
#4607 = DIRECTION('',(0.866025403784,0.5,0.));
#4608 = PCURVE('',#2223,#4609);
#4609 = DEFINITIONAL_REPRESENTATION('',(#4610),#4614);
#4610 = CIRCLE('',#4611,5.35);
#4611 = AXIS2_PLACEMENT_2D('',#4612,#4613);
#4612 = CARTESIAN_POINT('',(-2.35,148.35));
#4613 = DIRECTION('',(1.,-7.437084071669E-18));
#4614 = ( GEOMETRIC_REPRESENTATION_CONTEXT(2) 
PARAMETRIC_REPRESENTATION_CONTEXT() REPRESENTATION_CONTEXT('2D SPACE',''
  ) );
#4615 = PCURVE('',#4384,#4616);
#4616 = DEFINITIONAL_REPRESENTATION('',(#4617),#4621);
#4617 = LINE('',#4618,#4619);
#4618 = CARTESIAN_POINT('',(-0.,-29.904));
#4619 = VECTOR('',#4620,1.);
#4620 = DIRECTION('',(-1.,0.));
#4621 = ( GEOMETRIC_REPRESENTATION_CONTEXT(2) 
PARAMETRIC_REPRESENTATION_CONTEXT() REPRESENTATION_CONTEXT('2D SPACE',''
  ) );
#4622 = ORIENTED_EDGE('',*,*,#4623,.T.);
#4623 = EDGE_CURVE('',#4600,#4624,#4626,.T.);
#4624 = VERTEX_POINT('',#4625);
#4625 = CARTESIAN_POINT('',(72.870345680119,-20.45532045887,6.));
#4626 = SURFACE_CURVE('',#4627,(#4631,#4638),.PCURVE_S1.);
#4627 = LINE('',#4628,#4629);
#4628 = CARTESIAN_POINT('',(70.939186701682,-21.57027561492,6.));
#4629 = VECTOR('',#4630,1.);
#4630 = DIRECTION('',(-0.866025403784,-0.5,0.));
#4631 = PCURVE('',#2223,#4632);
#4632 = DEFINITIONAL_REPRESENTATION('',(#4633),#4637);
#4633 = LINE('',#4634,#4635);
#4634 = CARTESIAN_POINT('',(-2.35,145.85));
#4635 = VECTOR('',#4636,1.);
#4636 = DIRECTION('',(-1.,7.437084071669E-18));
#4637 = ( GEOMETRIC_REPRESENTATION_CONTEXT(2) 
PARAMETRIC_REPRESENTATION_CONTEXT() REPRESENTATION_CONTEXT('2D SPACE',''
  ) );
#4638 = PCURVE('',#4639,#4644);
#4639 = PLANE('',#4640);
#4640 = AXIS2_PLACEMENT_3D('',#4641,#4642,#4643);
#4641 = CARTESIAN_POINT('',(70.939186701682,-21.57027561492,-24.904));
#4642 = DIRECTION('',(-0.5,0.866025403784,0.));
#4643 = DIRECTION('',(0.866025403784,0.5,0.));
#4644 = DEFINITIONAL_REPRESENTATION('',(#4645),#4649);
#4645 = LINE('',#4646,#4647);
#4646 = CARTESIAN_POINT('',(-1.585967487166E-14,-30.904));
#4647 = VECTOR('',#4648,1.);
#4648 = DIRECTION('',(-1.,-0.));
#4649 = ( GEOMETRIC_REPRESENTATION_CONTEXT(2) 
PARAMETRIC_REPRESENTATION_CONTEXT() REPRESENTATION_CONTEXT('2D SPACE',''
  ) );
#4650 = ORIENTED_EDGE('',*,*,#4651,.F.);
#4651 = EDGE_CURVE('',#4652,#4624,#4654,.T.);
#4652 = VERTEX_POINT('',#4653);
#4653 = CARTESIAN_POINT('',(70.370345680119,-16.12519343995,6.));
#4654 = SURFACE_CURVE('',#4655,(#4660,#4667),.PCURVE_S1.);
#4655 = CIRCLE('',#4656,3.35);
#4656 = AXIS2_PLACEMENT_3D('',#4657,#4658,#4659);
#4657 = CARTESIAN_POINT('',(69.689186701682,-19.40521210546,6.));
#4658 = DIRECTION('',(0.,-0.,1.));
#4659 = DIRECTION('',(0.866025403784,0.5,0.));
#4660 = PCURVE('',#2223,#4661);
#4661 = DEFINITIONAL_REPRESENTATION('',(#4662),#4666);
#4662 = CIRCLE('',#4663,3.35);
#4663 = AXIS2_PLACEMENT_2D('',#4664,#4665);
#4664 = CARTESIAN_POINT('',(-2.35,148.35));
#4665 = DIRECTION('',(1.,-7.437084071669E-18));
#4666 = ( GEOMETRIC_REPRESENTATION_CONTEXT(2) 
PARAMETRIC_REPRESENTATION_CONTEXT() REPRESENTATION_CONTEXT('2D SPACE',''
  ) );
#4667 = PCURVE('',#4668,#4673);
#4668 = CYLINDRICAL_SURFACE('',#4669,3.35);
#4669 = AXIS2_PLACEMENT_3D('',#4670,#4671,#4672);
#4670 = CARTESIAN_POINT('',(69.689186701682,-19.40521210546,-23.904));
#4671 = DIRECTION('',(0.,-0.,-1.));
#4672 = DIRECTION('',(0.866025403784,0.5,0.));
#4673 = DEFINITIONAL_REPRESENTATION('',(#4674),#4678);
#4674 = LINE('',#4675,#4676);
#4675 = CARTESIAN_POINT('',(-0.,-29.904));
#4676 = VECTOR('',#4677,1.);
#4677 = DIRECTION('',(-1.,0.));
#4678 = ( GEOMETRIC_REPRESENTATION_CONTEXT(2) 
PARAMETRIC_REPRESENTATION_CONTEXT() REPRESENTATION_CONTEXT('2D SPACE',''
  ) );
#4679 = ORIENTED_EDGE('',*,*,#4680,.T.);
#4680 = EDGE_CURVE('',#4652,#4681,#4683,.T.);
#4681 = VERTEX_POINT('',#4682);
#4682 = CARTESIAN_POINT('',(72.535450243008,-14.87516973774,6.));
#4683 = SURFACE_CURVE('',#4684,(#4688,#4695),.PCURVE_S1.);
#4684 = LINE('',#4685,#4686);
#4685 = CARTESIAN_POINT('',(71.188817358697,-15.652648596,6.));
#4686 = VECTOR('',#4687,1.);
#4687 = DIRECTION('',(0.866025403784,0.5,0.));
#4688 = PCURVE('',#2223,#4689);
#4689 = DEFINITIONAL_REPRESENTATION('',(#4690),#4694);
#4690 = LINE('',#4691,#4692);
#4691 = CARTESIAN_POINT('',(0.825,150.85));
#4692 = VECTOR('',#4693,1.);
#4693 = DIRECTION('',(1.,-7.437084071669E-18));
#4694 = ( GEOMETRIC_REPRESENTATION_CONTEXT(2) 
PARAMETRIC_REPRESENTATION_CONTEXT() REPRESENTATION_CONTEXT('2D SPACE',''
  ) );
#4695 = PCURVE('',#4696,#4701);
#4696 = PLANE('',#4697);
#4697 = AXIS2_PLACEMENT_3D('',#4698,#4699,#4700);
#4698 = CARTESIAN_POINT('',(73.938448015713,-14.065148596,-24.904));
#4699 = DIRECTION('',(0.5,-0.866025403784,0.));
#4700 = DIRECTION('',(-0.866025403784,-0.5,0.));
#4701 = DEFINITIONAL_REPRESENTATION('',(#4702),#4706);
#4702 = LINE('',#4703,#4704);
#4703 = CARTESIAN_POINT('',(3.175,-30.904));
#4704 = VECTOR('',#4705,1.);
#4705 = DIRECTION('',(-1.,0.));
#4706 = ( GEOMETRIC_REPRESENTATION_CONTEXT(2) 
PARAMETRIC_REPRESENTATION_CONTEXT() REPRESENTATION_CONTEXT('2D SPACE',''
  ) );
#4707 = ORIENTED_EDGE('',*,*,#4708,.T.);
#4708 = EDGE_CURVE('',#4681,#4709,#4711,.T.);
#4709 = VERTEX_POINT('',#4710);
#4710 = CARTESIAN_POINT('',(70.211407493534,-14.08076044876,6.));
#4711 = SURFACE_CURVE('',#4712,(#4717,#4724),.PCURVE_S1.);
#4712 = CIRCLE('',#4713,5.35);
#4713 = AXIS2_PLACEMENT_3D('',#4714,#4715,#4716);
#4714 = CARTESIAN_POINT('',(69.689186701682,-19.40521210546,6.));
#4715 = DIRECTION('',(0.,-0.,1.));
#4716 = DIRECTION('',(0.866025403784,0.5,0.));
#4717 = PCURVE('',#2223,#4718);
#4718 = DEFINITIONAL_REPRESENTATION('',(#4719),#4723);
#4719 = CIRCLE('',#4720,5.35);
#4720 = AXIS2_PLACEMENT_2D('',#4721,#4722);
#4721 = CARTESIAN_POINT('',(-2.35,148.35));
#4722 = DIRECTION('',(1.,-7.437084071669E-18));
#4723 = ( GEOMETRIC_REPRESENTATION_CONTEXT(2) 
PARAMETRIC_REPRESENTATION_CONTEXT() REPRESENTATION_CONTEXT('2D SPACE',''
  ) );
#4724 = PCURVE('',#4384,#4725);
#4725 = DEFINITIONAL_REPRESENTATION('',(#4726),#4730);
#4726 = LINE('',#4727,#4728);
#4727 = CARTESIAN_POINT('',(-0.,-29.904));
#4728 = VECTOR('',#4729,1.);
#4729 = DIRECTION('',(-1.,0.));
#4730 = ( GEOMETRIC_REPRESENTATION_CONTEXT(2) 
PARAMETRIC_REPRESENTATION_CONTEXT() REPRESENTATION_CONTEXT('2D SPACE',''
  ) );
#4731 = ORIENTED_EDGE('',*,*,#4732,.T.);
#4732 = EDGE_CURVE('',#4709,#4733,#4735,.T.);
#4733 = VERTEX_POINT('',#4734);
#4734 = CARTESIAN_POINT('',(72.064720703157,-13.01074956829,6.));
#4735 = SURFACE_CURVE('',#4736,(#4740,#4747),.PCURVE_S1.);
#4736 = LINE('',#4737,#4738);
#4737 = CARTESIAN_POINT('',(65.691689047796,-16.69022111007,6.));
#4738 = VECTOR('',#4739,1.);
#4739 = DIRECTION('',(0.866025403784,0.5,0.));
#4740 = PCURVE('',#2223,#4741);
#4741 = DEFINITIONAL_REPRESENTATION('',(#4742),#4746);
#4742 = LINE('',#4743,#4744);
#4743 = CARTESIAN_POINT('',(-4.454439022137,152.7));
#4744 = VECTOR('',#4745,1.);
#4745 = DIRECTION('',(1.,-7.437084071669E-18));
#4746 = ( GEOMETRIC_REPRESENTATION_CONTEXT(2) 
PARAMETRIC_REPRESENTATION_CONTEXT() REPRESENTATION_CONTEXT('2D SPACE',''
  ) );
#4747 = PCURVE('',#4748,#4753);
#4748 = PLANE('',#4749);
#4749 = AXIS2_PLACEMENT_3D('',#4750,#4751,#4752);
#4750 = CARTESIAN_POINT('',(61.834031695016,-18.91744062114,
    14.816729638185));
#4751 = DIRECTION('',(-0.5,0.866025403784,0.));
#4752 = DIRECTION('',(7.547908730517E-02,4.357787137383E-02,
    -0.996194698092));
#4753 = DEFINITIONAL_REPRESENTATION('',(#4754),#4758);
#4754 = LINE('',#4755,#4756);
#4755 = CARTESIAN_POINT('',(9.171409261567,-3.669059916605));
#4756 = VECTOR('',#4757,1.);
#4757 = DIRECTION('',(8.715574274766E-02,-0.996194698092));
#4758 = ( GEOMETRIC_REPRESENTATION_CONTEXT(2) 
PARAMETRIC_REPRESENTATION_CONTEXT() REPRESENTATION_CONTEXT('2D SPACE',''
  ) );
#4759 = ORIENTED_EDGE('',*,*,#4760,.F.);
#4760 = EDGE_CURVE('',#4761,#4733,#4763,.T.);
#4761 = VERTEX_POINT('',#4762);
#4762 = CARTESIAN_POINT('',(70.536299751893,-10.36344682535,6.));
#4763 = SURFACE_CURVE('',#4764,(#4768,#4775),.PCURVE_S1.);
#4764 = LINE('',#4765,#4766);
#4765 = CARTESIAN_POINT('',(98.414720703157,-58.65028834773,6.));
#4766 = VECTOR('',#4767,1.);
#4767 = DIRECTION('',(0.5,-0.866025403784,0.));
#4768 = PCURVE('',#2223,#4769);
#4769 = DEFINITIONAL_REPRESENTATION('',(#4770),#4774);
#4770 = LINE('',#4771,#4772);
#4771 = CARTESIAN_POINT('',(2.904504061416,100.));
#4772 = VECTOR('',#4773,1.);
#4773 = DIRECTION('',(7.437084071669E-18,-1.));
#4774 = ( GEOMETRIC_REPRESENTATION_CONTEXT(2) 
PARAMETRIC_REPRESENTATION_CONTEXT() REPRESENTATION_CONTEXT('2D SPACE',''
  ) );
#4775 = PCURVE('',#4776,#4781);
#4776 = PLANE('',#4777);
#4777 = AXIS2_PLACEMENT_3D('',#4778,#4779,#4780);
#4778 = CARTESIAN_POINT('',(49.159111810036,28.382026436647,
    -3.824687876546));
#4779 = DIRECTION('',(0.862729915663,0.498097349046,8.715574274766E-02)
  );
#4780 = DIRECTION('',(-7.547908730517E-02,-4.357787137383E-02,
    0.996194698092));
#4781 = DEFINITIONAL_REPRESENTATION('',(#4782),#4786);
#4782 = LINE('',#4783,#4784);
#4783 = CARTESIAN_POINT('',(9.862216588148,100.));
#4784 = VECTOR('',#4785,1.);
#4785 = DIRECTION('',(-3.410564202805E-18,1.));
#4786 = ( GEOMETRIC_REPRESENTATION_CONTEXT(2) 
PARAMETRIC_REPRESENTATION_CONTEXT() REPRESENTATION_CONTEXT('2D SPACE',''
  ) );
#4787 = ORIENTED_EDGE('',*,*,#4788,.T.);
#4788 = EDGE_CURVE('',#4761,#4789,#4791,.T.);
#4789 = VERTEX_POINT('',#4790);
#4790 = CARTESIAN_POINT('',(72.548250011176,-9.832967546561,6.));
#4791 = SURFACE_CURVE('',#4792,(#4797,#4804),.PCURVE_S1.);
#4792 = ELLIPSE('',#4793,45.894852982679,4.);
#4793 = AXIS2_PLACEMENT_3D('',#4794,#4795,#4796);
#4794 = CARTESIAN_POINT('',(108.69015385556,12.753756274953,6.));
#4795 = DIRECTION('',(0.,-0.,1.));
#4796 = DIRECTION('',(0.866025403784,0.5,0.));
#4797 = PCURVE('',#2223,#4798);
#4798 = DEFINITIONAL_REPRESENTATION('',(#4799),#4803);
#4799 = ELLIPSE('',#4800,45.894852982679,4.);
#4800 = AXIS2_PLACEMENT_2D('',#4801,#4802);
#4801 = CARTESIAN_POINT('',(47.505312517639,156.7));
#4802 = DIRECTION('',(1.,-7.437084071669E-18));
#4803 = ( GEOMETRIC_REPRESENTATION_CONTEXT(2) 
PARAMETRIC_REPRESENTATION_CONTEXT() REPRESENTATION_CONTEXT('2D SPACE',''
  ) );
#4804 = PCURVE('',#4805,#4810);
#4805 = CYLINDRICAL_SURFACE('',#4806,4.);
#4806 = AXIS2_PLACEMENT_3D('',#4807,#4808,#4809);
#4807 = CARTESIAN_POINT('',(70.358124263388,-9.377251328678,
    2.127575444553));
#4808 = DIRECTION('',(0.862729915663,0.498097349046,8.715574274766E-02)
  );
#4809 = DIRECTION('',(-7.547908730517E-02,-4.357787137383E-02,
    0.996194698092));
#4810 = DEFINITIONAL_REPRESENTATION('',(#4811),#4818);
#4811 = B_SPLINE_CURVE_WITH_KNOTS('',5,(#4812,#4813,#4814,#4815,#4816,
    #4817),.UNSPECIFIED.,.F.,.F.,(6,6),(3.379623517628,3.523219967583),
  .PIECEWISE_BEZIER_KNOTS.);
#4812 = CARTESIAN_POINT('',(0.238030864038,-5.999999928008E-07));
#4813 = CARTESIAN_POINT('',(0.266750154029,0.309603222983));
#4814 = CARTESIAN_POINT('',(0.29546944402,0.665015355307));
#4815 = CARTESIAN_POINT('',(0.324188734011,1.065703872441));
#4816 = CARTESIAN_POINT('',(0.352908024003,1.510979079161));
#4817 = CARTESIAN_POINT('',(0.381627313994,2.0000006));
#4818 = ( GEOMETRIC_REPRESENTATION_CONTEXT(2) 
PARAMETRIC_REPRESENTATION_CONTEXT() REPRESENTATION_CONTEXT('2D SPACE',''
  ) );
#4819 = ORIENTED_EDGE('',*,*,#4820,.F.);
#4820 = EDGE_CURVE('',#4821,#4789,#4823,.T.);
#4821 = VERTEX_POINT('',#4822);
#4822 = CARTESIAN_POINT('',(72.077532251663,-8.3845506638,6.));
#4823 = SURFACE_CURVE('',#4824,(#4829,#4836),.PCURVE_S1.);
#4824 = HYPERBOLA('',#4825,3.401161382733,3.375226862958);
#4825 = AXIS2_PLACEMENT_3D('',#4826,#4827,#4828);
#4826 = CARTESIAN_POINT('',(75.02302441148,-6.683969972434,6.));
#4827 = DIRECTION('',(0.,0.,1.));
#4828 = DIRECTION('',(-0.866025403784,-0.5,0.));
#4829 = PCURVE('',#2223,#4830);
#4830 = DEFINITIONAL_REPRESENTATION('',(#4831),#4835);
#4831 = HYPERBOLA('',#4832,3.401161382733,3.375226862958);
#4832 = AXIS2_PLACEMENT_2D('',#4833,#4834);
#4833 = CARTESIAN_POINT('',(8.629860022865,156.7));
#4834 = DIRECTION('',(-1.,7.437084071669E-18));
#4835 = ( GEOMETRIC_REPRESENTATION_CONTEXT(2) 
PARAMETRIC_REPRESENTATION_CONTEXT() REPRESENTATION_CONTEXT('2D SPACE',''
  ) );
#4836 = PCURVE('',#4837,#4842);
#4837 = CONICAL_SURFACE('',#4838,4.,0.785398163397);
#4838 = AXIS2_PLACEMENT_3D('',#4839,#4840,#4841);
#4839 = CARTESIAN_POINT('',(72.083584094713,-8.381056630586,
    2.301886930048));
#4840 = DIRECTION('',(-0.862729915663,-0.498097349046,
    -8.715574274766E-02));
#4841 = DIRECTION('',(-7.547908730517E-02,-4.357787137383E-02,
    0.996194698092));
#4842 = DEFINITIONAL_REPRESENTATION('',(#4843),#4851);
#4843 = B_SPLINE_CURVE_WITH_KNOTS('',6,(#4844,#4845,#4846,#4847,#4848,
    #4849,#4850),.UNSPECIFIED.,.F.,.F.,(7,7),(0.,0.428167339808),
  .PIECEWISE_BEZIER_KNOTS.);
#4844 = CARTESIAN_POINT('',(0.,-0.31535031665));
#4845 = CARTESIAN_POINT('',(-6.53685800712E-02,-0.31535031665));
#4846 = CARTESIAN_POINT('',(-0.13073707987,-0.294645216939));
#4847 = CARTESIAN_POINT('',(-0.195555120491,-0.253235031666));
#4848 = CARTESIAN_POINT('',(-0.259269378294,-0.190803396377));
#4849 = CARTESIAN_POINT('',(-0.321412199292,-0.106717784371));
#4850 = CARTESIAN_POINT('',(-0.381627278757,3.996802888651E-15));
#4851 = ( GEOMETRIC_REPRESENTATION_CONTEXT(2) 
PARAMETRIC_REPRESENTATION_CONTEXT() REPRESENTATION_CONTEXT('2D SPACE',''
  ) );
#4852 = ORIENTED_EDGE('',*,*,#4853,.F.);
#4853 = EDGE_CURVE('',#4854,#4821,#4856,.T.);
#4854 = VERTEX_POINT('',#4855);
#4855 = CARTESIAN_POINT('',(28.777532251663,66.613249303932,6.));
#4856 = SURFACE_CURVE('',#4857,(#4861,#4868),.PCURVE_S1.);
#4857 = LINE('',#4858,#4859);
#4858 = CARTESIAN_POINT('',(89.602532251663,-38.73874106644,6.));
#4859 = VECTOR('',#4860,1.);
#4860 = DIRECTION('',(0.5,-0.866025403784,0.));
#4861 = PCURVE('',#2223,#4862);
#4862 = DEFINITIONAL_REPRESENTATION('',(#4863),#4867);
#4863 = LINE('',#4864,#4865);
#4864 = CARTESIAN_POINT('',(5.228698640132,121.65));
#4865 = VECTOR('',#4866,1.);
#4866 = DIRECTION('',(7.437084071669E-18,-1.));
#4867 = ( GEOMETRIC_REPRESENTATION_CONTEXT(2) 
PARAMETRIC_REPRESENTATION_CONTEXT() REPRESENTATION_CONTEXT('2D SPACE',''
  ) );
#4868 = PCURVE('',#4869,#4874);
#4869 = PLANE('',#4870);
#4870 = AXIS2_PLACEMENT_3D('',#4871,#4872,#4873);
#4871 = CARTESIAN_POINT('',(28.716219996235,66.577850656756,
    6.059405983579));
#4872 = DIRECTION('',(-0.556670399226,-0.321393804843,-0.766044443119));
#4873 = DIRECTION('',(-0.5,0.866025403784,-1.447451562408E-18));
#4874 = DEFINITIONAL_REPRESENTATION('',(#4875),#4879);
#4875 = LINE('',#4876,#4877);
#4876 = CARTESIAN_POINT('',(-121.65,9.241930411169E-02));
#4877 = VECTOR('',#4878,1.);
#4878 = DIRECTION('',(-1.,3.080220888473E-17));
#4879 = ( GEOMETRIC_REPRESENTATION_CONTEXT(2) 
PARAMETRIC_REPRESENTATION_CONTEXT() REPRESENTATION_CONTEXT('2D SPACE',''
  ) );
#4880 = ORIENTED_EDGE('',*,*,#4881,.F.);
#4881 = EDGE_CURVE('',#4882,#4854,#4884,.T.);
#4882 = VERTEX_POINT('',#4883);
#4883 = CARTESIAN_POINT('',(27.758525315679,67.745111283064,6.));
#4884 = SURFACE_CURVE('',#4885,(#4890,#4897),.PCURVE_S1.);
#4885 = HYPERBOLA('',#4886,3.401161382733,3.375226862958);
#4886 = AXIS2_PLACEMENT_3D('',#4887,#4888,#4889);
#4887 = CARTESIAN_POINT('',(31.72302441148,68.313829995299,6.));
#4888 = DIRECTION('',(0.,0.,1.));
#4889 = DIRECTION('',(-0.866025403784,-0.5,0.));
#4890 = PCURVE('',#2223,#4891);
#4891 = DEFINITIONAL_REPRESENTATION('',(#4892),#4896);
#4892 = HYPERBOLA('',#4893,3.401161382733,3.375226862958);
#4893 = AXIS2_PLACEMENT_2D('',#4894,#4895);
#4894 = CARTESIAN_POINT('',(8.629860022865,243.3));
#4895 = DIRECTION('',(-1.,7.437084071669E-18));
#4896 = ( GEOMETRIC_REPRESENTATION_CONTEXT(2) 
PARAMETRIC_REPRESENTATION_CONTEXT() REPRESENTATION_CONTEXT('2D SPACE',''
  ) );
#4897 = PCURVE('',#4898,#4903);
#4898 = CONICAL_SURFACE('',#4899,4.,0.785398163397);
#4899 = AXIS2_PLACEMENT_3D('',#4900,#4901,#4902);
#4900 = CARTESIAN_POINT('',(28.783584094713,66.616743337147,
    2.301886930048));
#4901 = DIRECTION('',(-0.862729915663,-0.498097349046,
    -8.715574274766E-02));
#4902 = DIRECTION('',(-0.5,0.866025403784,0.));
#4903 = DEFINITIONAL_REPRESENTATION('',(#4904),#4912);
#4904 = B_SPLINE_CURVE_WITH_KNOTS('',6,(#4905,#4906,#4907,#4908,#4909,
    #4910,#4911),.UNSPECIFIED.,.F.,.F.,(7,7),(-0.428167339808,0.),
  .PIECEWISE_BEZIER_KNOTS.);
#4905 = CARTESIAN_POINT('',(-1.189169048038,3.996802888651E-15));
#4906 = CARTESIAN_POINT('',(-1.249384127503,-0.106717784371));
#4907 = CARTESIAN_POINT('',(-1.311526948501,-0.190803396377));
#4908 = CARTESIAN_POINT('',(-1.375241206304,-0.253235031666));
#4909 = CARTESIAN_POINT('',(-1.440059246925,-0.294645216939));
#4910 = CARTESIAN_POINT('',(-1.505427746724,-0.31535031665));
#4911 = CARTESIAN_POINT('',(-1.570796326795,-0.31535031665));
#4912 = ( GEOMETRIC_REPRESENTATION_CONTEXT(2) 
PARAMETRIC_REPRESENTATION_CONTEXT() REPRESENTATION_CONTEXT('2D SPACE',''
  ) );
#4913 = ORIENTED_EDGE('',*,*,#4914,.T.);
#4914 = EDGE_CURVE('',#4882,#4915,#4917,.T.);
#4915 = VERTEX_POINT('',#4916);
#4916 = CARTESIAN_POINT('',(26.293141654421,66.26795088677,6.));
#4917 = SURFACE_CURVE('',#4918,(#4923,#4930),.PCURVE_S1.);
#4918 = ELLIPSE('',#4919,45.894852982679,4.);
#4919 = AXIS2_PLACEMENT_3D('',#4920,#4921,#4922);
#4920 = CARTESIAN_POINT('',(65.390153855569,87.751556242686,6.));
#4921 = DIRECTION('',(0.,-0.,1.));
#4922 = DIRECTION('',(0.866025403784,0.5,0.));
#4923 = PCURVE('',#2223,#4924);
#4924 = DEFINITIONAL_REPRESENTATION('',(#4925),#4929);
#4925 = ELLIPSE('',#4926,45.894852982679,4.);
#4926 = AXIS2_PLACEMENT_2D('',#4927,#4928);
#4927 = CARTESIAN_POINT('',(47.505312517639,243.3));
#4928 = DIRECTION('',(1.,-7.437084071669E-18));
#4929 = ( GEOMETRIC_REPRESENTATION_CONTEXT(2) 
PARAMETRIC_REPRESENTATION_CONTEXT() REPRESENTATION_CONTEXT('2D SPACE',''
  ) );
#4930 = PCURVE('',#4931,#4936);
#4931 = CYLINDRICAL_SURFACE('',#4932,4.);
#4932 = AXIS2_PLACEMENT_3D('',#4933,#4934,#4935);
#4933 = CARTESIAN_POINT('',(27.058124263388,65.620548639055,
    2.127575444553));
#4934 = DIRECTION('',(0.862729915663,0.498097349046,8.715574274766E-02)
  );
#4935 = DIRECTION('',(-0.5,0.866025403784,0.));
#4936 = DEFINITIONAL_REPRESENTATION('',(#4937),#4944);
#4937 = B_SPLINE_CURVE_WITH_KNOTS('',5,(#4938,#4939,#4940,#4941,#4942,
    #4943),.UNSPECIFIED.,.F.,.F.,(6,6),(2.759965339596,2.903561789552),
  .PIECEWISE_BEZIER_KNOTS.);
#4938 = CARTESIAN_POINT('',(1.189169012801,2.0000006));
#4939 = CARTESIAN_POINT('',(1.217888302792,1.510979079161));
#4940 = CARTESIAN_POINT('',(1.246607592783,1.06570387244));
#4941 = CARTESIAN_POINT('',(1.275326882775,0.665015355307));
#4942 = CARTESIAN_POINT('',(1.304046172766,0.309603222983));
#4943 = CARTESIAN_POINT('',(1.332765462757,-5.999999928008E-07));
#4944 = ( GEOMETRIC_REPRESENTATION_CONTEXT(2) 
PARAMETRIC_REPRESENTATION_CONTEXT() REPRESENTATION_CONTEXT('2D SPACE',''
  ) );
#4945 = ORIENTED_EDGE('',*,*,#4946,.F.);
#4946 = EDGE_CURVE('',#4947,#4915,#4949,.T.);
#4947 = VERTEX_POINT('',#4948);
#4948 = CARTESIAN_POINT('',(24.764720703157,68.915253629712,6.));
#4949 = SURFACE_CURVE('',#4950,(#4954,#4961),.PCURVE_S1.);
#4950 = LINE('',#4951,#4952);
#4951 = CARTESIAN_POINT('',(98.414720703157,-58.65028834773,6.));
#4952 = VECTOR('',#4953,1.);
#4953 = DIRECTION('',(0.5,-0.866025403784,0.));
#4954 = PCURVE('',#2223,#4955);
#4955 = DEFINITIONAL_REPRESENTATION('',(#4956),#4960);
#4956 = LINE('',#4957,#4958);
#4957 = CARTESIAN_POINT('',(2.904504061416,100.));
#4958 = VECTOR('',#4959,1.);
#4959 = DIRECTION('',(7.437084071669E-18,-1.));
#4960 = ( GEOMETRIC_REPRESENTATION_CONTEXT(2) 
PARAMETRIC_REPRESENTATION_CONTEXT() REPRESENTATION_CONTEXT('2D SPACE',''
  ) );
#4961 = PCURVE('',#4962,#4967);
#4962 = PLANE('',#4963);
#4963 = AXIS2_PLACEMENT_3D('',#4964,#4965,#4966);
#4964 = CARTESIAN_POINT('',(49.159111810036,28.382026436647,
    -3.824687876546));
#4965 = DIRECTION('',(0.862729915663,0.498097349046,8.715574274766E-02)
  );
#4966 = DIRECTION('',(-7.547908730517E-02,-4.357787137383E-02,
    0.996194698092));
#4967 = DEFINITIONAL_REPRESENTATION('',(#4968),#4972);
#4968 = LINE('',#4969,#4970);
#4969 = CARTESIAN_POINT('',(9.862216588148,100.));
#4970 = VECTOR('',#4971,1.);
#4971 = DIRECTION('',(-3.410564202805E-18,1.));
#4972 = ( GEOMETRIC_REPRESENTATION_CONTEXT(2) 
PARAMETRIC_REPRESENTATION_CONTEXT() REPRESENTATION_CONTEXT('2D SPACE',''
  ) );
#4973 = ORIENTED_EDGE('',*,*,#4974,.T.);
#4974 = EDGE_CURVE('',#4947,#4493,#4975,.T.);
#4975 = SURFACE_CURVE('',#4976,(#4980,#4987),.PCURVE_S1.);
#4976 = LINE('',#4977,#4978);
#4977 = CARTESIAN_POINT('',(19.876740090525,66.093176707215,6.));
#4978 = VECTOR('',#4979,1.);
#4979 = DIRECTION('',(-0.866025403784,-0.5,0.));
#4980 = PCURVE('',#2223,#4981);
#4981 = DEFINITIONAL_REPRESENTATION('',(#4982),#4986);
#4982 = LINE('',#4983,#4984);
#4983 = CARTESIAN_POINT('',(-2.739649783577,247.3));
#4984 = VECTOR('',#4985,1.);
#4985 = DIRECTION('',(-1.,7.437084071669E-18));
#4986 = ( GEOMETRIC_REPRESENTATION_CONTEXT(2) 
PARAMETRIC_REPRESENTATION_CONTEXT() REPRESENTATION_CONTEXT('2D SPACE',''
  ) );
#4987 = PCURVE('',#4508,#4988);
#4988 = DEFINITIONAL_REPRESENTATION('',(#4989),#4993);
#4989 = LINE('',#4990,#4991);
#4990 = CARTESIAN_POINT('',(30.029137008691,-5.377323864403));
#4991 = VECTOR('',#4992,1.);
#4992 = DIRECTION('',(8.715574274766E-02,0.996194698092));
#4993 = ( GEOMETRIC_REPRESENTATION_CONTEXT(2) 
PARAMETRIC_REPRESENTATION_CONTEXT() REPRESENTATION_CONTEXT('2D SPACE',''
  ) );
#4994 = ORIENTED_EDGE('',*,*,#4520,.F.);
#4995 = ORIENTED_EDGE('',*,*,#2337,.T.);
#4996 = ORIENTED_EDGE('',*,*,#2288,.T.);
#4997 = ORIENTED_EDGE('',*,*,#2207,.T.);
#4998 = FACE_BOUND('',#4999,.T.);
#4999 = EDGE_LOOP('',(#5000));
#5000 = ORIENTED_EDGE('',*,*,#2387,.T.);
#5001 = FACE_BOUND('',#5002,.T.);
#5002 = EDGE_LOOP('',(#5003));
#5003 = ORIENTED_EDGE('',*,*,#2495,.T.);
#5004 = FACE_BOUND('',#5005,.T.);
#5005 = EDGE_LOOP('',(#5006));
#5006 = ORIENTED_EDGE('',*,*,#4005,.T.);
#5007 = FACE_BOUND('',#5008,.T.);
#5008 = EDGE_LOOP('',(#5009));
#5009 = ORIENTED_EDGE('',*,*,#2441,.T.);
#5010 = FACE_BOUND('',#5011,.T.);
#5011 = EDGE_LOOP('',(#5012,#5013,#5039,#5040,#5041,#5042,#5068,#5069,
    #5070,#5096,#5097,#5098,#5124,#5125));
#5012 = ORIENTED_EDGE('',*,*,#3544,.T.);
#5013 = ORIENTED_EDGE('',*,*,#5014,.T.);
#5014 = EDGE_CURVE('',#3524,#3122,#5015,.T.);
#5015 = SURFACE_CURVE('',#5016,(#5021,#5032),.PCURVE_S1.);
#5016 = CIRCLE('',#5017,25.1);
#5017 = AXIS2_PLACEMENT_3D('',#5018,#5019,#5020);
#5018 = CARTESIAN_POINT('',(0.,0.,6.));
#5019 = DIRECTION('',(0.,0.,-1.));
#5020 = DIRECTION('',(0.793883824502,0.60806946412,0.));
#5021 = PCURVE('',#2223,#5022);
#5022 = DEFINITIONAL_REPRESENTATION('',(#5023),#5031);
#5023 = ( BOUNDED_CURVE() B_SPLINE_CURVE(2,(#5024,#5025,#5026,#5027,
#5028,#5029,#5030),.UNSPECIFIED.,.T.,.F.) B_SPLINE_CURVE_WITH_KNOTS((1,2
    ,2,2,2,1),(-2.094395102393,0.,2.094395102393,4.188790204786,
6.28318530718,8.377580409573),.UNSPECIFIED.) CURVE() 
GEOMETRIC_REPRESENTATION_ITEM() RATIONAL_B_SPLINE_CURVE((1.,0.5,1.,0.5,
1.,0.5,1.)) REPRESENTATION_ITEM('') );
#5024 = CARTESIAN_POINT('',(-28.11188687753,203.25450844265));
#5025 = CARTESIAN_POINT('',(-22.47491290119,160.14703201001));
#5026 = CARTESIAN_POINT('',(-62.62556957306,176.81900756235));
#5027 = CARTESIAN_POINT('',(-102.7762262449,193.49098311469));
#5028 = CARTESIAN_POINT('',(-68.2625435494,219.92648399499));
#5029 = CARTESIAN_POINT('',(-33.74886085387,246.36198487528));
#5030 = CARTESIAN_POINT('',(-28.11188687753,203.25450844265));
#5031 = ( GEOMETRIC_REPRESENTATION_CONTEXT(2) 
PARAMETRIC_REPRESENTATION_CONTEXT() REPRESENTATION_CONTEXT('2D SPACE',''
  ) );
#5032 = PCURVE('',#3136,#5033);
#5033 = DEFINITIONAL_REPRESENTATION('',(#5034),#5038);
#5034 = LINE('',#5035,#5036);
#5035 = CARTESIAN_POINT('',(-6.936811865585,-4.));
#5036 = VECTOR('',#5037,1.);
#5037 = DIRECTION('',(1.,-0.));
#5038 = ( GEOMETRIC_REPRESENTATION_CONTEXT(2) 
PARAMETRIC_REPRESENTATION_CONTEXT() REPRESENTATION_CONTEXT('2D SPACE',''
  ) );
#5039 = ORIENTED_EDGE('',*,*,#3147,.F.);
#5040 = ORIENTED_EDGE('',*,*,#2976,.T.);
#5041 = ORIENTED_EDGE('',*,*,#2838,.F.);
#5042 = ORIENTED_EDGE('',*,*,#5043,.T.);
#5043 = EDGE_CURVE('',#2839,#2623,#5044,.T.);
#5044 = SURFACE_CURVE('',#5045,(#5050,#5061),.PCURVE_S1.);
#5045 = CIRCLE('',#5046,25.1);
#5046 = AXIS2_PLACEMENT_3D('',#5047,#5048,#5049);
#5047 = CARTESIAN_POINT('',(0.,0.,6.));
#5048 = DIRECTION('',(0.,0.,-1.));
#5049 = DIRECTION('',(0.793883824502,0.60806946412,0.));
#5050 = PCURVE('',#2223,#5051);
#5051 = DEFINITIONAL_REPRESENTATION('',(#5052),#5060);
#5052 = ( BOUNDED_CURVE() B_SPLINE_CURVE(2,(#5053,#5054,#5055,#5056,
#5057,#5058,#5059),.UNSPECIFIED.,.T.,.F.) B_SPLINE_CURVE_WITH_KNOTS((1,2
    ,2,2,2,1),(-2.094395102393,0.,2.094395102393,4.188790204786,
6.28318530718,8.377580409573),.UNSPECIFIED.) CURVE() 
GEOMETRIC_REPRESENTATION_ITEM() RATIONAL_B_SPLINE_CURVE((1.,0.5,1.,0.5,
1.,0.5,1.)) REPRESENTATION_ITEM('') );
#5053 = CARTESIAN_POINT('',(-28.11188687753,203.25450844265));
#5054 = CARTESIAN_POINT('',(-22.47491290119,160.14703201001));
#5055 = CARTESIAN_POINT('',(-62.62556957306,176.81900756235));
#5056 = CARTESIAN_POINT('',(-102.7762262449,193.49098311469));
#5057 = CARTESIAN_POINT('',(-68.2625435494,219.92648399499));
#5058 = CARTESIAN_POINT('',(-33.74886085387,246.36198487528));
#5059 = CARTESIAN_POINT('',(-28.11188687753,203.25450844265));
#5060 = ( GEOMETRIC_REPRESENTATION_CONTEXT(2) 
PARAMETRIC_REPRESENTATION_CONTEXT() REPRESENTATION_CONTEXT('2D SPACE',''
  ) );
#5061 = PCURVE('',#2665,#5062);
#5062 = DEFINITIONAL_REPRESENTATION('',(#5063),#5067);
#5063 = LINE('',#5064,#5065);
#5064 = CARTESIAN_POINT('',(-6.936811865585,-4.));
#5065 = VECTOR('',#5066,1.);
#5066 = DIRECTION('',(1.,-0.));
#5067 = ( GEOMETRIC_REPRESENTATION_CONTEXT(2) 
PARAMETRIC_REPRESENTATION_CONTEXT() REPRESENTATION_CONTEXT('2D SPACE',''
  ) );
#5068 = ORIENTED_EDGE('',*,*,#2622,.T.);
#5069 = ORIENTED_EDGE('',*,*,#2735,.T.);
#5070 = ORIENTED_EDGE('',*,*,#5071,.T.);
#5071 = EDGE_CURVE('',#2710,#3215,#5072,.T.);
#5072 = SURFACE_CURVE('',#5073,(#5078,#5089),.PCURVE_S1.);
#5073 = CIRCLE('',#5074,25.1);
#5074 = AXIS2_PLACEMENT_3D('',#5075,#5076,#5077);
#5075 = CARTESIAN_POINT('',(0.,0.,6.));
#5076 = DIRECTION('',(0.,0.,-1.));
#5077 = DIRECTION('',(0.793883824502,0.60806946412,0.));
#5078 = PCURVE('',#2223,#5079);
#5079 = DEFINITIONAL_REPRESENTATION('',(#5080),#5088);
#5080 = ( BOUNDED_CURVE() B_SPLINE_CURVE(2,(#5081,#5082,#5083,#5084,
#5085,#5086,#5087),.UNSPECIFIED.,.T.,.F.) B_SPLINE_CURVE_WITH_KNOTS((1,2
    ,2,2,2,1),(-2.094395102393,0.,2.094395102393,4.188790204786,
6.28318530718,8.377580409573),.UNSPECIFIED.) CURVE() 
GEOMETRIC_REPRESENTATION_ITEM() RATIONAL_B_SPLINE_CURVE((1.,0.5,1.,0.5,
1.,0.5,1.)) REPRESENTATION_ITEM('') );
#5081 = CARTESIAN_POINT('',(-28.11188687753,203.25450844265));
#5082 = CARTESIAN_POINT('',(-22.47491290119,160.14703201001));
#5083 = CARTESIAN_POINT('',(-62.62556957306,176.81900756235));
#5084 = CARTESIAN_POINT('',(-102.7762262449,193.49098311469));
#5085 = CARTESIAN_POINT('',(-68.2625435494,219.92648399499));
#5086 = CARTESIAN_POINT('',(-33.74886085387,246.36198487528));
#5087 = CARTESIAN_POINT('',(-28.11188687753,203.25450844265));
#5088 = ( GEOMETRIC_REPRESENTATION_CONTEXT(2) 
PARAMETRIC_REPRESENTATION_CONTEXT() REPRESENTATION_CONTEXT('2D SPACE',''
  ) );
#5089 = PCURVE('',#2724,#5090);
#5090 = DEFINITIONAL_REPRESENTATION('',(#5091),#5095);
#5091 = LINE('',#5092,#5093);
#5092 = CARTESIAN_POINT('',(-6.936811865585,-4.));
#5093 = VECTOR('',#5094,1.);
#5094 = DIRECTION('',(1.,-0.));
#5095 = ( GEOMETRIC_REPRESENTATION_CONTEXT(2) 
PARAMETRIC_REPRESENTATION_CONTEXT() REPRESENTATION_CONTEXT('2D SPACE',''
  ) );
#5096 = ORIENTED_EDGE('',*,*,#3214,.T.);
#5097 = ORIENTED_EDGE('',*,*,#3317,.T.);
#5098 = ORIENTED_EDGE('',*,*,#5099,.T.);
#5099 = EDGE_CURVE('',#3292,#3874,#5100,.T.);
#5100 = SURFACE_CURVE('',#5101,(#5106,#5117),.PCURVE_S1.);
#5101 = CIRCLE('',#5102,25.1);
#5102 = AXIS2_PLACEMENT_3D('',#5103,#5104,#5105);
#5103 = CARTESIAN_POINT('',(0.,0.,6.));
#5104 = DIRECTION('',(0.,0.,-1.));
#5105 = DIRECTION('',(0.793883824502,0.60806946412,0.));
#5106 = PCURVE('',#2223,#5107);
#5107 = DEFINITIONAL_REPRESENTATION('',(#5108),#5116);
#5108 = ( BOUNDED_CURVE() B_SPLINE_CURVE(2,(#5109,#5110,#5111,#5112,
#5113,#5114,#5115),.UNSPECIFIED.,.T.,.F.) B_SPLINE_CURVE_WITH_KNOTS((1,2
    ,2,2,2,1),(-2.094395102393,0.,2.094395102393,4.188790204786,
6.28318530718,8.377580409573),.UNSPECIFIED.) CURVE() 
GEOMETRIC_REPRESENTATION_ITEM() RATIONAL_B_SPLINE_CURVE((1.,0.5,1.,0.5,
1.,0.5,1.)) REPRESENTATION_ITEM('') );
#5109 = CARTESIAN_POINT('',(-28.11188687753,203.25450844265));
#5110 = CARTESIAN_POINT('',(-22.47491290119,160.14703201001));
#5111 = CARTESIAN_POINT('',(-62.62556957306,176.81900756235));
#5112 = CARTESIAN_POINT('',(-102.7762262449,193.49098311469));
#5113 = CARTESIAN_POINT('',(-68.2625435494,219.92648399499));
#5114 = CARTESIAN_POINT('',(-33.74886085387,246.36198487528));
#5115 = CARTESIAN_POINT('',(-28.11188687753,203.25450844265));
#5116 = ( GEOMETRIC_REPRESENTATION_CONTEXT(2) 
PARAMETRIC_REPRESENTATION_CONTEXT() REPRESENTATION_CONTEXT('2D SPACE',''
  ) );
#5117 = PCURVE('',#3306,#5118);
#5118 = DEFINITIONAL_REPRESENTATION('',(#5119),#5123);
#5119 = LINE('',#5120,#5121);
#5120 = CARTESIAN_POINT('',(-6.936811865585,-4.));
#5121 = VECTOR('',#5122,1.);
#5122 = DIRECTION('',(1.,-0.));
#5123 = ( GEOMETRIC_REPRESENTATION_CONTEXT(2) 
PARAMETRIC_REPRESENTATION_CONTEXT() REPRESENTATION_CONTEXT('2D SPACE',''
  ) );
#5124 = ORIENTED_EDGE('',*,*,#3873,.T.);
#5125 = ORIENTED_EDGE('',*,*,#5126,.T.);
#5126 = EDGE_CURVE('',#3853,#3545,#5127,.T.);
#5127 = SURFACE_CURVE('',#5128,(#5133,#5144),.PCURVE_S1.);
#5128 = CIRCLE('',#5129,25.1);
#5129 = AXIS2_PLACEMENT_3D('',#5130,#5131,#5132);
#5130 = CARTESIAN_POINT('',(0.,0.,6.));
#5131 = DIRECTION('',(0.,0.,-1.));
#5132 = DIRECTION('',(0.793883824502,0.60806946412,0.));
#5133 = PCURVE('',#2223,#5134);
#5134 = DEFINITIONAL_REPRESENTATION('',(#5135),#5143);
#5135 = ( BOUNDED_CURVE() B_SPLINE_CURVE(2,(#5136,#5137,#5138,#5139,
#5140,#5141,#5142),.UNSPECIFIED.,.T.,.F.) B_SPLINE_CURVE_WITH_KNOTS((1,2
    ,2,2,2,1),(-2.094395102393,0.,2.094395102393,4.188790204786,
6.28318530718,8.377580409573),.UNSPECIFIED.) CURVE() 
GEOMETRIC_REPRESENTATION_ITEM() RATIONAL_B_SPLINE_CURVE((1.,0.5,1.,0.5,
1.,0.5,1.)) REPRESENTATION_ITEM('') );
#5136 = CARTESIAN_POINT('',(-28.11188687753,203.25450844265));
#5137 = CARTESIAN_POINT('',(-22.47491290119,160.14703201001));
#5138 = CARTESIAN_POINT('',(-62.62556957306,176.81900756235));
#5139 = CARTESIAN_POINT('',(-102.7762262449,193.49098311469));
#5140 = CARTESIAN_POINT('',(-68.2625435494,219.92648399499));
#5141 = CARTESIAN_POINT('',(-33.74886085387,246.36198487528));
#5142 = CARTESIAN_POINT('',(-28.11188687753,203.25450844265));
#5143 = ( GEOMETRIC_REPRESENTATION_CONTEXT(2) 
PARAMETRIC_REPRESENTATION_CONTEXT() REPRESENTATION_CONTEXT('2D SPACE',''
  ) );
#5144 = PCURVE('',#3587,#5145);
#5145 = DEFINITIONAL_REPRESENTATION('',(#5146),#5150);
#5146 = LINE('',#5147,#5148);
#5147 = CARTESIAN_POINT('',(-6.936811865585,-4.));
#5148 = VECTOR('',#5149,1.);
#5149 = DIRECTION('',(1.,-0.));
#5150 = ( GEOMETRIC_REPRESENTATION_CONTEXT(2) 
PARAMETRIC_REPRESENTATION_CONTEXT() REPRESENTATION_CONTEXT('2D SPACE',''
  ) );
#5151 = FACE_BOUND('',#5152,.T.);
#5152 = EDGE_LOOP('',(#5153));
#5153 = ORIENTED_EDGE('',*,*,#4113,.T.);
#5154 = FACE_BOUND('',#5155,.T.);
#5155 = EDGE_LOOP('',(#5156));
#5156 = ORIENTED_EDGE('',*,*,#4059,.T.);
#5157 = FACE_BOUND('',#5158,.T.);
#5158 = EDGE_LOOP('',(#5159,#5160,#5161,#5162));
#5159 = ORIENTED_EDGE('',*,*,#4167,.F.);
#5160 = ORIENTED_EDGE('',*,*,#4315,.T.);
#5161 = ORIENTED_EDGE('',*,*,#4290,.F.);
#5162 = ORIENTED_EDGE('',*,*,#4236,.T.);
#5163 = ADVANCED_FACE('',(#5164),#2544,.F.);
#5164 = FACE_BOUND('',#5165,.F.);
#5165 = EDGE_LOOP('',(#5166,#5167,#5168,#5169,#5170,#5171,#5172,#5173,
    #5174,#5202,#5231,#5260,#5286,#5287,#5288,#5289,#5290));
#5166 = ORIENTED_EDGE('',*,*,#3773,.T.);
#5167 = ORIENTED_EDGE('',*,*,#3949,.T.);
#5168 = ORIENTED_EDGE('',*,*,#3677,.T.);
#5169 = ORIENTED_EDGE('',*,*,#3366,.T.);
#5170 = ORIENTED_EDGE('',*,*,#3006,.T.);
#5171 = ORIENTED_EDGE('',*,*,#2784,.T.);
#5172 = ORIENTED_EDGE('',*,*,#2525,.T.);
#5173 = ORIENTED_EDGE('',*,*,#2929,.F.);
#5174 = ORIENTED_EDGE('',*,*,#5175,.T.);
#5175 = EDGE_CURVE('',#2902,#5176,#5178,.T.);
#5176 = VERTEX_POINT('',#5177);
#5177 = CARTESIAN_POINT('',(1.432536316735,20.850847457627,-3.));
#5178 = SURFACE_CURVE('',#5179,(#5184,#5195),.PCURVE_S1.);
#5179 = CIRCLE('',#5180,3.1);
#5180 = AXIS2_PLACEMENT_3D('',#5181,#5182,#5183);
#5181 = CARTESIAN_POINT('',(1.09668586407E-15,23.6,-3.));
#5182 = DIRECTION('',(0.,0.,-1.));
#5183 = DIRECTION('',(1.,3.223228136009E-17,0.));
#5184 = PCURVE('',#2544,#5185);
#5185 = DEFINITIONAL_REPRESENTATION('',(#5186),#5194);
#5186 = ( BOUNDED_CURVE() B_SPLINE_CURVE(2,(#5187,#5188,#5189,#5190,
#5191,#5192,#5193),.UNSPECIFIED.,.T.,.F.) B_SPLINE_CURVE_WITH_KNOTS((1,2
    ,2,2,2,1),(-2.094395102393,0.,2.094395102393,4.188790204786,
6.28318530718,8.377580409573),.UNSPECIFIED.) CURVE() 
GEOMETRIC_REPRESENTATION_ITEM() RATIONAL_B_SPLINE_CURVE((1.,0.5,1.,0.5,
1.,0.5,1.)) REPRESENTATION_ITEM('') );
#5187 = CARTESIAN_POINT('',(3.1,23.6));
#5188 = CARTESIAN_POINT('',(3.1,18.230642496536));
#5189 = CARTESIAN_POINT('',(-1.55,20.915321248268));
#5190 = CARTESIAN_POINT('',(-6.2,23.6));
#5191 = CARTESIAN_POINT('',(-1.55,26.284678751732));
#5192 = CARTESIAN_POINT('',(3.1,28.969357503464));
#5193 = CARTESIAN_POINT('',(3.1,23.6));
#5194 = ( GEOMETRIC_REPRESENTATION_CONTEXT(2) 
PARAMETRIC_REPRESENTATION_CONTEXT() REPRESENTATION_CONTEXT('2D SPACE',''
  ) );
#5195 = PCURVE('',#2917,#5196);
#5196 = DEFINITIONAL_REPRESENTATION('',(#5197),#5201);
#5197 = LINE('',#5198,#5199);
#5198 = CARTESIAN_POINT('',(0.,-17.));
#5199 = VECTOR('',#5200,1.);
#5200 = DIRECTION('',(1.,0.));
#5201 = ( GEOMETRIC_REPRESENTATION_CONTEXT(2) 
PARAMETRIC_REPRESENTATION_CONTEXT() REPRESENTATION_CONTEXT('2D SPACE',''
  ) );
#5202 = ORIENTED_EDGE('',*,*,#5203,.F.);
#5203 = EDGE_CURVE('',#5204,#5176,#5206,.T.);
#5204 = VERTEX_POINT('',#5205);
#5205 = CARTESIAN_POINT('',(20.9,-8.628779536711E-16,-3.));
#5206 = SURFACE_CURVE('',#5207,(#5212,#5219),.PCURVE_S1.);
#5207 = CIRCLE('',#5208,20.9);
#5208 = AXIS2_PLACEMENT_3D('',#5209,#5210,#5211);
#5209 = CARTESIAN_POINT('',(1.191989025406E-13,-8.628779536711E-16,-3.)
  );
#5210 = DIRECTION('',(0.,0.,1.));
#5211 = DIRECTION('',(1.,0.,0.));
#5212 = PCURVE('',#2544,#5213);
#5213 = DEFINITIONAL_REPRESENTATION('',(#5214),#5218);
#5214 = CIRCLE('',#5215,20.9);
#5215 = AXIS2_PLACEMENT_2D('',#5216,#5217);
#5216 = CARTESIAN_POINT('',(1.209562553213E-13,-2.482450281539E-15));
#5217 = DIRECTION('',(1.,0.));
#5218 = ( GEOMETRIC_REPRESENTATION_CONTEXT(2) 
PARAMETRIC_REPRESENTATION_CONTEXT() REPRESENTATION_CONTEXT('2D SPACE',''
  ) );
#5219 = PCURVE('',#5220,#5225);
#5220 = CYLINDRICAL_SURFACE('',#5221,20.9);
#5221 = AXIS2_PLACEMENT_3D('',#5222,#5223,#5224);
#5222 = CARTESIAN_POINT('',(1.191989025406E-13,-8.628779536711E-16,-3.)
  );
#5223 = DIRECTION('',(-0.,-0.,-1.));
#5224 = DIRECTION('',(1.,0.,0.));
#5225 = DEFINITIONAL_REPRESENTATION('',(#5226),#5230);
#5226 = LINE('',#5227,#5228);
#5227 = CARTESIAN_POINT('',(-0.,0.));
#5228 = VECTOR('',#5229,1.);
#5229 = DIRECTION('',(-1.,0.));
#5230 = ( GEOMETRIC_REPRESENTATION_CONTEXT(2) 
PARAMETRIC_REPRESENTATION_CONTEXT() REPRESENTATION_CONTEXT('2D SPACE',''
  ) );
#5231 = ORIENTED_EDGE('',*,*,#5232,.F.);
#5232 = EDGE_CURVE('',#5233,#5204,#5235,.T.);
#5233 = VERTEX_POINT('',#5234);
#5234 = CARTESIAN_POINT('',(-1.432536316735,20.850847457627,-3.));
#5235 = SURFACE_CURVE('',#5236,(#5241,#5248),.PCURVE_S1.);
#5236 = CIRCLE('',#5237,20.9);
#5237 = AXIS2_PLACEMENT_3D('',#5238,#5239,#5240);
#5238 = CARTESIAN_POINT('',(1.191989025406E-13,-8.628779536711E-16,-3.)
  );
#5239 = DIRECTION('',(0.,0.,1.));
#5240 = DIRECTION('',(1.,0.,0.));
#5241 = PCURVE('',#2544,#5242);
#5242 = DEFINITIONAL_REPRESENTATION('',(#5243),#5247);
#5243 = CIRCLE('',#5244,20.9);
#5244 = AXIS2_PLACEMENT_2D('',#5245,#5246);
#5245 = CARTESIAN_POINT('',(1.209562553213E-13,-2.482450281539E-15));
#5246 = DIRECTION('',(1.,0.));
#5247 = ( GEOMETRIC_REPRESENTATION_CONTEXT(2) 
PARAMETRIC_REPRESENTATION_CONTEXT() REPRESENTATION_CONTEXT('2D SPACE',''
  ) );
#5248 = PCURVE('',#5249,#5254);
#5249 = CYLINDRICAL_SURFACE('',#5250,20.9);
#5250 = AXIS2_PLACEMENT_3D('',#5251,#5252,#5253);
#5251 = CARTESIAN_POINT('',(1.191989025406E-13,-8.628779536711E-16,-3.)
  );
#5252 = DIRECTION('',(-0.,-0.,-1.));
#5253 = DIRECTION('',(1.,0.,0.));
#5254 = DEFINITIONAL_REPRESENTATION('',(#5255),#5259);
#5255 = LINE('',#5256,#5257);
#5256 = CARTESIAN_POINT('',(-0.,0.));
#5257 = VECTOR('',#5258,1.);
#5258 = DIRECTION('',(-1.,0.));
#5259 = ( GEOMETRIC_REPRESENTATION_CONTEXT(2) 
PARAMETRIC_REPRESENTATION_CONTEXT() REPRESENTATION_CONTEXT('2D SPACE',''
  ) );
#5260 = ORIENTED_EDGE('',*,*,#5261,.T.);
#5261 = EDGE_CURVE('',#5233,#3057,#5262,.T.);
#5262 = SURFACE_CURVE('',#5263,(#5268,#5279),.PCURVE_S1.);
#5263 = CIRCLE('',#5264,3.1);
#5264 = AXIS2_PLACEMENT_3D('',#5265,#5266,#5267);
#5265 = CARTESIAN_POINT('',(1.09668586407E-15,23.6,-3.));
#5266 = DIRECTION('',(0.,0.,-1.));
#5267 = DIRECTION('',(1.,3.223228136009E-17,0.));
#5268 = PCURVE('',#2544,#5269);
#5269 = DEFINITIONAL_REPRESENTATION('',(#5270),#5278);
#5270 = ( BOUNDED_CURVE() B_SPLINE_CURVE(2,(#5271,#5272,#5273,#5274,
#5275,#5276,#5277),.UNSPECIFIED.,.T.,.F.) B_SPLINE_CURVE_WITH_KNOTS((1,2
    ,2,2,2,1),(-2.094395102393,0.,2.094395102393,4.188790204786,
6.28318530718,8.377580409573),.UNSPECIFIED.) CURVE() 
GEOMETRIC_REPRESENTATION_ITEM() RATIONAL_B_SPLINE_CURVE((1.,0.5,1.,0.5,
1.,0.5,1.)) REPRESENTATION_ITEM('') );
#5271 = CARTESIAN_POINT('',(3.1,23.6));
#5272 = CARTESIAN_POINT('',(3.1,18.230642496536));
#5273 = CARTESIAN_POINT('',(-1.55,20.915321248268));
#5274 = CARTESIAN_POINT('',(-6.2,23.6));
#5275 = CARTESIAN_POINT('',(-1.55,26.284678751732));
#5276 = CARTESIAN_POINT('',(3.1,28.969357503464));
#5277 = CARTESIAN_POINT('',(3.1,23.6));
#5278 = ( GEOMETRIC_REPRESENTATION_CONTEXT(2) 
PARAMETRIC_REPRESENTATION_CONTEXT() REPRESENTATION_CONTEXT('2D SPACE',''
  ) );
#5279 = PCURVE('',#2917,#5280);
#5280 = DEFINITIONAL_REPRESENTATION('',(#5281),#5285);
#5281 = LINE('',#5282,#5283);
#5282 = CARTESIAN_POINT('',(0.,-17.));
#5283 = VECTOR('',#5284,1.);
#5284 = DIRECTION('',(1.,0.));
#5285 = ( GEOMETRIC_REPRESENTATION_CONTEXT(2) 
PARAMETRIC_REPRESENTATION_CONTEXT() REPRESENTATION_CONTEXT('2D SPACE',''
  ) );
#5286 = ORIENTED_EDGE('',*,*,#3054,.F.);
#5287 = ORIENTED_EDGE('',*,*,#3396,.T.);
#5288 = ORIENTED_EDGE('',*,*,#3444,.T.);
#5289 = ORIENTED_EDGE('',*,*,#3625,.T.);
#5290 = ORIENTED_EDGE('',*,*,#3725,.T.);
#5291 = ADVANCED_FACE('',(#5292),#2724,.F.);
#5292 = FACE_BOUND('',#5293,.T.);
#5293 = EDGE_LOOP('',(#5294,#5295,#5296,#5322));
#5294 = ORIENTED_EDGE('',*,*,#5071,.F.);
#5295 = ORIENTED_EDGE('',*,*,#2709,.T.);
#5296 = ORIENTED_EDGE('',*,*,#5297,.T.);
#5297 = EDGE_CURVE('',#2677,#3243,#5298,.T.);
#5298 = SURFACE_CURVE('',#5299,(#5304,#5311),.PCURVE_S1.);
#5299 = CIRCLE('',#5300,25.1);
#5300 = AXIS2_PLACEMENT_3D('',#5301,#5302,#5303);
#5301 = CARTESIAN_POINT('',(0.,0.,2.));
#5302 = DIRECTION('',(0.,0.,-1.));
#5303 = DIRECTION('',(0.793883824502,0.60806946412,0.));
#5304 = PCURVE('',#2724,#5305);
#5305 = DEFINITIONAL_REPRESENTATION('',(#5306),#5310);
#5306 = LINE('',#5307,#5308);
#5307 = CARTESIAN_POINT('',(-6.936811865585,0.));
#5308 = VECTOR('',#5309,1.);
#5309 = DIRECTION('',(1.,-0.));
#5310 = ( GEOMETRIC_REPRESENTATION_CONTEXT(2) 
PARAMETRIC_REPRESENTATION_CONTEXT() REPRESENTATION_CONTEXT('2D SPACE',''
  ) );
#5311 = PCURVE('',#2693,#5312);
#5312 = DEFINITIONAL_REPRESENTATION('',(#5313),#5321);
#5313 = ( BOUNDED_CURVE() B_SPLINE_CURVE(2,(#5314,#5315,#5316,#5317,
#5318,#5319,#5320),.UNSPECIFIED.,.T.,.F.) B_SPLINE_CURVE_WITH_KNOTS((1,2
    ,2,2,2,1),(-2.094395102393,0.,2.094395102393,4.188790204786,
6.28318530718,8.377580409573),.UNSPECIFIED.) CURVE() 
GEOMETRIC_REPRESENTATION_ITEM() RATIONAL_B_SPLINE_CURVE((1.,0.5,1.,0.5,
1.,0.5,1.)) REPRESENTATION_ITEM('') );
#5314 = CARTESIAN_POINT('',(19.926483994991,15.262543549402));
#5315 = CARTESIAN_POINT('',(46.361984875287,-19.25113914613));
#5316 = CARTESIAN_POINT('',(3.254508442653,-24.88811312246));
#5317 = CARTESIAN_POINT('',(-39.85296798998,-30.5250870988));
#5318 = CARTESIAN_POINT('',(-23.18099243764,9.625569573065));
#5319 = CARTESIAN_POINT('',(-6.509016885306,49.776226244933));
#5320 = CARTESIAN_POINT('',(19.926483994991,15.262543549402));
#5321 = ( GEOMETRIC_REPRESENTATION_CONTEXT(2) 
PARAMETRIC_REPRESENTATION_CONTEXT() REPRESENTATION_CONTEXT('2D SPACE',''
  ) );
#5322 = ORIENTED_EDGE('',*,*,#3242,.F.);
#5323 = ADVANCED_FACE('',(#5324,#5465),#2693,.T.);
#5324 = FACE_BOUND('',#5325,.T.);
#5325 = EDGE_LOOP('',(#5326,#5327,#5328,#5354,#5355,#5381,#5382,#5408,
    #5409,#5410,#5436,#5437,#5438,#5464));
#5326 = ORIENTED_EDGE('',*,*,#5297,.F.);
#5327 = ORIENTED_EDGE('',*,*,#2676,.T.);
#5328 = ORIENTED_EDGE('',*,*,#5329,.F.);
#5329 = EDGE_CURVE('',#2860,#2651,#5330,.T.);
#5330 = SURFACE_CURVE('',#5331,(#5336,#5347),.PCURVE_S1.);
#5331 = CIRCLE('',#5332,25.1);
#5332 = AXIS2_PLACEMENT_3D('',#5333,#5334,#5335);
#5333 = CARTESIAN_POINT('',(0.,0.,2.));
#5334 = DIRECTION('',(0.,0.,-1.));
#5335 = DIRECTION('',(0.793883824502,0.60806946412,0.));
#5336 = PCURVE('',#2693,#5337);
#5337 = DEFINITIONAL_REPRESENTATION('',(#5338),#5346);
#5338 = ( BOUNDED_CURVE() B_SPLINE_CURVE(2,(#5339,#5340,#5341,#5342,
#5343,#5344,#5345),.UNSPECIFIED.,.T.,.F.) B_SPLINE_CURVE_WITH_KNOTS((1,2
    ,2,2,2,1),(-2.094395102393,0.,2.094395102393,4.188790204786,
6.28318530718,8.377580409573),.UNSPECIFIED.) CURVE() 
GEOMETRIC_REPRESENTATION_ITEM() RATIONAL_B_SPLINE_CURVE((1.,0.5,1.,0.5,
1.,0.5,1.)) REPRESENTATION_ITEM('') );
#5339 = CARTESIAN_POINT('',(19.926483994991,15.262543549402));
#5340 = CARTESIAN_POINT('',(46.361984875287,-19.25113914613));
#5341 = CARTESIAN_POINT('',(3.254508442653,-24.88811312246));
#5342 = CARTESIAN_POINT('',(-39.85296798998,-30.5250870988));
#5343 = CARTESIAN_POINT('',(-23.18099243764,9.625569573065));
#5344 = CARTESIAN_POINT('',(-6.509016885306,49.776226244933));
#5345 = CARTESIAN_POINT('',(19.926483994991,15.262543549402));
#5346 = ( GEOMETRIC_REPRESENTATION_CONTEXT(2) 
PARAMETRIC_REPRESENTATION_CONTEXT() REPRESENTATION_CONTEXT('2D SPACE',''
  ) );
#5347 = PCURVE('',#2665,#5348);
#5348 = DEFINITIONAL_REPRESENTATION('',(#5349),#5353);
#5349 = LINE('',#5350,#5351);
#5350 = CARTESIAN_POINT('',(-6.936811865585,0.));
#5351 = VECTOR('',#5352,1.);
#5352 = DIRECTION('',(1.,-0.));
#5353 = ( GEOMETRIC_REPRESENTATION_CONTEXT(2) 
PARAMETRIC_REPRESENTATION_CONTEXT() REPRESENTATION_CONTEXT('2D SPACE',''
  ) );
#5354 = ORIENTED_EDGE('',*,*,#2880,.F.);
#5355 = ORIENTED_EDGE('',*,*,#5356,.T.);
#5356 = EDGE_CURVE('',#2881,#3078,#5357,.T.);
#5357 = SURFACE_CURVE('',#5358,(#5363,#5374),.PCURVE_S1.);
#5358 = CIRCLE('',#5359,3.1);
#5359 = AXIS2_PLACEMENT_3D('',#5360,#5361,#5362);
#5360 = CARTESIAN_POINT('',(1.09668586407E-15,23.6,2.));
#5361 = DIRECTION('',(0.,0.,-1.));
#5362 = DIRECTION('',(1.,3.223228136009E-17,0.));
#5363 = PCURVE('',#2693,#5364);
#5364 = DEFINITIONAL_REPRESENTATION('',(#5365),#5373);
#5365 = ( BOUNDED_CURVE() B_SPLINE_CURVE(2,(#5366,#5367,#5368,#5369,
#5370,#5371,#5372),.UNSPECIFIED.,.T.,.F.) B_SPLINE_CURVE_WITH_KNOTS((1,2
    ,2,2,2,1),(-2.094395102393,0.,2.094395102393,4.188790204786,
6.28318530718,8.377580409573),.UNSPECIFIED.) CURVE() 
GEOMETRIC_REPRESENTATION_ITEM() RATIONAL_B_SPLINE_CURVE((1.,0.5,1.,0.5,
1.,0.5,1.)) REPRESENTATION_ITEM('') );
#5366 = CARTESIAN_POINT('',(3.1,23.6));
#5367 = CARTESIAN_POINT('',(3.1,18.230642496536));
#5368 = CARTESIAN_POINT('',(-1.55,20.915321248268));
#5369 = CARTESIAN_POINT('',(-6.2,23.6));
#5370 = CARTESIAN_POINT('',(-1.55,26.284678751732));
#5371 = CARTESIAN_POINT('',(3.1,28.969357503464));
#5372 = CARTESIAN_POINT('',(3.1,23.6));
#5373 = ( GEOMETRIC_REPRESENTATION_CONTEXT(2) 
PARAMETRIC_REPRESENTATION_CONTEXT() REPRESENTATION_CONTEXT('2D SPACE',''
  ) );
#5374 = PCURVE('',#2917,#5375);
#5375 = DEFINITIONAL_REPRESENTATION('',(#5376),#5380);
#5376 = LINE('',#5377,#5378);
#5377 = CARTESIAN_POINT('',(0.,-22.));
#5378 = VECTOR('',#5379,1.);
#5379 = DIRECTION('',(1.,0.));
#5380 = ( GEOMETRIC_REPRESENTATION_CONTEXT(2) 
PARAMETRIC_REPRESENTATION_CONTEXT() REPRESENTATION_CONTEXT('2D SPACE',''
  ) );
#5381 = ORIENTED_EDGE('',*,*,#3100,.F.);
#5382 = ORIENTED_EDGE('',*,*,#5383,.F.);
#5383 = EDGE_CURVE('',#3496,#3101,#5384,.T.);
#5384 = SURFACE_CURVE('',#5385,(#5390,#5401),.PCURVE_S1.);
#5385 = CIRCLE('',#5386,25.1);
#5386 = AXIS2_PLACEMENT_3D('',#5387,#5388,#5389);
#5387 = CARTESIAN_POINT('',(0.,0.,2.));
#5388 = DIRECTION('',(0.,0.,-1.));
#5389 = DIRECTION('',(0.793883824502,0.60806946412,0.));
#5390 = PCURVE('',#2693,#5391);
#5391 = DEFINITIONAL_REPRESENTATION('',(#5392),#5400);
#5392 = ( BOUNDED_CURVE() B_SPLINE_CURVE(2,(#5393,#5394,#5395,#5396,
#5397,#5398,#5399),.UNSPECIFIED.,.T.,.F.) B_SPLINE_CURVE_WITH_KNOTS((1,2
    ,2,2,2,1),(-2.094395102393,0.,2.094395102393,4.188790204786,
6.28318530718,8.377580409573),.UNSPECIFIED.) CURVE() 
GEOMETRIC_REPRESENTATION_ITEM() RATIONAL_B_SPLINE_CURVE((1.,0.5,1.,0.5,
1.,0.5,1.)) REPRESENTATION_ITEM('') );
#5393 = CARTESIAN_POINT('',(19.926483994991,15.262543549402));
#5394 = CARTESIAN_POINT('',(46.361984875287,-19.25113914613));
#5395 = CARTESIAN_POINT('',(3.254508442653,-24.88811312246));
#5396 = CARTESIAN_POINT('',(-39.85296798998,-30.5250870988));
#5397 = CARTESIAN_POINT('',(-23.18099243764,9.625569573065));
#5398 = CARTESIAN_POINT('',(-6.509016885306,49.776226244933));
#5399 = CARTESIAN_POINT('',(19.926483994991,15.262543549402));
#5400 = ( GEOMETRIC_REPRESENTATION_CONTEXT(2) 
PARAMETRIC_REPRESENTATION_CONTEXT() REPRESENTATION_CONTEXT('2D SPACE',''
  ) );
#5401 = PCURVE('',#3136,#5402);
#5402 = DEFINITIONAL_REPRESENTATION('',(#5403),#5407);
#5403 = LINE('',#5404,#5405);
#5404 = CARTESIAN_POINT('',(-6.936811865585,0.));
#5405 = VECTOR('',#5406,1.);
#5406 = DIRECTION('',(1.,-0.));
#5407 = ( GEOMETRIC_REPRESENTATION_CONTEXT(2) 
PARAMETRIC_REPRESENTATION_CONTEXT() REPRESENTATION_CONTEXT('2D SPACE',''
  ) );
#5408 = ORIENTED_EDGE('',*,*,#3495,.T.);
#5409 = ORIENTED_EDGE('',*,*,#3598,.T.);
#5410 = ORIENTED_EDGE('',*,*,#5411,.F.);
#5411 = EDGE_CURVE('',#3825,#3573,#5412,.T.);
#5412 = SURFACE_CURVE('',#5413,(#5418,#5429),.PCURVE_S1.);
#5413 = CIRCLE('',#5414,25.1);
#5414 = AXIS2_PLACEMENT_3D('',#5415,#5416,#5417);
#5415 = CARTESIAN_POINT('',(0.,0.,2.));
#5416 = DIRECTION('',(0.,0.,-1.));
#5417 = DIRECTION('',(0.793883824502,0.60806946412,0.));
#5418 = PCURVE('',#2693,#5419);
#5419 = DEFINITIONAL_REPRESENTATION('',(#5420),#5428);
#5420 = ( BOUNDED_CURVE() B_SPLINE_CURVE(2,(#5421,#5422,#5423,#5424,
#5425,#5426,#5427),.UNSPECIFIED.,.T.,.F.) B_SPLINE_CURVE_WITH_KNOTS((1,2
    ,2,2,2,1),(-2.094395102393,0.,2.094395102393,4.188790204786,
6.28318530718,8.377580409573),.UNSPECIFIED.) CURVE() 
GEOMETRIC_REPRESENTATION_ITEM() RATIONAL_B_SPLINE_CURVE((1.,0.5,1.,0.5,
1.,0.5,1.)) REPRESENTATION_ITEM('') );
#5421 = CARTESIAN_POINT('',(19.926483994991,15.262543549402));
#5422 = CARTESIAN_POINT('',(46.361984875287,-19.25113914613));
#5423 = CARTESIAN_POINT('',(3.254508442653,-24.88811312246));
#5424 = CARTESIAN_POINT('',(-39.85296798998,-30.5250870988));
#5425 = CARTESIAN_POINT('',(-23.18099243764,9.625569573065));
#5426 = CARTESIAN_POINT('',(-6.509016885306,49.776226244933));
#5427 = CARTESIAN_POINT('',(19.926483994991,15.262543549402));
#5428 = ( GEOMETRIC_REPRESENTATION_CONTEXT(2) 
PARAMETRIC_REPRESENTATION_CONTEXT() REPRESENTATION_CONTEXT('2D SPACE',''
  ) );
#5429 = PCURVE('',#3587,#5430);
#5430 = DEFINITIONAL_REPRESENTATION('',(#5431),#5435);
#5431 = LINE('',#5432,#5433);
#5432 = CARTESIAN_POINT('',(-6.936811865585,0.));
#5433 = VECTOR('',#5434,1.);
#5434 = DIRECTION('',(1.,-0.));
#5435 = ( GEOMETRIC_REPRESENTATION_CONTEXT(2) 
PARAMETRIC_REPRESENTATION_CONTEXT() REPRESENTATION_CONTEXT('2D SPACE',''
  ) );
#5436 = ORIENTED_EDGE('',*,*,#3824,.T.);
#5437 = ORIENTED_EDGE('',*,*,#3922,.T.);
#5438 = ORIENTED_EDGE('',*,*,#5439,.F.);
#5439 = EDGE_CURVE('',#3264,#3902,#5440,.T.);
#5440 = SURFACE_CURVE('',#5441,(#5446,#5457),.PCURVE_S1.);
#5441 = CIRCLE('',#5442,25.1);
#5442 = AXIS2_PLACEMENT_3D('',#5443,#5444,#5445);
#5443 = CARTESIAN_POINT('',(0.,0.,2.));
#5444 = DIRECTION('',(0.,0.,-1.));
#5445 = DIRECTION('',(0.793883824502,0.60806946412,0.));
#5446 = PCURVE('',#2693,#5447);
#5447 = DEFINITIONAL_REPRESENTATION('',(#5448),#5456);
#5448 = ( BOUNDED_CURVE() B_SPLINE_CURVE(2,(#5449,#5450,#5451,#5452,
#5453,#5454,#5455),.UNSPECIFIED.,.T.,.F.) B_SPLINE_CURVE_WITH_KNOTS((1,2
    ,2,2,2,1),(-2.094395102393,0.,2.094395102393,4.188790204786,
6.28318530718,8.377580409573),.UNSPECIFIED.) CURVE() 
GEOMETRIC_REPRESENTATION_ITEM() RATIONAL_B_SPLINE_CURVE((1.,0.5,1.,0.5,
1.,0.5,1.)) REPRESENTATION_ITEM('') );
#5449 = CARTESIAN_POINT('',(19.926483994991,15.262543549402));
#5450 = CARTESIAN_POINT('',(46.361984875287,-19.25113914613));
#5451 = CARTESIAN_POINT('',(3.254508442653,-24.88811312246));
#5452 = CARTESIAN_POINT('',(-39.85296798998,-30.5250870988));
#5453 = CARTESIAN_POINT('',(-23.18099243764,9.625569573065));
#5454 = CARTESIAN_POINT('',(-6.509016885306,49.776226244933));
#5455 = CARTESIAN_POINT('',(19.926483994991,15.262543549402));
#5456 = ( GEOMETRIC_REPRESENTATION_CONTEXT(2) 
PARAMETRIC_REPRESENTATION_CONTEXT() REPRESENTATION_CONTEXT('2D SPACE',''
  ) );
#5457 = PCURVE('',#3306,#5458);
#5458 = DEFINITIONAL_REPRESENTATION('',(#5459),#5463);
#5459 = LINE('',#5460,#5461);
#5460 = CARTESIAN_POINT('',(-6.936811865585,0.));
#5461 = VECTOR('',#5462,1.);
#5462 = DIRECTION('',(1.,-0.));
#5463 = ( GEOMETRIC_REPRESENTATION_CONTEXT(2) 
PARAMETRIC_REPRESENTATION_CONTEXT() REPRESENTATION_CONTEXT('2D SPACE',''
  ) );
#5464 = ORIENTED_EDGE('',*,*,#3263,.T.);
#5465 = FACE_BOUND('',#5466,.T.);
#5466 = EDGE_LOOP('',(#5467));
#5467 = ORIENTED_EDGE('',*,*,#5468,.T.);
#5468 = EDGE_CURVE('',#5469,#5469,#5471,.T.);
#5469 = VERTEX_POINT('',#5470);
#5470 = CARTESIAN_POINT('',(12.,8.498032742688E-17,2.));
#5471 = SURFACE_CURVE('',#5472,(#5477,#5488),.PCURVE_S1.);
#5472 = CIRCLE('',#5473,12.);
#5473 = AXIS2_PLACEMENT_3D('',#5474,#5475,#5476);
#5474 = CARTESIAN_POINT('',(0.,0.,2.));
#5475 = DIRECTION('',(0.,0.,-1.));
#5476 = DIRECTION('',(1.,0.,0.));
#5477 = PCURVE('',#2693,#5478);
#5478 = DEFINITIONAL_REPRESENTATION('',(#5479),#5487);
#5479 = ( BOUNDED_CURVE() B_SPLINE_CURVE(2,(#5480,#5481,#5482,#5483,
#5484,#5485,#5486),.UNSPECIFIED.,.T.,.F.) B_SPLINE_CURVE_WITH_KNOTS((1,2
    ,2,2,2,1),(-2.094395102393,0.,2.094395102393,4.188790204786,
6.28318530718,8.377580409573),.UNSPECIFIED.) CURVE() 
GEOMETRIC_REPRESENTATION_ITEM() RATIONAL_B_SPLINE_CURVE((1.,0.5,1.,0.5,
1.,0.5,1.)) REPRESENTATION_ITEM('') );
#5480 = CARTESIAN_POINT('',(12.,-7.187288144848E-16));
#5481 = CARTESIAN_POINT('',(12.,-20.78460969082));
#5482 = CARTESIAN_POINT('',(-6.,-10.39230484541));
#5483 = CARTESIAN_POINT('',(-24.,-3.657881132438E-15));
#5484 = CARTESIAN_POINT('',(-6.,10.392304845413));
#5485 = CARTESIAN_POINT('',(12.,20.784609690827));
#5486 = CARTESIAN_POINT('',(12.,-7.187288144848E-16));
#5487 = ( GEOMETRIC_REPRESENTATION_CONTEXT(2) 
PARAMETRIC_REPRESENTATION_CONTEXT() REPRESENTATION_CONTEXT('2D SPACE',''
  ) );
#5488 = PCURVE('',#5489,#5494);
#5489 = CYLINDRICAL_SURFACE('',#5490,12.);
#5490 = AXIS2_PLACEMENT_3D('',#5491,#5492,#5493);
#5491 = CARTESIAN_POINT('',(0.,0.,-20.));
#5492 = DIRECTION('',(-0.,-0.,-1.));
#5493 = DIRECTION('',(1.,0.,0.));
#5494 = DEFINITIONAL_REPRESENTATION('',(#5495),#5499);
#5495 = LINE('',#5496,#5497);
#5496 = CARTESIAN_POINT('',(-6.28318530718,-22.));
#5497 = VECTOR('',#5498,1.);
#5498 = DIRECTION('',(1.,-0.));
#5499 = ( GEOMETRIC_REPRESENTATION_CONTEXT(2) 
PARAMETRIC_REPRESENTATION_CONTEXT() REPRESENTATION_CONTEXT('2D SPACE',''
  ) );
#5500 = ADVANCED_FACE('',(#5501),#2665,.F.);
#5501 = FACE_BOUND('',#5502,.T.);
#5502 = EDGE_LOOP('',(#5503,#5504,#5505,#5506));
#5503 = ORIENTED_EDGE('',*,*,#5043,.F.);
#5504 = ORIENTED_EDGE('',*,*,#2859,.T.);
#5505 = ORIENTED_EDGE('',*,*,#5329,.T.);
#5506 = ORIENTED_EDGE('',*,*,#2650,.F.);
#5507 = ADVANCED_FACE('',(#5508),#2917,.F.);
#5508 = FACE_BOUND('',#5509,.F.);
#5509 = EDGE_LOOP('',(#5510,#5511,#5512,#5513,#5514,#5515,#5536,#5569));
#5510 = ORIENTED_EDGE('',*,*,#5175,.F.);
#5511 = ORIENTED_EDGE('',*,*,#2901,.T.);
#5512 = ORIENTED_EDGE('',*,*,#5356,.T.);
#5513 = ORIENTED_EDGE('',*,*,#3077,.F.);
#5514 = ORIENTED_EDGE('',*,*,#5261,.F.);
#5515 = ORIENTED_EDGE('',*,*,#5516,.F.);
#5516 = EDGE_CURVE('',#5517,#5233,#5519,.T.);
#5517 = VERTEX_POINT('',#5518);
#5518 = CARTESIAN_POINT('',(-1.432536316735,20.850847457627,0.));
#5519 = SURFACE_CURVE('',#5520,(#5524,#5530),.PCURVE_S1.);
#5520 = LINE('',#5521,#5522);
#5521 = CARTESIAN_POINT('',(-1.432536316735,20.850847457627,-3.));
#5522 = VECTOR('',#5523,1.);
#5523 = DIRECTION('',(-0.,-0.,-1.));
#5524 = PCURVE('',#2917,#5525);
#5525 = DEFINITIONAL_REPRESENTATION('',(#5526),#5529);
#5526 = B_SPLINE_CURVE_WITH_KNOTS('',1,(#5527,#5528),.UNSPECIFIED.,.F.,
  .F.,(2,2),(-3.0000006,5.999999999062E-07),.PIECEWISE_BEZIER_KNOTS.);
#5527 = CARTESIAN_POINT('',(2.051167631702,-20.0000006));
#5528 = CARTESIAN_POINT('',(2.051167631702,-16.9999994));
#5529 = ( GEOMETRIC_REPRESENTATION_CONTEXT(2) 
PARAMETRIC_REPRESENTATION_CONTEXT() REPRESENTATION_CONTEXT('2D SPACE',''
  ) );
#5530 = PCURVE('',#5249,#5531);
#5531 = DEFINITIONAL_REPRESENTATION('',(#5532),#5535);
#5532 = B_SPLINE_CURVE_WITH_KNOTS('',1,(#5533,#5534),.UNSPECIFIED.,.F.,
  .F.,(2,2),(-3.0000006,5.999999999062E-07),.PIECEWISE_BEZIER_KNOTS.);
#5533 = CARTESIAN_POINT('',(-1.639392517486,-3.0000006));
#5534 = CARTESIAN_POINT('',(-1.639392517486,5.999999999062E-07));
#5535 = ( GEOMETRIC_REPRESENTATION_CONTEXT(2) 
PARAMETRIC_REPRESENTATION_CONTEXT() REPRESENTATION_CONTEXT('2D SPACE',''
  ) );
#5536 = ORIENTED_EDGE('',*,*,#5537,.F.);
#5537 = EDGE_CURVE('',#5538,#5517,#5540,.T.);
#5538 = VERTEX_POINT('',#5539);
#5539 = CARTESIAN_POINT('',(1.432536316735,20.850847457627,0.));
#5540 = SURFACE_CURVE('',#5541,(#5546,#5553),.PCURVE_S1.);
#5541 = CIRCLE('',#5542,3.1);
#5542 = AXIS2_PLACEMENT_3D('',#5543,#5544,#5545);
#5543 = CARTESIAN_POINT('',(1.09668586407E-15,23.6,0.));
#5544 = DIRECTION('',(0.,0.,-1.));
#5545 = DIRECTION('',(1.,3.223228136009E-17,0.));
#5546 = PCURVE('',#2917,#5547);
#5547 = DEFINITIONAL_REPRESENTATION('',(#5548),#5552);
#5548 = LINE('',#5549,#5550);
#5549 = CARTESIAN_POINT('',(0.,-20.));
#5550 = VECTOR('',#5551,1.);
#5551 = DIRECTION('',(1.,0.));
#5552 = ( GEOMETRIC_REPRESENTATION_CONTEXT(2) 
PARAMETRIC_REPRESENTATION_CONTEXT() REPRESENTATION_CONTEXT('2D SPACE',''
  ) );
#5553 = PCURVE('',#5554,#5559);
#5554 = PLANE('',#5555);
#5555 = AXIS2_PLACEMENT_3D('',#5556,#5557,#5558);
#5556 = CARTESIAN_POINT('',(-2.734880265079E-15,1.687072141469E-15,0.));
#5557 = DIRECTION('',(0.,0.,1.));
#5558 = DIRECTION('',(1.,0.,-0.));
#5559 = DEFINITIONAL_REPRESENTATION('',(#5560),#5568);
#5560 = ( BOUNDED_CURVE() B_SPLINE_CURVE(2,(#5561,#5562,#5563,#5564,
#5565,#5566,#5567),.UNSPECIFIED.,.T.,.F.) B_SPLINE_CURVE_WITH_KNOTS((1,2
    ,2,2,2,1),(-2.094395102393,0.,2.094395102393,4.188790204786,
6.28318530718,8.377580409573),.UNSPECIFIED.) CURVE() 
GEOMETRIC_REPRESENTATION_ITEM() RATIONAL_B_SPLINE_CURVE((1.,0.5,1.,0.5,
1.,0.5,1.)) REPRESENTATION_ITEM('') );
#5561 = CARTESIAN_POINT('',(3.1,23.6));
#5562 = CARTESIAN_POINT('',(3.1,18.230642496536));
#5563 = CARTESIAN_POINT('',(-1.55,20.915321248268));
#5564 = CARTESIAN_POINT('',(-6.2,23.6));
#5565 = CARTESIAN_POINT('',(-1.55,26.284678751732));
#5566 = CARTESIAN_POINT('',(3.1,28.969357503464));
#5567 = CARTESIAN_POINT('',(3.1,23.6));
#5568 = ( GEOMETRIC_REPRESENTATION_CONTEXT(2) 
PARAMETRIC_REPRESENTATION_CONTEXT() REPRESENTATION_CONTEXT('2D SPACE',''
  ) );
#5569 = ORIENTED_EDGE('',*,*,#5570,.T.);
#5570 = EDGE_CURVE('',#5538,#5176,#5571,.T.);
#5571 = SURFACE_CURVE('',#5572,(#5576,#5582),.PCURVE_S1.);
#5572 = LINE('',#5573,#5574);
#5573 = CARTESIAN_POINT('',(1.432536316735,20.850847457627,-3.));
#5574 = VECTOR('',#5575,1.);
#5575 = DIRECTION('',(-0.,-0.,-1.));
#5576 = PCURVE('',#2917,#5577);
#5577 = DEFINITIONAL_REPRESENTATION('',(#5578),#5581);
#5578 = B_SPLINE_CURVE_WITH_KNOTS('',1,(#5579,#5580),.UNSPECIFIED.,.F.,
  .F.,(2,2),(-3.0000006,5.999999999062E-07),.PIECEWISE_BEZIER_KNOTS.);
#5579 = CARTESIAN_POINT('',(1.090425021888,-20.0000006));
#5580 = CARTESIAN_POINT('',(1.090425021888,-16.9999994));
#5581 = ( GEOMETRIC_REPRESENTATION_CONTEXT(2) 
PARAMETRIC_REPRESENTATION_CONTEXT() REPRESENTATION_CONTEXT('2D SPACE',''
  ) );
#5582 = PCURVE('',#5220,#5583);
#5583 = DEFINITIONAL_REPRESENTATION('',(#5584),#5587);
#5584 = B_SPLINE_CURVE_WITH_KNOTS('',1,(#5585,#5586),.UNSPECIFIED.,.F.,
  .F.,(2,2),(-3.0000006,5.999999999062E-07),.PIECEWISE_BEZIER_KNOTS.);
#5585 = CARTESIAN_POINT('',(-1.502200136104,-3.0000006));
#5586 = CARTESIAN_POINT('',(-1.502200136104,5.999999999062E-07));
#5587 = ( GEOMETRIC_REPRESENTATION_CONTEXT(2) 
PARAMETRIC_REPRESENTATION_CONTEXT() REPRESENTATION_CONTEXT('2D SPACE',''
  ) );
#5588 = ADVANCED_FACE('',(#5589),#3136,.F.);
#5589 = FACE_BOUND('',#5590,.T.);
#5590 = EDGE_LOOP('',(#5591,#5592,#5593,#5594));
#5591 = ORIENTED_EDGE('',*,*,#5014,.F.);
#5592 = ORIENTED_EDGE('',*,*,#3523,.T.);
#5593 = ORIENTED_EDGE('',*,*,#5383,.T.);
#5594 = ORIENTED_EDGE('',*,*,#3121,.F.);
#5595 = ADVANCED_FACE('',(#5596),#3306,.F.);
#5596 = FACE_BOUND('',#5597,.T.);
#5597 = EDGE_LOOP('',(#5598,#5599,#5600,#5601));
#5598 = ORIENTED_EDGE('',*,*,#5099,.F.);
#5599 = ORIENTED_EDGE('',*,*,#3291,.T.);
#5600 = ORIENTED_EDGE('',*,*,#5439,.T.);
#5601 = ORIENTED_EDGE('',*,*,#3901,.F.);
#5602 = ADVANCED_FACE('',(#5603),#3587,.F.);
#5603 = FACE_BOUND('',#5604,.T.);
#5604 = EDGE_LOOP('',(#5605,#5606,#5607,#5608));
#5605 = ORIENTED_EDGE('',*,*,#5126,.F.);
#5606 = ORIENTED_EDGE('',*,*,#3852,.T.);
#5607 = ORIENTED_EDGE('',*,*,#5411,.T.);
#5608 = ORIENTED_EDGE('',*,*,#3572,.F.);
#5609 = ADVANCED_FACE('',(#5610),#4508,.F.);
#5610 = FACE_BOUND('',#5611,.F.);
#5611 = EDGE_LOOP('',(#5612,#5613,#5636,#5664,#5687,#5708));
#5612 = ORIENTED_EDGE('',*,*,#4492,.F.);
#5613 = ORIENTED_EDGE('',*,*,#5614,.T.);
#5614 = EDGE_CURVE('',#4459,#5615,#5617,.T.);
#5615 = VERTEX_POINT('',#5616);
#5616 = CARTESIAN_POINT('',(28.41770633487,71.024305867528,
    -19.26572828363));
#5617 = SURFACE_CURVE('',#5618,(#5622,#5629),.PCURVE_S1.);
#5618 = LINE('',#5619,#5620);
#5619 = CARTESIAN_POINT('',(17.202217431254,64.549040329931,
    -20.39875293935));
#5620 = VECTOR('',#5621,1.);
#5621 = DIRECTION('',(0.862729915663,0.498097349046,8.715574274766E-02)
  );
#5622 = PCURVE('',#4508,#5623);
#5623 = DEFINITIONAL_REPRESENTATION('',(#5624),#5628);
#5624 = LINE('',#5625,#5626);
#5625 = CARTESIAN_POINT('',(4.,6.896088592818E-15));
#5626 = VECTOR('',#5627,1.);
#5627 = DIRECTION('',(-1.157957318589E-17,-1.));
#5628 = ( GEOMETRIC_REPRESENTATION_CONTEXT(2) 
PARAMETRIC_REPRESENTATION_CONTEXT() REPRESENTATION_CONTEXT('2D SPACE',''
  ) );
#5629 = PCURVE('',#4475,#5630);
#5630 = DEFINITIONAL_REPRESENTATION('',(#5631),#5635);
#5631 = LINE('',#5632,#5633);
#5632 = CARTESIAN_POINT('',(1.570796326795,0.));
#5633 = VECTOR('',#5634,1.);
#5634 = DIRECTION('',(0.,1.));
#5635 = ( GEOMETRIC_REPRESENTATION_CONTEXT(2) 
PARAMETRIC_REPRESENTATION_CONTEXT() REPRESENTATION_CONTEXT('2D SPACE',''
  ) );
#5636 = ORIENTED_EDGE('',*,*,#5637,.T.);
#5637 = EDGE_CURVE('',#5615,#5638,#5640,.T.);
#5638 = VERTEX_POINT('',#5639);
#5639 = CARTESIAN_POINT('',(26.783584094713,70.080844952284,
    2.301886930048));
#5640 = SURFACE_CURVE('',#5641,(#5645,#5652),.PCURVE_S1.);
#5641 = LINE('',#5642,#5643);
#5642 = CARTESIAN_POINT('',(28.41770633487,71.024305867528,
    -19.26572828363));
#5643 = VECTOR('',#5644,1.);
#5644 = DIRECTION('',(-7.547908730517E-02,-4.357787137383E-02,
    0.996194698092));
#5645 = PCURVE('',#4508,#5646);
#5646 = DEFINITIONAL_REPRESENTATION('',(#5647),#5651);
#5647 = LINE('',#5648,#5649);
#5648 = CARTESIAN_POINT('',(4.,-13.));
#5649 = VECTOR('',#5650,1.);
#5650 = DIRECTION('',(1.,1.157957318589E-17));
#5651 = ( GEOMETRIC_REPRESENTATION_CONTEXT(2) 
PARAMETRIC_REPRESENTATION_CONTEXT() REPRESENTATION_CONTEXT('2D SPACE',''
  ) );
#5652 = PCURVE('',#5653,#5658);
#5653 = PLANE('',#5654);
#5654 = AXIS2_PLACEMENT_3D('',#5655,#5656,#5657);
#5655 = CARTESIAN_POINT('',(28.758388813786,70.932323853843,
    -19.24393934795));
#5656 = DIRECTION('',(-0.256488783104,-0.964580448897,
    -6.162841671622E-02));
#5657 = DIRECTION('',(7.547908730517E-02,4.357787137383E-02,
    -0.996194698092));
#5658 = DEFINITIONAL_REPRESENTATION('',(#5659),#5663);
#5659 = LINE('',#5660,#5661);
#5660 = CARTESIAN_POINT('',(-6.6562251645E-16,-0.353553390593));
#5661 = VECTOR('',#5662,1.);
#5662 = DIRECTION('',(-1.,6.053904699522E-18));
#5663 = ( GEOMETRIC_REPRESENTATION_CONTEXT(2) 
PARAMETRIC_REPRESENTATION_CONTEXT() REPRESENTATION_CONTEXT('2D SPACE',''
  ) );
#5664 = ORIENTED_EDGE('',*,*,#5665,.F.);
#5665 = EDGE_CURVE('',#5666,#5638,#5668,.T.);
#5666 = VERTEX_POINT('',#5667);
#5667 = CARTESIAN_POINT('',(25.058124263388,69.084650254193,
    2.127575444553));
#5668 = SURFACE_CURVE('',#5669,(#5673,#5680),.PCURVE_S1.);
#5669 = LINE('',#5670,#5671);
#5670 = CARTESIAN_POINT('',(25.058124263388,69.084650254193,
    2.127575444553));
#5671 = VECTOR('',#5672,1.);
#5672 = DIRECTION('',(0.862729915663,0.498097349046,8.715574274766E-02)
  );
#5673 = PCURVE('',#4508,#5674);
#5674 = DEFINITIONAL_REPRESENTATION('',(#5675),#5679);
#5675 = LINE('',#5676,#5677);
#5676 = CARTESIAN_POINT('',(25.65,-11.));
#5677 = VECTOR('',#5678,1.);
#5678 = DIRECTION('',(-1.157957318589E-17,-1.));
#5679 = ( GEOMETRIC_REPRESENTATION_CONTEXT(2) 
PARAMETRIC_REPRESENTATION_CONTEXT() REPRESENTATION_CONTEXT('2D SPACE',''
  ) );
#5680 = PCURVE('',#4931,#5681);
#5681 = DEFINITIONAL_REPRESENTATION('',(#5682),#5686);
#5682 = LINE('',#5683,#5684);
#5683 = CARTESIAN_POINT('',(0.,0.));
#5684 = VECTOR('',#5685,1.);
#5685 = DIRECTION('',(0.,1.));
#5686 = ( GEOMETRIC_REPRESENTATION_CONTEXT(2) 
PARAMETRIC_REPRESENTATION_CONTEXT() REPRESENTATION_CONTEXT('2D SPACE',''
  ) );
#5687 = ORIENTED_EDGE('',*,*,#5688,.T.);
#5688 = EDGE_CURVE('',#5666,#4947,#5689,.T.);
#5689 = SURFACE_CURVE('',#5690,(#5694,#5701),.PCURVE_S1.);
#5690 = LINE('',#5691,#5692);
#5691 = CARTESIAN_POINT('',(26.994162852766,70.202422654931,
    -23.4248185615));
#5692 = VECTOR('',#5693,1.);
#5693 = DIRECTION('',(-7.547908730517E-02,-4.357787137383E-02,
    0.996194698092));
#5694 = PCURVE('',#4508,#5695);
#5695 = DEFINITIONAL_REPRESENTATION('',(#5696),#5700);
#5696 = LINE('',#5697,#5698);
#5697 = CARTESIAN_POINT('',(-6.81325015564E-16,-11.));
#5698 = VECTOR('',#5699,1.);
#5699 = DIRECTION('',(1.,1.157957318589E-17));
#5700 = ( GEOMETRIC_REPRESENTATION_CONTEXT(2) 
PARAMETRIC_REPRESENTATION_CONTEXT() REPRESENTATION_CONTEXT('2D SPACE',''
  ) );
#5701 = PCURVE('',#4962,#5702);
#5702 = DEFINITIONAL_REPRESENTATION('',(#5703),#5707);
#5703 = LINE('',#5704,#5705);
#5704 = CARTESIAN_POINT('',(-19.675,-47.3));
#5705 = VECTOR('',#5706,1.);
#5706 = DIRECTION('',(1.,-2.748962873712E-18));
#5707 = ( GEOMETRIC_REPRESENTATION_CONTEXT(2) 
PARAMETRIC_REPRESENTATION_CONTEXT() REPRESENTATION_CONTEXT('2D SPACE',''
  ) );
#5708 = ORIENTED_EDGE('',*,*,#4974,.T.);
#5709 = ADVANCED_FACE('',(#5710),#4475,.T.);
#5710 = FACE_BOUND('',#5711,.T.);
#5711 = EDGE_LOOP('',(#5712,#5735,#5736,#5737));
#5712 = ORIENTED_EDGE('',*,*,#5713,.F.);
#5713 = EDGE_CURVE('',#4431,#5714,#5716,.T.);
#5714 = VERTEX_POINT('',#5715);
#5715 = CARTESIAN_POINT('',(30.719622684091,67.734515737885,
    -23.250507076));
#5716 = SURFACE_CURVE('',#5717,(#5721,#5728),.PCURVE_S1.);
#5717 = LINE('',#5718,#5719);
#5718 = CARTESIAN_POINT('',(19.504133780474,61.259250200289,
    -24.38353173172));
#5719 = VECTOR('',#5720,1.);
#5720 = DIRECTION('',(0.862729915663,0.498097349046,8.715574274766E-02)
  );
#5721 = PCURVE('',#4475,#5722);
#5722 = DEFINITIONAL_REPRESENTATION('',(#5723),#5727);
#5723 = LINE('',#5724,#5725);
#5724 = CARTESIAN_POINT('',(0.,0.));
#5725 = VECTOR('',#5726,1.);
#5726 = DIRECTION('',(0.,1.));
#5727 = ( GEOMETRIC_REPRESENTATION_CONTEXT(2) 
PARAMETRIC_REPRESENTATION_CONTEXT() REPRESENTATION_CONTEXT('2D SPACE',''
  ) );
#5728 = PCURVE('',#4446,#5729);
#5729 = DEFINITIONAL_REPRESENTATION('',(#5730),#5734);
#5730 = LINE('',#5731,#5732);
#5731 = CARTESIAN_POINT('',(90.6,9.538382767963E-15));
#5732 = VECTOR('',#5733,1.);
#5733 = DIRECTION('',(-7.620020411169E-18,-1.));
#5734 = ( GEOMETRIC_REPRESENTATION_CONTEXT(2) 
PARAMETRIC_REPRESENTATION_CONTEXT() REPRESENTATION_CONTEXT('2D SPACE',''
  ) );
#5735 = ORIENTED_EDGE('',*,*,#4458,.T.);
#5736 = ORIENTED_EDGE('',*,*,#5614,.T.);
#5737 = ORIENTED_EDGE('',*,*,#5738,.F.);
#5738 = EDGE_CURVE('',#5714,#5615,#5739,.T.);
#5739 = SURFACE_CURVE('',#5740,(#5745,#5752),.PCURVE_S1.);
#5740 = CIRCLE('',#5741,4.);
#5741 = AXIS2_PLACEMENT_3D('',#5742,#5743,#5744);
#5742 = CARTESIAN_POINT('',(30.41770633487,67.56020425239,
    -19.26572828363));
#5743 = DIRECTION('',(0.862729915663,0.498097349046,8.715574274766E-02)
  );
#5744 = DIRECTION('',(7.547908730517E-02,4.357787137383E-02,
    -0.996194698092));
#5745 = PCURVE('',#4475,#5746);
#5746 = DEFINITIONAL_REPRESENTATION('',(#5747),#5751);
#5747 = LINE('',#5748,#5749);
#5748 = CARTESIAN_POINT('',(0.,13.));
#5749 = VECTOR('',#5750,1.);
#5750 = DIRECTION('',(1.,0.));
#5751 = ( GEOMETRIC_REPRESENTATION_CONTEXT(2) 
PARAMETRIC_REPRESENTATION_CONTEXT() REPRESENTATION_CONTEXT('2D SPACE',''
  ) );
#5752 = PCURVE('',#5753,#5758);
#5753 = CONICAL_SURFACE('',#5754,4.,0.785398163397);
#5754 = AXIS2_PLACEMENT_3D('',#5755,#5756,#5757);
#5755 = CARTESIAN_POINT('',(30.41770633487,67.56020425239,
    -19.26572828363));
#5756 = DIRECTION('',(-0.862729915663,-0.498097349046,
    -8.715574274766E-02));
#5757 = DIRECTION('',(7.547908730517E-02,4.357787137383E-02,
    -0.996194698092));
#5758 = DEFINITIONAL_REPRESENTATION('',(#5759),#5763);
#5759 = LINE('',#5760,#5761);
#5760 = CARTESIAN_POINT('',(-0.,-0.));
#5761 = VECTOR('',#5762,1.);
#5762 = DIRECTION('',(-1.,-0.));
#5763 = ( GEOMETRIC_REPRESENTATION_CONTEXT(2) 
PARAMETRIC_REPRESENTATION_CONTEXT() REPRESENTATION_CONTEXT('2D SPACE',''
  ) );
#5764 = ADVANCED_FACE('',(#5765),#4446,.F.);
#5765 = FACE_BOUND('',#5766,.F.);
#5766 = EDGE_LOOP('',(#5767,#5768,#5791,#5817));
#5767 = ORIENTED_EDGE('',*,*,#4430,.F.);
#5768 = ORIENTED_EDGE('',*,*,#5769,.F.);
#5769 = EDGE_CURVE('',#5770,#4397,#5772,.T.);
#5770 = VERTEX_POINT('',#5771);
#5771 = CARTESIAN_POINT('',(74.019622684091,-7.263284229847,
    -23.250507076));
#5772 = SURFACE_CURVE('',#5773,(#5777,#5784),.PCURVE_S1.);
#5773 = LINE('',#5774,#5775);
#5774 = CARTESIAN_POINT('',(74.019622684091,-7.263284229847,
    -23.250507076));
#5775 = VECTOR('',#5776,1.);
#5776 = DIRECTION('',(-0.862729915663,-0.498097349046,
    -8.715574274766E-02));
#5777 = PCURVE('',#4446,#5778);
#5778 = DEFINITIONAL_REPRESENTATION('',(#5779),#5783);
#5779 = LINE('',#5780,#5781);
#5780 = CARTESIAN_POINT('',(4.,-13.));
#5781 = VECTOR('',#5782,1.);
#5782 = DIRECTION('',(7.620020411169E-18,1.));
#5783 = ( GEOMETRIC_REPRESENTATION_CONTEXT(2) 
PARAMETRIC_REPRESENTATION_CONTEXT() REPRESENTATION_CONTEXT('2D SPACE',''
  ) );
#5784 = PCURVE('',#4413,#5785);
#5785 = DEFINITIONAL_REPRESENTATION('',(#5786),#5790);
#5786 = LINE('',#5787,#5788);
#5787 = CARTESIAN_POINT('',(-0.,13.));
#5788 = VECTOR('',#5789,1.);
#5789 = DIRECTION('',(-0.,-1.));
#5790 = ( GEOMETRIC_REPRESENTATION_CONTEXT(2) 
PARAMETRIC_REPRESENTATION_CONTEXT() REPRESENTATION_CONTEXT('2D SPACE',''
  ) );
#5791 = ORIENTED_EDGE('',*,*,#5792,.T.);
#5792 = EDGE_CURVE('',#5770,#5714,#5793,.T.);
#5793 = SURFACE_CURVE('',#5794,(#5798,#5805),.PCURVE_S1.);
#5794 = LINE('',#5795,#5796);
#5795 = CARTESIAN_POINT('',(74.019622684091,-7.263284229847,
    -23.250507076));
#5796 = VECTOR('',#5797,1.);
#5797 = DIRECTION('',(-0.5,0.866025403784,0.));
#5798 = PCURVE('',#4446,#5799);
#5799 = DEFINITIONAL_REPRESENTATION('',(#5800),#5804);
#5800 = LINE('',#5801,#5802);
#5801 = CARTESIAN_POINT('',(4.,-13.));
#5802 = VECTOR('',#5803,1.);
#5803 = DIRECTION('',(1.,7.858696607916E-18));
#5804 = ( GEOMETRIC_REPRESENTATION_CONTEXT(2) 
PARAMETRIC_REPRESENTATION_CONTEXT() REPRESENTATION_CONTEXT('2D SPACE',''
  ) );
#5805 = PCURVE('',#5806,#5811);
#5806 = PLANE('',#5807);
#5807 = AXIS2_PLACEMENT_3D('',#5808,#5809,#5810);
#5808 = CARTESIAN_POINT('',(74.216435391181,-7.149654360429,
    -22.97966946579));
#5809 = DIRECTION('',(-0.663413948169,-0.383022221559,0.642787609687));
#5810 = DIRECTION('',(0.5,-0.866025403784,1.214556072163E-18));
#5811 = DEFINITIONAL_REPRESENTATION('',(#5812),#5816);
#5812 = LINE('',#5813,#5814);
#5813 = CARTESIAN_POINT('',(2.439209218851E-15,-0.353553390593));
#5814 = VECTOR('',#5815,1.);
#5815 = DIRECTION('',(-1.,-3.380994803421E-17));
#5816 = ( GEOMETRIC_REPRESENTATION_CONTEXT(2) 
PARAMETRIC_REPRESENTATION_CONTEXT() REPRESENTATION_CONTEXT('2D SPACE',''
  ) );
#5817 = ORIENTED_EDGE('',*,*,#5713,.F.);
#5818 = ADVANCED_FACE('',(#5819),#4413,.T.);
#5819 = FACE_BOUND('',#5820,.F.);
#5820 = EDGE_LOOP('',(#5821,#5850,#5851,#5852,#5908));
#5821 = ORIENTED_EDGE('',*,*,#5822,.T.);
#5822 = EDGE_CURVE('',#5823,#5770,#5825,.T.);
#5823 = VERTEX_POINT('',#5824);
#5824 = CARTESIAN_POINT('',(75.71770633487,-10.90169733048,
    -19.26572828363));
#5825 = SURFACE_CURVE('',#5826,(#5831,#5838),.PCURVE_S1.);
#5826 = CIRCLE('',#5827,4.);
#5827 = AXIS2_PLACEMENT_3D('',#5828,#5829,#5830);
#5828 = CARTESIAN_POINT('',(73.71770633487,-7.437595715342,
    -19.26572828363));
#5829 = DIRECTION('',(0.862729915663,0.498097349046,8.715574274766E-02)
  );
#5830 = DIRECTION('',(0.5,-0.866025403784,0.));
#5831 = PCURVE('',#4413,#5832);
#5832 = DEFINITIONAL_REPRESENTATION('',(#5833),#5837);
#5833 = LINE('',#5834,#5835);
#5834 = CARTESIAN_POINT('',(-1.570796326795,13.));
#5835 = VECTOR('',#5836,1.);
#5836 = DIRECTION('',(1.,-0.));
#5837 = ( GEOMETRIC_REPRESENTATION_CONTEXT(2) 
PARAMETRIC_REPRESENTATION_CONTEXT() REPRESENTATION_CONTEXT('2D SPACE',''
  ) );
#5838 = PCURVE('',#5839,#5844);
#5839 = CONICAL_SURFACE('',#5840,4.,0.785398163397);
#5840 = AXIS2_PLACEMENT_3D('',#5841,#5842,#5843);
#5841 = CARTESIAN_POINT('',(73.71770633487,-7.437595715342,
    -19.26572828363));
#5842 = DIRECTION('',(-0.862729915663,-0.498097349046,
    -8.715574274766E-02));
#5843 = DIRECTION('',(0.5,-0.866025403784,0.));
#5844 = DEFINITIONAL_REPRESENTATION('',(#5845),#5849);
#5845 = LINE('',#5846,#5847);
#5846 = CARTESIAN_POINT('',(-0.,-0.));
#5847 = VECTOR('',#5848,1.);
#5848 = DIRECTION('',(-1.,-0.));
#5849 = ( GEOMETRIC_REPRESENTATION_CONTEXT(2) 
PARAMETRIC_REPRESENTATION_CONTEXT() REPRESENTATION_CONTEXT('2D SPACE',''
  ) );
#5850 = ORIENTED_EDGE('',*,*,#5769,.T.);
#5851 = ORIENTED_EDGE('',*,*,#4396,.F.);
#5852 = ORIENTED_EDGE('',*,*,#5853,.F.);
#5853 = EDGE_CURVE('',#5854,#4369,#5856,.T.);
#5854 = VERTEX_POINT('',#5855);
#5855 = CARTESIAN_POINT('',(70.211407493534,-14.08076044876,
    -19.8219922506));
#5856 = SURFACE_CURVE('',#5857,(#5872,#5890),.PCURVE_S1.);
#5857 = B_SPLINE_CURVE_WITH_KNOTS('',7,(#5858,#5859,#5860,#5861,#5862,
    #5863,#5864,#5865,#5866,#5867,#5868,#5869,#5870,#5871),
  .UNSPECIFIED.,.F.,.F.,(8,6,8),(0.,0.590547803237,1.),.UNSPECIFIED.);
#5858 = CARTESIAN_POINT('',(70.211407493534,-14.08076044876,
    -19.8219922506));
#5859 = CARTESIAN_POINT('',(70.211407493534,-14.08076044876,
    -20.02674589028));
#5860 = CARTESIAN_POINT('',(70.190661772481,-14.07872576763,
    -20.2311914234));
#5861 = CARTESIAN_POINT('',(70.149823873877,-14.07472015466,
    -20.43300430355));
#5862 = CARTESIAN_POINT('',(70.089764785737,-14.06934424619,
    -20.6300671774));
#5863 = CARTESIAN_POINT('',(70.011514271481,-14.06363532626,
    -20.82062003253));
#5864 = CARTESIAN_POINT('',(69.916214191378,-14.05887621173,
    -21.00329829155));
#5865 = CARTESIAN_POINT('',(69.728084076319,-14.05479871517,
    -21.29754577876));
#5866 = CARTESIAN_POINT('',(69.643564994268,-14.0542615779,
    -21.41357558137));
#5867 = CARTESIAN_POINT('',(69.552096923002,-14.0553205568,-21.524698149
    ));
#5868 = CARTESIAN_POINT('',(69.454287460966,-14.05845190518,
    -21.63056708203));
#5869 = CARTESIAN_POINT('',(69.350809004882,-14.06411116124,
    -21.7309326321));
#5870 = CARTESIAN_POINT('',(69.242395753531,-14.07269989306,
    -21.82562799541));
#5871 = CARTESIAN_POINT('',(69.129840711535,-14.08453244368,
    -21.91455560602));
#5872 = PCURVE('',#4413,#5873);
#5873 = DEFINITIONAL_REPRESENTATION('',(#5874),#5889);
#5874 = B_SPLINE_CURVE_WITH_KNOTS('',7,(#5875,#5876,#5877,#5878,#5879,
    #5880,#5881,#5882,#5883,#5884,#5885,#5886,#5887,#5888),
  .UNSPECIFIED.,.F.,.F.,(8,6,8),(0.,0.590547803237,1.),.UNSPECIFIED.);
#5875 = CARTESIAN_POINT('',(-1.570796326795,6.617586754128));
#5876 = CARTESIAN_POINT('',(-1.51980270423,6.599741298582));
#5877 = CARTESIAN_POINT('',(-1.469255099632,6.565038211395));
#5878 = CARTESIAN_POINT('',(-1.419504329381,6.51421216831));
#5879 = CARTESIAN_POINT('',(-1.370867902355,6.447899960885));
#5880 = CARTESIAN_POINT('',(-1.323633350418,6.366626723582));
#5881 = CARTESIAN_POINT('',(-1.278063850388,6.270857536491));
#5882 = CARTESIAN_POINT('',(-1.204144569823,6.084937690123));
#5883 = CARTESIAN_POINT('',(-1.174841627227,6.002175432615));
#5884 = CARTESIAN_POINT('',(-1.14661394131,5.913050746709));
#5885 = CARTESIAN_POINT('',(-1.119564904091,5.817880795955));
#5886 = CARTESIAN_POINT('',(-1.09378909609,5.717040541761));
#5887 = CARTESIAN_POINT('',(-1.069371870275,5.610977917288));
#5888 = CARTESIAN_POINT('',(-1.046388936009,5.500229001352));
#5889 = ( GEOMETRIC_REPRESENTATION_CONTEXT(2) 
PARAMETRIC_REPRESENTATION_CONTEXT() REPRESENTATION_CONTEXT('2D SPACE',''
  ) );
#5890 = PCURVE('',#4384,#5891);
#5891 = DEFINITIONAL_REPRESENTATION('',(#5892),#5907);
#5892 = B_SPLINE_CURVE_WITH_KNOTS('',7,(#5893,#5894,#5895,#5896,#5897,
    #5898,#5899,#5900,#5901,#5902,#5903,#5904,#5905,#5906),
  .UNSPECIFIED.,.F.,.F.,(8,6,8),(0.,0.590547803237,1.),.UNSPECIFIED.);
#5893 = CARTESIAN_POINT('',(-0.949430513346,-4.082007749395));
#5894 = CARTESIAN_POINT('',(-0.949430513346,-3.87725410972));
#5895 = CARTESIAN_POINT('',(-0.95332682073,-3.672808576592));
#5896 = CARTESIAN_POINT('',(-0.960996715998,-3.470995696441));
#5897 = CARTESIAN_POINT('',(-0.97226716952,-3.273932822599));
#5898 = CARTESIAN_POINT('',(-0.986927737593,-3.083379967469));
#5899 = CARTESIAN_POINT('',(-1.004755933377,-2.900701708449));
#5900 = CARTESIAN_POINT('',(-1.03992869923,-2.606454221234));
#5901 = CARTESIAN_POINT('',(-1.055725249485,-2.490424418621));
#5902 = CARTESIAN_POINT('',(-1.072818443658,-2.379301850996));
#5903 = CARTESIAN_POINT('',(-1.091102471971,-2.27343291797));
#5904 = CARTESIAN_POINT('',(-1.110464540623,-2.173067367897));
#5905 = CARTESIAN_POINT('',(-1.130785357464,-2.078372004582));
#5906 = CARTESIAN_POINT('',(-1.151939617662,-1.989444393979));
#5907 = ( GEOMETRIC_REPRESENTATION_CONTEXT(2) 
PARAMETRIC_REPRESENTATION_CONTEXT() REPRESENTATION_CONTEXT('2D SPACE',''
  ) );
#5908 = ORIENTED_EDGE('',*,*,#5909,.F.);
#5909 = EDGE_CURVE('',#5823,#5854,#5910,.T.);
#5910 = SURFACE_CURVE('',#5911,(#5915,#5922),.PCURVE_S1.);
#5911 = LINE('',#5912,#5913);
#5912 = CARTESIAN_POINT('',(75.71770633487,-10.90169733048,
    -19.26572828363));
#5913 = VECTOR('',#5914,1.);
#5914 = DIRECTION('',(-0.862729915663,-0.498097349046,
    -8.715574274766E-02));
#5915 = PCURVE('',#4413,#5916);
#5916 = DEFINITIONAL_REPRESENTATION('',(#5917),#5921);
#5917 = LINE('',#5918,#5919);
#5918 = CARTESIAN_POINT('',(-1.570796326795,13.));
#5919 = VECTOR('',#5920,1.);
#5920 = DIRECTION('',(-0.,-1.));
#5921 = ( GEOMETRIC_REPRESENTATION_CONTEXT(2) 
PARAMETRIC_REPRESENTATION_CONTEXT() REPRESENTATION_CONTEXT('2D SPACE',''
  ) );
#5922 = PCURVE('',#4748,#5923);
#5923 = DEFINITIONAL_REPRESENTATION('',(#5924),#5928);
#5924 = LINE('',#5925,#5926);
#5925 = CARTESIAN_POINT('',(35.35,-13.));
#5926 = VECTOR('',#5927,1.);
#5927 = DIRECTION('',(-1.157957318589E-17,1.));
#5928 = ( GEOMETRIC_REPRESENTATION_CONTEXT(2) 
PARAMETRIC_REPRESENTATION_CONTEXT() REPRESENTATION_CONTEXT('2D SPACE',''
  ) );
#5929 = ADVANCED_FACE('',(#5930),#4384,.T.);
#5930 = FACE_BOUND('',#5931,.F.);
#5931 = EDGE_LOOP('',(#5932,#5963,#5984,#5985,#6006,#6007,#6008,#6009));
#5932 = ORIENTED_EDGE('',*,*,#5933,.F.);
#5933 = EDGE_CURVE('',#5934,#5936,#5938,.T.);
#5934 = VERTEX_POINT('',#5935);
#5935 = CARTESIAN_POINT('',(72.535450243008,-14.87516973774,-23.904));
#5936 = VERTEX_POINT('',#5937);
#5937 = CARTESIAN_POINT('',(75.035450243008,-19.20529675667,-23.904));
#5938 = SURFACE_CURVE('',#5939,(#5944,#5951),.PCURVE_S1.);
#5939 = CIRCLE('',#5940,5.35);
#5940 = AXIS2_PLACEMENT_3D('',#5941,#5942,#5943);
#5941 = CARTESIAN_POINT('',(69.689186701682,-19.40521210546,-23.904));
#5942 = DIRECTION('',(0.,-0.,1.));
#5943 = DIRECTION('',(0.866025403784,0.5,0.));
#5944 = PCURVE('',#4384,#5945);
#5945 = DEFINITIONAL_REPRESENTATION('',(#5946),#5950);
#5946 = LINE('',#5947,#5948);
#5947 = CARTESIAN_POINT('',(-0.,0.));
#5948 = VECTOR('',#5949,1.);
#5949 = DIRECTION('',(-1.,0.));
#5950 = ( GEOMETRIC_REPRESENTATION_CONTEXT(2) 
PARAMETRIC_REPRESENTATION_CONTEXT() REPRESENTATION_CONTEXT('2D SPACE',''
  ) );
#5951 = PCURVE('',#5952,#5957);
#5952 = PLANE('',#5953);
#5953 = AXIS2_PLACEMENT_3D('',#5954,#5955,#5956);
#5954 = CARTESIAN_POINT('',(69.689186701682,-19.40521210546,-23.904));
#5955 = DIRECTION('',(0.,0.,1.));
#5956 = DIRECTION('',(0.866025403784,0.5,0.));
#5957 = DEFINITIONAL_REPRESENTATION('',(#5958),#5962);
#5958 = CIRCLE('',#5959,5.35);
#5959 = AXIS2_PLACEMENT_2D('',#5960,#5961);
#5960 = CARTESIAN_POINT('',(1.053060435345E-14,-1.018216765581E-14));
#5961 = DIRECTION('',(1.,-7.437084071669E-18));
#5962 = ( GEOMETRIC_REPRESENTATION_CONTEXT(2) 
PARAMETRIC_REPRESENTATION_CONTEXT() REPRESENTATION_CONTEXT('2D SPACE',''
  ) );
#5963 = ORIENTED_EDGE('',*,*,#5964,.F.);
#5964 = EDGE_CURVE('',#4681,#5934,#5965,.T.);
#5965 = SURFACE_CURVE('',#5966,(#5970,#5977),.PCURVE_S1.);
#5966 = LINE('',#5967,#5968);
#5967 = CARTESIAN_POINT('',(72.535450243008,-14.87516973774,-23.904));
#5968 = VECTOR('',#5969,1.);
#5969 = DIRECTION('',(0.,-0.,-1.));
#5970 = PCURVE('',#4384,#5971);
#5971 = DEFINITIONAL_REPRESENTATION('',(#5972),#5976);
#5972 = LINE('',#5973,#5974);
#5973 = CARTESIAN_POINT('',(-0.486222719089,0.));
#5974 = VECTOR('',#5975,1.);
#5975 = DIRECTION('',(-0.,1.));
#5976 = ( GEOMETRIC_REPRESENTATION_CONTEXT(2) 
PARAMETRIC_REPRESENTATION_CONTEXT() REPRESENTATION_CONTEXT('2D SPACE',''
  ) );
#5977 = PCURVE('',#4696,#5978);
#5978 = DEFINITIONAL_REPRESENTATION('',(#5979),#5983);
#5979 = LINE('',#5980,#5981);
#5980 = CARTESIAN_POINT('',(1.620042283487,-1.));
#5981 = VECTOR('',#5982,1.);
#5982 = DIRECTION('',(-0.,1.));
#5983 = ( GEOMETRIC_REPRESENTATION_CONTEXT(2) 
PARAMETRIC_REPRESENTATION_CONTEXT() REPRESENTATION_CONTEXT('2D SPACE',''
  ) );
#5984 = ORIENTED_EDGE('',*,*,#4708,.T.);
#5985 = ORIENTED_EDGE('',*,*,#5986,.T.);
#5986 = EDGE_CURVE('',#4709,#5854,#5987,.T.);
#5987 = SURFACE_CURVE('',#5988,(#5992,#5999),.PCURVE_S1.);
#5988 = LINE('',#5989,#5990);
#5989 = CARTESIAN_POINT('',(70.211407493534,-14.08076044876,-23.904));
#5990 = VECTOR('',#5991,1.);
#5991 = DIRECTION('',(0.,-0.,-1.));
#5992 = PCURVE('',#4384,#5993);
#5993 = DEFINITIONAL_REPRESENTATION('',(#5994),#5998);
#5994 = LINE('',#5995,#5996);
#5995 = CARTESIAN_POINT('',(-0.949430513346,0.));
#5996 = VECTOR('',#5997,1.);
#5997 = DIRECTION('',(-0.,1.));
#5998 = ( GEOMETRIC_REPRESENTATION_CONTEXT(2) 
PARAMETRIC_REPRESENTATION_CONTEXT() REPRESENTATION_CONTEXT('2D SPACE',''
  ) );
#5999 = PCURVE('',#4748,#6000);
#6000 = DEFINITIONAL_REPRESENTATION('',(#6001),#6005);
#6001 = LINE('',#6002,#6003);
#6002 = CARTESIAN_POINT('',(39.416474477517,-6.261816336828));
#6003 = VECTOR('',#6004,1.);
#6004 = DIRECTION('',(0.996194698092,8.715574274766E-02));
#6005 = ( GEOMETRIC_REPRESENTATION_CONTEXT(2) 
PARAMETRIC_REPRESENTATION_CONTEXT() REPRESENTATION_CONTEXT('2D SPACE',''
  ) );
#6006 = ORIENTED_EDGE('',*,*,#5853,.T.);
#6007 = ORIENTED_EDGE('',*,*,#4368,.F.);
#6008 = ORIENTED_EDGE('',*,*,#4599,.T.);
#6009 = ORIENTED_EDGE('',*,*,#6010,.T.);
#6010 = EDGE_CURVE('',#4600,#5936,#6011,.T.);
#6011 = SURFACE_CURVE('',#6012,(#6016,#6023),.PCURVE_S1.);
#6012 = LINE('',#6013,#6014);
#6013 = CARTESIAN_POINT('',(75.035450243008,-19.20529675667,-23.904));
#6014 = VECTOR('',#6015,1.);
#6015 = DIRECTION('',(0.,-0.,-1.));
#6016 = PCURVE('',#4384,#6017);
#6017 = DEFINITIONAL_REPRESENTATION('',(#6018),#6022);
#6018 = LINE('',#6019,#6020);
#6019 = CARTESIAN_POINT('',(-5.796962588091,0.));
#6020 = VECTOR('',#6021,1.);
#6021 = DIRECTION('',(-0.,1.));
#6022 = ( GEOMETRIC_REPRESENTATION_CONTEXT(2) 
PARAMETRIC_REPRESENTATION_CONTEXT() REPRESENTATION_CONTEXT('2D SPACE',''
  ) );
#6023 = PCURVE('',#4639,#6024);
#6024 = DEFINITIONAL_REPRESENTATION('',(#6025),#6029);
#6025 = LINE('',#6026,#6027);
#6026 = CARTESIAN_POINT('',(4.729957716513,-1.));
#6027 = VECTOR('',#6028,1.);
#6028 = DIRECTION('',(0.,1.));
#6029 = ( GEOMETRIC_REPRESENTATION_CONTEXT(2) 
PARAMETRIC_REPRESENTATION_CONTEXT() REPRESENTATION_CONTEXT('2D SPACE',''
  ) );
#6030 = ADVANCED_FACE('',(#6031),#4563,.F.);
#6031 = FACE_BOUND('',#6032,.F.);
#6032 = EDGE_LOOP('',(#6033,#6056,#6083,#6084));
#6033 = ORIENTED_EDGE('',*,*,#6034,.T.);
#6034 = EDGE_CURVE('',#4547,#6035,#6037,.T.);
#6035 = VERTEX_POINT('',#6036);
#6036 = CARTESIAN_POINT('',(45.937292302837,26.521908076886,
    -5.028508772987));
#6037 = SEAM_CURVE('',#6038,(#6042,#6049),.PCURVE_S1.);
#6038 = LINE('',#6039,#6040);
#6039 = CARTESIAN_POINT('',(42.486372640186,24.529518680702,
    -5.377131743978));
#6040 = VECTOR('',#6041,1.);
#6041 = DIRECTION('',(0.862729915663,0.498097349046,8.715574274766E-02)
  );
#6042 = PCURVE('',#4563,#6043);
#6043 = DEFINITIONAL_REPRESENTATION('',(#6044),#6048);
#6044 = LINE('',#6045,#6046);
#6045 = CARTESIAN_POINT('',(6.28318530718,-0.));
#6046 = VECTOR('',#6047,1.);
#6047 = DIRECTION('',(0.,1.));
#6048 = ( GEOMETRIC_REPRESENTATION_CONTEXT(2) 
PARAMETRIC_REPRESENTATION_CONTEXT() REPRESENTATION_CONTEXT('2D SPACE',''
  ) );
#6049 = PCURVE('',#4563,#6050);
#6050 = DEFINITIONAL_REPRESENTATION('',(#6051),#6055);
#6051 = LINE('',#6052,#6053);
#6052 = CARTESIAN_POINT('',(0.,-0.));
#6053 = VECTOR('',#6054,1.);
#6054 = DIRECTION('',(0.,1.));
#6055 = ( GEOMETRIC_REPRESENTATION_CONTEXT(2) 
PARAMETRIC_REPRESENTATION_CONTEXT() REPRESENTATION_CONTEXT('2D SPACE',''
  ) );
#6056 = ORIENTED_EDGE('',*,*,#6057,.F.);
#6057 = EDGE_CURVE('',#6035,#6035,#6058,.T.);
#6058 = SURFACE_CURVE('',#6059,(#6064,#6071),.PCURVE_S1.);
#6059 = CIRCLE('',#6060,6.35);
#6060 = AXIS2_PLACEMENT_3D('',#6061,#6062,#6063);
#6061 = CARTESIAN_POINT('',(46.416584507225,26.798627560109,
    -11.35434510587));
#6062 = DIRECTION('',(0.862729915663,0.498097349046,8.715574274766E-02)
  );
#6063 = DIRECTION('',(-7.547908730517E-02,-4.357787137383E-02,
    0.996194698092));
#6064 = PCURVE('',#4563,#6065);
#6065 = DEFINITIONAL_REPRESENTATION('',(#6066),#6070);
#6066 = LINE('',#6067,#6068);
#6067 = CARTESIAN_POINT('',(0.,4.));
#6068 = VECTOR('',#6069,1.);
#6069 = DIRECTION('',(1.,0.));
#6070 = ( GEOMETRIC_REPRESENTATION_CONTEXT(2) 
PARAMETRIC_REPRESENTATION_CONTEXT() REPRESENTATION_CONTEXT('2D SPACE',''
  ) );
#6071 = PCURVE('',#6072,#6077);
#6072 = CONICAL_SURFACE('',#6073,6.35,0.715584993318);
#6073 = AXIS2_PLACEMENT_3D('',#6074,#6075,#6076);
#6074 = CARTESIAN_POINT('',(46.416584507225,26.798627560109,
    -11.35434510587));
#6075 = DIRECTION('',(-0.862729915663,-0.498097349046,
    -8.715574274766E-02));
#6076 = DIRECTION('',(-7.547908730517E-02,-4.357787137383E-02,
    0.996194698092));
#6077 = DEFINITIONAL_REPRESENTATION('',(#6078),#6082);
#6078 = LINE('',#6079,#6080);
#6079 = CARTESIAN_POINT('',(-0.,-0.));
#6080 = VECTOR('',#6081,1.);
#6081 = DIRECTION('',(-1.,-0.));
#6082 = ( GEOMETRIC_REPRESENTATION_CONTEXT(2) 
PARAMETRIC_REPRESENTATION_CONTEXT() REPRESENTATION_CONTEXT('2D SPACE',''
  ) );
#6083 = ORIENTED_EDGE('',*,*,#6034,.F.);
#6084 = ORIENTED_EDGE('',*,*,#4546,.T.);
#6085 = ADVANCED_FACE('',(#6086),#4639,.T.);
#6086 = FACE_BOUND('',#6087,.T.);
#6087 = EDGE_LOOP('',(#6088,#6089,#6090,#6113));
#6088 = ORIENTED_EDGE('',*,*,#4623,.F.);
#6089 = ORIENTED_EDGE('',*,*,#6010,.T.);
#6090 = ORIENTED_EDGE('',*,*,#6091,.T.);
#6091 = EDGE_CURVE('',#5936,#6092,#6094,.T.);
#6092 = VERTEX_POINT('',#6093);
#6093 = CARTESIAN_POINT('',(72.870345680119,-20.45532045887,-23.904));
#6094 = SURFACE_CURVE('',#6095,(#6099,#6106),.PCURVE_S1.);
#6095 = LINE('',#6096,#6097);
#6096 = CARTESIAN_POINT('',(70.939186701682,-21.57027561492,-23.904));
#6097 = VECTOR('',#6098,1.);
#6098 = DIRECTION('',(-0.866025403784,-0.5,0.));
#6099 = PCURVE('',#4639,#6100);
#6100 = DEFINITIONAL_REPRESENTATION('',(#6101),#6105);
#6101 = LINE('',#6102,#6103);
#6102 = CARTESIAN_POINT('',(-1.585967487166E-14,-1.));
#6103 = VECTOR('',#6104,1.);
#6104 = DIRECTION('',(-1.,-0.));
#6105 = ( GEOMETRIC_REPRESENTATION_CONTEXT(2) 
PARAMETRIC_REPRESENTATION_CONTEXT() REPRESENTATION_CONTEXT('2D SPACE',''
  ) );
#6106 = PCURVE('',#5952,#6107);
#6107 = DEFINITIONAL_REPRESENTATION('',(#6108),#6112);
#6108 = LINE('',#6109,#6110);
#6109 = CARTESIAN_POINT('',(-4.468647674116E-15,-2.5));
#6110 = VECTOR('',#6111,1.);
#6111 = DIRECTION('',(-1.,7.437084071669E-18));
#6112 = ( GEOMETRIC_REPRESENTATION_CONTEXT(2) 
PARAMETRIC_REPRESENTATION_CONTEXT() REPRESENTATION_CONTEXT('2D SPACE',''
  ) );
#6113 = ORIENTED_EDGE('',*,*,#6114,.F.);
#6114 = EDGE_CURVE('',#4624,#6092,#6115,.T.);
#6115 = SURFACE_CURVE('',#6116,(#6120,#6127),.PCURVE_S1.);
#6116 = LINE('',#6117,#6118);
#6117 = CARTESIAN_POINT('',(72.870345680119,-20.45532045887,-23.904));
#6118 = VECTOR('',#6119,1.);
#6119 = DIRECTION('',(0.,-0.,-1.));
#6120 = PCURVE('',#4639,#6121);
#6121 = DEFINITIONAL_REPRESENTATION('',(#6122),#6126);
#6122 = LINE('',#6123,#6124);
#6123 = CARTESIAN_POINT('',(2.229910312098,-1.));
#6124 = VECTOR('',#6125,1.);
#6125 = DIRECTION('',(0.,1.));
#6126 = ( GEOMETRIC_REPRESENTATION_CONTEXT(2) 
PARAMETRIC_REPRESENTATION_CONTEXT() REPRESENTATION_CONTEXT('2D SPACE',''
  ) );
#6127 = PCURVE('',#4668,#6128);
#6128 = DEFINITIONAL_REPRESENTATION('',(#6129),#6133);
#6129 = LINE('',#6130,#6131);
#6130 = CARTESIAN_POINT('',(-5.440746590569,0.));
#6131 = VECTOR('',#6132,1.);
#6132 = DIRECTION('',(-0.,1.));
#6133 = ( GEOMETRIC_REPRESENTATION_CONTEXT(2) 
PARAMETRIC_REPRESENTATION_CONTEXT() REPRESENTATION_CONTEXT('2D SPACE',''
  ) );
#6134 = ADVANCED_FACE('',(#6135),#4668,.F.);
#6135 = FACE_BOUND('',#6136,.T.);
#6136 = EDGE_LOOP('',(#6137,#6161,#6182,#6183));
#6137 = ORIENTED_EDGE('',*,*,#6138,.F.);
#6138 = EDGE_CURVE('',#6139,#6092,#6141,.T.);
#6139 = VERTEX_POINT('',#6140);
#6140 = CARTESIAN_POINT('',(70.370345680119,-16.12519343995,-23.904));
#6141 = SURFACE_CURVE('',#6142,(#6147,#6154),.PCURVE_S1.);
#6142 = CIRCLE('',#6143,3.35);
#6143 = AXIS2_PLACEMENT_3D('',#6144,#6145,#6146);
#6144 = CARTESIAN_POINT('',(69.689186701682,-19.40521210546,-23.904));
#6145 = DIRECTION('',(0.,-0.,1.));
#6146 = DIRECTION('',(0.866025403784,0.5,0.));
#6147 = PCURVE('',#4668,#6148);
#6148 = DEFINITIONAL_REPRESENTATION('',(#6149),#6153);
#6149 = LINE('',#6150,#6151);
#6150 = CARTESIAN_POINT('',(-0.,0.));
#6151 = VECTOR('',#6152,1.);
#6152 = DIRECTION('',(-1.,0.));
#6153 = ( GEOMETRIC_REPRESENTATION_CONTEXT(2) 
PARAMETRIC_REPRESENTATION_CONTEXT() REPRESENTATION_CONTEXT('2D SPACE',''
  ) );
#6154 = PCURVE('',#5952,#6155);
#6155 = DEFINITIONAL_REPRESENTATION('',(#6156),#6160);
#6156 = CIRCLE('',#6157,3.35);
#6157 = AXIS2_PLACEMENT_2D('',#6158,#6159);
#6158 = CARTESIAN_POINT('',(2.994299290391E-14,-4.980633820561E-15));
#6159 = DIRECTION('',(1.,-7.437084071669E-18));
#6160 = ( GEOMETRIC_REPRESENTATION_CONTEXT(2) 
PARAMETRIC_REPRESENTATION_CONTEXT() REPRESENTATION_CONTEXT('2D SPACE',''
  ) );
#6161 = ORIENTED_EDGE('',*,*,#6162,.F.);
#6162 = EDGE_CURVE('',#4652,#6139,#6163,.T.);
#6163 = SURFACE_CURVE('',#6164,(#6168,#6175),.PCURVE_S1.);
#6164 = LINE('',#6165,#6166);
#6165 = CARTESIAN_POINT('',(70.370345680119,-16.12519343995,-23.904));
#6166 = VECTOR('',#6167,1.);
#6167 = DIRECTION('',(0.,-0.,-1.));
#6168 = PCURVE('',#4668,#6169);
#6169 = DEFINITIONAL_REPRESENTATION('',(#6170),#6174);
#6170 = LINE('',#6171,#6172);
#6171 = CARTESIAN_POINT('',(-0.842438716611,0.));
#6172 = VECTOR('',#6173,1.);
#6173 = DIRECTION('',(-0.,1.));
#6174 = ( GEOMETRIC_REPRESENTATION_CONTEXT(2) 
PARAMETRIC_REPRESENTATION_CONTEXT() REPRESENTATION_CONTEXT('2D SPACE',''
  ) );
#6175 = PCURVE('',#4696,#6176);
#6176 = DEFINITIONAL_REPRESENTATION('',(#6177),#6181);
#6177 = LINE('',#6178,#6179);
#6178 = CARTESIAN_POINT('',(4.120089687902,-1.));
#6179 = VECTOR('',#6180,1.);
#6180 = DIRECTION('',(-0.,1.));
#6181 = ( GEOMETRIC_REPRESENTATION_CONTEXT(2) 
PARAMETRIC_REPRESENTATION_CONTEXT() REPRESENTATION_CONTEXT('2D SPACE',''
  ) );
#6182 = ORIENTED_EDGE('',*,*,#4651,.T.);
#6183 = ORIENTED_EDGE('',*,*,#6114,.T.);
#6184 = ADVANCED_FACE('',(#6185),#4696,.T.);
#6185 = FACE_BOUND('',#6186,.T.);
#6186 = EDGE_LOOP('',(#6187,#6188,#6189,#6190));
#6187 = ORIENTED_EDGE('',*,*,#5964,.F.);
#6188 = ORIENTED_EDGE('',*,*,#4680,.F.);
#6189 = ORIENTED_EDGE('',*,*,#6162,.T.);
#6190 = ORIENTED_EDGE('',*,*,#6191,.T.);
#6191 = EDGE_CURVE('',#6139,#5934,#6192,.T.);
#6192 = SURFACE_CURVE('',#6193,(#6197,#6204),.PCURVE_S1.);
#6193 = LINE('',#6194,#6195);
#6194 = CARTESIAN_POINT('',(71.188817358697,-15.652648596,-23.904));
#6195 = VECTOR('',#6196,1.);
#6196 = DIRECTION('',(0.866025403784,0.5,0.));
#6197 = PCURVE('',#4696,#6198);
#6198 = DEFINITIONAL_REPRESENTATION('',(#6199),#6203);
#6199 = LINE('',#6200,#6201);
#6200 = CARTESIAN_POINT('',(3.175,-1.));
#6201 = VECTOR('',#6202,1.);
#6202 = DIRECTION('',(-1.,0.));
#6203 = ( GEOMETRIC_REPRESENTATION_CONTEXT(2) 
PARAMETRIC_REPRESENTATION_CONTEXT() REPRESENTATION_CONTEXT('2D SPACE',''
  ) );
#6204 = PCURVE('',#5952,#6205);
#6205 = DEFINITIONAL_REPRESENTATION('',(#6206),#6210);
#6206 = LINE('',#6207,#6208);
#6207 = CARTESIAN_POINT('',(3.175,2.5));
#6208 = VECTOR('',#6209,1.);
#6209 = DIRECTION('',(1.,-7.437084071669E-18));
#6210 = ( GEOMETRIC_REPRESENTATION_CONTEXT(2) 
PARAMETRIC_REPRESENTATION_CONTEXT() REPRESENTATION_CONTEXT('2D SPACE',''
  ) );
#6211 = ADVANCED_FACE('',(#6212),#4748,.F.);
#6212 = FACE_BOUND('',#6213,.F.);
#6213 = EDGE_LOOP('',(#6214,#6242,#6243,#6244,#6245,#6268));
#6214 = ORIENTED_EDGE('',*,*,#6215,.T.);
#6215 = EDGE_CURVE('',#6216,#5823,#6218,.T.);
#6216 = VERTEX_POINT('',#6217);
#6217 = CARTESIAN_POINT('',(74.083584094713,-11.84515824572,
    2.301886930048));
#6218 = SURFACE_CURVE('',#6219,(#6223,#6230),.PCURVE_S1.);
#6219 = LINE('',#6220,#6221);
#6220 = CARTESIAN_POINT('',(74.083584094713,-11.84515824572,
    2.301886930048));
#6221 = VECTOR('',#6222,1.);
#6222 = DIRECTION('',(7.547908730517E-02,4.357787137383E-02,
    -0.996194698092));
#6223 = PCURVE('',#4748,#6224);
#6224 = DEFINITIONAL_REPRESENTATION('',(#6225),#6229);
#6225 = LINE('',#6226,#6227);
#6226 = CARTESIAN_POINT('',(13.7,-13.));
#6227 = VECTOR('',#6228,1.);
#6228 = DIRECTION('',(1.,-1.157957318589E-17));
#6229 = ( GEOMETRIC_REPRESENTATION_CONTEXT(2) 
PARAMETRIC_REPRESENTATION_CONTEXT() REPRESENTATION_CONTEXT('2D SPACE',''
  ) );
#6230 = PCURVE('',#6231,#6236);
#6231 = PLANE('',#6232);
#6232 = AXIS2_PLACEMENT_3D('',#6233,#6234,#6235);
#6233 = CARTESIAN_POINT('',(74.174266573629,-11.50412755751,
    2.323675865735));
#6234 = DIRECTION('',(-0.963595564291,0.260164422494,-6.162841671622E-02
    ));
#6235 = DIRECTION('',(-7.547908730517E-02,-4.357787137383E-02,
    0.996194698092));
#6236 = DEFINITIONAL_REPRESENTATION('',(#6237),#6241);
#6237 = LINE('',#6238,#6239);
#6238 = CARTESIAN_POINT('',(-2.420674697104E-15,-0.353553390593));
#6239 = VECTOR('',#6240,1.);
#6240 = DIRECTION('',(-1.,-6.053904699522E-18));
#6241 = ( GEOMETRIC_REPRESENTATION_CONTEXT(2) 
PARAMETRIC_REPRESENTATION_CONTEXT() REPRESENTATION_CONTEXT('2D SPACE',''
  ) );
#6242 = ORIENTED_EDGE('',*,*,#5909,.T.);
#6243 = ORIENTED_EDGE('',*,*,#5986,.F.);
#6244 = ORIENTED_EDGE('',*,*,#4732,.T.);
#6245 = ORIENTED_EDGE('',*,*,#6246,.T.);
#6246 = EDGE_CURVE('',#4733,#6247,#6249,.T.);
#6247 = VERTEX_POINT('',#6248);
#6248 = CARTESIAN_POINT('',(72.358124263388,-12.84135294381,
    2.127575444553));
#6249 = SURFACE_CURVE('',#6250,(#6254,#6261),.PCURVE_S1.);
#6250 = LINE('',#6251,#6252);
#6251 = CARTESIAN_POINT('',(71.324060767307,-13.43836978163,
    15.775442808409));
#6252 = VECTOR('',#6253,1.);
#6253 = DIRECTION('',(7.547908730517E-02,4.357787137383E-02,
    -0.996194698092));
#6254 = PCURVE('',#4748,#6255);
#6255 = DEFINITIONAL_REPRESENTATION('',(#6256),#6260);
#6256 = LINE('',#6257,#6258);
#6257 = CARTESIAN_POINT('',(-2.524802607708E-15,-11.));
#6258 = VECTOR('',#6259,1.);
#6259 = DIRECTION('',(1.,-1.157957318589E-17));
#6260 = ( GEOMETRIC_REPRESENTATION_CONTEXT(2) 
PARAMETRIC_REPRESENTATION_CONTEXT() REPRESENTATION_CONTEXT('2D SPACE',''
  ) );
#6261 = PCURVE('',#4776,#6262);
#6262 = DEFINITIONAL_REPRESENTATION('',(#6263),#6267);
#6263 = LINE('',#6264,#6265);
#6264 = CARTESIAN_POINT('',(19.675,47.3));
#6265 = VECTOR('',#6266,1.);
#6266 = DIRECTION('',(-1.,2.748962873712E-18));
#6267 = ( GEOMETRIC_REPRESENTATION_CONTEXT(2) 
PARAMETRIC_REPRESENTATION_CONTEXT() REPRESENTATION_CONTEXT('2D SPACE',''
  ) );
#6268 = ORIENTED_EDGE('',*,*,#6269,.T.);
#6269 = EDGE_CURVE('',#6247,#6216,#6270,.T.);
#6270 = SURFACE_CURVE('',#6271,(#6275,#6282),.PCURVE_S1.);
#6271 = LINE('',#6272,#6273);
#6272 = CARTESIAN_POINT('',(72.358124263388,-12.84135294381,
    2.127575444553));
#6273 = VECTOR('',#6274,1.);
#6274 = DIRECTION('',(0.862729915663,0.498097349046,8.715574274766E-02)
  );
#6275 = PCURVE('',#4748,#6276);
#6276 = DEFINITIONAL_REPRESENTATION('',(#6277),#6281);
#6277 = LINE('',#6278,#6279);
#6278 = CARTESIAN_POINT('',(13.7,-11.));
#6279 = VECTOR('',#6280,1.);
#6280 = DIRECTION('',(1.157957318589E-17,-1.));
#6281 = ( GEOMETRIC_REPRESENTATION_CONTEXT(2) 
PARAMETRIC_REPRESENTATION_CONTEXT() REPRESENTATION_CONTEXT('2D SPACE',''
  ) );
#6282 = PCURVE('',#4805,#6283);
#6283 = DEFINITIONAL_REPRESENTATION('',(#6284),#6288);
#6284 = LINE('',#6285,#6286);
#6285 = CARTESIAN_POINT('',(1.570796326795,0.));
#6286 = VECTOR('',#6287,1.);
#6287 = DIRECTION('',(0.,1.));
#6288 = ( GEOMETRIC_REPRESENTATION_CONTEXT(2) 
PARAMETRIC_REPRESENTATION_CONTEXT() REPRESENTATION_CONTEXT('2D SPACE',''
  ) );
#6289 = ADVANCED_FACE('',(#6290),#4962,.T.);
#6290 = FACE_BOUND('',#6291,.T.);
#6291 = EDGE_LOOP('',(#6292,#6293,#6294));
#6292 = ORIENTED_EDGE('',*,*,#5688,.T.);
#6293 = ORIENTED_EDGE('',*,*,#4946,.T.);
#6294 = ORIENTED_EDGE('',*,*,#6295,.F.);
#6295 = EDGE_CURVE('',#5666,#4915,#6296,.T.);
#6296 = SURFACE_CURVE('',#6297,(#6302,#6309),.PCURVE_S1.);
#6297 = CIRCLE('',#6298,4.);
#6298 = AXIS2_PLACEMENT_3D('',#6299,#6300,#6301);
#6299 = CARTESIAN_POINT('',(27.058124263388,65.620548639055,
    2.127575444553));
#6300 = DIRECTION('',(0.862729915663,0.498097349046,8.715574274766E-02)
  );
#6301 = DIRECTION('',(-7.547908730517E-02,-4.357787137383E-02,
    0.996194698092));
#6302 = PCURVE('',#4962,#6303);
#6303 = DEFINITIONAL_REPRESENTATION('',(#6304),#6308);
#6304 = CIRCLE('',#6305,4.);
#6305 = AXIS2_PLACEMENT_2D('',#6306,#6307);
#6306 = CARTESIAN_POINT('',(5.975,-43.3));
#6307 = DIRECTION('',(1.,-2.748962873712E-18));
#6308 = ( GEOMETRIC_REPRESENTATION_CONTEXT(2) 
PARAMETRIC_REPRESENTATION_CONTEXT() REPRESENTATION_CONTEXT('2D SPACE',''
  ) );
#6309 = PCURVE('',#4931,#6310);
#6310 = DEFINITIONAL_REPRESENTATION('',(#6311),#6315);
#6311 = LINE('',#6312,#6313);
#6312 = CARTESIAN_POINT('',(-4.712388980385,0.));
#6313 = VECTOR('',#6314,1.);
#6314 = DIRECTION('',(1.,0.));
#6315 = ( GEOMETRIC_REPRESENTATION_CONTEXT(2) 
PARAMETRIC_REPRESENTATION_CONTEXT() REPRESENTATION_CONTEXT('2D SPACE',''
  ) );
#6316 = ADVANCED_FACE('',(#6317),#4776,.T.);
#6317 = FACE_BOUND('',#6318,.T.);
#6318 = EDGE_LOOP('',(#6319,#6320,#6321));
#6319 = ORIENTED_EDGE('',*,*,#4760,.T.);
#6320 = ORIENTED_EDGE('',*,*,#6246,.T.);
#6321 = ORIENTED_EDGE('',*,*,#6322,.F.);
#6322 = EDGE_CURVE('',#4761,#6247,#6323,.T.);
#6323 = SURFACE_CURVE('',#6324,(#6329,#6336),.PCURVE_S1.);
#6324 = CIRCLE('',#6325,4.);
#6325 = AXIS2_PLACEMENT_3D('',#6326,#6327,#6328);
#6326 = CARTESIAN_POINT('',(70.358124263388,-9.377251328678,
    2.127575444553));
#6327 = DIRECTION('',(0.862729915663,0.498097349046,8.715574274766E-02)
  );
#6328 = DIRECTION('',(-7.547908730517E-02,-4.357787137383E-02,
    0.996194698092));
#6329 = PCURVE('',#4776,#6330);
#6330 = DEFINITIONAL_REPRESENTATION('',(#6331),#6335);
#6331 = CIRCLE('',#6332,4.);
#6332 = AXIS2_PLACEMENT_2D('',#6333,#6334);
#6333 = CARTESIAN_POINT('',(5.975,43.3));
#6334 = DIRECTION('',(1.,-2.748962873712E-18));
#6335 = ( GEOMETRIC_REPRESENTATION_CONTEXT(2) 
PARAMETRIC_REPRESENTATION_CONTEXT() REPRESENTATION_CONTEXT('2D SPACE',''
  ) );
#6336 = PCURVE('',#4805,#6337);
#6337 = DEFINITIONAL_REPRESENTATION('',(#6338),#6342);
#6338 = LINE('',#6339,#6340);
#6339 = CARTESIAN_POINT('',(0.,0.));
#6340 = VECTOR('',#6341,1.);
#6341 = DIRECTION('',(1.,0.));
#6342 = ( GEOMETRIC_REPRESENTATION_CONTEXT(2) 
PARAMETRIC_REPRESENTATION_CONTEXT() REPRESENTATION_CONTEXT('2D SPACE',''
  ) );
#6343 = ADVANCED_FACE('',(#6344),#4931,.T.);
#6344 = FACE_BOUND('',#6345,.T.);
#6345 = EDGE_LOOP('',(#6346,#6368,#6369,#6370));
#6346 = ORIENTED_EDGE('',*,*,#6347,.F.);
#6347 = EDGE_CURVE('',#5638,#4882,#6348,.T.);
#6348 = SURFACE_CURVE('',#6349,(#6354,#6361),.PCURVE_S1.);
#6349 = CIRCLE('',#6350,4.);
#6350 = AXIS2_PLACEMENT_3D('',#6351,#6352,#6353);
#6351 = CARTESIAN_POINT('',(28.783584094713,66.616743337147,
    2.301886930048));
#6352 = DIRECTION('',(0.862729915663,0.498097349046,8.715574274766E-02)
  );
#6353 = DIRECTION('',(-0.5,0.866025403784,0.));
#6354 = PCURVE('',#4931,#6355);
#6355 = DEFINITIONAL_REPRESENTATION('',(#6356),#6360);
#6356 = LINE('',#6357,#6358);
#6357 = CARTESIAN_POINT('',(0.,2.));
#6358 = VECTOR('',#6359,1.);
#6359 = DIRECTION('',(1.,0.));
#6360 = ( GEOMETRIC_REPRESENTATION_CONTEXT(2) 
PARAMETRIC_REPRESENTATION_CONTEXT() REPRESENTATION_CONTEXT('2D SPACE',''
  ) );
#6361 = PCURVE('',#4898,#6362);
#6362 = DEFINITIONAL_REPRESENTATION('',(#6363),#6367);
#6363 = LINE('',#6364,#6365);
#6364 = CARTESIAN_POINT('',(-0.,-0.));
#6365 = VECTOR('',#6366,1.);
#6366 = DIRECTION('',(-1.,-0.));
#6367 = ( GEOMETRIC_REPRESENTATION_CONTEXT(2) 
PARAMETRIC_REPRESENTATION_CONTEXT() REPRESENTATION_CONTEXT('2D SPACE',''
  ) );
#6368 = ORIENTED_EDGE('',*,*,#5665,.F.);
#6369 = ORIENTED_EDGE('',*,*,#6295,.T.);
#6370 = ORIENTED_EDGE('',*,*,#4914,.F.);
#6371 = ADVANCED_FACE('',(#6372),#4805,.T.);
#6372 = FACE_BOUND('',#6373,.T.);
#6373 = EDGE_LOOP('',(#6374,#6396,#6397,#6398));
#6374 = ORIENTED_EDGE('',*,*,#6375,.F.);
#6375 = EDGE_CURVE('',#4789,#6216,#6376,.T.);
#6376 = SURFACE_CURVE('',#6377,(#6382,#6389),.PCURVE_S1.);
#6377 = CIRCLE('',#6378,4.);
#6378 = AXIS2_PLACEMENT_3D('',#6379,#6380,#6381);
#6379 = CARTESIAN_POINT('',(72.083584094713,-8.381056630586,
    2.301886930048));
#6380 = DIRECTION('',(0.862729915663,0.498097349046,8.715574274766E-02)
  );
#6381 = DIRECTION('',(-7.547908730517E-02,-4.357787137383E-02,
    0.996194698092));
#6382 = PCURVE('',#4805,#6383);
#6383 = DEFINITIONAL_REPRESENTATION('',(#6384),#6388);
#6384 = LINE('',#6385,#6386);
#6385 = CARTESIAN_POINT('',(0.,2.));
#6386 = VECTOR('',#6387,1.);
#6387 = DIRECTION('',(1.,0.));
#6388 = ( GEOMETRIC_REPRESENTATION_CONTEXT(2) 
PARAMETRIC_REPRESENTATION_CONTEXT() REPRESENTATION_CONTEXT('2D SPACE',''
  ) );
#6389 = PCURVE('',#4837,#6390);
#6390 = DEFINITIONAL_REPRESENTATION('',(#6391),#6395);
#6391 = LINE('',#6392,#6393);
#6392 = CARTESIAN_POINT('',(-0.,-0.));
#6393 = VECTOR('',#6394,1.);
#6394 = DIRECTION('',(-1.,-0.));
#6395 = ( GEOMETRIC_REPRESENTATION_CONTEXT(2) 
PARAMETRIC_REPRESENTATION_CONTEXT() REPRESENTATION_CONTEXT('2D SPACE',''
  ) );
#6396 = ORIENTED_EDGE('',*,*,#4788,.F.);
#6397 = ORIENTED_EDGE('',*,*,#6322,.T.);
#6398 = ORIENTED_EDGE('',*,*,#6269,.T.);
#6399 = ADVANCED_FACE('',(#6400),#4898,.T.);
#6400 = FACE_BOUND('',#6401,.T.);
#6401 = EDGE_LOOP('',(#6402,#6425,#6426,#6427,#6450));
#6402 = ORIENTED_EDGE('',*,*,#6403,.F.);
#6403 = EDGE_CURVE('',#5638,#6404,#6406,.T.);
#6404 = VERTEX_POINT('',#6405);
#6405 = CARTESIAN_POINT('',(27.464949052545,69.896880924915,
    2.345464801422));
#6406 = SURFACE_CURVE('',#6407,(#6411,#6418),.PCURVE_S1.);
#6407 = LINE('',#6408,#6409);
#6408 = CARTESIAN_POINT('',(27.124266573629,69.9888629386,2.323675865735
    ));
#6409 = VECTOR('',#6410,1.);
#6410 = DIRECTION('',(0.963595564291,-0.260164422494,6.162841671622E-02)
  );
#6411 = PCURVE('',#4898,#6412);
#6412 = DEFINITIONAL_REPRESENTATION('',(#6413),#6417);
#6413 = LINE('',#6414,#6415);
#6414 = CARTESIAN_POINT('',(-0.,-0.25));
#6415 = VECTOR('',#6416,1.);
#6416 = DIRECTION('',(-0.,-1.));
#6417 = ( GEOMETRIC_REPRESENTATION_CONTEXT(2) 
PARAMETRIC_REPRESENTATION_CONTEXT() REPRESENTATION_CONTEXT('2D SPACE',''
  ) );
#6418 = PCURVE('',#5653,#6419);
#6419 = DEFINITIONAL_REPRESENTATION('',(#6420),#6424);
#6420 = LINE('',#6421,#6422);
#6421 = CARTESIAN_POINT('',(-21.65,-4.185881536833E-15));
#6422 = VECTOR('',#6423,1.);
#6423 = DIRECTION('',(9.113937905993E-19,1.));
#6424 = ( GEOMETRIC_REPRESENTATION_CONTEXT(2) 
PARAMETRIC_REPRESENTATION_CONTEXT() REPRESENTATION_CONTEXT('2D SPACE',''
  ) );
#6425 = ORIENTED_EDGE('',*,*,#6347,.T.);
#6426 = ORIENTED_EDGE('',*,*,#4881,.T.);
#6427 = ORIENTED_EDGE('',*,*,#6428,.T.);
#6428 = EDGE_CURVE('',#4854,#6429,#6431,.T.);
#6429 = VERTEX_POINT('',#6430);
#6430 = CARTESIAN_POINT('',(28.950772246977,66.713269461861,
    5.832146244743));
#6431 = SURFACE_CURVE('',#6432,(#6436,#6443),.PCURVE_S1.);
#6432 = LINE('',#6433,#6434);
#6433 = CARTESIAN_POINT('',(28.481667745493,66.442431851651,
    6.286665722415));
#6434 = VECTOR('',#6435,1.);
#6435 = DIRECTION('',(0.663413948169,0.383022221559,-0.642787609687));
#6436 = PCURVE('',#4898,#6437);
#6437 = DEFINITIONAL_REPRESENTATION('',(#6438),#6442);
#6438 = LINE('',#6439,#6440);
#6439 = CARTESIAN_POINT('',(-1.570796326795,-0.));
#6440 = VECTOR('',#6441,1.);
#6441 = DIRECTION('',(-0.,-1.));
#6442 = ( GEOMETRIC_REPRESENTATION_CONTEXT(2) 
PARAMETRIC_REPRESENTATION_CONTEXT() REPRESENTATION_CONTEXT('2D SPACE',''
  ) );
#6443 = PCURVE('',#4869,#6444);
#6444 = DEFINITIONAL_REPRESENTATION('',(#6445),#6449);
#6445 = LINE('',#6446,#6447);
#6446 = CARTESIAN_POINT('',(-6.896731965603E-15,-0.353553390593));
#6447 = VECTOR('',#6448,1.);
#6448 = DIRECTION('',(-1.775387529559E-17,1.));
#6449 = ( GEOMETRIC_REPRESENTATION_CONTEXT(2) 
PARAMETRIC_REPRESENTATION_CONTEXT() REPRESENTATION_CONTEXT('2D SPACE',''
  ) );
#6450 = ORIENTED_EDGE('',*,*,#6451,.F.);
#6451 = EDGE_CURVE('',#6404,#6429,#6452,.T.);
#6452 = SURFACE_CURVE('',#6453,(#6458,#6465),.PCURVE_S1.);
#6453 = CIRCLE('',#6454,3.5);
#6454 = AXIS2_PLACEMENT_3D('',#6455,#6456,#6457);
#6455 = CARTESIAN_POINT('',(29.214949052545,66.86579201167,
    2.345464801422));
#6456 = DIRECTION('',(0.862729915663,0.498097349046,8.715574274766E-02)
  );
#6457 = DIRECTION('',(-0.5,0.866025403784,0.));
#6458 = PCURVE('',#4898,#6459);
#6459 = DEFINITIONAL_REPRESENTATION('',(#6460),#6464);
#6460 = LINE('',#6461,#6462);
#6461 = CARTESIAN_POINT('',(-0.,-0.5));
#6462 = VECTOR('',#6463,1.);
#6463 = DIRECTION('',(-1.,-0.));
#6464 = ( GEOMETRIC_REPRESENTATION_CONTEXT(2) 
PARAMETRIC_REPRESENTATION_CONTEXT() REPRESENTATION_CONTEXT('2D SPACE',''
  ) );
#6465 = PCURVE('',#6466,#6471);
#6466 = PLANE('',#6467);
#6467 = AXIS2_PLACEMENT_3D('',#6468,#6469,#6470);
#6468 = CARTESIAN_POINT('',(51.682010172623,29.838622485425,
    -8.438342805421));
#6469 = DIRECTION('',(0.862729915663,0.498097349046,8.715574274766E-02)
  );
#6470 = DIRECTION('',(-7.547908730517E-02,-4.357787137383E-02,
    0.996194698092));
#6471 = DEFINITIONAL_REPRESENTATION('',(#6472),#6476);
#6472 = CIRCLE('',#6473,3.5);
#6473 = AXIS2_PLACEMENT_2D('',#6474,#6475);
#6474 = CARTESIAN_POINT('',(10.825,-43.3));
#6475 = DIRECTION('',(1.462997699119E-18,-1.));
#6476 = ( GEOMETRIC_REPRESENTATION_CONTEXT(2) 
PARAMETRIC_REPRESENTATION_CONTEXT() REPRESENTATION_CONTEXT('2D SPACE',''
  ) );
#6477 = ADVANCED_FACE('',(#6478),#4837,.T.);
#6478 = FACE_BOUND('',#6479,.T.);
#6479 = EDGE_LOOP('',(#6480,#6503,#6504,#6505,#6528));
#6480 = ORIENTED_EDGE('',*,*,#6481,.F.);
#6481 = EDGE_CURVE('',#4821,#6482,#6484,.T.);
#6482 = VERTEX_POINT('',#6483);
#6483 = CARTESIAN_POINT('',(72.250772246977,-8.284530505871,
    5.832146244743));
#6484 = SURFACE_CURVE('',#6485,(#6489,#6496),.PCURVE_S1.);
#6485 = LINE('',#6486,#6487);
#6486 = CARTESIAN_POINT('',(72.016219996235,-8.419949310976,
    6.059405983579));
#6487 = VECTOR('',#6488,1.);
#6488 = DIRECTION('',(0.663413948169,0.383022221559,-0.642787609687));
#6489 = PCURVE('',#4837,#6490);
#6490 = DEFINITIONAL_REPRESENTATION('',(#6491),#6495);
#6491 = LINE('',#6492,#6493);
#6492 = CARTESIAN_POINT('',(-0.,-0.25));
#6493 = VECTOR('',#6494,1.);
#6494 = DIRECTION('',(-0.,-1.));
#6495 = ( GEOMETRIC_REPRESENTATION_CONTEXT(2) 
PARAMETRIC_REPRESENTATION_CONTEXT() REPRESENTATION_CONTEXT('2D SPACE',''
  ) );
#6496 = PCURVE('',#4869,#6497);
#6497 = DEFINITIONAL_REPRESENTATION('',(#6498),#6502);
#6498 = LINE('',#6499,#6500);
#6499 = CARTESIAN_POINT('',(-86.6,3.302192470506E-15));
#6500 = VECTOR('',#6501,1.);
#6501 = DIRECTION('',(-1.775387529559E-17,1.));
#6502 = ( GEOMETRIC_REPRESENTATION_CONTEXT(2) 
PARAMETRIC_REPRESENTATION_CONTEXT() REPRESENTATION_CONTEXT('2D SPACE',''
  ) );
#6503 = ORIENTED_EDGE('',*,*,#4820,.T.);
#6504 = ORIENTED_EDGE('',*,*,#6375,.T.);
#6505 = ORIENTED_EDGE('',*,*,#6506,.T.);
#6506 = EDGE_CURVE('',#6216,#6507,#6509,.T.);
#6507 = VERTEX_POINT('',#6508);
#6508 = CARTESIAN_POINT('',(74.264949052545,-11.1630968693,
    2.345464801422));
#6509 = SURFACE_CURVE('',#6510,(#6514,#6521),.PCURVE_S1.);
#6510 = LINE('',#6511,#6512);
#6511 = CARTESIAN_POINT('',(74.083584094713,-11.84515824572,
    2.301886930048));
#6512 = VECTOR('',#6513,1.);
#6513 = DIRECTION('',(0.256488783104,0.964580448897,6.162841671622E-02)
  );
#6514 = PCURVE('',#4837,#6515);
#6515 = DEFINITIONAL_REPRESENTATION('',(#6516),#6520);
#6516 = LINE('',#6517,#6518);
#6517 = CARTESIAN_POINT('',(-1.570796326795,-0.));
#6518 = VECTOR('',#6519,1.);
#6519 = DIRECTION('',(-0.,-1.));
#6520 = ( GEOMETRIC_REPRESENTATION_CONTEXT(2) 
PARAMETRIC_REPRESENTATION_CONTEXT() REPRESENTATION_CONTEXT('2D SPACE',''
  ) );
#6521 = PCURVE('',#6231,#6522);
#6522 = DEFINITIONAL_REPRESENTATION('',(#6523),#6527);
#6523 = LINE('',#6524,#6525);
#6524 = CARTESIAN_POINT('',(-2.420674697104E-15,-0.353553390593));
#6525 = VECTOR('',#6526,1.);
#6526 = DIRECTION('',(-3.542103120664E-17,1.));
#6527 = ( GEOMETRIC_REPRESENTATION_CONTEXT(2) 
PARAMETRIC_REPRESENTATION_CONTEXT() REPRESENTATION_CONTEXT('2D SPACE',''
  ) );
#6528 = ORIENTED_EDGE('',*,*,#6529,.F.);
#6529 = EDGE_CURVE('',#6482,#6507,#6530,.T.);
#6530 = SURFACE_CURVE('',#6531,(#6536,#6543),.PCURVE_S1.);
#6531 = CIRCLE('',#6532,3.5);
#6532 = AXIS2_PLACEMENT_3D('',#6533,#6534,#6535);
#6533 = CARTESIAN_POINT('',(72.514949052545,-8.132007956063,
    2.345464801422));
#6534 = DIRECTION('',(0.862729915663,0.498097349046,8.715574274766E-02)
  );
#6535 = DIRECTION('',(-7.547908730517E-02,-4.357787137383E-02,
    0.996194698092));
#6536 = PCURVE('',#4837,#6537);
#6537 = DEFINITIONAL_REPRESENTATION('',(#6538),#6542);
#6538 = LINE('',#6539,#6540);
#6539 = CARTESIAN_POINT('',(-0.,-0.5));
#6540 = VECTOR('',#6541,1.);
#6541 = DIRECTION('',(-1.,-0.));
#6542 = ( GEOMETRIC_REPRESENTATION_CONTEXT(2) 
PARAMETRIC_REPRESENTATION_CONTEXT() REPRESENTATION_CONTEXT('2D SPACE',''
  ) );
#6543 = PCURVE('',#6466,#6544);
#6544 = DEFINITIONAL_REPRESENTATION('',(#6545),#6549);
#6545 = CIRCLE('',#6546,3.5);
#6546 = AXIS2_PLACEMENT_2D('',#6547,#6548);
#6547 = CARTESIAN_POINT('',(10.825,43.3));
#6548 = DIRECTION('',(1.,-2.748962873712E-18));
#6549 = ( GEOMETRIC_REPRESENTATION_CONTEXT(2) 
PARAMETRIC_REPRESENTATION_CONTEXT() REPRESENTATION_CONTEXT('2D SPACE',''
  ) );
#6550 = ADVANCED_FACE('',(#6551),#4869,.F.);
#6551 = FACE_BOUND('',#6552,.T.);
#6552 = EDGE_LOOP('',(#6553,#6554,#6555,#6556));
#6553 = ORIENTED_EDGE('',*,*,#6428,.F.);
#6554 = ORIENTED_EDGE('',*,*,#4853,.T.);
#6555 = ORIENTED_EDGE('',*,*,#6481,.T.);
#6556 = ORIENTED_EDGE('',*,*,#6557,.F.);
#6557 = EDGE_CURVE('',#6429,#6482,#6558,.T.);
#6558 = SURFACE_CURVE('',#6559,(#6563,#6570),.PCURVE_S1.);
#6559 = LINE('',#6560,#6561);
#6560 = CARTESIAN_POINT('',(28.950772246977,66.713269461861,
    5.832146244743));
#6561 = VECTOR('',#6562,1.);
#6562 = DIRECTION('',(0.5,-0.866025403784,0.));
#6563 = PCURVE('',#4869,#6564);
#6564 = DEFINITIONAL_REPRESENTATION('',(#6565),#6569);
#6565 = LINE('',#6566,#6567);
#6566 = CARTESIAN_POINT('',(-5.412865819929E-15,0.353553390593));
#6567 = VECTOR('',#6568,1.);
#6568 = DIRECTION('',(-1.,3.080220888473E-17));
#6569 = ( GEOMETRIC_REPRESENTATION_CONTEXT(2) 
PARAMETRIC_REPRESENTATION_CONTEXT() REPRESENTATION_CONTEXT('2D SPACE',''
  ) );
#6570 = PCURVE('',#6466,#6571);
#6571 = DEFINITIONAL_REPRESENTATION('',(#6572),#6576);
#6572 = LINE('',#6573,#6574);
#6573 = CARTESIAN_POINT('',(14.325,-43.3));
#6574 = VECTOR('',#6575,1.);
#6575 = DIRECTION('',(-3.410564202805E-18,1.));
#6576 = ( GEOMETRIC_REPRESENTATION_CONTEXT(2) 
PARAMETRIC_REPRESENTATION_CONTEXT() REPRESENTATION_CONTEXT('2D SPACE',''
  ) );
#6577 = ADVANCED_FACE('',(#6578),#5249,.F.);
#6578 = FACE_BOUND('',#6579,.T.);
#6579 = EDGE_LOOP('',(#6580,#6604,#6625,#6626));
#6580 = ORIENTED_EDGE('',*,*,#6581,.T.);
#6581 = EDGE_CURVE('',#5517,#6582,#6584,.T.);
#6582 = VERTEX_POINT('',#6583);
#6583 = CARTESIAN_POINT('',(20.9,-8.628779536711E-16,0.));
#6584 = SURFACE_CURVE('',#6585,(#6590,#6597),.PCURVE_S1.);
#6585 = CIRCLE('',#6586,20.9);
#6586 = AXIS2_PLACEMENT_3D('',#6587,#6588,#6589);
#6587 = CARTESIAN_POINT('',(1.191989025406E-13,-8.628779536711E-16,0.));
#6588 = DIRECTION('',(0.,0.,1.));
#6589 = DIRECTION('',(1.,0.,0.));
#6590 = PCURVE('',#5249,#6591);
#6591 = DEFINITIONAL_REPRESENTATION('',(#6592),#6596);
#6592 = LINE('',#6593,#6594);
#6593 = CARTESIAN_POINT('',(-0.,-3.));
#6594 = VECTOR('',#6595,1.);
#6595 = DIRECTION('',(-1.,0.));
#6596 = ( GEOMETRIC_REPRESENTATION_CONTEXT(2) 
PARAMETRIC_REPRESENTATION_CONTEXT() REPRESENTATION_CONTEXT('2D SPACE',''
  ) );
#6597 = PCURVE('',#5554,#6598);
#6598 = DEFINITIONAL_REPRESENTATION('',(#6599),#6603);
#6599 = CIRCLE('',#6600,20.9);
#6600 = AXIS2_PLACEMENT_2D('',#6601,#6602);
#6601 = CARTESIAN_POINT('',(1.219337828056E-13,-2.549950095141E-15));
#6602 = DIRECTION('',(1.,0.));
#6603 = ( GEOMETRIC_REPRESENTATION_CONTEXT(2) 
PARAMETRIC_REPRESENTATION_CONTEXT() REPRESENTATION_CONTEXT('2D SPACE',''
  ) );
#6604 = ORIENTED_EDGE('',*,*,#6605,.F.);
#6605 = EDGE_CURVE('',#5204,#6582,#6606,.T.);
#6606 = SURFACE_CURVE('',#6607,(#6611,#6618),.PCURVE_S1.);
#6607 = LINE('',#6608,#6609);
#6608 = CARTESIAN_POINT('',(20.9,-8.628779536711E-16,-3.));
#6609 = VECTOR('',#6610,1.);
#6610 = DIRECTION('',(0.,0.,1.));
#6611 = PCURVE('',#5249,#6612);
#6612 = DEFINITIONAL_REPRESENTATION('',(#6613),#6617);
#6613 = LINE('',#6614,#6615);
#6614 = CARTESIAN_POINT('',(-6.28318530718,0.));
#6615 = VECTOR('',#6616,1.);
#6616 = DIRECTION('',(-0.,-1.));
#6617 = ( GEOMETRIC_REPRESENTATION_CONTEXT(2) 
PARAMETRIC_REPRESENTATION_CONTEXT() REPRESENTATION_CONTEXT('2D SPACE',''
  ) );
#6618 = PCURVE('',#5220,#6619);
#6619 = DEFINITIONAL_REPRESENTATION('',(#6620),#6624);
#6620 = LINE('',#6621,#6622);
#6621 = CARTESIAN_POINT('',(-0.,0.));
#6622 = VECTOR('',#6623,1.);
#6623 = DIRECTION('',(-0.,-1.));
#6624 = ( GEOMETRIC_REPRESENTATION_CONTEXT(2) 
PARAMETRIC_REPRESENTATION_CONTEXT() REPRESENTATION_CONTEXT('2D SPACE',''
  ) );
#6625 = ORIENTED_EDGE('',*,*,#5232,.F.);
#6626 = ORIENTED_EDGE('',*,*,#5516,.F.);
#6627 = ADVANCED_FACE('',(#6628),#5220,.F.);
#6628 = FACE_BOUND('',#6629,.T.);
#6629 = EDGE_LOOP('',(#6630,#6631,#6632,#6654));
#6630 = ORIENTED_EDGE('',*,*,#5203,.F.);
#6631 = ORIENTED_EDGE('',*,*,#6605,.T.);
#6632 = ORIENTED_EDGE('',*,*,#6633,.T.);
#6633 = EDGE_CURVE('',#6582,#5538,#6634,.T.);
#6634 = SURFACE_CURVE('',#6635,(#6640,#6647),.PCURVE_S1.);
#6635 = CIRCLE('',#6636,20.9);
#6636 = AXIS2_PLACEMENT_3D('',#6637,#6638,#6639);
#6637 = CARTESIAN_POINT('',(1.191989025406E-13,-8.628779536711E-16,0.));
#6638 = DIRECTION('',(0.,0.,1.));
#6639 = DIRECTION('',(1.,0.,0.));
#6640 = PCURVE('',#5220,#6641);
#6641 = DEFINITIONAL_REPRESENTATION('',(#6642),#6646);
#6642 = LINE('',#6643,#6644);
#6643 = CARTESIAN_POINT('',(-0.,-3.));
#6644 = VECTOR('',#6645,1.);
#6645 = DIRECTION('',(-1.,0.));
#6646 = ( GEOMETRIC_REPRESENTATION_CONTEXT(2) 
PARAMETRIC_REPRESENTATION_CONTEXT() REPRESENTATION_CONTEXT('2D SPACE',''
  ) );
#6647 = PCURVE('',#5554,#6648);
#6648 = DEFINITIONAL_REPRESENTATION('',(#6649),#6653);
#6649 = CIRCLE('',#6650,20.9);
#6650 = AXIS2_PLACEMENT_2D('',#6651,#6652);
#6651 = CARTESIAN_POINT('',(1.219337828056E-13,-2.549950095141E-15));
#6652 = DIRECTION('',(1.,0.));
#6653 = ( GEOMETRIC_REPRESENTATION_CONTEXT(2) 
PARAMETRIC_REPRESENTATION_CONTEXT() REPRESENTATION_CONTEXT('2D SPACE',''
  ) );
#6654 = ORIENTED_EDGE('',*,*,#5570,.T.);
#6655 = ADVANCED_FACE('',(#6656),#5489,.F.);
#6656 = FACE_BOUND('',#6657,.T.);
#6657 = EDGE_LOOP('',(#6658,#6659,#6682,#6709));
#6658 = ORIENTED_EDGE('',*,*,#5468,.F.);
#6659 = ORIENTED_EDGE('',*,*,#6660,.T.);
#6660 = EDGE_CURVE('',#5469,#6661,#6663,.T.);
#6661 = VERTEX_POINT('',#6662);
#6662 = CARTESIAN_POINT('',(12.,2.124508185672E-16,-4.));
#6663 = SEAM_CURVE('',#6664,(#6668,#6675),.PCURVE_S1.);
#6664 = LINE('',#6665,#6666);
#6665 = CARTESIAN_POINT('',(12.,0.,6.));
#6666 = VECTOR('',#6667,1.);
#6667 = DIRECTION('',(7.638334409421E-15,2.124508185672E-17,-1.));
#6668 = PCURVE('',#5489,#6669);
#6669 = DEFINITIONAL_REPRESENTATION('',(#6670),#6674);
#6670 = LINE('',#6671,#6672);
#6671 = CARTESIAN_POINT('',(-0.,-26.));
#6672 = VECTOR('',#6673,1.);
#6673 = DIRECTION('',(0.,1.));
#6674 = ( GEOMETRIC_REPRESENTATION_CONTEXT(2) 
PARAMETRIC_REPRESENTATION_CONTEXT() REPRESENTATION_CONTEXT('2D SPACE',''
  ) );
#6675 = PCURVE('',#5489,#6676);
#6676 = DEFINITIONAL_REPRESENTATION('',(#6677),#6681);
#6677 = LINE('',#6678,#6679);
#6678 = CARTESIAN_POINT('',(-6.28318530718,-26.));
#6679 = VECTOR('',#6680,1.);
#6680 = DIRECTION('',(0.,1.));
#6681 = ( GEOMETRIC_REPRESENTATION_CONTEXT(2) 
PARAMETRIC_REPRESENTATION_CONTEXT() REPRESENTATION_CONTEXT('2D SPACE',''
  ) );
#6682 = ORIENTED_EDGE('',*,*,#6683,.F.);
#6683 = EDGE_CURVE('',#6661,#6661,#6684,.T.);
#6684 = SURFACE_CURVE('',#6685,(#6690,#6697),.PCURVE_S1.);
#6685 = CIRCLE('',#6686,12.);
#6686 = AXIS2_PLACEMENT_3D('',#6687,#6688,#6689);
#6687 = CARTESIAN_POINT('',(7.555092137322E-14,2.124508185672E-16,-4.));
#6688 = DIRECTION('',(0.,0.,1.));
#6689 = DIRECTION('',(1.,0.,0.));
#6690 = PCURVE('',#5489,#6691);
#6691 = DEFINITIONAL_REPRESENTATION('',(#6692),#6696);
#6692 = LINE('',#6693,#6694);
#6693 = CARTESIAN_POINT('',(-0.,-16.));
#6694 = VECTOR('',#6695,1.);
#6695 = DIRECTION('',(-1.,0.));
#6696 = ( GEOMETRIC_REPRESENTATION_CONTEXT(2) 
PARAMETRIC_REPRESENTATION_CONTEXT() REPRESENTATION_CONTEXT('2D SPACE',''
  ) );
#6697 = PCURVE('',#6698,#6703);
#6698 = PLANE('',#6699);
#6699 = AXIS2_PLACEMENT_3D('',#6700,#6701,#6702);
#6700 = CARTESIAN_POINT('',(-6.990109303716E-16,7.59164447188E-16,-4.));
#6701 = DIRECTION('',(0.,0.,1.));
#6702 = DIRECTION('',(1.,0.,-0.));
#6703 = DEFINITIONAL_REPRESENTATION('',(#6704),#6708);
#6704 = CIRCLE('',#6705,12.);
#6705 = AXIS2_PLACEMENT_2D('',#6706,#6707);
#6706 = CARTESIAN_POINT('',(7.62499323036E-14,-5.467136286208E-16));
#6707 = DIRECTION('',(1.,0.));
#6708 = ( GEOMETRIC_REPRESENTATION_CONTEXT(2) 
PARAMETRIC_REPRESENTATION_CONTEXT() REPRESENTATION_CONTEXT('2D SPACE',''
  ) );
#6709 = ORIENTED_EDGE('',*,*,#6660,.F.);
#6710 = ADVANCED_FACE('',(#6711,#6716),#5554,.F.);
#6711 = FACE_BOUND('',#6712,.F.);
#6712 = EDGE_LOOP('',(#6713,#6714,#6715));
#6713 = ORIENTED_EDGE('',*,*,#6581,.T.);
#6714 = ORIENTED_EDGE('',*,*,#6633,.T.);
#6715 = ORIENTED_EDGE('',*,*,#5537,.T.);
#6716 = FACE_BOUND('',#6717,.F.);
#6717 = EDGE_LOOP('',(#6718));
#6718 = ORIENTED_EDGE('',*,*,#6719,.F.);
#6719 = EDGE_CURVE('',#6720,#6720,#6722,.T.);
#6720 = VERTEX_POINT('',#6721);
#6721 = CARTESIAN_POINT('',(15.65,0.,0.));
#6722 = SURFACE_CURVE('',#6723,(#6728,#6735),.PCURVE_S1.);
#6723 = CIRCLE('',#6724,15.65);
#6724 = AXIS2_PLACEMENT_3D('',#6725,#6726,#6727);
#6725 = CARTESIAN_POINT('',(0.,0.,0.));
#6726 = DIRECTION('',(0.,0.,1.));
#6727 = DIRECTION('',(1.,0.,0.));
#6728 = PCURVE('',#5554,#6729);
#6729 = DEFINITIONAL_REPRESENTATION('',(#6730),#6734);
#6730 = CIRCLE('',#6731,15.65);
#6731 = AXIS2_PLACEMENT_2D('',#6732,#6733);
#6732 = CARTESIAN_POINT('',(2.734880265079E-15,-1.687072141469E-15));
#6733 = DIRECTION('',(1.,0.));
#6734 = ( GEOMETRIC_REPRESENTATION_CONTEXT(2) 
PARAMETRIC_REPRESENTATION_CONTEXT() REPRESENTATION_CONTEXT('2D SPACE',''
  ) );
#6735 = PCURVE('',#6736,#6741);
#6736 = CYLINDRICAL_SURFACE('',#6737,15.65);
#6737 = AXIS2_PLACEMENT_3D('',#6738,#6739,#6740);
#6738 = CARTESIAN_POINT('',(0.,0.,-4.));
#6739 = DIRECTION('',(-0.,-0.,-1.));
#6740 = DIRECTION('',(1.,0.,0.));
#6741 = DEFINITIONAL_REPRESENTATION('',(#6742),#6746);
#6742 = LINE('',#6743,#6744);
#6743 = CARTESIAN_POINT('',(-0.,-4.));
#6744 = VECTOR('',#6745,1.);
#6745 = DIRECTION('',(-1.,0.));
#6746 = ( GEOMETRIC_REPRESENTATION_CONTEXT(2) 
PARAMETRIC_REPRESENTATION_CONTEXT() REPRESENTATION_CONTEXT('2D SPACE',''
  ) );
#6747 = ADVANCED_FACE('',(#6748),#5653,.F.);
#6748 = FACE_BOUND('',#6749,.T.);
#6749 = EDGE_LOOP('',(#6750,#6773,#6774,#6775));
#6750 = ORIENTED_EDGE('',*,*,#6751,.F.);
#6751 = EDGE_CURVE('',#5615,#6752,#6754,.T.);
#6752 = VERTEX_POINT('',#6753);
#6753 = CARTESIAN_POINT('',(29.099071292702,70.840341840159,
    -19.22215041226));
#6754 = SURFACE_CURVE('',#6755,(#6759,#6766),.PCURVE_S1.);
#6755 = LINE('',#6756,#6757);
#6756 = CARTESIAN_POINT('',(28.41770633487,71.024305867528,
    -19.26572828363));
#6757 = VECTOR('',#6758,1.);
#6758 = DIRECTION('',(0.963595564291,-0.260164422494,6.162841671622E-02)
  );
#6759 = PCURVE('',#5653,#6760);
#6760 = DEFINITIONAL_REPRESENTATION('',(#6761),#6765);
#6761 = LINE('',#6762,#6763);
#6762 = CARTESIAN_POINT('',(-6.6562251645E-16,-0.353553390593));
#6763 = VECTOR('',#6764,1.);
#6764 = DIRECTION('',(-4.058994670178E-17,1.));
#6765 = ( GEOMETRIC_REPRESENTATION_CONTEXT(2) 
PARAMETRIC_REPRESENTATION_CONTEXT() REPRESENTATION_CONTEXT('2D SPACE',''
  ) );
#6766 = PCURVE('',#5753,#6767);
#6767 = DEFINITIONAL_REPRESENTATION('',(#6768),#6772);
#6768 = LINE('',#6769,#6770);
#6769 = CARTESIAN_POINT('',(-1.570796326795,-0.));
#6770 = VECTOR('',#6771,1.);
#6771 = DIRECTION('',(-0.,-1.));
#6772 = ( GEOMETRIC_REPRESENTATION_CONTEXT(2) 
PARAMETRIC_REPRESENTATION_CONTEXT() REPRESENTATION_CONTEXT('2D SPACE',''
  ) );
#6773 = ORIENTED_EDGE('',*,*,#5637,.T.);
#6774 = ORIENTED_EDGE('',*,*,#6403,.T.);
#6775 = ORIENTED_EDGE('',*,*,#6776,.F.);
#6776 = EDGE_CURVE('',#6752,#6404,#6777,.T.);
#6777 = SURFACE_CURVE('',#6778,(#6782,#6789),.PCURVE_S1.);
#6778 = LINE('',#6779,#6780);
#6779 = CARTESIAN_POINT('',(29.099071292702,70.840341840159,
    -19.22215041226));
#6780 = VECTOR('',#6781,1.);
#6781 = DIRECTION('',(-7.547908730517E-02,-4.357787137383E-02,
    0.996194698092));
#6782 = PCURVE('',#5653,#6783);
#6783 = DEFINITIONAL_REPRESENTATION('',(#6784),#6788);
#6784 = LINE('',#6785,#6786);
#6785 = CARTESIAN_POINT('',(9.327699317504E-16,0.353553390593));
#6786 = VECTOR('',#6787,1.);
#6787 = DIRECTION('',(-1.,6.053904699522E-18));
#6788 = ( GEOMETRIC_REPRESENTATION_CONTEXT(2) 
PARAMETRIC_REPRESENTATION_CONTEXT() REPRESENTATION_CONTEXT('2D SPACE',''
  ) );
#6789 = PCURVE('',#6466,#6790);
#6790 = DEFINITIONAL_REPRESENTATION('',(#6791),#6795);
#6791 = LINE('',#6792,#6793);
#6792 = CARTESIAN_POINT('',(-10.825,-46.8));
#6793 = VECTOR('',#6794,1.);
#6794 = DIRECTION('',(1.,-2.748962873712E-18));
#6795 = ( GEOMETRIC_REPRESENTATION_CONTEXT(2) 
PARAMETRIC_REPRESENTATION_CONTEXT() REPRESENTATION_CONTEXT('2D SPACE',''
  ) );
#6796 = ADVANCED_FACE('',(#6797),#5753,.T.);
#6797 = FACE_BOUND('',#6798,.T.);
#6798 = EDGE_LOOP('',(#6799,#6822,#6823,#6824));
#6799 = ORIENTED_EDGE('',*,*,#6800,.F.);
#6800 = EDGE_CURVE('',#5714,#6801,#6803,.T.);
#6801 = VERTEX_POINT('',#6802);
#6802 = CARTESIAN_POINT('',(31.11324809827,67.961775476721,
    -22.70883185558));
#6803 = SURFACE_CURVE('',#6804,(#6808,#6815),.PCURVE_S1.);
#6804 = LINE('',#6805,#6806);
#6805 = CARTESIAN_POINT('',(30.916435391181,67.848145607303,
    -22.97966946579));
#6806 = VECTOR('',#6807,1.);
#6807 = DIRECTION('',(0.556670399226,0.321393804843,0.766044443119));
#6808 = PCURVE('',#5753,#6809);
#6809 = DEFINITIONAL_REPRESENTATION('',(#6810),#6814);
#6810 = LINE('',#6811,#6812);
#6811 = CARTESIAN_POINT('',(-0.,-0.25));
#6812 = VECTOR('',#6813,1.);
#6813 = DIRECTION('',(-0.,-1.));
#6814 = ( GEOMETRIC_REPRESENTATION_CONTEXT(2) 
PARAMETRIC_REPRESENTATION_CONTEXT() REPRESENTATION_CONTEXT('2D SPACE',''
  ) );
#6815 = PCURVE('',#5806,#6816);
#6816 = DEFINITIONAL_REPRESENTATION('',(#6817),#6821);
#6817 = LINE('',#6818,#6819);
#6818 = CARTESIAN_POINT('',(-86.6,7.240652022509E-15));
#6819 = VECTOR('',#6820,1.);
#6820 = DIRECTION('',(2.554014044377E-17,1.));
#6821 = ( GEOMETRIC_REPRESENTATION_CONTEXT(2) 
PARAMETRIC_REPRESENTATION_CONTEXT() REPRESENTATION_CONTEXT('2D SPACE',''
  ) );
#6822 = ORIENTED_EDGE('',*,*,#5738,.T.);
#6823 = ORIENTED_EDGE('',*,*,#6751,.T.);
#6824 = ORIENTED_EDGE('',*,*,#6825,.F.);
#6825 = EDGE_CURVE('',#6801,#6752,#6826,.T.);
#6826 = SURFACE_CURVE('',#6827,(#6832,#6839),.PCURVE_S1.);
#6827 = CIRCLE('',#6828,3.5);
#6828 = AXIS2_PLACEMENT_3D('',#6829,#6830,#6831);
#6829 = CARTESIAN_POINT('',(30.849071292702,67.809252926913,
    -19.22215041226));
#6830 = DIRECTION('',(0.862729915663,0.498097349046,8.715574274766E-02)
  );
#6831 = DIRECTION('',(7.547908730517E-02,4.357787137383E-02,
    -0.996194698092));
#6832 = PCURVE('',#5753,#6833);
#6833 = DEFINITIONAL_REPRESENTATION('',(#6834),#6838);
#6834 = LINE('',#6835,#6836);
#6835 = CARTESIAN_POINT('',(-0.,-0.5));
#6836 = VECTOR('',#6837,1.);
#6837 = DIRECTION('',(-1.,-0.));
#6838 = ( GEOMETRIC_REPRESENTATION_CONTEXT(2) 
PARAMETRIC_REPRESENTATION_CONTEXT() REPRESENTATION_CONTEXT('2D SPACE',''
  ) );
#6839 = PCURVE('',#6466,#6840);
#6840 = DEFINITIONAL_REPRESENTATION('',(#6841),#6845);
#6841 = CIRCLE('',#6842,3.5);
#6842 = AXIS2_PLACEMENT_2D('',#6843,#6844);
#6843 = CARTESIAN_POINT('',(-10.825,-43.3));
#6844 = DIRECTION('',(-1.,2.748962873712E-18));
#6845 = ( GEOMETRIC_REPRESENTATION_CONTEXT(2) 
PARAMETRIC_REPRESENTATION_CONTEXT() REPRESENTATION_CONTEXT('2D SPACE',''
  ) );
#6846 = ADVANCED_FACE('',(#6847),#5806,.F.);
#6847 = FACE_BOUND('',#6848,.T.);
#6848 = EDGE_LOOP('',(#6849,#6872,#6873,#6874));
#6849 = ORIENTED_EDGE('',*,*,#6850,.F.);
#6850 = EDGE_CURVE('',#5770,#6851,#6853,.T.);
#6851 = VERTEX_POINT('',#6852);
#6852 = CARTESIAN_POINT('',(74.41324809827,-7.036024491011,
    -22.70883185558));
#6853 = SURFACE_CURVE('',#6854,(#6858,#6865),.PCURVE_S1.);
#6854 = LINE('',#6855,#6856);
#6855 = CARTESIAN_POINT('',(74.216435391181,-7.149654360429,
    -22.97966946579));
#6856 = VECTOR('',#6857,1.);
#6857 = DIRECTION('',(0.556670399226,0.321393804843,0.766044443119));
#6858 = PCURVE('',#5806,#6859);
#6859 = DEFINITIONAL_REPRESENTATION('',(#6860),#6864);
#6860 = LINE('',#6861,#6862);
#6861 = CARTESIAN_POINT('',(-0.,0.));
#6862 = VECTOR('',#6863,1.);
#6863 = DIRECTION('',(2.554014044377E-17,1.));
#6864 = ( GEOMETRIC_REPRESENTATION_CONTEXT(2) 
PARAMETRIC_REPRESENTATION_CONTEXT() REPRESENTATION_CONTEXT('2D SPACE',''
  ) );
#6865 = PCURVE('',#5839,#6866);
#6866 = DEFINITIONAL_REPRESENTATION('',(#6867),#6871);
#6867 = LINE('',#6868,#6869);
#6868 = CARTESIAN_POINT('',(-1.570796326795,-0.25));
#6869 = VECTOR('',#6870,1.);
#6870 = DIRECTION('',(-0.,-1.));
#6871 = ( GEOMETRIC_REPRESENTATION_CONTEXT(2) 
PARAMETRIC_REPRESENTATION_CONTEXT() REPRESENTATION_CONTEXT('2D SPACE',''
  ) );
#6872 = ORIENTED_EDGE('',*,*,#5792,.T.);
#6873 = ORIENTED_EDGE('',*,*,#6800,.T.);
#6874 = ORIENTED_EDGE('',*,*,#6875,.F.);
#6875 = EDGE_CURVE('',#6851,#6801,#6876,.T.);
#6876 = SURFACE_CURVE('',#6877,(#6881,#6888),.PCURVE_S1.);
#6877 = LINE('',#6878,#6879);
#6878 = CARTESIAN_POINT('',(74.41324809827,-7.036024491011,
    -22.70883185558));
#6879 = VECTOR('',#6880,1.);
#6880 = DIRECTION('',(-0.5,0.866025403784,0.));
#6881 = PCURVE('',#5806,#6882);
#6882 = DEFINITIONAL_REPRESENTATION('',(#6883),#6887);
#6883 = LINE('',#6884,#6885);
#6884 = CARTESIAN_POINT('',(4.66621813875E-15,0.353553390593));
#6885 = VECTOR('',#6886,1.);
#6886 = DIRECTION('',(-1.,-3.380994803421E-17));
#6887 = ( GEOMETRIC_REPRESENTATION_CONTEXT(2) 
PARAMETRIC_REPRESENTATION_CONTEXT() REPRESENTATION_CONTEXT('2D SPACE',''
  ) );
#6888 = PCURVE('',#6466,#6889);
#6889 = DEFINITIONAL_REPRESENTATION('',(#6890),#6894);
#6890 = LINE('',#6891,#6892);
#6891 = CARTESIAN_POINT('',(-14.325,43.3));
#6892 = VECTOR('',#6893,1.);
#6893 = DIRECTION('',(3.410564202805E-18,-1.));
#6894 = ( GEOMETRIC_REPRESENTATION_CONTEXT(2) 
PARAMETRIC_REPRESENTATION_CONTEXT() REPRESENTATION_CONTEXT('2D SPACE',''
  ) );
#6895 = ADVANCED_FACE('',(#6896),#5839,.T.);
#6896 = FACE_BOUND('',#6897,.T.);
#6897 = EDGE_LOOP('',(#6898,#6921,#6922,#6923));
#6898 = ORIENTED_EDGE('',*,*,#6899,.F.);
#6899 = EDGE_CURVE('',#5823,#6900,#6902,.T.);
#6900 = VERTEX_POINT('',#6901);
#6901 = CARTESIAN_POINT('',(75.899071292702,-10.21963595406,
    -19.22215041226));
#6902 = SURFACE_CURVE('',#6903,(#6907,#6914),.PCURVE_S1.);
#6903 = LINE('',#6904,#6905);
#6904 = CARTESIAN_POINT('',(75.808388813786,-10.56066664227,
    -19.24393934795));
#6905 = VECTOR('',#6906,1.);
#6906 = DIRECTION('',(0.256488783104,0.964580448897,6.162841671622E-02)
  );
#6907 = PCURVE('',#5839,#6908);
#6908 = DEFINITIONAL_REPRESENTATION('',(#6909),#6913);
#6909 = LINE('',#6910,#6911);
#6910 = CARTESIAN_POINT('',(-0.,-0.25));
#6911 = VECTOR('',#6912,1.);
#6912 = DIRECTION('',(-0.,-1.));
#6913 = ( GEOMETRIC_REPRESENTATION_CONTEXT(2) 
PARAMETRIC_REPRESENTATION_CONTEXT() REPRESENTATION_CONTEXT('2D SPACE',''
  ) );
#6914 = PCURVE('',#6231,#6915);
#6915 = DEFINITIONAL_REPRESENTATION('',(#6916),#6920);
#6916 = LINE('',#6917,#6918);
#6917 = CARTESIAN_POINT('',(-21.65,3.300799602988E-15));
#6918 = VECTOR('',#6919,1.);
#6919 = DIRECTION('',(-8.849892043856E-19,1.));
#6920 = ( GEOMETRIC_REPRESENTATION_CONTEXT(2) 
PARAMETRIC_REPRESENTATION_CONTEXT() REPRESENTATION_CONTEXT('2D SPACE',''
  ) );
#6921 = ORIENTED_EDGE('',*,*,#5822,.T.);
#6922 = ORIENTED_EDGE('',*,*,#6850,.T.);
#6923 = ORIENTED_EDGE('',*,*,#6924,.F.);
#6924 = EDGE_CURVE('',#6900,#6851,#6925,.T.);
#6925 = SURFACE_CURVE('',#6926,(#6931,#6938),.PCURVE_S1.);
#6926 = CIRCLE('',#6927,3.5);
#6927 = AXIS2_PLACEMENT_3D('',#6928,#6929,#6930);
#6928 = CARTESIAN_POINT('',(74.149071292702,-7.188547040819,
    -19.22215041226));
#6929 = DIRECTION('',(0.862729915663,0.498097349046,8.715574274766E-02)
  );
#6930 = DIRECTION('',(0.5,-0.866025403784,0.));
#6931 = PCURVE('',#5839,#6932);
#6932 = DEFINITIONAL_REPRESENTATION('',(#6933),#6937);
#6933 = LINE('',#6934,#6935);
#6934 = CARTESIAN_POINT('',(-0.,-0.5));
#6935 = VECTOR('',#6936,1.);
#6936 = DIRECTION('',(-1.,-0.));
#6937 = ( GEOMETRIC_REPRESENTATION_CONTEXT(2) 
PARAMETRIC_REPRESENTATION_CONTEXT() REPRESENTATION_CONTEXT('2D SPACE',''
  ) );
#6938 = PCURVE('',#6466,#6939);
#6939 = DEFINITIONAL_REPRESENTATION('',(#6940),#6944);
#6940 = CIRCLE('',#6941,3.5);
#6941 = AXIS2_PLACEMENT_2D('',#6942,#6943);
#6942 = CARTESIAN_POINT('',(-10.825,43.3));
#6943 = DIRECTION('',(-1.462997699119E-18,1.));
#6944 = ( GEOMETRIC_REPRESENTATION_CONTEXT(2) 
PARAMETRIC_REPRESENTATION_CONTEXT() REPRESENTATION_CONTEXT('2D SPACE',''
  ) );
#6945 = ADVANCED_FACE('',(#6946),#5952,.F.);
#6946 = FACE_BOUND('',#6947,.F.);
#6947 = EDGE_LOOP('',(#6948,#6949,#6950,#6951));
#6948 = ORIENTED_EDGE('',*,*,#6191,.T.);
#6949 = ORIENTED_EDGE('',*,*,#5933,.T.);
#6950 = ORIENTED_EDGE('',*,*,#6091,.T.);
#6951 = ORIENTED_EDGE('',*,*,#6138,.F.);
#6952 = ADVANCED_FACE('',(#6953),#6072,.F.);
#6953 = FACE_BOUND('',#6954,.F.);
#6954 = EDGE_LOOP('',(#6955,#6956,#6979,#7008,#7030));
#6955 = ORIENTED_EDGE('',*,*,#6057,.T.);
#6956 = ORIENTED_EDGE('',*,*,#6957,.T.);
#6957 = EDGE_CURVE('',#6035,#6958,#6960,.T.);
#6958 = VERTEX_POINT('',#6959);
#6959 = CARTESIAN_POINT('',(49.194498097894,28.402456719468,
    -7.761105902624));
#6960 = SEAM_CURVE('',#6961,(#6965,#6972),.PCURVE_S1.);
#6961 = LINE('',#6962,#6963);
#6962 = CARTESIAN_POINT('',(45.937292302837,26.521908076886,
    -5.028508772987));
#6963 = VECTOR('',#6964,1.);
#6964 = DIRECTION('',(0.700629269222,0.404508497187,-0.587785252292));
#6965 = PCURVE('',#6072,#6966);
#6966 = DEFINITIONAL_REPRESENTATION('',(#6967),#6971);
#6967 = LINE('',#6968,#6969);
#6968 = CARTESIAN_POINT('',(0.,-0.));
#6969 = VECTOR('',#6970,1.);
#6970 = DIRECTION('',(-0.,-1.));
#6971 = ( GEOMETRIC_REPRESENTATION_CONTEXT(2) 
PARAMETRIC_REPRESENTATION_CONTEXT() REPRESENTATION_CONTEXT('2D SPACE',''
  ) );
#6972 = PCURVE('',#6072,#6973);
#6973 = DEFINITIONAL_REPRESENTATION('',(#6974),#6978);
#6974 = LINE('',#6975,#6976);
#6975 = CARTESIAN_POINT('',(-6.28318530718,0.));
#6976 = VECTOR('',#6977,1.);
#6977 = DIRECTION('',(-0.,-1.));
#6978 = ( GEOMETRIC_REPRESENTATION_CONTEXT(2) 
PARAMETRIC_REPRESENTATION_CONTEXT() REPRESENTATION_CONTEXT('2D SPACE',''
  ) );
#6979 = ORIENTED_EDGE('',*,*,#6980,.F.);
#6980 = EDGE_CURVE('',#6981,#6958,#6983,.T.);
#6981 = VERTEX_POINT('',#6982);
#6982 = CARTESIAN_POINT('',(47.793579086001,31.40414752749,
    -11.04854840632));
#6983 = SURFACE_CURVE('',#6984,(#6989,#6996),.PCURVE_S1.);
#6984 = CIRCLE('',#6985,3.3);
#6985 = AXIS2_PLACEMENT_3D('',#6986,#6987,#6988);
#6986 = CARTESIAN_POINT('',(49.443579086001,28.546263695001,
    -11.04854840632));
#6987 = DIRECTION('',(0.862729915663,0.498097349046,8.715574274766E-02)
  );
#6988 = DIRECTION('',(-7.547908730517E-02,-4.357787137383E-02,
    0.996194698092));
#6989 = PCURVE('',#6072,#6990);
#6990 = DEFINITIONAL_REPRESENTATION('',(#6991),#6995);
#6991 = LINE('',#6992,#6993);
#6992 = CARTESIAN_POINT('',(-0.,-3.508623642024));
#6993 = VECTOR('',#6994,1.);
#6994 = DIRECTION('',(-1.,-0.));
#6995 = ( GEOMETRIC_REPRESENTATION_CONTEXT(2) 
PARAMETRIC_REPRESENTATION_CONTEXT() REPRESENTATION_CONTEXT('2D SPACE',''
  ) );
#6996 = PCURVE('',#6997,#7002);
#6997 = CYLINDRICAL_SURFACE('',#6998,3.3);
#6998 = AXIS2_PLACEMENT_3D('',#6999,#7000,#7001);
#6999 = CARTESIAN_POINT('',(45.553854591562,26.300530211064,
    -11.44150084861));
#7000 = DIRECTION('',(-0.862729915663,-0.498097349046,
    -8.715574274766E-02));
#7001 = DIRECTION('',(-0.5,0.866025403784,0.));
#7002 = DEFINITIONAL_REPRESENTATION('',(#7003),#7007);
#7003 = LINE('',#7004,#7005);
#7004 = CARTESIAN_POINT('',(4.712388980385,-4.508623642024));
#7005 = VECTOR('',#7006,1.);
#7006 = DIRECTION('',(-1.,0.));
#7007 = ( GEOMETRIC_REPRESENTATION_CONTEXT(2) 
PARAMETRIC_REPRESENTATION_CONTEXT() REPRESENTATION_CONTEXT('2D SPACE',''
  ) );
#7008 = ORIENTED_EDGE('',*,*,#7009,.F.);
#7009 = EDGE_CURVE('',#6958,#6981,#7010,.T.);
#7010 = SURFACE_CURVE('',#7011,(#7016,#7023),.PCURVE_S1.);
#7011 = CIRCLE('',#7012,3.3);
#7012 = AXIS2_PLACEMENT_3D('',#7013,#7014,#7015);
#7013 = CARTESIAN_POINT('',(49.443579086001,28.546263695001,
    -11.04854840632));
#7014 = DIRECTION('',(0.862729915663,0.498097349046,8.715574274766E-02)
  );
#7015 = DIRECTION('',(-7.547908730517E-02,-4.357787137383E-02,
    0.996194698092));
#7016 = PCURVE('',#6072,#7017);
#7017 = DEFINITIONAL_REPRESENTATION('',(#7018),#7022);
#7018 = LINE('',#7019,#7020);
#7019 = CARTESIAN_POINT('',(-0.,-3.508623642024));
#7020 = VECTOR('',#7021,1.);
#7021 = DIRECTION('',(-1.,-0.));
#7022 = ( GEOMETRIC_REPRESENTATION_CONTEXT(2) 
PARAMETRIC_REPRESENTATION_CONTEXT() REPRESENTATION_CONTEXT('2D SPACE',''
  ) );
#7023 = PCURVE('',#6997,#7024);
#7024 = DEFINITIONAL_REPRESENTATION('',(#7025),#7029);
#7025 = LINE('',#7026,#7027);
#7026 = CARTESIAN_POINT('',(-1.570796326795,-4.508623642024));
#7027 = VECTOR('',#7028,1.);
#7028 = DIRECTION('',(-1.,0.));
#7029 = ( GEOMETRIC_REPRESENTATION_CONTEXT(2) 
PARAMETRIC_REPRESENTATION_CONTEXT() REPRESENTATION_CONTEXT('2D SPACE',''
  ) );
#7030 = ORIENTED_EDGE('',*,*,#6957,.F.);
#7031 = ADVANCED_FACE('',(#7032),#6231,.F.);
#7032 = FACE_BOUND('',#7033,.T.);
#7033 = EDGE_LOOP('',(#7034,#7035,#7036,#7037));
#7034 = ORIENTED_EDGE('',*,*,#6506,.F.);
#7035 = ORIENTED_EDGE('',*,*,#6215,.T.);
#7036 = ORIENTED_EDGE('',*,*,#6899,.T.);
#7037 = ORIENTED_EDGE('',*,*,#7038,.F.);
#7038 = EDGE_CURVE('',#6507,#6900,#7039,.T.);
#7039 = SURFACE_CURVE('',#7040,(#7044,#7051),.PCURVE_S1.);
#7040 = LINE('',#7041,#7042);
#7041 = CARTESIAN_POINT('',(74.264949052545,-11.1630968693,
    2.345464801422));
#7042 = VECTOR('',#7043,1.);
#7043 = DIRECTION('',(7.547908730517E-02,4.357787137383E-02,
    -0.996194698092));
#7044 = PCURVE('',#6231,#7045);
#7045 = DEFINITIONAL_REPRESENTATION('',(#7046),#7050);
#7046 = LINE('',#7047,#7048);
#7047 = CARTESIAN_POINT('',(-1.480942550159E-15,0.353553390593));
#7048 = VECTOR('',#7049,1.);
#7049 = DIRECTION('',(-1.,-6.053904699522E-18));
#7050 = ( GEOMETRIC_REPRESENTATION_CONTEXT(2) 
PARAMETRIC_REPRESENTATION_CONTEXT() REPRESENTATION_CONTEXT('2D SPACE',''
  ) );
#7051 = PCURVE('',#6466,#7052);
#7052 = DEFINITIONAL_REPRESENTATION('',(#7053),#7057);
#7053 = LINE('',#7054,#7055);
#7054 = CARTESIAN_POINT('',(10.825,46.8));
#7055 = VECTOR('',#7056,1.);
#7056 = DIRECTION('',(-1.,2.748962873712E-18));
#7057 = ( GEOMETRIC_REPRESENTATION_CONTEXT(2) 
PARAMETRIC_REPRESENTATION_CONTEXT() REPRESENTATION_CONTEXT('2D SPACE',''
  ) );
#7058 = ADVANCED_FACE('',(#7059,#7289),#6466,.T.);
#7059 = FACE_BOUND('',#7060,.T.);
#7060 = EDGE_LOOP('',(#7061,#7092,#7120,#7149,#7177,#7206,#7234,#7263));
#7061 = ORIENTED_EDGE('',*,*,#7062,.F.);
#7062 = EDGE_CURVE('',#7063,#7065,#7067,.T.);
#7063 = VERTEX_POINT('',#7064);
#7064 = CARTESIAN_POINT('',(31.075508554617,67.939986541034,
    -22.21073450654));
#7065 = VERTEX_POINT('',#7066);
#7066 = CARTESIAN_POINT('',(29.349071292702,70.407329138266,
    -19.22215041226));
#7067 = SURFACE_CURVE('',#7068,(#7073,#7080),.PCURVE_S1.);
#7068 = CIRCLE('',#7069,3.);
#7069 = AXIS2_PLACEMENT_3D('',#7070,#7071,#7072);
#7070 = CARTESIAN_POINT('',(30.849071292702,67.809252926913,
    -19.22215041226));
#7071 = DIRECTION('',(0.862729915663,0.498097349046,8.715574274766E-02)
  );
#7072 = DIRECTION('',(7.547908730517E-02,4.357787137383E-02,
    -0.996194698092));
#7073 = PCURVE('',#6466,#7074);
#7074 = DEFINITIONAL_REPRESENTATION('',(#7075),#7079);
#7075 = CIRCLE('',#7076,3.);
#7076 = AXIS2_PLACEMENT_2D('',#7077,#7078);
#7077 = CARTESIAN_POINT('',(-10.825,-43.3));
#7078 = DIRECTION('',(-1.,2.748962873712E-18));
#7079 = ( GEOMETRIC_REPRESENTATION_CONTEXT(2) 
PARAMETRIC_REPRESENTATION_CONTEXT() REPRESENTATION_CONTEXT('2D SPACE',''
  ) );
#7080 = PCURVE('',#7081,#7086);
#7081 = CONICAL_SURFACE('',#7082,2.,0.785398163397);
#7082 = AXIS2_PLACEMENT_3D('',#7083,#7084,#7085);
#7083 = CARTESIAN_POINT('',(29.986341377039,67.311155577867,
    -19.30930615501));
#7084 = DIRECTION('',(0.862729915663,0.498097349046,8.715574274766E-02)
  );
#7085 = DIRECTION('',(7.547908730517E-02,4.357787137383E-02,
    -0.996194698092));
#7086 = DEFINITIONAL_REPRESENTATION('',(#7087),#7091);
#7087 = LINE('',#7088,#7089);
#7088 = CARTESIAN_POINT('',(-0.,1.));
#7089 = VECTOR('',#7090,1.);
#7090 = DIRECTION('',(1.,-0.));
#7091 = ( GEOMETRIC_REPRESENTATION_CONTEXT(2) 
PARAMETRIC_REPRESENTATION_CONTEXT() REPRESENTATION_CONTEXT('2D SPACE',''
  ) );
#7092 = ORIENTED_EDGE('',*,*,#7093,.F.);
#7093 = EDGE_CURVE('',#7094,#7063,#7096,.T.);
#7094 = VERTEX_POINT('',#7095);
#7095 = CARTESIAN_POINT('',(74.375508554617,-7.057813426698,
    -22.21073450654));
#7096 = SURFACE_CURVE('',#7097,(#7101,#7108),.PCURVE_S1.);
#7097 = LINE('',#7098,#7099);
#7098 = CARTESIAN_POINT('',(74.375508554617,-7.057813426698,
    -22.21073450654));
#7099 = VECTOR('',#7100,1.);
#7100 = DIRECTION('',(-0.5,0.866025403784,0.));
#7101 = PCURVE('',#6466,#7102);
#7102 = DEFINITIONAL_REPRESENTATION('',(#7103),#7107);
#7103 = LINE('',#7104,#7105);
#7104 = CARTESIAN_POINT('',(-13.825,43.3));
#7105 = VECTOR('',#7106,1.);
#7106 = DIRECTION('',(3.410564202805E-18,-1.));
#7107 = ( GEOMETRIC_REPRESENTATION_CONTEXT(2) 
PARAMETRIC_REPRESENTATION_CONTEXT() REPRESENTATION_CONTEXT('2D SPACE',''
  ) );
#7108 = PCURVE('',#7109,#7114);
#7109 = PLANE('',#7110);
#7110 = AXIS2_PLACEMENT_3D('',#7111,#7112,#7113);
#7111 = CARTESIAN_POINT('',(73.906404053133,-7.328651036908,
    -21.75621502886));
#7112 = DIRECTION('',(0.556670399226,0.321393804843,0.766044443119));
#7113 = DIRECTION('',(-0.5,0.866025403784,-4.528632314452E-18));
#7114 = DEFINITIONAL_REPRESENTATION('',(#7115),#7119);
#7115 = LINE('',#7116,#7117);
#7116 = CARTESIAN_POINT('',(7.827415630511E-15,-0.707106781187));
#7117 = VECTOR('',#7118,1.);
#7118 = DIRECTION('',(1.,3.080220888473E-17));
#7119 = ( GEOMETRIC_REPRESENTATION_CONTEXT(2) 
PARAMETRIC_REPRESENTATION_CONTEXT() REPRESENTATION_CONTEXT('2D SPACE',''
  ) );
#7120 = ORIENTED_EDGE('',*,*,#7121,.F.);
#7121 = EDGE_CURVE('',#7122,#7094,#7124,.T.);
#7122 = VERTEX_POINT('',#7123);
#7123 = CARTESIAN_POINT('',(75.649071292702,-9.786623252173,
    -19.22215041226));
#7124 = SURFACE_CURVE('',#7125,(#7130,#7137),.PCURVE_S1.);
#7125 = CIRCLE('',#7126,3.);
#7126 = AXIS2_PLACEMENT_3D('',#7127,#7128,#7129);
#7127 = CARTESIAN_POINT('',(74.149071292702,-7.188547040819,
    -19.22215041226));
#7128 = DIRECTION('',(0.862729915663,0.498097349046,8.715574274766E-02)
  );
#7129 = DIRECTION('',(0.5,-0.866025403784,0.));
#7130 = PCURVE('',#6466,#7131);
#7131 = DEFINITIONAL_REPRESENTATION('',(#7132),#7136);
#7132 = CIRCLE('',#7133,3.);
#7133 = AXIS2_PLACEMENT_2D('',#7134,#7135);
#7134 = CARTESIAN_POINT('',(-10.825,43.3));
#7135 = DIRECTION('',(-1.462997699119E-18,1.));
#7136 = ( GEOMETRIC_REPRESENTATION_CONTEXT(2) 
PARAMETRIC_REPRESENTATION_CONTEXT() REPRESENTATION_CONTEXT('2D SPACE',''
  ) );
#7137 = PCURVE('',#7138,#7143);
#7138 = CONICAL_SURFACE('',#7139,2.,0.785398163397);
#7139 = AXIS2_PLACEMENT_3D('',#7140,#7141,#7142);
#7140 = CARTESIAN_POINT('',(73.286341377039,-7.686644389865,
    -19.30930615501));
#7141 = DIRECTION('',(0.862729915663,0.498097349046,8.715574274766E-02)
  );
#7142 = DIRECTION('',(0.5,-0.866025403784,0.));
#7143 = DEFINITIONAL_REPRESENTATION('',(#7144),#7148);
#7144 = LINE('',#7145,#7146);
#7145 = CARTESIAN_POINT('',(-0.,1.));
#7146 = VECTOR('',#7147,1.);
#7147 = DIRECTION('',(1.,-0.));
#7148 = ( GEOMETRIC_REPRESENTATION_CONTEXT(2) 
PARAMETRIC_REPRESENTATION_CONTEXT() REPRESENTATION_CONTEXT('2D SPACE',''
  ) );
#7149 = ORIENTED_EDGE('',*,*,#7150,.F.);
#7150 = EDGE_CURVE('',#7151,#7122,#7153,.T.);
#7151 = VERTEX_POINT('',#7152);
#7152 = CARTESIAN_POINT('',(74.014949052545,-10.73008416741,
    2.345464801422));
#7153 = SURFACE_CURVE('',#7154,(#7158,#7165),.PCURVE_S1.);
#7154 = LINE('',#7155,#7156);
#7155 = CARTESIAN_POINT('',(74.014949052545,-10.73008416741,
    2.345464801422));
#7156 = VECTOR('',#7157,1.);
#7157 = DIRECTION('',(7.547908730517E-02,4.357787137383E-02,
    -0.996194698092));
#7158 = PCURVE('',#6466,#7159);
#7159 = DEFINITIONAL_REPRESENTATION('',(#7160),#7164);
#7160 = LINE('',#7161,#7162);
#7161 = CARTESIAN_POINT('',(10.825,46.3));
#7162 = VECTOR('',#7163,1.);
#7163 = DIRECTION('',(-1.,2.748962873712E-18));
#7164 = ( GEOMETRIC_REPRESENTATION_CONTEXT(2) 
PARAMETRIC_REPRESENTATION_CONTEXT() REPRESENTATION_CONTEXT('2D SPACE',''
  ) );
#7165 = PCURVE('',#7166,#7171);
#7166 = PLANE('',#7167);
#7167 = AXIS2_PLACEMENT_3D('',#7168,#7169,#7170);
#7168 = CARTESIAN_POINT('',(73.333584094713,-10.54612014004,
    2.301886930048));
#7169 = DIRECTION('',(0.256488783104,0.964580448897,6.162841671622E-02)
  );
#7170 = DIRECTION('',(7.547908730517E-02,4.357787137383E-02,
    -0.996194698092));
#7171 = DEFINITIONAL_REPRESENTATION('',(#7172),#7176);
#7172 = LINE('',#7173,#7174);
#7173 = CARTESIAN_POINT('',(-7.28095882876E-16,-0.707106781187));
#7174 = VECTOR('',#7175,1.);
#7175 = DIRECTION('',(1.,6.053904699522E-18));
#7176 = ( GEOMETRIC_REPRESENTATION_CONTEXT(2) 
PARAMETRIC_REPRESENTATION_CONTEXT() REPRESENTATION_CONTEXT('2D SPACE',''
  ) );
#7177 = ORIENTED_EDGE('',*,*,#7178,.F.);
#7178 = EDGE_CURVE('',#7179,#7151,#7181,.T.);
#7179 = VERTEX_POINT('',#7180);
#7180 = CARTESIAN_POINT('',(72.288511790629,-8.262741570184,
    5.334048895697));
#7181 = SURFACE_CURVE('',#7182,(#7187,#7194),.PCURVE_S1.);
#7182 = CIRCLE('',#7183,3.);
#7183 = AXIS2_PLACEMENT_3D('',#7184,#7185,#7186);
#7184 = CARTESIAN_POINT('',(72.514949052545,-8.132007956063,
    2.345464801422));
#7185 = DIRECTION('',(0.862729915663,0.498097349046,8.715574274766E-02)
  );
#7186 = DIRECTION('',(-7.547908730517E-02,-4.357787137383E-02,
    0.996194698092));
#7187 = PCURVE('',#6466,#7188);
#7188 = DEFINITIONAL_REPRESENTATION('',(#7189),#7193);
#7189 = CIRCLE('',#7190,3.);
#7190 = AXIS2_PLACEMENT_2D('',#7191,#7192);
#7191 = CARTESIAN_POINT('',(10.825,43.3));
#7192 = DIRECTION('',(1.,-2.748962873712E-18));
#7193 = ( GEOMETRIC_REPRESENTATION_CONTEXT(2) 
PARAMETRIC_REPRESENTATION_CONTEXT() REPRESENTATION_CONTEXT('2D SPACE',''
  ) );
#7194 = PCURVE('',#7195,#7200);
#7195 = CONICAL_SURFACE('',#7196,2.,0.785398163397);
#7196 = AXIS2_PLACEMENT_3D('',#7197,#7198,#7199);
#7197 = CARTESIAN_POINT('',(71.652219136882,-8.630105305109,
    2.258309058674));
#7198 = DIRECTION('',(0.862729915663,0.498097349046,8.715574274766E-02)
  );
#7199 = DIRECTION('',(-7.547908730517E-02,-4.357787137383E-02,
    0.996194698092));
#7200 = DEFINITIONAL_REPRESENTATION('',(#7201),#7205);
#7201 = LINE('',#7202,#7203);
#7202 = CARTESIAN_POINT('',(-0.,1.));
#7203 = VECTOR('',#7204,1.);
#7204 = DIRECTION('',(1.,-0.));
#7205 = ( GEOMETRIC_REPRESENTATION_CONTEXT(2) 
PARAMETRIC_REPRESENTATION_CONTEXT() REPRESENTATION_CONTEXT('2D SPACE',''
  ) );
#7206 = ORIENTED_EDGE('',*,*,#7207,.F.);
#7207 = EDGE_CURVE('',#7208,#7179,#7210,.T.);
#7208 = VERTEX_POINT('',#7209);
#7209 = CARTESIAN_POINT('',(28.988511790629,66.735058397548,
    5.334048895697));
#7210 = SURFACE_CURVE('',#7211,(#7215,#7222),.PCURVE_S1.);
#7211 = LINE('',#7212,#7213);
#7212 = CARTESIAN_POINT('',(28.988511790629,66.735058397548,
    5.334048895697));
#7213 = VECTOR('',#7214,1.);
#7214 = DIRECTION('',(0.5,-0.866025403784,0.));
#7215 = PCURVE('',#6466,#7216);
#7216 = DEFINITIONAL_REPRESENTATION('',(#7217),#7221);
#7217 = LINE('',#7218,#7219);
#7218 = CARTESIAN_POINT('',(13.825,-43.3));
#7219 = VECTOR('',#7220,1.);
#7220 = DIRECTION('',(-3.410564202805E-18,1.));
#7221 = ( GEOMETRIC_REPRESENTATION_CONTEXT(2) 
PARAMETRIC_REPRESENTATION_CONTEXT() REPRESENTATION_CONTEXT('2D SPACE',''
  ) );
#7222 = PCURVE('',#7223,#7228);
#7223 = PLANE('',#7224);
#7224 = AXIS2_PLACEMENT_3D('',#7225,#7226,#7227);
#7225 = CARTESIAN_POINT('',(28.594886376451,66.507798658712,
    4.792373675277));
#7226 = DIRECTION('',(0.663413948169,0.383022221559,-0.642787609687));
#7227 = DIRECTION('',(0.5,-0.866025403784,3.799973704794E-18));
#7228 = DEFINITIONAL_REPRESENTATION('',(#7229),#7233);
#7229 = LINE('',#7230,#7231);
#7230 = CARTESIAN_POINT('',(9.694659217169E-15,-0.707106781187));
#7231 = VECTOR('',#7232,1.);
#7232 = DIRECTION('',(1.,-3.380994803421E-17));
#7233 = ( GEOMETRIC_REPRESENTATION_CONTEXT(2) 
PARAMETRIC_REPRESENTATION_CONTEXT() REPRESENTATION_CONTEXT('2D SPACE',''
  ) );
#7234 = ORIENTED_EDGE('',*,*,#7235,.F.);
#7235 = EDGE_CURVE('',#7236,#7208,#7238,.T.);
#7236 = VERTEX_POINT('',#7237);
#7237 = CARTESIAN_POINT('',(27.714949052545,69.463868223023,
    2.345464801422));
#7238 = SURFACE_CURVE('',#7239,(#7244,#7251),.PCURVE_S1.);
#7239 = CIRCLE('',#7240,3.);
#7240 = AXIS2_PLACEMENT_3D('',#7241,#7242,#7243);
#7241 = CARTESIAN_POINT('',(29.214949052545,66.86579201167,
    2.345464801422));
#7242 = DIRECTION('',(0.862729915663,0.498097349046,8.715574274766E-02)
  );
#7243 = DIRECTION('',(-0.5,0.866025403784,0.));
#7244 = PCURVE('',#6466,#7245);
#7245 = DEFINITIONAL_REPRESENTATION('',(#7246),#7250);
#7246 = CIRCLE('',#7247,3.);
#7247 = AXIS2_PLACEMENT_2D('',#7248,#7249);
#7248 = CARTESIAN_POINT('',(10.825,-43.3));
#7249 = DIRECTION('',(1.462997699119E-18,-1.));
#7250 = ( GEOMETRIC_REPRESENTATION_CONTEXT(2) 
PARAMETRIC_REPRESENTATION_CONTEXT() REPRESENTATION_CONTEXT('2D SPACE',''
  ) );
#7251 = PCURVE('',#7252,#7257);
#7252 = CONICAL_SURFACE('',#7253,2.,0.785398163397);
#7253 = AXIS2_PLACEMENT_3D('',#7254,#7255,#7256);
#7254 = CARTESIAN_POINT('',(28.352219136882,66.367694662624,
    2.258309058674));
#7255 = DIRECTION('',(0.862729915663,0.498097349046,8.715574274766E-02)
  );
#7256 = DIRECTION('',(-0.5,0.866025403784,0.));
#7257 = DEFINITIONAL_REPRESENTATION('',(#7258),#7262);
#7258 = LINE('',#7259,#7260);
#7259 = CARTESIAN_POINT('',(-0.,1.));
#7260 = VECTOR('',#7261,1.);
#7261 = DIRECTION('',(1.,-0.));
#7262 = ( GEOMETRIC_REPRESENTATION_CONTEXT(2) 
PARAMETRIC_REPRESENTATION_CONTEXT() REPRESENTATION_CONTEXT('2D SPACE',''
  ) );
#7263 = ORIENTED_EDGE('',*,*,#7264,.F.);
#7264 = EDGE_CURVE('',#7065,#7236,#7265,.T.);
#7265 = SURFACE_CURVE('',#7266,(#7270,#7277),.PCURVE_S1.);
#7266 = LINE('',#7267,#7268);
#7267 = CARTESIAN_POINT('',(29.349071292702,70.407329138266,
    -19.22215041226));
#7268 = VECTOR('',#7269,1.);
#7269 = DIRECTION('',(-7.547908730517E-02,-4.357787137383E-02,
    0.996194698092));
#7270 = PCURVE('',#6466,#7271);
#7271 = DEFINITIONAL_REPRESENTATION('',(#7272),#7276);
#7272 = LINE('',#7273,#7274);
#7273 = CARTESIAN_POINT('',(-10.825,-46.3));
#7274 = VECTOR('',#7275,1.);
#7275 = DIRECTION('',(1.,-2.748962873712E-18));
#7276 = ( GEOMETRIC_REPRESENTATION_CONTEXT(2) 
PARAMETRIC_REPRESENTATION_CONTEXT() REPRESENTATION_CONTEXT('2D SPACE',''
  ) );
#7277 = PCURVE('',#7278,#7283);
#7278 = PLANE('',#7279);
#7279 = AXIS2_PLACEMENT_3D('',#7280,#7281,#7282);
#7280 = CARTESIAN_POINT('',(29.16770633487,69.725267761851,
    -19.26572828363));
#7281 = DIRECTION('',(0.963595564291,-0.260164422494,6.162841671622E-02)
  );
#7282 = DIRECTION('',(-7.547908730517E-02,-4.357787137383E-02,
    0.996194698092));
#7283 = DEFINITIONAL_REPRESENTATION('',(#7284),#7288);
#7284 = LINE('',#7285,#7286);
#7285 = CARTESIAN_POINT('',(-1.386756184131E-15,-0.707106781187));
#7286 = VECTOR('',#7287,1.);
#7287 = DIRECTION('',(1.,-6.053904699522E-18));
#7288 = ( GEOMETRIC_REPRESENTATION_CONTEXT(2) 
PARAMETRIC_REPRESENTATION_CONTEXT() REPRESENTATION_CONTEXT('2D SPACE',''
  ) );
#7289 = FACE_BOUND('',#7290,.T.);
#7290 = EDGE_LOOP('',(#7291,#7292,#7293,#7294,#7295,#7296,#7297,#7298));
#7291 = ORIENTED_EDGE('',*,*,#6875,.T.);
#7292 = ORIENTED_EDGE('',*,*,#6825,.T.);
#7293 = ORIENTED_EDGE('',*,*,#6776,.T.);
#7294 = ORIENTED_EDGE('',*,*,#6451,.T.);
#7295 = ORIENTED_EDGE('',*,*,#6557,.T.);
#7296 = ORIENTED_EDGE('',*,*,#6529,.T.);
#7297 = ORIENTED_EDGE('',*,*,#7038,.T.);
#7298 = ORIENTED_EDGE('',*,*,#6924,.T.);
#7299 = ADVANCED_FACE('',(#7300,#7331),#6698,.F.);
#7300 = FACE_BOUND('',#7301,.F.);
#7301 = EDGE_LOOP('',(#7302));
#7302 = ORIENTED_EDGE('',*,*,#7303,.T.);
#7303 = EDGE_CURVE('',#7304,#7304,#7306,.T.);
#7304 = VERTEX_POINT('',#7305);
#7305 = CARTESIAN_POINT('',(14.85,0.,-4.));
#7306 = SURFACE_CURVE('',#7307,(#7312,#7319),.PCURVE_S1.);
#7307 = CIRCLE('',#7308,14.85);
#7308 = AXIS2_PLACEMENT_3D('',#7309,#7310,#7311);
#7309 = CARTESIAN_POINT('',(0.,0.,-4.));
#7310 = DIRECTION('',(0.,0.,1.));
#7311 = DIRECTION('',(1.,0.,-0.));
#7312 = PCURVE('',#6698,#7313);
#7313 = DEFINITIONAL_REPRESENTATION('',(#7314),#7318);
#7314 = CIRCLE('',#7315,14.85);
#7315 = AXIS2_PLACEMENT_2D('',#7316,#7317);
#7316 = CARTESIAN_POINT('',(6.990109303716E-16,-7.59164447188E-16));
#7317 = DIRECTION('',(1.,0.));
#7318 = ( GEOMETRIC_REPRESENTATION_CONTEXT(2) 
PARAMETRIC_REPRESENTATION_CONTEXT() REPRESENTATION_CONTEXT('2D SPACE',''
  ) );
#7319 = PCURVE('',#7320,#7325);
#7320 = CONICAL_SURFACE('',#7321,15.65,0.785398163397);
#7321 = AXIS2_PLACEMENT_3D('',#7322,#7323,#7324);
#7322 = CARTESIAN_POINT('',(0.,0.,-3.2));
#7323 = DIRECTION('',(0.,0.,1.));
#7324 = DIRECTION('',(1.,0.,-0.));
#7325 = DEFINITIONAL_REPRESENTATION('',(#7326),#7330);
#7326 = LINE('',#7327,#7328);
#7327 = CARTESIAN_POINT('',(0.,-0.8));
#7328 = VECTOR('',#7329,1.);
#7329 = DIRECTION('',(1.,-0.));
#7330 = ( GEOMETRIC_REPRESENTATION_CONTEXT(2) 
PARAMETRIC_REPRESENTATION_CONTEXT() REPRESENTATION_CONTEXT('2D SPACE',''
  ) );
#7331 = FACE_BOUND('',#7332,.F.);
#7332 = EDGE_LOOP('',(#7333));
#7333 = ORIENTED_EDGE('',*,*,#6683,.F.);
#7334 = ADVANCED_FACE('',(#7335),#6736,.T.);
#7335 = FACE_BOUND('',#7336,.F.);
#7336 = EDGE_LOOP('',(#7337,#7360,#7361,#7362));
#7337 = ORIENTED_EDGE('',*,*,#7338,.T.);
#7338 = EDGE_CURVE('',#7339,#6720,#7341,.T.);
#7339 = VERTEX_POINT('',#7340);
#7340 = CARTESIAN_POINT('',(15.65,0.,-3.2));
#7341 = SEAM_CURVE('',#7342,(#7346,#7353),.PCURVE_S1.);
#7342 = LINE('',#7343,#7344);
#7343 = CARTESIAN_POINT('',(15.65,0.,-4.));
#7344 = VECTOR('',#7345,1.);
#7345 = DIRECTION('',(0.,0.,1.));
#7346 = PCURVE('',#6736,#7347);
#7347 = DEFINITIONAL_REPRESENTATION('',(#7348),#7352);
#7348 = LINE('',#7349,#7350);
#7349 = CARTESIAN_POINT('',(-0.,0.));
#7350 = VECTOR('',#7351,1.);
#7351 = DIRECTION('',(-0.,-1.));
#7352 = ( GEOMETRIC_REPRESENTATION_CONTEXT(2) 
PARAMETRIC_REPRESENTATION_CONTEXT() REPRESENTATION_CONTEXT('2D SPACE',''
  ) );
#7353 = PCURVE('',#6736,#7354);
#7354 = DEFINITIONAL_REPRESENTATION('',(#7355),#7359);
#7355 = LINE('',#7356,#7357);
#7356 = CARTESIAN_POINT('',(-6.28318530718,0.));
#7357 = VECTOR('',#7358,1.);
#7358 = DIRECTION('',(-0.,-1.));
#7359 = ( GEOMETRIC_REPRESENTATION_CONTEXT(2) 
PARAMETRIC_REPRESENTATION_CONTEXT() REPRESENTATION_CONTEXT('2D SPACE',''
  ) );
#7360 = ORIENTED_EDGE('',*,*,#6719,.T.);
#7361 = ORIENTED_EDGE('',*,*,#7338,.F.);
#7362 = ORIENTED_EDGE('',*,*,#7363,.F.);
#7363 = EDGE_CURVE('',#7339,#7339,#7364,.T.);
#7364 = SURFACE_CURVE('',#7365,(#7370,#7377),.PCURVE_S1.);
#7365 = CIRCLE('',#7366,15.65);
#7366 = AXIS2_PLACEMENT_3D('',#7367,#7368,#7369);
#7367 = CARTESIAN_POINT('',(0.,0.,-3.2));
#7368 = DIRECTION('',(0.,0.,1.));
#7369 = DIRECTION('',(1.,0.,-0.));
#7370 = PCURVE('',#6736,#7371);
#7371 = DEFINITIONAL_REPRESENTATION('',(#7372),#7376);
#7372 = LINE('',#7373,#7374);
#7373 = CARTESIAN_POINT('',(-0.,-0.8));
#7374 = VECTOR('',#7375,1.);
#7375 = DIRECTION('',(-1.,0.));
#7376 = ( GEOMETRIC_REPRESENTATION_CONTEXT(2) 
PARAMETRIC_REPRESENTATION_CONTEXT() REPRESENTATION_CONTEXT('2D SPACE',''
  ) );
#7377 = PCURVE('',#7320,#7378);
#7378 = DEFINITIONAL_REPRESENTATION('',(#7379),#7383);
#7379 = LINE('',#7380,#7381);
#7380 = CARTESIAN_POINT('',(0.,-0.));
#7381 = VECTOR('',#7382,1.);
#7382 = DIRECTION('',(1.,-0.));
#7383 = ( GEOMETRIC_REPRESENTATION_CONTEXT(2) 
PARAMETRIC_REPRESENTATION_CONTEXT() REPRESENTATION_CONTEXT('2D SPACE',''
  ) );
#7384 = ADVANCED_FACE('',(#7385),#6997,.F.);
#7385 = FACE_BOUND('',#7386,.T.);
#7386 = EDGE_LOOP('',(#7387,#7410,#7411,#7412,#7413));
#7387 = ORIENTED_EDGE('',*,*,#7388,.F.);
#7388 = EDGE_CURVE('',#6981,#7389,#7391,.T.);
#7389 = VERTEX_POINT('',#7390);
#7390 = CARTESIAN_POINT('',(48.054448215816,31.554760389812,
    -11.02219457025));
#7391 = SEAM_CURVE('',#7392,(#7396,#7403),.PCURVE_S1.);
#7392 = LINE('',#7393,#7394);
#7393 = CARTESIAN_POINT('',(43.903854591562,29.158414043552,
    -11.44150084861));
#7394 = VECTOR('',#7395,1.);
#7395 = DIRECTION('',(0.862729915663,0.498097349046,8.715574274766E-02)
  );
#7396 = PCURVE('',#6997,#7397);
#7397 = DEFINITIONAL_REPRESENTATION('',(#7398),#7402);
#7398 = LINE('',#7399,#7400);
#7399 = CARTESIAN_POINT('',(-6.28318530718,0.));
#7400 = VECTOR('',#7401,1.);
#7401 = DIRECTION('',(-0.,-1.));
#7402 = ( GEOMETRIC_REPRESENTATION_CONTEXT(2) 
PARAMETRIC_REPRESENTATION_CONTEXT() REPRESENTATION_CONTEXT('2D SPACE',''
  ) );
#7403 = PCURVE('',#6997,#7404);
#7404 = DEFINITIONAL_REPRESENTATION('',(#7405),#7409);
#7405 = LINE('',#7406,#7407);
#7406 = CARTESIAN_POINT('',(-0.,0.));
#7407 = VECTOR('',#7408,1.);
#7408 = DIRECTION('',(-0.,-1.));
#7409 = ( GEOMETRIC_REPRESENTATION_CONTEXT(2) 
PARAMETRIC_REPRESENTATION_CONTEXT() REPRESENTATION_CONTEXT('2D SPACE',''
  ) );
#7410 = ORIENTED_EDGE('',*,*,#7009,.F.);
#7411 = ORIENTED_EDGE('',*,*,#6980,.F.);
#7412 = ORIENTED_EDGE('',*,*,#7388,.T.);
#7413 = ORIENTED_EDGE('',*,*,#7414,.F.);
#7414 = EDGE_CURVE('',#7389,#7389,#7415,.T.);
#7415 = SURFACE_CURVE('',#7416,(#7421,#7428),.PCURVE_S1.);
#7416 = CIRCLE('',#7417,3.3);
#7417 = AXIS2_PLACEMENT_3D('',#7418,#7419,#7420);
#7418 = CARTESIAN_POINT('',(49.704448215816,28.696876557323,
    -11.02219457025));
#7419 = DIRECTION('',(-0.862729915663,-0.498097349046,
    -8.715574274766E-02));
#7420 = DIRECTION('',(-0.5,0.866025403784,0.));
#7421 = PCURVE('',#6997,#7422);
#7422 = DEFINITIONAL_REPRESENTATION('',(#7423),#7427);
#7423 = LINE('',#7424,#7425);
#7424 = CARTESIAN_POINT('',(-6.28318530718,-4.811));
#7425 = VECTOR('',#7426,1.);
#7426 = DIRECTION('',(1.,-0.));
#7427 = ( GEOMETRIC_REPRESENTATION_CONTEXT(2) 
PARAMETRIC_REPRESENTATION_CONTEXT() REPRESENTATION_CONTEXT('2D SPACE',''
  ) );
#7428 = PCURVE('',#7429,#7434);
#7429 = PLANE('',#7430);
#7430 = AXIS2_PLACEMENT_3D('',#7431,#7432,#7433);
#7431 = CARTESIAN_POINT('',(49.159111810036,28.382026436647,
    -3.824687876546));
#7432 = DIRECTION('',(0.862729915663,0.498097349046,8.715574274766E-02)
  );
#7433 = DIRECTION('',(-7.547908730517E-02,-4.357787137383E-02,
    0.996194698092));
#7434 = DEFINITIONAL_REPRESENTATION('',(#7435),#7443);
#7435 = ( BOUNDED_CURVE() B_SPLINE_CURVE(2,(#7436,#7437,#7438,#7439,
#7440,#7441,#7442),.UNSPECIFIED.,.T.,.F.) B_SPLINE_CURVE_WITH_KNOTS((1,2
    ,2,2,2,1),(-2.094395102393,0.,2.094395102393,4.188790204786,
6.28318530718,8.377580409573),.UNSPECIFIED.) CURVE() 
GEOMETRIC_REPRESENTATION_ITEM() RATIONAL_B_SPLINE_CURVE((1.,0.5,1.,0.5,
1.,0.5,1.)) REPRESENTATION_ITEM('') );
#7436 = CARTESIAN_POINT('',(-7.225,-3.3));
#7437 = CARTESIAN_POINT('',(-12.94076766497,-3.3));
#7438 = CARTESIAN_POINT('',(-10.08288383248,1.65));
#7439 = CARTESIAN_POINT('',(-7.225,6.6));
#7440 = CARTESIAN_POINT('',(-4.367116167511,1.65));
#7441 = CARTESIAN_POINT('',(-1.509232335023,-3.3));
#7442 = CARTESIAN_POINT('',(-7.225,-3.3));
#7443 = ( GEOMETRIC_REPRESENTATION_CONTEXT(2) 
PARAMETRIC_REPRESENTATION_CONTEXT() REPRESENTATION_CONTEXT('2D SPACE',''
  ) );
#7444 = ADVANCED_FACE('',(#7445),#7081,.F.);
#7445 = FACE_BOUND('',#7446,.T.);
#7446 = EDGE_LOOP('',(#7447,#7470,#7471,#7494));
#7447 = ORIENTED_EDGE('',*,*,#7448,.F.);
#7448 = EDGE_CURVE('',#7063,#7449,#7451,.T.);
#7449 = VERTEX_POINT('',#7450);
#7450 = CARTESIAN_POINT('',(30.137299551649,67.398311320615,
    -21.30169555119));
#7451 = SURFACE_CURVE('',#7452,(#7456,#7463),.PCURVE_S1.);
#7452 = LINE('',#7453,#7454);
#7453 = CARTESIAN_POINT('',(30.137299551649,67.398311320615,
    -21.30169555119));
#7454 = VECTOR('',#7455,1.);
#7455 = DIRECTION('',(-0.663413948169,-0.383022221559,0.642787609687));
#7456 = PCURVE('',#7081,#7457);
#7457 = DEFINITIONAL_REPRESENTATION('',(#7458),#7462);
#7458 = LINE('',#7459,#7460);
#7459 = CARTESIAN_POINT('',(0.,-0.));
#7460 = VECTOR('',#7461,1.);
#7461 = DIRECTION('',(0.,-1.));
#7462 = ( GEOMETRIC_REPRESENTATION_CONTEXT(2) 
PARAMETRIC_REPRESENTATION_CONTEXT() REPRESENTATION_CONTEXT('2D SPACE',''
  ) );
#7463 = PCURVE('',#7109,#7464);
#7464 = DEFINITIONAL_REPRESENTATION('',(#7465),#7469);
#7465 = LINE('',#7466,#7467);
#7466 = CARTESIAN_POINT('',(86.6,0.707106781187));
#7467 = VECTOR('',#7468,1.);
#7468 = DIRECTION('',(1.577333048497E-17,1.));
#7469 = ( GEOMETRIC_REPRESENTATION_CONTEXT(2) 
PARAMETRIC_REPRESENTATION_CONTEXT() REPRESENTATION_CONTEXT('2D SPACE',''
  ) );
#7470 = ORIENTED_EDGE('',*,*,#7062,.T.);
#7471 = ORIENTED_EDGE('',*,*,#7472,.T.);
#7472 = EDGE_CURVE('',#7065,#7473,#7475,.T.);
#7473 = VERTEX_POINT('',#7474);
#7474 = CARTESIAN_POINT('',(28.986341377039,69.043206385436,
    -19.30930615501));
#7475 = SURFACE_CURVE('',#7476,(#7480,#7487),.PCURVE_S1.);
#7476 = LINE('',#7477,#7478);
#7477 = CARTESIAN_POINT('',(28.986341377039,69.043206385436,
    -19.30930615501));
#7478 = VECTOR('',#7479,1.);
#7479 = DIRECTION('',(-0.256488783104,-0.964580448897,
    -6.162841671622E-02));
#7480 = PCURVE('',#7081,#7481);
#7481 = DEFINITIONAL_REPRESENTATION('',(#7482),#7486);
#7482 = LINE('',#7483,#7484);
#7483 = CARTESIAN_POINT('',(1.570796326795,-0.));
#7484 = VECTOR('',#7485,1.);
#7485 = DIRECTION('',(0.,-1.));
#7486 = ( GEOMETRIC_REPRESENTATION_CONTEXT(2) 
PARAMETRIC_REPRESENTATION_CONTEXT() REPRESENTATION_CONTEXT('2D SPACE',''
  ) );
#7487 = PCURVE('',#7278,#7488);
#7488 = DEFINITIONAL_REPRESENTATION('',(#7489),#7493);
#7489 = LINE('',#7490,#7491);
#7490 = CARTESIAN_POINT('',(-1.264259926828E-15,0.707106781187));
#7491 = VECTOR('',#7492,1.);
#7492 = DIRECTION('',(4.235992511055E-17,1.));
#7493 = ( GEOMETRIC_REPRESENTATION_CONTEXT(2) 
PARAMETRIC_REPRESENTATION_CONTEXT() REPRESENTATION_CONTEXT('2D SPACE',''
  ) );
#7494 = ORIENTED_EDGE('',*,*,#7495,.F.);
#7495 = EDGE_CURVE('',#7449,#7473,#7496,.T.);
#7496 = SURFACE_CURVE('',#7497,(#7502,#7509),.PCURVE_S1.);
#7497 = CIRCLE('',#7498,2.);
#7498 = AXIS2_PLACEMENT_3D('',#7499,#7500,#7501);
#7499 = CARTESIAN_POINT('',(29.986341377039,67.311155577867,
    -19.30930615501));
#7500 = DIRECTION('',(0.862729915663,0.498097349046,8.715574274766E-02)
  );
#7501 = DIRECTION('',(7.547908730517E-02,4.357787137383E-02,
    -0.996194698092));
#7502 = PCURVE('',#7081,#7503);
#7503 = DEFINITIONAL_REPRESENTATION('',(#7504),#7508);
#7504 = LINE('',#7505,#7506);
#7505 = CARTESIAN_POINT('',(0.,-0.));
#7506 = VECTOR('',#7507,1.);
#7507 = DIRECTION('',(1.,-0.));
#7508 = ( GEOMETRIC_REPRESENTATION_CONTEXT(2) 
PARAMETRIC_REPRESENTATION_CONTEXT() REPRESENTATION_CONTEXT('2D SPACE',''
  ) );
#7509 = PCURVE('',#7510,#7515);
#7510 = CYLINDRICAL_SURFACE('',#7511,2.);
#7511 = AXIS2_PLACEMENT_3D('',#7512,#7513,#7514);
#7512 = CARTESIAN_POINT('',(27.829516587882,66.065912205252,
    -19.52719551188));
#7513 = DIRECTION('',(0.862729915663,0.498097349046,8.715574274766E-02)
  );
#7514 = DIRECTION('',(7.547908730517E-02,4.357787137383E-02,
    -0.996194698092));
#7515 = DEFINITIONAL_REPRESENTATION('',(#7516),#7520);
#7516 = LINE('',#7517,#7518);
#7517 = CARTESIAN_POINT('',(0.,2.5));
#7518 = VECTOR('',#7519,1.);
#7519 = DIRECTION('',(1.,0.));
#7520 = ( GEOMETRIC_REPRESENTATION_CONTEXT(2) 
PARAMETRIC_REPRESENTATION_CONTEXT() REPRESENTATION_CONTEXT('2D SPACE',''
  ) );
#7521 = ADVANCED_FACE('',(#7522),#7109,.T.);
#7522 = FACE_BOUND('',#7523,.T.);
#7523 = EDGE_LOOP('',(#7524,#7547,#7548,#7549));
#7524 = ORIENTED_EDGE('',*,*,#7525,.F.);
#7525 = EDGE_CURVE('',#7094,#7526,#7528,.T.);
#7526 = VERTEX_POINT('',#7527);
#7527 = CARTESIAN_POINT('',(73.437299551649,-7.599488647118,
    -21.30169555119));
#7528 = SURFACE_CURVE('',#7529,(#7533,#7540),.PCURVE_S1.);
#7529 = LINE('',#7530,#7531);
#7530 = CARTESIAN_POINT('',(73.437299551649,-7.599488647118,
    -21.30169555119));
#7531 = VECTOR('',#7532,1.);
#7532 = DIRECTION('',(-0.663413948169,-0.383022221559,0.642787609687));
#7533 = PCURVE('',#7109,#7534);
#7534 = DEFINITIONAL_REPRESENTATION('',(#7535),#7539);
#7535 = LINE('',#7536,#7537);
#7536 = CARTESIAN_POINT('',(1.581724503187E-15,0.707106781187));
#7537 = VECTOR('',#7538,1.);
#7538 = DIRECTION('',(1.577333048497E-17,1.));
#7539 = ( GEOMETRIC_REPRESENTATION_CONTEXT(2) 
PARAMETRIC_REPRESENTATION_CONTEXT() REPRESENTATION_CONTEXT('2D SPACE',''
  ) );
#7540 = PCURVE('',#7138,#7541);
#7541 = DEFINITIONAL_REPRESENTATION('',(#7542),#7546);
#7542 = LINE('',#7543,#7544);
#7543 = CARTESIAN_POINT('',(1.570796326795,-0.));
#7544 = VECTOR('',#7545,1.);
#7545 = DIRECTION('',(0.,-1.));
#7546 = ( GEOMETRIC_REPRESENTATION_CONTEXT(2) 
PARAMETRIC_REPRESENTATION_CONTEXT() REPRESENTATION_CONTEXT('2D SPACE',''
  ) );
#7547 = ORIENTED_EDGE('',*,*,#7093,.T.);
#7548 = ORIENTED_EDGE('',*,*,#7448,.T.);
#7549 = ORIENTED_EDGE('',*,*,#7550,.F.);
#7550 = EDGE_CURVE('',#7526,#7449,#7551,.T.);
#7551 = SURFACE_CURVE('',#7552,(#7556,#7563),.PCURVE_S1.);
#7552 = LINE('',#7553,#7554);
#7553 = CARTESIAN_POINT('',(73.437299551649,-7.599488647118,
    -21.30169555119));
#7554 = VECTOR('',#7555,1.);
#7555 = DIRECTION('',(-0.5,0.866025403784,0.));
#7556 = PCURVE('',#7109,#7557);
#7557 = DEFINITIONAL_REPRESENTATION('',(#7558),#7562);
#7558 = LINE('',#7559,#7560);
#7559 = CARTESIAN_POINT('',(1.581724503187E-15,0.707106781187));
#7560 = VECTOR('',#7561,1.);
#7561 = DIRECTION('',(1.,3.080220888473E-17));
#7562 = ( GEOMETRIC_REPRESENTATION_CONTEXT(2) 
PARAMETRIC_REPRESENTATION_CONTEXT() REPRESENTATION_CONTEXT('2D SPACE',''
  ) );
#7563 = PCURVE('',#7564,#7569);
#7564 = PLANE('',#7565);
#7565 = AXIS2_PLACEMENT_3D('',#7566,#7567,#7568);
#7566 = CARTESIAN_POINT('',(72.280474762492,-10.5767828273,
    -21.51958490806));
#7567 = DIRECTION('',(-7.547908730517E-02,-4.357787137383E-02,
    0.996194698092));
#7568 = DIRECTION('',(-0.5,0.866025403784,0.));
#7569 = DEFINITIONAL_REPRESENTATION('',(#7570),#7574);
#7570 = LINE('',#7571,#7572);
#7571 = CARTESIAN_POINT('',(2.,-2.5));
#7572 = VECTOR('',#7573,1.);
#7573 = DIRECTION('',(1.,7.858696607916E-18));
#7574 = ( GEOMETRIC_REPRESENTATION_CONTEXT(2) 
PARAMETRIC_REPRESENTATION_CONTEXT() REPRESENTATION_CONTEXT('2D SPACE',''
  ) );
#7575 = ADVANCED_FACE('',(#7576),#7278,.T.);
#7576 = FACE_BOUND('',#7577,.T.);
#7577 = EDGE_LOOP('',(#7578,#7579,#7580,#7603));
#7578 = ORIENTED_EDGE('',*,*,#7472,.F.);
#7579 = ORIENTED_EDGE('',*,*,#7264,.T.);
#7580 = ORIENTED_EDGE('',*,*,#7581,.T.);
#7581 = EDGE_CURVE('',#7236,#7582,#7584,.T.);
#7582 = VERTEX_POINT('',#7583);
#7583 = CARTESIAN_POINT('',(27.352219136882,68.099745470193,
    2.258309058674));
#7584 = SURFACE_CURVE('',#7585,(#7589,#7596),.PCURVE_S1.);
#7585 = LINE('',#7586,#7587);
#7586 = CARTESIAN_POINT('',(27.533584094713,68.781806846608,
    2.301886930048));
#7587 = VECTOR('',#7588,1.);
#7588 = DIRECTION('',(-0.256488783104,-0.964580448897,
    -6.162841671622E-02));
#7589 = PCURVE('',#7278,#7590);
#7590 = DEFINITIONAL_REPRESENTATION('',(#7591),#7595);
#7591 = LINE('',#7592,#7593);
#7592 = CARTESIAN_POINT('',(21.65,7.072461400859E-15));
#7593 = VECTOR('',#7594,1.);
#7594 = DIRECTION('',(7.823883108293E-18,1.));
#7595 = ( GEOMETRIC_REPRESENTATION_CONTEXT(2) 
PARAMETRIC_REPRESENTATION_CONTEXT() REPRESENTATION_CONTEXT('2D SPACE',''
  ) );
#7596 = PCURVE('',#7252,#7597);
#7597 = DEFINITIONAL_REPRESENTATION('',(#7598),#7602);
#7598 = LINE('',#7599,#7600);
#7599 = CARTESIAN_POINT('',(-0.,0.5));
#7600 = VECTOR('',#7601,1.);
#7601 = DIRECTION('',(0.,-1.));
#7602 = ( GEOMETRIC_REPRESENTATION_CONTEXT(2) 
PARAMETRIC_REPRESENTATION_CONTEXT() REPRESENTATION_CONTEXT('2D SPACE',''
  ) );
#7603 = ORIENTED_EDGE('',*,*,#7604,.F.);
#7604 = EDGE_CURVE('',#7473,#7582,#7605,.T.);
#7605 = SURFACE_CURVE('',#7606,(#7610,#7617),.PCURVE_S1.);
#7606 = LINE('',#7607,#7608);
#7607 = CARTESIAN_POINT('',(28.986341377039,69.043206385436,
    -19.30930615501));
#7608 = VECTOR('',#7609,1.);
#7609 = DIRECTION('',(-7.547908730517E-02,-4.357787137383E-02,
    0.996194698092));
#7610 = PCURVE('',#7278,#7611);
#7611 = DEFINITIONAL_REPRESENTATION('',(#7612),#7616);
#7612 = LINE('',#7613,#7614);
#7613 = CARTESIAN_POINT('',(-1.264259926828E-15,0.707106781187));
#7614 = VECTOR('',#7615,1.);
#7615 = DIRECTION('',(1.,-6.053904699522E-18));
#7616 = ( GEOMETRIC_REPRESENTATION_CONTEXT(2) 
PARAMETRIC_REPRESENTATION_CONTEXT() REPRESENTATION_CONTEXT('2D SPACE',''
  ) );
#7617 = PCURVE('',#7618,#7623);
#7618 = PLANE('',#7619);
#7619 = AXIS2_PLACEMENT_3D('',#7620,#7621,#7622);
#7620 = CARTESIAN_POINT('',(26.980474762492,67.885118755569,
    -21.51958490806));
#7621 = DIRECTION('',(0.5,-0.866025403784,0.));
#7622 = DIRECTION('',(-7.547908730517E-02,-4.357787137383E-02,
    0.996194698092));
#7623 = DEFINITIONAL_REPRESENTATION('',(#7624),#7628);
#7624 = LINE('',#7625,#7626);
#7625 = CARTESIAN_POINT('',(2.,-2.5));
#7626 = VECTOR('',#7627,1.);
#7627 = DIRECTION('',(1.,1.157957318589E-17));
#7628 = ( GEOMETRIC_REPRESENTATION_CONTEXT(2) 
PARAMETRIC_REPRESENTATION_CONTEXT() REPRESENTATION_CONTEXT('2D SPACE',''
  ) );
#7629 = ADVANCED_FACE('',(#7630),#7138,.F.);
#7630 = FACE_BOUND('',#7631,.T.);
#7631 = EDGE_LOOP('',(#7632,#7655,#7656,#7657));
#7632 = ORIENTED_EDGE('',*,*,#7633,.F.);
#7633 = EDGE_CURVE('',#7122,#7634,#7636,.T.);
#7634 = VERTEX_POINT('',#7635);
#7635 = CARTESIAN_POINT('',(74.286341377039,-9.418695197434,
    -19.30930615501));
#7636 = SURFACE_CURVE('',#7637,(#7641,#7648),.PCURVE_S1.);
#7637 = LINE('',#7638,#7639);
#7638 = CARTESIAN_POINT('',(74.96770633487,-9.602659224803,
    -19.26572828363));
#7639 = VECTOR('',#7640,1.);
#7640 = DIRECTION('',(-0.963595564291,0.260164422494,-6.162841671622E-02
    ));
#7641 = PCURVE('',#7138,#7642);
#7642 = DEFINITIONAL_REPRESENTATION('',(#7643),#7647);
#7643 = LINE('',#7644,#7645);
#7644 = CARTESIAN_POINT('',(-0.,0.5));
#7645 = VECTOR('',#7646,1.);
#7646 = DIRECTION('',(0.,-1.));
#7647 = ( GEOMETRIC_REPRESENTATION_CONTEXT(2) 
PARAMETRIC_REPRESENTATION_CONTEXT() REPRESENTATION_CONTEXT('2D SPACE',''
  ) );
#7648 = PCURVE('',#7166,#7649);
#7649 = DEFINITIONAL_REPRESENTATION('',(#7650),#7654);
#7650 = LINE('',#7651,#7652);
#7651 = CARTESIAN_POINT('',(21.65,-9.514952055034E-15));
#7652 = VECTOR('',#7653,1.);
#7653 = DIRECTION('',(-9.113937905993E-19,1.));
#7654 = ( GEOMETRIC_REPRESENTATION_CONTEXT(2) 
PARAMETRIC_REPRESENTATION_CONTEXT() REPRESENTATION_CONTEXT('2D SPACE',''
  ) );
#7655 = ORIENTED_EDGE('',*,*,#7121,.T.);
#7656 = ORIENTED_EDGE('',*,*,#7525,.T.);
#7657 = ORIENTED_EDGE('',*,*,#7658,.F.);
#7658 = EDGE_CURVE('',#7634,#7526,#7659,.T.);
#7659 = SURFACE_CURVE('',#7660,(#7665,#7672),.PCURVE_S1.);
#7660 = CIRCLE('',#7661,2.);
#7661 = AXIS2_PLACEMENT_3D('',#7662,#7663,#7664);
#7662 = CARTESIAN_POINT('',(73.286341377039,-7.686644389865,
    -19.30930615501));
#7663 = DIRECTION('',(0.862729915663,0.498097349046,8.715574274766E-02)
  );
#7664 = DIRECTION('',(0.5,-0.866025403784,0.));
#7665 = PCURVE('',#7138,#7666);
#7666 = DEFINITIONAL_REPRESENTATION('',(#7667),#7671);
#7667 = LINE('',#7668,#7669);
#7668 = CARTESIAN_POINT('',(0.,-0.));
#7669 = VECTOR('',#7670,1.);
#7670 = DIRECTION('',(1.,-0.));
#7671 = ( GEOMETRIC_REPRESENTATION_CONTEXT(2) 
PARAMETRIC_REPRESENTATION_CONTEXT() REPRESENTATION_CONTEXT('2D SPACE',''
  ) );
#7672 = PCURVE('',#7673,#7678);
#7673 = CYLINDRICAL_SURFACE('',#7674,2.);
#7674 = AXIS2_PLACEMENT_3D('',#7675,#7676,#7677);
#7675 = CARTESIAN_POINT('',(71.129516587882,-8.93188776248,
    -19.52719551188));
#7676 = DIRECTION('',(0.862729915663,0.498097349046,8.715574274766E-02)
  );
#7677 = DIRECTION('',(7.547908730517E-02,4.357787137383E-02,
    -0.996194698092));
#7678 = DEFINITIONAL_REPRESENTATION('',(#7679),#7683);
#7679 = LINE('',#7680,#7681);
#7680 = CARTESIAN_POINT('',(-1.570796326795,2.5));
#7681 = VECTOR('',#7682,1.);
#7682 = DIRECTION('',(1.,-0.));
#7683 = ( GEOMETRIC_REPRESENTATION_CONTEXT(2) 
PARAMETRIC_REPRESENTATION_CONTEXT() REPRESENTATION_CONTEXT('2D SPACE',''
  ) );
#7684 = ADVANCED_FACE('',(#7685),#7252,.F.);
#7685 = FACE_BOUND('',#7686,.T.);
#7686 = EDGE_LOOP('',(#7687,#7688,#7689,#7712));
#7687 = ORIENTED_EDGE('',*,*,#7581,.F.);
#7688 = ORIENTED_EDGE('',*,*,#7235,.T.);
#7689 = ORIENTED_EDGE('',*,*,#7690,.T.);
#7690 = EDGE_CURVE('',#7208,#7691,#7693,.T.);
#7691 = VERTEX_POINT('',#7692);
#7692 = CARTESIAN_POINT('',(28.201260962272,66.280538919876,
    4.250698454858));
#7693 = SURFACE_CURVE('',#7694,(#7698,#7705),.PCURVE_S1.);
#7694 = LINE('',#7695,#7696);
#7695 = CARTESIAN_POINT('',(28.201260962272,66.280538919876,
    4.250698454858));
#7696 = VECTOR('',#7697,1.);
#7697 = DIRECTION('',(-0.556670399226,-0.321393804843,-0.766044443119));
#7698 = PCURVE('',#7252,#7699);
#7699 = DEFINITIONAL_REPRESENTATION('',(#7700),#7704);
#7700 = LINE('',#7701,#7702);
#7701 = CARTESIAN_POINT('',(1.570796326795,-0.));
#7702 = VECTOR('',#7703,1.);
#7703 = DIRECTION('',(0.,-1.));
#7704 = ( GEOMETRIC_REPRESENTATION_CONTEXT(2) 
PARAMETRIC_REPRESENTATION_CONTEXT() REPRESENTATION_CONTEXT('2D SPACE',''
  ) );
#7705 = PCURVE('',#7223,#7706);
#7706 = DEFINITIONAL_REPRESENTATION('',(#7707),#7711);
#7707 = LINE('',#7708,#7709);
#7708 = CARTESIAN_POINT('',(2.62881635617E-15,0.707106781187));
#7709 = VECTOR('',#7710,1.);
#7710 = DIRECTION('',(2.799046597687E-17,1.));
#7711 = ( GEOMETRIC_REPRESENTATION_CONTEXT(2) 
PARAMETRIC_REPRESENTATION_CONTEXT() REPRESENTATION_CONTEXT('2D SPACE',''
  ) );
#7712 = ORIENTED_EDGE('',*,*,#7713,.F.);
#7713 = EDGE_CURVE('',#7582,#7691,#7714,.T.);
#7714 = SURFACE_CURVE('',#7715,(#7720,#7727),.PCURVE_S1.);
#7715 = CIRCLE('',#7716,2.);
#7716 = AXIS2_PLACEMENT_3D('',#7717,#7718,#7719);
#7717 = CARTESIAN_POINT('',(28.352219136882,66.367694662624,
    2.258309058674));
#7718 = DIRECTION('',(0.862729915663,0.498097349046,8.715574274766E-02)
  );
#7719 = DIRECTION('',(-0.5,0.866025403784,0.));
#7720 = PCURVE('',#7252,#7721);
#7721 = DEFINITIONAL_REPRESENTATION('',(#7722),#7726);
#7722 = LINE('',#7723,#7724);
#7723 = CARTESIAN_POINT('',(0.,-0.));
#7724 = VECTOR('',#7725,1.);
#7725 = DIRECTION('',(1.,-0.));
#7726 = ( GEOMETRIC_REPRESENTATION_CONTEXT(2) 
PARAMETRIC_REPRESENTATION_CONTEXT() REPRESENTATION_CONTEXT('2D SPACE',''
  ) );
#7727 = PCURVE('',#7728,#7733);
#7728 = CYLINDRICAL_SURFACE('',#7729,2.);
#7729 = AXIS2_PLACEMENT_3D('',#7730,#7731,#7732);
#7730 = CARTESIAN_POINT('',(26.195394347725,65.122451290009,
    2.040419701805));
#7731 = DIRECTION('',(0.862729915663,0.498097349046,8.715574274766E-02)
  );
#7732 = DIRECTION('',(-0.5,0.866025403784,0.));
#7733 = DEFINITIONAL_REPRESENTATION('',(#7734),#7738);
#7734 = LINE('',#7735,#7736);
#7735 = CARTESIAN_POINT('',(0.,2.5));
#7736 = VECTOR('',#7737,1.);
#7737 = DIRECTION('',(1.,0.));
#7738 = ( GEOMETRIC_REPRESENTATION_CONTEXT(2) 
PARAMETRIC_REPRESENTATION_CONTEXT() REPRESENTATION_CONTEXT('2D SPACE',''
  ) );
#7739 = ADVANCED_FACE('',(#7740),#7166,.T.);
#7740 = FACE_BOUND('',#7741,.T.);
#7741 = EDGE_LOOP('',(#7742,#7765,#7766,#7767));
#7742 = ORIENTED_EDGE('',*,*,#7743,.F.);
#7743 = EDGE_CURVE('',#7151,#7744,#7746,.T.);
#7744 = VERTEX_POINT('',#7745);
#7745 = CARTESIAN_POINT('',(72.652219136882,-10.36215611267,
    2.258309058674));
#7746 = SURFACE_CURVE('',#7747,(#7751,#7758),.PCURVE_S1.);
#7747 = LINE('',#7748,#7749);
#7748 = CARTESIAN_POINT('',(72.652219136882,-10.36215611267,
    2.258309058674));
#7749 = VECTOR('',#7750,1.);
#7750 = DIRECTION('',(-0.963595564291,0.260164422494,-6.162841671622E-02
    ));
#7751 = PCURVE('',#7166,#7752);
#7752 = DEFINITIONAL_REPRESENTATION('',(#7753),#7757);
#7753 = LINE('',#7754,#7755);
#7754 = CARTESIAN_POINT('',(2.856965665436E-16,0.707106781187));
#7755 = VECTOR('',#7756,1.);
#7756 = DIRECTION('',(4.752884060568E-17,1.));
#7757 = ( GEOMETRIC_REPRESENTATION_CONTEXT(2) 
PARAMETRIC_REPRESENTATION_CONTEXT() REPRESENTATION_CONTEXT('2D SPACE',''
  ) );
#7758 = PCURVE('',#7195,#7759);
#7759 = DEFINITIONAL_REPRESENTATION('',(#7760),#7764);
#7760 = LINE('',#7761,#7762);
#7761 = CARTESIAN_POINT('',(1.570796326795,-0.));
#7762 = VECTOR('',#7763,1.);
#7763 = DIRECTION('',(0.,-1.));
#7764 = ( GEOMETRIC_REPRESENTATION_CONTEXT(2) 
PARAMETRIC_REPRESENTATION_CONTEXT() REPRESENTATION_CONTEXT('2D SPACE',''
  ) );
#7765 = ORIENTED_EDGE('',*,*,#7150,.T.);
#7766 = ORIENTED_EDGE('',*,*,#7633,.T.);
#7767 = ORIENTED_EDGE('',*,*,#7768,.F.);
#7768 = EDGE_CURVE('',#7744,#7634,#7769,.T.);
#7769 = SURFACE_CURVE('',#7770,(#7774,#7781),.PCURVE_S1.);
#7770 = LINE('',#7771,#7772);
#7771 = CARTESIAN_POINT('',(72.652219136882,-10.36215611267,
    2.258309058674));
#7772 = VECTOR('',#7773,1.);
#7773 = DIRECTION('',(7.547908730517E-02,4.357787137383E-02,
    -0.996194698092));
#7774 = PCURVE('',#7166,#7775);
#7775 = DEFINITIONAL_REPRESENTATION('',(#7776),#7780);
#7776 = LINE('',#7777,#7778);
#7777 = CARTESIAN_POINT('',(2.856965665436E-16,0.707106781187));
#7778 = VECTOR('',#7779,1.);
#7779 = DIRECTION('',(1.,6.053904699522E-18));
#7780 = ( GEOMETRIC_REPRESENTATION_CONTEXT(2) 
PARAMETRIC_REPRESENTATION_CONTEXT() REPRESENTATION_CONTEXT('2D SPACE',''
  ) );
#7781 = PCURVE('',#7782,#7787);
#7782 = PLANE('',#7783);
#7783 = AXIS2_PLACEMENT_3D('',#7784,#7785,#7786);
#7784 = CARTESIAN_POINT('',(70.344436173115,-11.69455522804,
    4.032809097988));
#7785 = DIRECTION('',(-0.5,0.866025403784,0.));
#7786 = DIRECTION('',(7.547908730517E-02,4.357787137383E-02,
    -0.996194698092));
#7787 = DEFINITIONAL_REPRESENTATION('',(#7788),#7792);
#7788 = LINE('',#7789,#7790);
#7789 = CARTESIAN_POINT('',(2.,-2.5));
#7790 = VECTOR('',#7791,1.);
#7791 = DIRECTION('',(1.,-1.157957318589E-17));
#7792 = ( GEOMETRIC_REPRESENTATION_CONTEXT(2) 
PARAMETRIC_REPRESENTATION_CONTEXT() REPRESENTATION_CONTEXT('2D SPACE',''
  ) );
#7793 = ADVANCED_FACE('',(#7794),#7223,.T.);
#7794 = FACE_BOUND('',#7795,.T.);
#7795 = EDGE_LOOP('',(#7796,#7797,#7798,#7821));
#7796 = ORIENTED_EDGE('',*,*,#7690,.F.);
#7797 = ORIENTED_EDGE('',*,*,#7207,.T.);
#7798 = ORIENTED_EDGE('',*,*,#7799,.T.);
#7799 = EDGE_CURVE('',#7179,#7800,#7802,.T.);
#7800 = VERTEX_POINT('',#7801);
#7801 = CARTESIAN_POINT('',(71.501260962272,-8.717261047856,
    4.250698454858));
#7802 = SURFACE_CURVE('',#7803,(#7807,#7814),.PCURVE_S1.);
#7803 = LINE('',#7804,#7805);
#7804 = CARTESIAN_POINT('',(71.894886376451,-8.49000130902,
    4.792373675277));
#7805 = VECTOR('',#7806,1.);
#7806 = DIRECTION('',(-0.556670399226,-0.321393804843,-0.766044443119));
#7807 = PCURVE('',#7223,#7808);
#7808 = DEFINITIONAL_REPRESENTATION('',(#7809),#7813);
#7809 = LINE('',#7810,#7811);
#7810 = CARTESIAN_POINT('',(86.6,-1.199701323807E-15));
#7811 = VECTOR('',#7812,1.);
#7812 = DIRECTION('',(-2.752068525439E-17,1.));
#7813 = ( GEOMETRIC_REPRESENTATION_CONTEXT(2) 
PARAMETRIC_REPRESENTATION_CONTEXT() REPRESENTATION_CONTEXT('2D SPACE',''
  ) );
#7814 = PCURVE('',#7195,#7815);
#7815 = DEFINITIONAL_REPRESENTATION('',(#7816),#7820);
#7816 = LINE('',#7817,#7818);
#7817 = CARTESIAN_POINT('',(-0.,0.5));
#7818 = VECTOR('',#7819,1.);
#7819 = DIRECTION('',(0.,-1.));
#7820 = ( GEOMETRIC_REPRESENTATION_CONTEXT(2) 
PARAMETRIC_REPRESENTATION_CONTEXT() REPRESENTATION_CONTEXT('2D SPACE',''
  ) );
#7821 = ORIENTED_EDGE('',*,*,#7822,.F.);
#7822 = EDGE_CURVE('',#7691,#7800,#7823,.T.);
#7823 = SURFACE_CURVE('',#7824,(#7828,#7835),.PCURVE_S1.);
#7824 = LINE('',#7825,#7826);
#7825 = CARTESIAN_POINT('',(28.201260962272,66.280538919876,
    4.250698454858));
#7826 = VECTOR('',#7827,1.);
#7827 = DIRECTION('',(0.5,-0.866025403784,0.));
#7828 = PCURVE('',#7223,#7829);
#7829 = DEFINITIONAL_REPRESENTATION('',(#7830),#7834);
#7830 = LINE('',#7831,#7832);
#7831 = CARTESIAN_POINT('',(2.62881635617E-15,0.707106781187));
#7832 = VECTOR('',#7833,1.);
#7833 = DIRECTION('',(1.,-3.380994803421E-17));
#7834 = ( GEOMETRIC_REPRESENTATION_CONTEXT(2) 
PARAMETRIC_REPRESENTATION_CONTEXT() REPRESENTATION_CONTEXT('2D SPACE',''
  ) );
#7835 = PCURVE('',#7836,#7841);
#7836 = PLANE('',#7837);
#7837 = AXIS2_PLACEMENT_3D('',#7838,#7839,#7840);
#7838 = CARTESIAN_POINT('',(25.044436173115,66.76734635483,
    4.032809097988));
#7839 = DIRECTION('',(7.547908730517E-02,4.357787137383E-02,
    -0.996194698092));
#7840 = DIRECTION('',(0.5,-0.866025403784,0.));
#7841 = DEFINITIONAL_REPRESENTATION('',(#7842),#7846);
#7842 = LINE('',#7843,#7844);
#7843 = CARTESIAN_POINT('',(2.,-2.5));
#7844 = VECTOR('',#7845,1.);
#7845 = DIRECTION('',(1.,-7.858696607916E-18));
#7846 = ( GEOMETRIC_REPRESENTATION_CONTEXT(2) 
PARAMETRIC_REPRESENTATION_CONTEXT() REPRESENTATION_CONTEXT('2D SPACE',''
  ) );
#7847 = ADVANCED_FACE('',(#7848),#7195,.F.);
#7848 = FACE_BOUND('',#7849,.T.);
#7849 = EDGE_LOOP('',(#7850,#7851,#7852,#7853));
#7850 = ORIENTED_EDGE('',*,*,#7799,.F.);
#7851 = ORIENTED_EDGE('',*,*,#7178,.T.);
#7852 = ORIENTED_EDGE('',*,*,#7743,.T.);
#7853 = ORIENTED_EDGE('',*,*,#7854,.F.);
#7854 = EDGE_CURVE('',#7800,#7744,#7855,.T.);
#7855 = SURFACE_CURVE('',#7856,(#7861,#7868),.PCURVE_S1.);
#7856 = CIRCLE('',#7857,2.);
#7857 = AXIS2_PLACEMENT_3D('',#7858,#7859,#7860);
#7858 = CARTESIAN_POINT('',(71.652219136882,-8.630105305109,
    2.258309058674));
#7859 = DIRECTION('',(0.862729915663,0.498097349046,8.715574274766E-02)
  );
#7860 = DIRECTION('',(-7.547908730517E-02,-4.357787137383E-02,
    0.996194698092));
#7861 = PCURVE('',#7195,#7862);
#7862 = DEFINITIONAL_REPRESENTATION('',(#7863),#7867);
#7863 = LINE('',#7864,#7865);
#7864 = CARTESIAN_POINT('',(0.,-0.));
#7865 = VECTOR('',#7866,1.);
#7866 = DIRECTION('',(1.,-0.));
#7867 = ( GEOMETRIC_REPRESENTATION_CONTEXT(2) 
PARAMETRIC_REPRESENTATION_CONTEXT() REPRESENTATION_CONTEXT('2D SPACE',''
  ) );
#7868 = PCURVE('',#7869,#7874);
#7869 = CYLINDRICAL_SURFACE('',#7870,2.);
#7870 = AXIS2_PLACEMENT_3D('',#7871,#7872,#7873);
#7871 = CARTESIAN_POINT('',(69.495394347725,-9.875348677723,
    2.040419701805));
#7872 = DIRECTION('',(0.862729915663,0.498097349046,8.715574274766E-02)
  );
#7873 = DIRECTION('',(-7.547908730517E-02,-4.357787137383E-02,
    0.996194698092));
#7874 = DEFINITIONAL_REPRESENTATION('',(#7875),#7879);
#7875 = LINE('',#7876,#7877);
#7876 = CARTESIAN_POINT('',(0.,2.5));
#7877 = VECTOR('',#7878,1.);
#7878 = DIRECTION('',(1.,0.));
#7879 = ( GEOMETRIC_REPRESENTATION_CONTEXT(2) 
PARAMETRIC_REPRESENTATION_CONTEXT() REPRESENTATION_CONTEXT('2D SPACE',''
  ) );
#7880 = ADVANCED_FACE('',(#7881),#7320,.T.);
#7881 = FACE_BOUND('',#7882,.F.);
#7882 = EDGE_LOOP('',(#7883,#7902,#7903,#7904));
#7883 = ORIENTED_EDGE('',*,*,#7884,.F.);
#7884 = EDGE_CURVE('',#7339,#7304,#7885,.T.);
#7885 = SEAM_CURVE('',#7886,(#7890,#7896),.PCURVE_S1.);
#7886 = LINE('',#7887,#7888);
#7887 = CARTESIAN_POINT('',(15.65,0.,-3.2));
#7888 = VECTOR('',#7889,1.);
#7889 = DIRECTION('',(-0.707106781187,-0.,-0.707106781187));
#7890 = PCURVE('',#7320,#7891);
#7891 = DEFINITIONAL_REPRESENTATION('',(#7892),#7895);
#7892 = B_SPLINE_CURVE_WITH_KNOTS('',1,(#7893,#7894),.UNSPECIFIED.,.F.,
  .F.,(2,2),(0.,1.131370849898),.PIECEWISE_BEZIER_KNOTS.);
#7893 = CARTESIAN_POINT('',(0.,0.));
#7894 = CARTESIAN_POINT('',(0.,-0.8));
#7895 = ( GEOMETRIC_REPRESENTATION_CONTEXT(2) 
PARAMETRIC_REPRESENTATION_CONTEXT() REPRESENTATION_CONTEXT('2D SPACE',''
  ) );
#7896 = PCURVE('',#7320,#7897);
#7897 = DEFINITIONAL_REPRESENTATION('',(#7898),#7901);
#7898 = B_SPLINE_CURVE_WITH_KNOTS('',1,(#7899,#7900),.UNSPECIFIED.,.F.,
  .F.,(2,2),(0.,1.131370849898),.PIECEWISE_BEZIER_KNOTS.);
#7899 = CARTESIAN_POINT('',(6.28318530718,0.));
#7900 = CARTESIAN_POINT('',(6.28318530718,-0.8));
#7901 = ( GEOMETRIC_REPRESENTATION_CONTEXT(2) 
PARAMETRIC_REPRESENTATION_CONTEXT() REPRESENTATION_CONTEXT('2D SPACE',''
  ) );
#7902 = ORIENTED_EDGE('',*,*,#7363,.T.);
#7903 = ORIENTED_EDGE('',*,*,#7884,.T.);
#7904 = ORIENTED_EDGE('',*,*,#7303,.F.);
#7905 = ADVANCED_FACE('',(#7906,#8096),#7429,.T.);
#7906 = FACE_BOUND('',#7907,.T.);
#7907 = EDGE_LOOP('',(#7908,#7933,#7957,#7980,#8004,#8027,#8051,#8074));
#7908 = ORIENTED_EDGE('',*,*,#7909,.F.);
#7909 = EDGE_CURVE('',#7910,#7912,#7914,.T.);
#7910 = VERTEX_POINT('',#7911);
#7911 = CARTESIAN_POINT('',(28.843204678155,66.651165297046,
    -21.43242916531));
#7912 = VERTEX_POINT('',#7913);
#7913 = CARTESIAN_POINT('',(72.143204678155,-8.346634670686,
    -21.43242916531));
#7914 = SURFACE_CURVE('',#7915,(#7919,#7926),.PCURVE_S1.);
#7915 = LINE('',#7916,#7917);
#7916 = CARTESIAN_POINT('',(61.818204678155,9.536789917462,
    -21.43242916531));
#7917 = VECTOR('',#7918,1.);
#7918 = DIRECTION('',(0.5,-0.866025403784,0.));
#7919 = PCURVE('',#7429,#7920);
#7920 = DEFINITIONAL_REPRESENTATION('',(#7921),#7925);
#7921 = LINE('',#7922,#7923);
#7922 = CARTESIAN_POINT('',(-17.675,22.65));
#7923 = VECTOR('',#7924,1.);
#7924 = DIRECTION('',(-3.410564202805E-18,1.));
#7925 = ( GEOMETRIC_REPRESENTATION_CONTEXT(2) 
PARAMETRIC_REPRESENTATION_CONTEXT() REPRESENTATION_CONTEXT('2D SPACE',''
  ) );
#7926 = PCURVE('',#7564,#7927);
#7927 = DEFINITIONAL_REPRESENTATION('',(#7928),#7932);
#7928 = LINE('',#7929,#7930);
#7929 = CARTESIAN_POINT('',(22.65,-1.));
#7930 = VECTOR('',#7931,1.);
#7931 = DIRECTION('',(-1.,-7.858696607916E-18));
#7932 = ( GEOMETRIC_REPRESENTATION_CONTEXT(2) 
PARAMETRIC_REPRESENTATION_CONTEXT() REPRESENTATION_CONTEXT('2D SPACE',''
  ) );
#7933 = ORIENTED_EDGE('',*,*,#7934,.T.);
#7934 = EDGE_CURVE('',#7910,#7935,#7937,.T.);
#7935 = VERTEX_POINT('',#7936);
#7936 = CARTESIAN_POINT('',(27.692246503545,68.296060361867,
    -19.44003976913));
#7937 = SURFACE_CURVE('',#7938,(#7943,#7950),.PCURVE_S1.);
#7938 = CIRCLE('',#7939,2.);
#7939 = AXIS2_PLACEMENT_3D('',#7940,#7941,#7942);
#7940 = CARTESIAN_POINT('',(28.692246503545,66.564009554298,
    -19.44003976913));
#7941 = DIRECTION('',(0.862729915663,0.498097349046,8.715574274766E-02)
  );
#7942 = DIRECTION('',(7.547908730517E-02,4.357787137383E-02,
    -0.996194698092));
#7943 = PCURVE('',#7429,#7944);
#7944 = DEFINITIONAL_REPRESENTATION('',(#7945),#7949);
#7945 = CIRCLE('',#7946,2.);
#7946 = AXIS2_PLACEMENT_2D('',#7947,#7948);
#7947 = CARTESIAN_POINT('',(-15.675,-43.3));
#7948 = DIRECTION('',(-1.,2.748962873712E-18));
#7949 = ( GEOMETRIC_REPRESENTATION_CONTEXT(2) 
PARAMETRIC_REPRESENTATION_CONTEXT() REPRESENTATION_CONTEXT('2D SPACE',''
  ) );
#7950 = PCURVE('',#7510,#7951);
#7951 = DEFINITIONAL_REPRESENTATION('',(#7952),#7956);
#7952 = LINE('',#7953,#7954);
#7953 = CARTESIAN_POINT('',(0.,1.));
#7954 = VECTOR('',#7955,1.);
#7955 = DIRECTION('',(1.,0.));
#7956 = ( GEOMETRIC_REPRESENTATION_CONTEXT(2) 
PARAMETRIC_REPRESENTATION_CONTEXT() REPRESENTATION_CONTEXT('2D SPACE',''
  ) );
#7957 = ORIENTED_EDGE('',*,*,#7958,.F.);
#7958 = EDGE_CURVE('',#7959,#7935,#7961,.T.);
#7959 = VERTEX_POINT('',#7960);
#7960 = CARTESIAN_POINT('',(26.058124263388,67.352599446624,
    2.127575444553));
#7961 = SURFACE_CURVE('',#7962,(#7966,#7973),.PCURVE_S1.);
#7962 = LINE('',#7963,#7964);
#7963 = CARTESIAN_POINT('',(27.359195030811,68.10377300443,
    -15.0443306638));
#7964 = VECTOR('',#7965,1.);
#7965 = DIRECTION('',(7.547908730517E-02,4.357787137383E-02,
    -0.996194698092));
#7966 = PCURVE('',#7429,#7967);
#7967 = DEFINITIONAL_REPRESENTATION('',(#7968),#7972);
#7968 = LINE('',#7969,#7970);
#7969 = CARTESIAN_POINT('',(-11.2625,-45.3));
#7970 = VECTOR('',#7971,1.);
#7971 = DIRECTION('',(-1.,2.748962873712E-18));
#7972 = ( GEOMETRIC_REPRESENTATION_CONTEXT(2) 
PARAMETRIC_REPRESENTATION_CONTEXT() REPRESENTATION_CONTEXT('2D SPACE',''
  ) );
#7973 = PCURVE('',#7618,#7974);
#7974 = DEFINITIONAL_REPRESENTATION('',(#7975),#7979);
#7975 = LINE('',#7976,#7977);
#7976 = CARTESIAN_POINT('',(6.4125,-1.));
#7977 = VECTOR('',#7978,1.);
#7978 = DIRECTION('',(-1.,-1.157957318589E-17));
#7979 = ( GEOMETRIC_REPRESENTATION_CONTEXT(2) 
PARAMETRIC_REPRESENTATION_CONTEXT() REPRESENTATION_CONTEXT('2D SPACE',''
  ) );
#7980 = ORIENTED_EDGE('',*,*,#7981,.T.);
#7981 = EDGE_CURVE('',#7959,#7982,#7984,.T.);
#7982 = VERTEX_POINT('',#7983);
#7983 = CARTESIAN_POINT('',(26.907166088777,65.533392896307,
    4.119964840736));
#7984 = SURFACE_CURVE('',#7985,(#7990,#7997),.PCURVE_S1.);
#7985 = CIRCLE('',#7986,2.);
#7986 = AXIS2_PLACEMENT_3D('',#7987,#7988,#7989);
#7987 = CARTESIAN_POINT('',(27.058124263388,65.620548639055,
    2.127575444553));
#7988 = DIRECTION('',(0.862729915663,0.498097349046,8.715574274766E-02)
  );
#7989 = DIRECTION('',(-0.5,0.866025403784,0.));
#7990 = PCURVE('',#7429,#7991);
#7991 = DEFINITIONAL_REPRESENTATION('',(#7992),#7996);
#7992 = CIRCLE('',#7993,2.);
#7993 = AXIS2_PLACEMENT_2D('',#7994,#7995);
#7994 = CARTESIAN_POINT('',(5.975,-43.3));
#7995 = DIRECTION('',(1.462997699119E-18,-1.));
#7996 = ( GEOMETRIC_REPRESENTATION_CONTEXT(2) 
PARAMETRIC_REPRESENTATION_CONTEXT() REPRESENTATION_CONTEXT('2D SPACE',''
  ) );
#7997 = PCURVE('',#7728,#7998);
#7998 = DEFINITIONAL_REPRESENTATION('',(#7999),#8003);
#7999 = LINE('',#8000,#8001);
#8000 = CARTESIAN_POINT('',(0.,1.));
#8001 = VECTOR('',#8002,1.);
#8002 = DIRECTION('',(1.,0.));
#8003 = ( GEOMETRIC_REPRESENTATION_CONTEXT(2) 
PARAMETRIC_REPRESENTATION_CONTEXT() REPRESENTATION_CONTEXT('2D SPACE',''
  ) );
#8004 = ORIENTED_EDGE('',*,*,#8005,.F.);
#8005 = EDGE_CURVE('',#8006,#7982,#8008,.T.);
#8006 = VERTEX_POINT('',#8007);
#8007 = CARTESIAN_POINT('',(70.207166088777,-9.464407071425,
    4.119964840736));
#8008 = SURFACE_CURVE('',#8009,(#8013,#8020),.PCURVE_S1.);
#8009 = LINE('',#8010,#8011);
#8010 = CARTESIAN_POINT('',(37.232166088777,47.649968308159,
    4.119964840736));
#8011 = VECTOR('',#8012,1.);
#8012 = DIRECTION('',(-0.5,0.866025403784,0.));
#8013 = PCURVE('',#7429,#8014);
#8014 = DEFINITIONAL_REPRESENTATION('',(#8015),#8019);
#8015 = LINE('',#8016,#8017);
#8016 = CARTESIAN_POINT('',(7.975,-22.65));
#8017 = VECTOR('',#8018,1.);
#8018 = DIRECTION('',(3.410564202805E-18,-1.));
#8019 = ( GEOMETRIC_REPRESENTATION_CONTEXT(2) 
PARAMETRIC_REPRESENTATION_CONTEXT() REPRESENTATION_CONTEXT('2D SPACE',''
  ) );
#8020 = PCURVE('',#7836,#8021);
#8021 = DEFINITIONAL_REPRESENTATION('',(#8022),#8026);
#8022 = LINE('',#8023,#8024);
#8023 = CARTESIAN_POINT('',(22.65,-1.));
#8024 = VECTOR('',#8025,1.);
#8025 = DIRECTION('',(-1.,7.858696607916E-18));
#8026 = ( GEOMETRIC_REPRESENTATION_CONTEXT(2) 
PARAMETRIC_REPRESENTATION_CONTEXT() REPRESENTATION_CONTEXT('2D SPACE',''
  ) );
#8027 = ORIENTED_EDGE('',*,*,#8028,.T.);
#8028 = EDGE_CURVE('',#8006,#8029,#8031,.T.);
#8029 = VERTEX_POINT('',#8030);
#8030 = CARTESIAN_POINT('',(71.358124263388,-11.10930213624,
    2.127575444553));
#8031 = SURFACE_CURVE('',#8032,(#8037,#8044),.PCURVE_S1.);
#8032 = CIRCLE('',#8033,2.);
#8033 = AXIS2_PLACEMENT_3D('',#8034,#8035,#8036);
#8034 = CARTESIAN_POINT('',(70.358124263388,-9.377251328678,
    2.127575444553));
#8035 = DIRECTION('',(0.862729915663,0.498097349046,8.715574274766E-02)
  );
#8036 = DIRECTION('',(-7.547908730517E-02,-4.357787137383E-02,
    0.996194698092));
#8037 = PCURVE('',#7429,#8038);
#8038 = DEFINITIONAL_REPRESENTATION('',(#8039),#8043);
#8039 = CIRCLE('',#8040,2.);
#8040 = AXIS2_PLACEMENT_2D('',#8041,#8042);
#8041 = CARTESIAN_POINT('',(5.975,43.3));
#8042 = DIRECTION('',(1.,-2.748962873712E-18));
#8043 = ( GEOMETRIC_REPRESENTATION_CONTEXT(2) 
PARAMETRIC_REPRESENTATION_CONTEXT() REPRESENTATION_CONTEXT('2D SPACE',''
  ) );
#8044 = PCURVE('',#7869,#8045);
#8045 = DEFINITIONAL_REPRESENTATION('',(#8046),#8050);
#8046 = LINE('',#8047,#8048);
#8047 = CARTESIAN_POINT('',(0.,1.));
#8048 = VECTOR('',#8049,1.);
#8049 = DIRECTION('',(1.,0.));
#8050 = ( GEOMETRIC_REPRESENTATION_CONTEXT(2) 
PARAMETRIC_REPRESENTATION_CONTEXT() REPRESENTATION_CONTEXT('2D SPACE',''
  ) );
#8051 = ORIENTED_EDGE('',*,*,#8052,.F.);
#8052 = EDGE_CURVE('',#8053,#8029,#8055,.T.);
#8053 = VERTEX_POINT('',#8054);
#8054 = CARTESIAN_POINT('',(72.992246503545,-10.165841221,
    -19.44003976913));
#8055 = SURFACE_CURVE('',#8056,(#8060,#8067),.PCURVE_S1.);
#8056 = LINE('',#8057,#8058);
#8057 = CARTESIAN_POINT('',(71.691175736122,-10.9170147788,
    -2.268133660777));
#8058 = VECTOR('',#8059,1.);
#8059 = DIRECTION('',(-7.547908730517E-02,-4.357787137383E-02,
    0.996194698092));
#8060 = PCURVE('',#7429,#8061);
#8061 = DEFINITIONAL_REPRESENTATION('',(#8062),#8066);
#8062 = LINE('',#8063,#8064);
#8063 = CARTESIAN_POINT('',(1.5625,45.3));
#8064 = VECTOR('',#8065,1.);
#8065 = DIRECTION('',(1.,-2.748962873712E-18));
#8066 = ( GEOMETRIC_REPRESENTATION_CONTEXT(2) 
PARAMETRIC_REPRESENTATION_CONTEXT() REPRESENTATION_CONTEXT('2D SPACE',''
  ) );
#8067 = PCURVE('',#7782,#8068);
#8068 = DEFINITIONAL_REPRESENTATION('',(#8069),#8073);
#8069 = LINE('',#8070,#8071);
#8070 = CARTESIAN_POINT('',(6.4125,-1.));
#8071 = VECTOR('',#8072,1.);
#8072 = DIRECTION('',(-1.,1.157957318589E-17));
#8073 = ( GEOMETRIC_REPRESENTATION_CONTEXT(2) 
PARAMETRIC_REPRESENTATION_CONTEXT() REPRESENTATION_CONTEXT('2D SPACE',''
  ) );
#8074 = ORIENTED_EDGE('',*,*,#8075,.T.);
#8075 = EDGE_CURVE('',#8053,#7912,#8076,.T.);
#8076 = SURFACE_CURVE('',#8077,(#8082,#8089),.PCURVE_S1.);
#8077 = CIRCLE('',#8078,2.);
#8078 = AXIS2_PLACEMENT_3D('',#8079,#8080,#8081);
#8079 = CARTESIAN_POINT('',(71.992246503545,-8.433790413434,
    -19.44003976913));
#8080 = DIRECTION('',(0.862729915663,0.498097349046,8.715574274766E-02)
  );
#8081 = DIRECTION('',(7.547908730517E-02,4.357787137383E-02,
    -0.996194698092));
#8082 = PCURVE('',#7429,#8083);
#8083 = DEFINITIONAL_REPRESENTATION('',(#8084),#8088);
#8084 = CIRCLE('',#8085,2.);
#8085 = AXIS2_PLACEMENT_2D('',#8086,#8087);
#8086 = CARTESIAN_POINT('',(-15.675,43.3));
#8087 = DIRECTION('',(-1.,2.748962873712E-18));
#8088 = ( GEOMETRIC_REPRESENTATION_CONTEXT(2) 
PARAMETRIC_REPRESENTATION_CONTEXT() REPRESENTATION_CONTEXT('2D SPACE',''
  ) );
#8089 = PCURVE('',#7673,#8090);
#8090 = DEFINITIONAL_REPRESENTATION('',(#8091),#8095);
#8091 = LINE('',#8092,#8093);
#8092 = CARTESIAN_POINT('',(-6.28318530718,1.));
#8093 = VECTOR('',#8094,1.);
#8094 = DIRECTION('',(1.,-0.));
#8095 = ( GEOMETRIC_REPRESENTATION_CONTEXT(2) 
PARAMETRIC_REPRESENTATION_CONTEXT() REPRESENTATION_CONTEXT('2D SPACE',''
  ) );
#8096 = FACE_BOUND('',#8097,.T.);
#8097 = EDGE_LOOP('',(#8098));
#8098 = ORIENTED_EDGE('',*,*,#7414,.T.);
#8099 = ADVANCED_FACE('',(#8100),#7510,.F.);
#8100 = FACE_BOUND('',#8101,.F.);
#8101 = EDGE_LOOP('',(#8102,#8123,#8124,#8145));
#8102 = ORIENTED_EDGE('',*,*,#8103,.F.);
#8103 = EDGE_CURVE('',#7910,#7449,#8104,.T.);
#8104 = SURFACE_CURVE('',#8105,(#8109,#8116),.PCURVE_S1.);
#8105 = LINE('',#8106,#8107);
#8106 = CARTESIAN_POINT('',(27.980474762492,66.153067948,-21.51958490806
    ));
#8107 = VECTOR('',#8108,1.);
#8108 = DIRECTION('',(0.862729915663,0.498097349046,8.715574274766E-02)
  );
#8109 = PCURVE('',#7510,#8110);
#8110 = DEFINITIONAL_REPRESENTATION('',(#8111),#8115);
#8111 = LINE('',#8112,#8113);
#8112 = CARTESIAN_POINT('',(0.,0.));
#8113 = VECTOR('',#8114,1.);
#8114 = DIRECTION('',(0.,1.));
#8115 = ( GEOMETRIC_REPRESENTATION_CONTEXT(2) 
PARAMETRIC_REPRESENTATION_CONTEXT() REPRESENTATION_CONTEXT('2D SPACE',''
  ) );
#8116 = PCURVE('',#7564,#8117);
#8117 = DEFINITIONAL_REPRESENTATION('',(#8118),#8122);
#8118 = LINE('',#8119,#8120);
#8119 = CARTESIAN_POINT('',(88.6,-6.36164459371E-15));
#8120 = VECTOR('',#8121,1.);
#8121 = DIRECTION('',(-7.620020411169E-18,-1.));
#8122 = ( GEOMETRIC_REPRESENTATION_CONTEXT(2) 
PARAMETRIC_REPRESENTATION_CONTEXT() REPRESENTATION_CONTEXT('2D SPACE',''
  ) );
#8123 = ORIENTED_EDGE('',*,*,#7934,.T.);
#8124 = ORIENTED_EDGE('',*,*,#8125,.T.);
#8125 = EDGE_CURVE('',#7935,#7473,#8126,.T.);
#8126 = SURFACE_CURVE('',#8127,(#8131,#8138),.PCURVE_S1.);
#8127 = LINE('',#8128,#8129);
#8128 = CARTESIAN_POINT('',(26.829516587882,67.797963012821,
    -19.52719551188));
#8129 = VECTOR('',#8130,1.);
#8130 = DIRECTION('',(0.862729915663,0.498097349046,8.715574274766E-02)
  );
#8131 = PCURVE('',#7510,#8132);
#8132 = DEFINITIONAL_REPRESENTATION('',(#8133),#8137);
#8133 = LINE('',#8134,#8135);
#8134 = CARTESIAN_POINT('',(1.570796326795,0.));
#8135 = VECTOR('',#8136,1.);
#8136 = DIRECTION('',(0.,1.));
#8137 = ( GEOMETRIC_REPRESENTATION_CONTEXT(2) 
PARAMETRIC_REPRESENTATION_CONTEXT() REPRESENTATION_CONTEXT('2D SPACE',''
  ) );
#8138 = PCURVE('',#7618,#8139);
#8139 = DEFINITIONAL_REPRESENTATION('',(#8140),#8144);
#8140 = LINE('',#8141,#8142);
#8141 = CARTESIAN_POINT('',(2.,-3.15778270011E-15));
#8142 = VECTOR('',#8143,1.);
#8143 = DIRECTION('',(-1.157957318589E-17,-1.));
#8144 = ( GEOMETRIC_REPRESENTATION_CONTEXT(2) 
PARAMETRIC_REPRESENTATION_CONTEXT() REPRESENTATION_CONTEXT('2D SPACE',''
  ) );
#8145 = ORIENTED_EDGE('',*,*,#7495,.F.);
#8146 = ADVANCED_FACE('',(#8147),#7564,.T.);
#8147 = FACE_BOUND('',#8148,.T.);
#8148 = EDGE_LOOP('',(#8149,#8150,#8151,#8172));
#8149 = ORIENTED_EDGE('',*,*,#8103,.F.);
#8150 = ORIENTED_EDGE('',*,*,#7909,.T.);
#8151 = ORIENTED_EDGE('',*,*,#8152,.T.);
#8152 = EDGE_CURVE('',#7912,#7526,#8153,.T.);
#8153 = SURFACE_CURVE('',#8154,(#8158,#8165),.PCURVE_S1.);
#8154 = LINE('',#8155,#8156);
#8155 = CARTESIAN_POINT('',(71.280474762492,-8.844732019732,
    -21.51958490806));
#8156 = VECTOR('',#8157,1.);
#8157 = DIRECTION('',(0.862729915663,0.498097349046,8.715574274766E-02)
  );
#8158 = PCURVE('',#7564,#8159);
#8159 = DEFINITIONAL_REPRESENTATION('',(#8160),#8164);
#8160 = LINE('',#8161,#8162);
#8161 = CARTESIAN_POINT('',(2.,1.33226762955E-15));
#8162 = VECTOR('',#8163,1.);
#8163 = DIRECTION('',(-7.620020411169E-18,-1.));
#8164 = ( GEOMETRIC_REPRESENTATION_CONTEXT(2) 
PARAMETRIC_REPRESENTATION_CONTEXT() REPRESENTATION_CONTEXT('2D SPACE',''
  ) );
#8165 = PCURVE('',#7673,#8166);
#8166 = DEFINITIONAL_REPRESENTATION('',(#8167),#8171);
#8167 = LINE('',#8168,#8169);
#8168 = CARTESIAN_POINT('',(-0.,0.));
#8169 = VECTOR('',#8170,1.);
#8170 = DIRECTION('',(-0.,1.));
#8171 = ( GEOMETRIC_REPRESENTATION_CONTEXT(2) 
PARAMETRIC_REPRESENTATION_CONTEXT() REPRESENTATION_CONTEXT('2D SPACE',''
  ) );
#8172 = ORIENTED_EDGE('',*,*,#7550,.T.);
#8173 = ADVANCED_FACE('',(#8174),#7618,.T.);
#8174 = FACE_BOUND('',#8175,.T.);
#8175 = EDGE_LOOP('',(#8176,#8197,#8198,#8199));
#8176 = ORIENTED_EDGE('',*,*,#8177,.F.);
#8177 = EDGE_CURVE('',#7959,#7582,#8178,.T.);
#8178 = SURFACE_CURVE('',#8179,(#8183,#8190),.PCURVE_S1.);
#8179 = LINE('',#8180,#8181);
#8180 = CARTESIAN_POINT('',(25.195394347725,66.854502097578,
    2.040419701805));
#8181 = VECTOR('',#8182,1.);
#8182 = DIRECTION('',(0.862729915663,0.498097349046,8.715574274766E-02)
  );
#8183 = PCURVE('',#7618,#8184);
#8184 = DEFINITIONAL_REPRESENTATION('',(#8185),#8189);
#8185 = LINE('',#8186,#8187);
#8186 = CARTESIAN_POINT('',(23.65,8.117366972149E-15));
#8187 = VECTOR('',#8188,1.);
#8188 = DIRECTION('',(-1.157957318589E-17,-1.));
#8189 = ( GEOMETRIC_REPRESENTATION_CONTEXT(2) 
PARAMETRIC_REPRESENTATION_CONTEXT() REPRESENTATION_CONTEXT('2D SPACE',''
  ) );
#8190 = PCURVE('',#7728,#8191);
#8191 = DEFINITIONAL_REPRESENTATION('',(#8192),#8196);
#8192 = LINE('',#8193,#8194);
#8193 = CARTESIAN_POINT('',(0.,0.));
#8194 = VECTOR('',#8195,1.);
#8195 = DIRECTION('',(0.,1.));
#8196 = ( GEOMETRIC_REPRESENTATION_CONTEXT(2) 
PARAMETRIC_REPRESENTATION_CONTEXT() REPRESENTATION_CONTEXT('2D SPACE',''
  ) );
#8197 = ORIENTED_EDGE('',*,*,#7958,.T.);
#8198 = ORIENTED_EDGE('',*,*,#8125,.T.);
#8199 = ORIENTED_EDGE('',*,*,#7604,.T.);
#8200 = ADVANCED_FACE('',(#8201),#7673,.F.);
#8201 = FACE_BOUND('',#8202,.T.);
#8202 = EDGE_LOOP('',(#8203,#8204,#8205,#8226));
#8203 = ORIENTED_EDGE('',*,*,#8152,.F.);
#8204 = ORIENTED_EDGE('',*,*,#8075,.F.);
#8205 = ORIENTED_EDGE('',*,*,#8206,.T.);
#8206 = EDGE_CURVE('',#8053,#7634,#8207,.T.);
#8207 = SURFACE_CURVE('',#8208,(#8212,#8219),.PCURVE_S1.);
#8208 = LINE('',#8209,#8210);
#8209 = CARTESIAN_POINT('',(72.129516587882,-10.66393857004,
    -19.52719551188));
#8210 = VECTOR('',#8211,1.);
#8211 = DIRECTION('',(0.862729915663,0.498097349046,8.715574274766E-02)
  );
#8212 = PCURVE('',#7673,#8213);
#8213 = DEFINITIONAL_REPRESENTATION('',(#8214),#8218);
#8214 = LINE('',#8215,#8216);
#8215 = CARTESIAN_POINT('',(-1.570796326795,0.));
#8216 = VECTOR('',#8217,1.);
#8217 = DIRECTION('',(-0.,1.));
#8218 = ( GEOMETRIC_REPRESENTATION_CONTEXT(2) 
PARAMETRIC_REPRESENTATION_CONTEXT() REPRESENTATION_CONTEXT('2D SPACE',''
  ) );
#8219 = PCURVE('',#7782,#8220);
#8220 = DEFINITIONAL_REPRESENTATION('',(#8221),#8225);
#8221 = LINE('',#8222,#8223);
#8222 = CARTESIAN_POINT('',(23.65,-1.456028824398E-15));
#8223 = VECTOR('',#8224,1.);
#8224 = DIRECTION('',(1.157957318589E-17,-1.));
#8225 = ( GEOMETRIC_REPRESENTATION_CONTEXT(2) 
PARAMETRIC_REPRESENTATION_CONTEXT() REPRESENTATION_CONTEXT('2D SPACE',''
  ) );
#8226 = ORIENTED_EDGE('',*,*,#7658,.T.);
#8227 = ADVANCED_FACE('',(#8228),#7728,.F.);
#8228 = FACE_BOUND('',#8229,.F.);
#8229 = EDGE_LOOP('',(#8230,#8231,#8232,#8253));
#8230 = ORIENTED_EDGE('',*,*,#8177,.F.);
#8231 = ORIENTED_EDGE('',*,*,#7981,.T.);
#8232 = ORIENTED_EDGE('',*,*,#8233,.T.);
#8233 = EDGE_CURVE('',#7982,#7691,#8234,.T.);
#8234 = SURFACE_CURVE('',#8235,(#8239,#8246),.PCURVE_S1.);
#8235 = LINE('',#8236,#8237);
#8236 = CARTESIAN_POINT('',(26.044436173115,65.035295547261,
    4.032809097988));
#8237 = VECTOR('',#8238,1.);
#8238 = DIRECTION('',(0.862729915663,0.498097349046,8.715574274766E-02)
  );
#8239 = PCURVE('',#7728,#8240);
#8240 = DEFINITIONAL_REPRESENTATION('',(#8241),#8245);
#8241 = LINE('',#8242,#8243);
#8242 = CARTESIAN_POINT('',(1.570796326795,0.));
#8243 = VECTOR('',#8244,1.);
#8244 = DIRECTION('',(0.,1.));
#8245 = ( GEOMETRIC_REPRESENTATION_CONTEXT(2) 
PARAMETRIC_REPRESENTATION_CONTEXT() REPRESENTATION_CONTEXT('2D SPACE',''
  ) );
#8246 = PCURVE('',#7836,#8247);
#8247 = DEFINITIONAL_REPRESENTATION('',(#8248),#8252);
#8248 = LINE('',#8249,#8250);
#8249 = CARTESIAN_POINT('',(2.,-4.884981308351E-15));
#8250 = VECTOR('',#8251,1.);
#8251 = DIRECTION('',(7.620020411169E-18,-1.));
#8252 = ( GEOMETRIC_REPRESENTATION_CONTEXT(2) 
PARAMETRIC_REPRESENTATION_CONTEXT() REPRESENTATION_CONTEXT('2D SPACE',''
  ) );
#8253 = ORIENTED_EDGE('',*,*,#7713,.F.);
#8254 = ADVANCED_FACE('',(#8255),#7782,.T.);
#8255 = FACE_BOUND('',#8256,.T.);
#8256 = EDGE_LOOP('',(#8257,#8258,#8259,#8280));
#8257 = ORIENTED_EDGE('',*,*,#8206,.F.);
#8258 = ORIENTED_EDGE('',*,*,#8052,.T.);
#8259 = ORIENTED_EDGE('',*,*,#8260,.T.);
#8260 = EDGE_CURVE('',#8029,#7744,#8261,.T.);
#8261 = SURFACE_CURVE('',#8262,(#8266,#8273),.PCURVE_S1.);
#8262 = LINE('',#8263,#8264);
#8263 = CARTESIAN_POINT('',(70.495394347725,-11.60739948529,
    2.040419701805));
#8264 = VECTOR('',#8265,1.);
#8265 = DIRECTION('',(0.862729915663,0.498097349046,8.715574274766E-02)
  );
#8266 = PCURVE('',#7782,#8267);
#8267 = DEFINITIONAL_REPRESENTATION('',(#8268),#8272);
#8268 = LINE('',#8269,#8270);
#8269 = CARTESIAN_POINT('',(2.,-5.612979194428E-15));
#8270 = VECTOR('',#8271,1.);
#8271 = DIRECTION('',(1.157957318589E-17,-1.));
#8272 = ( GEOMETRIC_REPRESENTATION_CONTEXT(2) 
PARAMETRIC_REPRESENTATION_CONTEXT() REPRESENTATION_CONTEXT('2D SPACE',''
  ) );
#8273 = PCURVE('',#7869,#8274);
#8274 = DEFINITIONAL_REPRESENTATION('',(#8275),#8279);
#8275 = LINE('',#8276,#8277);
#8276 = CARTESIAN_POINT('',(1.570796326795,0.));
#8277 = VECTOR('',#8278,1.);
#8278 = DIRECTION('',(0.,1.));
#8279 = ( GEOMETRIC_REPRESENTATION_CONTEXT(2) 
PARAMETRIC_REPRESENTATION_CONTEXT() REPRESENTATION_CONTEXT('2D SPACE',''
  ) );
#8280 = ORIENTED_EDGE('',*,*,#7768,.T.);
#8281 = ADVANCED_FACE('',(#8282),#7836,.T.);
#8282 = FACE_BOUND('',#8283,.T.);
#8283 = EDGE_LOOP('',(#8284,#8305,#8306,#8307));
#8284 = ORIENTED_EDGE('',*,*,#8285,.F.);
#8285 = EDGE_CURVE('',#8006,#7800,#8286,.T.);
#8286 = SURFACE_CURVE('',#8287,(#8291,#8298),.PCURVE_S1.);
#8287 = LINE('',#8288,#8289);
#8288 = CARTESIAN_POINT('',(69.344436173115,-9.962504420471,
    4.032809097988));
#8289 = VECTOR('',#8290,1.);
#8290 = DIRECTION('',(0.862729915663,0.498097349046,8.715574274766E-02)
  );
#8291 = PCURVE('',#7836,#8292);
#8292 = DEFINITIONAL_REPRESENTATION('',(#8293),#8297);
#8293 = LINE('',#8294,#8295);
#8294 = CARTESIAN_POINT('',(88.6,-7.437827638913E-16));
#8295 = VECTOR('',#8296,1.);
#8296 = DIRECTION('',(7.620020411169E-18,-1.));
#8297 = ( GEOMETRIC_REPRESENTATION_CONTEXT(2) 
PARAMETRIC_REPRESENTATION_CONTEXT() REPRESENTATION_CONTEXT('2D SPACE',''
  ) );
#8298 = PCURVE('',#7869,#8299);
#8299 = DEFINITIONAL_REPRESENTATION('',(#8300),#8304);
#8300 = LINE('',#8301,#8302);
#8301 = CARTESIAN_POINT('',(0.,0.));
#8302 = VECTOR('',#8303,1.);
#8303 = DIRECTION('',(0.,1.));
#8304 = ( GEOMETRIC_REPRESENTATION_CONTEXT(2) 
PARAMETRIC_REPRESENTATION_CONTEXT() REPRESENTATION_CONTEXT('2D SPACE',''
  ) );
#8305 = ORIENTED_EDGE('',*,*,#8005,.T.);
#8306 = ORIENTED_EDGE('',*,*,#8233,.T.);
#8307 = ORIENTED_EDGE('',*,*,#7822,.T.);
#8308 = ADVANCED_FACE('',(#8309),#7869,.F.);
#8309 = FACE_BOUND('',#8310,.F.);
#8310 = EDGE_LOOP('',(#8311,#8312,#8313,#8314));
#8311 = ORIENTED_EDGE('',*,*,#8285,.F.);
#8312 = ORIENTED_EDGE('',*,*,#8028,.T.);
#8313 = ORIENTED_EDGE('',*,*,#8260,.T.);
#8314 = ORIENTED_EDGE('',*,*,#7854,.F.);
#8315 = ( GEOMETRIC_REPRESENTATION_CONTEXT(3) 
GLOBAL_UNCERTAINTY_ASSIGNED_CONTEXT((#8319)) 
GLOBAL_UNIT_ASSIGNED_CONTEXT((#8316,#8317,#8318)) REPRESENTATION_CONTEXT
('Context #1','3D Context with UNIT and UNCERTAINTY') );
#8316 = ( LENGTH_UNIT() NAMED_UNIT(*) SI_UNIT(.MILLI.,.METRE.) );
#8317 = ( NAMED_UNIT(*) PLANE_ANGLE_UNIT() SI_UNIT($,.RADIAN.) );
#8318 = ( NAMED_UNIT(*) SI_UNIT($,.STERADIAN.) SOLID_ANGLE_UNIT() );
#8319 = UNCERTAINTY_MEASURE_WITH_UNIT(LENGTH_MEASURE(1.E-07),#8316,
  'distance_accuracy_value','confusion accuracy');
#8320 = CONTEXT_DEPENDENT_SHAPE_REPRESENTATION(#8321,#8323);
#8321 = ( REPRESENTATION_RELATIONSHIP('','',#1139,#10) 
REPRESENTATION_RELATIONSHIP_WITH_TRANSFORMATION(#8322) 
SHAPE_REPRESENTATION_RELATIONSHIP() );
#8322 = ITEM_DEFINED_TRANSFORMATION('','',#11,#19);
#8323 = PRODUCT_DEFINITION_SHAPE('Placement','Placement of an item',
  #8324);
#8324 = NEXT_ASSEMBLY_USAGE_OCCURRENCE('11','bracket','',#5,#1134,$);
#8325 = PRODUCT_RELATED_PRODUCT_CATEGORY('part',$,(#1136));
#8326 = SHAPE_DEFINITION_REPRESENTATION(#8327,#8333);
#8327 = PRODUCT_DEFINITION_SHAPE('','',#8328);
#8328 = PRODUCT_DEFINITION('design','',#8329,#8332);
#8329 = PRODUCT_DEFINITION_FORMATION('','',#8330);
#8330 = PRODUCT('d435_envelope','d435_envelope','',(#8331));
#8331 = PRODUCT_CONTEXT('',#2,'mechanical');
#8332 = PRODUCT_DEFINITION_CONTEXT('part definition',#2,'design');
#8333 = ADVANCED_BREP_SHAPE_REPRESENTATION('',(#11,#8334),#11129);
#8334 = MANIFOLD_SOLID_BREP('',#8335);
#8335 = CLOSED_SHELL('',(#8336,#8628,#8711,#8794,#8850,#8928,#8983,#9016
    ,#9092,#9141,#9190,#9217,#9249,#9325,#9357,#9433,#9782,#9858,#9947,
    #10259,#10266,#10299,#10377,#10410,#10481,#10565,#10597,#10681,
    #10713,#10797,#10829,#10884,#10955,#11010,#11065,#11071,#11100,
    #11106,#11110,#11114,#11118,#11125));
#8336 = ADVANCED_FACE('',(#8337,#8514),#8351,.F.);
#8337 = FACE_BOUND('',#8338,.F.);
#8338 = EDGE_LOOP('',(#8339,#8374,#8403,#8431,#8460,#8488));
#8339 = ORIENTED_EDGE('',*,*,#8340,.T.);
#8340 = EDGE_CURVE('',#8341,#8343,#8345,.T.);
#8341 = VERTEX_POINT('',#8342);
#8342 = CARTESIAN_POINT('',(76.119564265394,-8.013873307844,
    -16.80016899253));
#8343 = VERTEX_POINT('',#8344);
#8344 = CARTESIAN_POINT('',(75.134562176062,-8.582564529272,
    -3.799828182435));
#8345 = SURFACE_CURVE('',#8346,(#8350,#8362),.PCURVE_S1.);
#8346 = LINE('',#8347,#8348);
#8347 = CARTESIAN_POINT('',(76.119564265394,-8.013873307844,
    -16.80016899253));
#8348 = VECTOR('',#8349,1.);
#8349 = DIRECTION('',(-7.547908730517E-02,-4.357787137383E-02,
    0.996194698092));
#8350 = PCURVE('',#8351,#8356);
#8351 = PLANE('',#8352);
#8352 = AXIS2_PLACEMENT_3D('',#8353,#8354,#8355);
#8353 = CARTESIAN_POINT('',(72.970560951964,-9.831951218532,
    -21.13357075589));
#8354 = DIRECTION('',(-0.5,0.866025403784,0.));
#8355 = DIRECTION('',(0.862729915663,0.498097349046,8.715574274766E-02)
  );
#8356 = DEFINITIONAL_REPRESENTATION('',(#8357),#8361);
#8357 = LINE('',#8358,#8359);
#8358 = CARTESIAN_POINT('',(4.,-4.));
#8359 = VECTOR('',#8360,1.);
#8360 = DIRECTION('',(-1.157957318589E-17,-1.));
#8361 = ( GEOMETRIC_REPRESENTATION_CONTEXT(2) 
PARAMETRIC_REPRESENTATION_CONTEXT() REPRESENTATION_CONTEXT('2D SPACE',''
  ) );
#8362 = PCURVE('',#8363,#8368);
#8363 = CYLINDRICAL_SURFACE('',#8364,4.);
#8364 = AXIS2_PLACEMENT_3D('',#8365,#8366,#8367);
#8365 = CARTESIAN_POINT('',(74.119564265394,-4.549771692706,
    -16.80016899253));
#8366 = DIRECTION('',(-7.547908730517E-02,-4.357787137383E-02,
    0.996194698092));
#8367 = DIRECTION('',(0.5,-0.866025403784,0.));
#8368 = DEFINITIONAL_REPRESENTATION('',(#8369),#8373);
#8369 = LINE('',#8370,#8371);
#8370 = CARTESIAN_POINT('',(-0.,0.));
#8371 = VECTOR('',#8372,1.);
#8372 = DIRECTION('',(-0.,1.));
#8373 = ( GEOMETRIC_REPRESENTATION_CONTEXT(2) 
PARAMETRIC_REPRESENTATION_CONTEXT() REPRESENTATION_CONTEXT('2D SPACE',''
  ) );
#8374 = ORIENTED_EDGE('',*,*,#8375,.T.);
#8375 = EDGE_CURVE('',#8343,#8376,#8378,.T.);
#8376 = VERTEX_POINT('',#8377);
#8377 = CARTESIAN_POINT('',(78.283565489492,-6.764486618584,
    0.533573580923));
#8378 = SURFACE_CURVE('',#8379,(#8384,#8391),.PCURVE_S1.);
#8379 = CIRCLE('',#8380,4.);
#8380 = AXIS2_PLACEMENT_3D('',#8381,#8382,#8383);
#8381 = CARTESIAN_POINT('',(78.585481838713,-6.590175133089,
    -3.451205211444));
#8382 = DIRECTION('',(-0.5,0.866025403784,-4.321716862084E-18));
#8383 = DIRECTION('',(-0.862729915663,-0.498097349046,
    -8.715574274766E-02));
#8384 = PCURVE('',#8351,#8385);
#8385 = DEFINITIONAL_REPRESENTATION('',(#8386),#8390);
#8386 = CIRCLE('',#8387,4.);
#8387 = AXIS2_PLACEMENT_2D('',#8388,#8389);
#8388 = CARTESIAN_POINT('',(8.,-17.05));
#8389 = DIRECTION('',(-1.,-1.221265930966E-16));
#8390 = ( GEOMETRIC_REPRESENTATION_CONTEXT(2) 
PARAMETRIC_REPRESENTATION_CONTEXT() REPRESENTATION_CONTEXT('2D SPACE',''
  ) );
#8391 = PCURVE('',#8392,#8397);
#8392 = TOROIDAL_SURFACE('',#8393,4.,4.);
#8393 = AXIS2_PLACEMENT_3D('',#8394,#8395,#8396);
#8394 = CARTESIAN_POINT('',(76.585481838713,-3.126073517951,
    -3.451205211444));
#8395 = DIRECTION('',(-0.5,0.866025403784,0.));
#8396 = DIRECTION('',(-0.862729915663,-0.498097349046,
    -8.715574274766E-02));
#8397 = DEFINITIONAL_REPRESENTATION('',(#8398),#8402);
#8398 = LINE('',#8399,#8400);
#8399 = CARTESIAN_POINT('',(0.,4.712388980385));
#8400 = VECTOR('',#8401,1.);
#8401 = DIRECTION('',(1.,0.));
#8402 = ( GEOMETRIC_REPRESENTATION_CONTEXT(2) 
PARAMETRIC_REPRESENTATION_CONTEXT() REPRESENTATION_CONTEXT('2D SPACE',''
  ) );
#8403 = ORIENTED_EDGE('',*,*,#8404,.T.);
#8404 = EDGE_CURVE('',#8376,#8405,#8407,.T.);
#8405 = VERTEX_POINT('',#8406);
#8406 = CARTESIAN_POINT('',(86.048134730458,-2.281610477171,
    1.317975265652));
#8407 = SURFACE_CURVE('',#8408,(#8412,#8419),.PCURVE_S1.);
#8408 = LINE('',#8409,#8410);
#8409 = CARTESIAN_POINT('',(78.283565489492,-6.764486618584,
    0.533573580923));
#8410 = VECTOR('',#8411,1.);
#8411 = DIRECTION('',(0.862729915663,0.498097349046,8.715574274766E-02)
  );
#8412 = PCURVE('',#8351,#8413);
#8413 = DEFINITIONAL_REPRESENTATION('',(#8414),#8418);
#8414 = LINE('',#8415,#8416);
#8415 = CARTESIAN_POINT('',(8.,-21.05));
#8416 = VECTOR('',#8417,1.);
#8417 = DIRECTION('',(1.,1.157957318589E-17));
#8418 = ( GEOMETRIC_REPRESENTATION_CONTEXT(2) 
PARAMETRIC_REPRESENTATION_CONTEXT() REPRESENTATION_CONTEXT('2D SPACE',''
  ) );
#8419 = PCURVE('',#8420,#8425);
#8420 = CYLINDRICAL_SURFACE('',#8421,4.);
#8421 = AXIS2_PLACEMENT_3D('',#8422,#8423,#8424);
#8422 = CARTESIAN_POINT('',(76.283565489492,-3.300385003447,
    0.533573580923));
#8423 = DIRECTION('',(0.862729915663,0.498097349046,8.715574274766E-02)
  );
#8424 = DIRECTION('',(0.5,-0.866025403784,0.));
#8425 = DEFINITIONAL_REPRESENTATION('',(#8426),#8430);
#8426 = LINE('',#8427,#8428);
#8427 = CARTESIAN_POINT('',(-0.,0.));
#8428 = VECTOR('',#8429,1.);
#8429 = DIRECTION('',(-0.,1.));
#8430 = ( GEOMETRIC_REPRESENTATION_CONTEXT(2) 
PARAMETRIC_REPRESENTATION_CONTEXT() REPRESENTATION_CONTEXT('2D SPACE',''
  ) );
#8431 = ORIENTED_EDGE('',*,*,#8432,.T.);
#8432 = EDGE_CURVE('',#8405,#8433,#8435,.T.);
#8433 = VERTEX_POINT('',#8434);
#8434 = CARTESIAN_POINT('',(89.80097074233,-0.114909595493,
    -2.318180555725));
#8435 = SURFACE_CURVE('',#8436,(#8441,#8448),.PCURVE_S1.);
#8436 = CIRCLE('',#8437,4.);
#8437 = AXIS2_PLACEMENT_3D('',#8438,#8439,#8440);
#8438 = CARTESIAN_POINT('',(86.350051079678,-2.107298991676,
    -2.666803526715));
#8439 = DIRECTION('',(-0.5,0.866025403784,-3.756789585913E-18));
#8440 = DIRECTION('',(-7.547908730517E-02,-4.357787137383E-02,
    0.996194698092));
#8441 = PCURVE('',#8351,#8442);
#8442 = DEFINITIONAL_REPRESENTATION('',(#8443),#8447);
#8443 = CIRCLE('',#8444,4.);
#8444 = AXIS2_PLACEMENT_2D('',#8445,#8446);
#8445 = CARTESIAN_POINT('',(17.,-17.05));
#8446 = DIRECTION('',(-1.903341953215E-18,-1.));
#8447 = ( GEOMETRIC_REPRESENTATION_CONTEXT(2) 
PARAMETRIC_REPRESENTATION_CONTEXT() REPRESENTATION_CONTEXT('2D SPACE',''
  ) );
#8448 = PCURVE('',#8449,#8454);
#8449 = TOROIDAL_SURFACE('',#8450,4.,4.);
#8450 = AXIS2_PLACEMENT_3D('',#8451,#8452,#8453);
#8451 = CARTESIAN_POINT('',(84.350051079678,1.356802623462,
    -2.666803526715));
#8452 = DIRECTION('',(-0.5,0.866025403784,0.));
#8453 = DIRECTION('',(-7.547908730517E-02,-4.357787137383E-02,
    0.996194698092));
#8454 = DEFINITIONAL_REPRESENTATION('',(#8455),#8459);
#8455 = LINE('',#8456,#8457);
#8456 = CARTESIAN_POINT('',(0.,4.712388980385));
#8457 = VECTOR('',#8458,1.);
#8458 = DIRECTION('',(1.,0.));
#8459 = ( GEOMETRIC_REPRESENTATION_CONTEXT(2) 
PARAMETRIC_REPRESENTATION_CONTEXT() REPRESENTATION_CONTEXT('2D SPACE',''
  ) );
#8460 = ORIENTED_EDGE('',*,*,#8461,.T.);
#8461 = EDGE_CURVE('',#8433,#8462,#8464,.T.);
#8462 = VERTEX_POINT('',#8463);
#8463 = CARTESIAN_POINT('',(90.785972831662,0.453781625936,
    -15.31852136582));
#8464 = SURFACE_CURVE('',#8465,(#8469,#8476),.PCURVE_S1.);
#8465 = LINE('',#8466,#8467);
#8466 = CARTESIAN_POINT('',(89.80097074233,-0.114909595493,
    -2.318180555725));
#8467 = VECTOR('',#8468,1.);
#8468 = DIRECTION('',(7.547908730517E-02,4.357787137383E-02,
    -0.996194698092));
#8469 = PCURVE('',#8351,#8470);
#8470 = DEFINITIONAL_REPRESENTATION('',(#8471),#8475);
#8471 = LINE('',#8472,#8473);
#8472 = CARTESIAN_POINT('',(21.,-17.05));
#8473 = VECTOR('',#8474,1.);
#8474 = DIRECTION('',(1.157957318589E-17,1.));
#8475 = ( GEOMETRIC_REPRESENTATION_CONTEXT(2) 
PARAMETRIC_REPRESENTATION_CONTEXT() REPRESENTATION_CONTEXT('2D SPACE',''
  ) );
#8476 = PCURVE('',#8477,#8482);
#8477 = CYLINDRICAL_SURFACE('',#8478,4.);
#8478 = AXIS2_PLACEMENT_3D('',#8479,#8480,#8481);
#8479 = CARTESIAN_POINT('',(87.80097074233,3.349192019645,
    -2.318180555725));
#8480 = DIRECTION('',(7.547908730517E-02,4.357787137383E-02,
    -0.996194698092));
#8481 = DIRECTION('',(0.5,-0.866025403784,0.));
#8482 = DEFINITIONAL_REPRESENTATION('',(#8483),#8487);
#8483 = LINE('',#8484,#8485);
#8484 = CARTESIAN_POINT('',(-0.,0.));
#8485 = VECTOR('',#8486,1.);
#8486 = DIRECTION('',(-0.,1.));
#8487 = ( GEOMETRIC_REPRESENTATION_CONTEXT(2) 
PARAMETRIC_REPRESENTATION_CONTEXT() REPRESENTATION_CONTEXT('2D SPACE',''
  ) );
#8488 = ORIENTED_EDGE('',*,*,#8489,.T.);
#8489 = EDGE_CURVE('',#8462,#8341,#8490,.T.);
#8490 = SURFACE_CURVE('',#8491,(#8495,#8502),.PCURVE_S1.);
#8491 = LINE('',#8492,#8493);
#8492 = CARTESIAN_POINT('',(90.785972831662,0.453781625936,
    -15.31852136582));
#8493 = VECTOR('',#8494,1.);
#8494 = DIRECTION('',(-0.862729915663,-0.498097349046,
    -8.715574274766E-02));
#8495 = PCURVE('',#8351,#8496);
#8496 = DEFINITIONAL_REPRESENTATION('',(#8497),#8501);
#8497 = LINE('',#8498,#8499);
#8498 = CARTESIAN_POINT('',(21.,-4.));
#8499 = VECTOR('',#8500,1.);
#8500 = DIRECTION('',(-1.,-1.157957318589E-17));
#8501 = ( GEOMETRIC_REPRESENTATION_CONTEXT(2) 
PARAMETRIC_REPRESENTATION_CONTEXT() REPRESENTATION_CONTEXT('2D SPACE',''
  ) );
#8502 = PCURVE('',#8503,#8508);
#8503 = CYLINDRICAL_SURFACE('',#8504,4.);
#8504 = AXIS2_PLACEMENT_3D('',#8505,#8506,#8507);
#8505 = CARTESIAN_POINT('',(88.785972831662,3.917883241074,
    -15.31852136582));
#8506 = DIRECTION('',(-0.862729915663,-0.498097349046,
    -8.715574274766E-02));
#8507 = DIRECTION('',(0.5,-0.866025403784,0.));
#8508 = DEFINITIONAL_REPRESENTATION('',(#8509),#8513);
#8509 = LINE('',#8510,#8511);
#8510 = CARTESIAN_POINT('',(-0.,0.));
#8511 = VECTOR('',#8512,1.);
#8512 = DIRECTION('',(-0.,1.));
#8513 = ( GEOMETRIC_REPRESENTATION_CONTEXT(2) 
PARAMETRIC_REPRESENTATION_CONTEXT() REPRESENTATION_CONTEXT('2D SPACE',''
  ) );
#8514 = FACE_BOUND('',#8515,.F.);
#8515 = EDGE_LOOP('',(#8516,#8546,#8574,#8602));
#8516 = ORIENTED_EDGE('',*,*,#8517,.T.);
#8517 = EDGE_CURVE('',#8518,#8520,#8522,.T.);
#8518 = VERTEX_POINT('',#8519);
#8519 = CARTESIAN_POINT('',(78.806258169081,-6.462709859321,
    -6.365074703363));
#8520 = VERTEX_POINT('',#8521);
#8521 = CARTESIAN_POINT('',(79.047791248457,-6.323260670924,
    -9.552897737256));
#8522 = SURFACE_CURVE('',#8523,(#8527,#8534),.PCURVE_S1.);
#8523 = LINE('',#8524,#8525);
#8524 = CARTESIAN_POINT('',(79.339329223173,-6.154941142743,
    -13.40069975863));
#8525 = VECTOR('',#8526,1.);
#8526 = DIRECTION('',(7.547908730517E-02,4.357787137383E-02,
    -0.996194698092));
#8527 = PCURVE('',#8351,#8528);
#8528 = DEFINITIONAL_REPRESENTATION('',(#8529),#8533);
#8529 = LINE('',#8530,#8531);
#8530 = CARTESIAN_POINT('',(8.,-7.0625));
#8531 = VECTOR('',#8532,1.);
#8532 = DIRECTION('',(1.157957318589E-17,1.));
#8533 = ( GEOMETRIC_REPRESENTATION_CONTEXT(2) 
PARAMETRIC_REPRESENTATION_CONTEXT() REPRESENTATION_CONTEXT('2D SPACE',''
  ) );
#8534 = PCURVE('',#8535,#8540);
#8535 = PLANE('',#8536);
#8536 = AXIS2_PLACEMENT_3D('',#8537,#8538,#8539);
#8537 = CARTESIAN_POINT('',(78.806258169081,-6.462709859321,
    -6.365074703363));
#8538 = DIRECTION('',(0.862729915663,0.498097349046,8.715574274766E-02)
  );
#8539 = DIRECTION('',(7.547908730517E-02,4.357787137383E-02,
    -0.996194698092));
#8540 = DEFINITIONAL_REPRESENTATION('',(#8541),#8545);
#8541 = LINE('',#8542,#8543);
#8542 = CARTESIAN_POINT('',(7.0625,5.291917489821E-16));
#8543 = VECTOR('',#8544,1.);
#8544 = DIRECTION('',(1.,-2.748962873712E-18));
#8545 = ( GEOMETRIC_REPRESENTATION_CONTEXT(2) 
PARAMETRIC_REPRESENTATION_CONTEXT() REPRESENTATION_CONTEXT('2D SPACE',''
  ) );
#8546 = ORIENTED_EDGE('',*,*,#8547,.T.);
#8547 = EDGE_CURVE('',#8520,#8548,#8550,.T.);
#8548 = VERTEX_POINT('',#8549);
#8549 = CARTESIAN_POINT('',(86.812360489423,-1.840384529511,
    -8.768496052527));
#8550 = SURFACE_CURVE('',#8551,(#8555,#8562),.PCURVE_S1.);
#8551 = LINE('',#8552,#8553);
#8552 = CARTESIAN_POINT('',(75.596871585806,-8.315650067108,
    -9.901520708247));
#8553 = VECTOR('',#8554,1.);
#8554 = DIRECTION('',(0.862729915663,0.498097349046,8.715574274766E-02)
  );
#8555 = PCURVE('',#8351,#8556);
#8556 = DEFINITIONAL_REPRESENTATION('',(#8557),#8561);
#8557 = LINE('',#8558,#8559);
#8558 = CARTESIAN_POINT('',(4.,-10.925));
#8559 = VECTOR('',#8560,1.);
#8560 = DIRECTION('',(1.,1.157957318589E-17));
#8561 = ( GEOMETRIC_REPRESENTATION_CONTEXT(2) 
PARAMETRIC_REPRESENTATION_CONTEXT() REPRESENTATION_CONTEXT('2D SPACE',''
  ) );
#8562 = PCURVE('',#8563,#8568);
#8563 = PLANE('',#8564);
#8564 = AXIS2_PLACEMENT_3D('',#8565,#8566,#8567);
#8565 = CARTESIAN_POINT('',(79.047791248457,-6.323260670924,
    -9.552897737256));
#8566 = DIRECTION('',(-7.547908730517E-02,-4.357787137383E-02,
    0.996194698092));
#8567 = DIRECTION('',(0.862729915663,0.498097349046,8.715574274766E-02)
  );
#8568 = DEFINITIONAL_REPRESENTATION('',(#8569),#8573);
#8569 = LINE('',#8570,#8571);
#8570 = CARTESIAN_POINT('',(-4.,-5.076545831631E-15));
#8571 = VECTOR('',#8572,1.);
#8572 = DIRECTION('',(1.,-7.620020411169E-18));
#8573 = ( GEOMETRIC_REPRESENTATION_CONTEXT(2) 
PARAMETRIC_REPRESENTATION_CONTEXT() REPRESENTATION_CONTEXT('2D SPACE',''
  ) );
#8574 = ORIENTED_EDGE('',*,*,#8575,.T.);
#8575 = EDGE_CURVE('',#8548,#8576,#8578,.T.);
#8576 = VERTEX_POINT('',#8577);
#8577 = CARTESIAN_POINT('',(86.570827410046,-1.979833717908,
    -5.580673018634));
#8578 = SURFACE_CURVE('',#8579,(#8583,#8590),.PCURVE_S1.);
#8579 = LINE('',#8580,#8581);
#8580 = CARTESIAN_POINT('',(87.224665003827,-1.602340407132,
    -14.21020959085));
#8581 = VECTOR('',#8582,1.);
#8582 = DIRECTION('',(-7.547908730517E-02,-4.357787137383E-02,
    0.996194698092));
#8583 = PCURVE('',#8351,#8584);
#8584 = DEFINITIONAL_REPRESENTATION('',(#8585),#8589);
#8585 = LINE('',#8586,#8587);
#8586 = CARTESIAN_POINT('',(17.,-5.4625));
#8587 = VECTOR('',#8588,1.);
#8588 = DIRECTION('',(-1.157957318589E-17,-1.));
#8589 = ( GEOMETRIC_REPRESENTATION_CONTEXT(2) 
PARAMETRIC_REPRESENTATION_CONTEXT() REPRESENTATION_CONTEXT('2D SPACE',''
  ) );
#8590 = PCURVE('',#8591,#8596);
#8591 = PLANE('',#8592);
#8592 = AXIS2_PLACEMENT_3D('',#8593,#8594,#8595);
#8593 = CARTESIAN_POINT('',(86.812360489423,-1.840384529511,
    -8.768496052527));
#8594 = DIRECTION('',(-0.862729915663,-0.498097349046,
    -8.715574274766E-02));
#8595 = DIRECTION('',(-7.547908730517E-02,-4.357787137383E-02,
    0.996194698092));
#8596 = DEFINITIONAL_REPRESENTATION('',(#8597),#8601);
#8597 = LINE('',#8598,#8599);
#8598 = CARTESIAN_POINT('',(-5.4625,-1.142846677604E-15));
#8599 = VECTOR('',#8600,1.);
#8600 = DIRECTION('',(1.,2.748962873712E-18));
#8601 = ( GEOMETRIC_REPRESENTATION_CONTEXT(2) 
PARAMETRIC_REPRESENTATION_CONTEXT() REPRESENTATION_CONTEXT('2D SPACE',''
  ) );
#8602 = ORIENTED_EDGE('',*,*,#8603,.T.);
#8603 = EDGE_CURVE('',#8576,#8518,#8604,.T.);
#8604 = SURFACE_CURVE('',#8605,(#8609,#8616),.PCURVE_S1.);
#8605 = LINE('',#8606,#8607);
#8606 = CARTESIAN_POINT('',(79.237623126912,-6.213661184798,
    -6.321496831989));
#8607 = VECTOR('',#8608,1.);
#8608 = DIRECTION('',(-0.862729915663,-0.498097349046,
    -8.715574274766E-02));
#8609 = PCURVE('',#8351,#8610);
#8610 = DEFINITIONAL_REPRESENTATION('',(#8611),#8615);
#8611 = LINE('',#8612,#8613);
#8612 = CARTESIAN_POINT('',(8.5,-14.125));
#8613 = VECTOR('',#8614,1.);
#8614 = DIRECTION('',(-1.,-1.157957318589E-17));
#8615 = ( GEOMETRIC_REPRESENTATION_CONTEXT(2) 
PARAMETRIC_REPRESENTATION_CONTEXT() REPRESENTATION_CONTEXT('2D SPACE',''
  ) );
#8616 = PCURVE('',#8617,#8622);
#8617 = PLANE('',#8618);
#8618 = AXIS2_PLACEMENT_3D('',#8619,#8620,#8621);
#8619 = CARTESIAN_POINT('',(86.570827410046,-1.979833717908,
    -5.580673018634));
#8620 = DIRECTION('',(7.547908730517E-02,4.357787137383E-02,
    -0.996194698092));
#8621 = DIRECTION('',(-0.862729915663,-0.498097349046,
    -8.715574274766E-02));
#8622 = DEFINITIONAL_REPRESENTATION('',(#8623),#8627);
#8623 = LINE('',#8624,#8625);
#8624 = CARTESIAN_POINT('',(8.5,5.36608511608E-15));
#8625 = VECTOR('',#8626,1.);
#8626 = DIRECTION('',(1.,7.620020411169E-18));
#8627 = ( GEOMETRIC_REPRESENTATION_CONTEXT(2) 
PARAMETRIC_REPRESENTATION_CONTEXT() REPRESENTATION_CONTEXT('2D SPACE',''
  ) );
#8628 = ADVANCED_FACE('',(#8629),#8363,.T.);
#8629 = FACE_BOUND('',#8630,.F.);
#8630 = EDGE_LOOP('',(#8631,#8660,#8688,#8710));
#8631 = ORIENTED_EDGE('',*,*,#8632,.T.);
#8632 = EDGE_CURVE('',#8341,#8633,#8635,.T.);
#8633 = VERTEX_POINT('',#8634);
#8634 = CARTESIAN_POINT('',(70.668644602743,-6.54216108889,
    -17.14879196352));
#8635 = SURFACE_CURVE('',#8636,(#8641,#8648),.PCURVE_S1.);
#8636 = CIRCLE('',#8637,4.);
#8637 = AXIS2_PLACEMENT_3D('',#8638,#8639,#8640);
#8638 = CARTESIAN_POINT('',(74.119564265394,-4.549771692706,
    -16.80016899253));
#8639 = DIRECTION('',(7.547908730517E-02,4.357787137383E-02,
    -0.996194698092));
#8640 = DIRECTION('',(0.5,-0.866025403784,0.));
#8641 = PCURVE('',#8363,#8642);
#8642 = DEFINITIONAL_REPRESENTATION('',(#8643),#8647);
#8643 = LINE('',#8644,#8645);
#8644 = CARTESIAN_POINT('',(-0.,0.));
#8645 = VECTOR('',#8646,1.);
#8646 = DIRECTION('',(-1.,0.));
#8647 = ( GEOMETRIC_REPRESENTATION_CONTEXT(2) 
PARAMETRIC_REPRESENTATION_CONTEXT() REPRESENTATION_CONTEXT('2D SPACE',''
  ) );
#8648 = PCURVE('',#8649,#8654);
#8649 = SPHERICAL_SURFACE('',#8650,4.);
#8650 = AXIS2_PLACEMENT_3D('',#8651,#8652,#8653);
#8651 = CARTESIAN_POINT('',(74.119564265394,-4.549771692706,
    -16.80016899253));
#8652 = DIRECTION('',(-0.5,0.866025403784,0.));
#8653 = DIRECTION('',(7.547908730517E-02,4.357787137383E-02,
    -0.996194698092));
#8654 = DEFINITIONAL_REPRESENTATION('',(#8655),#8659);
#8655 = LINE('',#8656,#8657);
#8656 = CARTESIAN_POINT('',(1.570796326795,-1.570796326795));
#8657 = VECTOR('',#8658,1.);
#8658 = DIRECTION('',(0.,1.));
#8659 = ( GEOMETRIC_REPRESENTATION_CONTEXT(2) 
PARAMETRIC_REPRESENTATION_CONTEXT() REPRESENTATION_CONTEXT('2D SPACE',''
  ) );
#8660 = ORIENTED_EDGE('',*,*,#8661,.T.);
#8661 = EDGE_CURVE('',#8633,#8662,#8664,.T.);
#8662 = VERTEX_POINT('',#8663);
#8663 = CARTESIAN_POINT('',(69.68364251341,-7.110852310318,
    -4.148451153425));
#8664 = SURFACE_CURVE('',#8665,(#8669,#8676),.PCURVE_S1.);
#8665 = LINE('',#8666,#8667);
#8666 = CARTESIAN_POINT('',(70.668644602743,-6.54216108889,
    -17.14879196352));
#8667 = VECTOR('',#8668,1.);
#8668 = DIRECTION('',(-7.547908730517E-02,-4.357787137383E-02,
    0.996194698092));
#8669 = PCURVE('',#8363,#8670);
#8670 = DEFINITIONAL_REPRESENTATION('',(#8671),#8675);
#8671 = LINE('',#8672,#8673);
#8672 = CARTESIAN_POINT('',(-1.570796326795,0.));
#8673 = VECTOR('',#8674,1.);
#8674 = DIRECTION('',(-0.,1.));
#8675 = ( GEOMETRIC_REPRESENTATION_CONTEXT(2) 
PARAMETRIC_REPRESENTATION_CONTEXT() REPRESENTATION_CONTEXT('2D SPACE',''
  ) );
#8676 = PCURVE('',#8677,#8682);
#8677 = PLANE('',#8678);
#8678 = AXIS2_PLACEMENT_3D('',#8679,#8680,#8681);
#8679 = CARTESIAN_POINT('',(27.970560951964,68.110335122067,
    -21.13357075589));
#8680 = DIRECTION('',(0.862729915663,0.498097349046,8.715574274766E-02)
  );
#8681 = DIRECTION('',(0.5,-0.866025403784,0.));
#8682 = DEFINITIONAL_REPRESENTATION('',(#8683),#8687);
#8683 = LINE('',#8684,#8685);
#8684 = CARTESIAN_POINT('',(86.,-4.));
#8685 = VECTOR('',#8686,1.);
#8686 = DIRECTION('',(-2.748962873712E-18,-1.));
#8687 = ( GEOMETRIC_REPRESENTATION_CONTEXT(2) 
PARAMETRIC_REPRESENTATION_CONTEXT() REPRESENTATION_CONTEXT('2D SPACE',''
  ) );
#8688 = ORIENTED_EDGE('',*,*,#8689,.F.);
#8689 = EDGE_CURVE('',#8343,#8662,#8690,.T.);
#8690 = SURFACE_CURVE('',#8691,(#8696,#8703),.PCURVE_S1.);
#8691 = CIRCLE('',#8692,4.);
#8692 = AXIS2_PLACEMENT_3D('',#8693,#8694,#8695);
#8693 = CARTESIAN_POINT('',(73.134562176062,-5.118462914135,
    -3.799828182435));
#8694 = DIRECTION('',(7.547908730517E-02,4.357787137383E-02,
    -0.996194698092));
#8695 = DIRECTION('',(0.5,-0.866025403784,0.));
#8696 = PCURVE('',#8363,#8697);
#8697 = DEFINITIONAL_REPRESENTATION('',(#8698),#8702);
#8698 = LINE('',#8699,#8700);
#8699 = CARTESIAN_POINT('',(-0.,13.05));
#8700 = VECTOR('',#8701,1.);
#8701 = DIRECTION('',(-1.,0.));
#8702 = ( GEOMETRIC_REPRESENTATION_CONTEXT(2) 
PARAMETRIC_REPRESENTATION_CONTEXT() REPRESENTATION_CONTEXT('2D SPACE',''
  ) );
#8703 = PCURVE('',#8392,#8704);
#8704 = DEFINITIONAL_REPRESENTATION('',(#8705),#8709);
#8705 = LINE('',#8706,#8707);
#8706 = CARTESIAN_POINT('',(0.,4.712388980385));
#8707 = VECTOR('',#8708,1.);
#8708 = DIRECTION('',(0.,1.));
#8709 = ( GEOMETRIC_REPRESENTATION_CONTEXT(2) 
PARAMETRIC_REPRESENTATION_CONTEXT() REPRESENTATION_CONTEXT('2D SPACE',''
  ) );
#8710 = ORIENTED_EDGE('',*,*,#8340,.F.);
#8711 = ADVANCED_FACE('',(#8712),#8503,.T.);
#8712 = FACE_BOUND('',#8713,.F.);
#8713 = EDGE_LOOP('',(#8714,#8743,#8771,#8793));
#8714 = ORIENTED_EDGE('',*,*,#8715,.T.);
#8715 = EDGE_CURVE('',#8462,#8716,#8718,.T.);
#8716 = VERTEX_POINT('',#8717);
#8717 = CARTESIAN_POINT('',(89.087889180883,4.092194726569,
    -19.30330015818));
#8718 = SURFACE_CURVE('',#8719,(#8724,#8731),.PCURVE_S1.);
#8719 = CIRCLE('',#8720,4.);
#8720 = AXIS2_PLACEMENT_3D('',#8721,#8722,#8723);
#8721 = CARTESIAN_POINT('',(88.785972831662,3.917883241074,
    -15.31852136582));
#8722 = DIRECTION('',(0.862729915663,0.498097349046,8.715574274766E-02)
  );
#8723 = DIRECTION('',(7.547908730517E-02,4.357787137383E-02,
    -0.996194698092));
#8724 = PCURVE('',#8503,#8725);
#8725 = DEFINITIONAL_REPRESENTATION('',(#8726),#8730);
#8726 = LINE('',#8727,#8728);
#8727 = CARTESIAN_POINT('',(4.712388980385,-0.));
#8728 = VECTOR('',#8729,1.);
#8729 = DIRECTION('',(-1.,0.));
#8730 = ( GEOMETRIC_REPRESENTATION_CONTEXT(2) 
PARAMETRIC_REPRESENTATION_CONTEXT() REPRESENTATION_CONTEXT('2D SPACE',''
  ) );
#8731 = PCURVE('',#8732,#8737);
#8732 = SPHERICAL_SURFACE('',#8733,4.);
#8733 = AXIS2_PLACEMENT_3D('',#8734,#8735,#8736);
#8734 = CARTESIAN_POINT('',(88.785972831662,3.917883241074,
    -15.31852136582));
#8735 = DIRECTION('',(-0.5,0.866025403784,0.));
#8736 = DIRECTION('',(0.862729915663,0.498097349046,8.715574274766E-02)
  );
#8737 = DEFINITIONAL_REPRESENTATION('',(#8738),#8742);
#8738 = LINE('',#8739,#8740);
#8739 = CARTESIAN_POINT('',(1.570796326795,-6.28318530718));
#8740 = VECTOR('',#8741,1.);
#8741 = DIRECTION('',(0.,1.));
#8742 = ( GEOMETRIC_REPRESENTATION_CONTEXT(2) 
PARAMETRIC_REPRESENTATION_CONTEXT() REPRESENTATION_CONTEXT('2D SPACE',''
  ) );
#8743 = ORIENTED_EDGE('',*,*,#8744,.T.);
#8744 = EDGE_CURVE('',#8716,#8745,#8747,.T.);
#8745 = VERTEX_POINT('',#8746);
#8746 = CARTESIAN_POINT('',(74.421480614615,-4.375460207211,
    -20.78494778489));
#8747 = SURFACE_CURVE('',#8748,(#8752,#8759),.PCURVE_S1.);
#8748 = LINE('',#8749,#8750);
#8749 = CARTESIAN_POINT('',(89.087889180883,4.092194726569,
    -19.30330015818));
#8750 = VECTOR('',#8751,1.);
#8751 = DIRECTION('',(-0.862729915663,-0.498097349046,
    -8.715574274766E-02));
#8752 = PCURVE('',#8503,#8753);
#8753 = DEFINITIONAL_REPRESENTATION('',(#8754),#8758);
#8754 = LINE('',#8755,#8756);
#8755 = CARTESIAN_POINT('',(-1.570796326795,0.));
#8756 = VECTOR('',#8757,1.);
#8757 = DIRECTION('',(-0.,1.));
#8758 = ( GEOMETRIC_REPRESENTATION_CONTEXT(2) 
PARAMETRIC_REPRESENTATION_CONTEXT() REPRESENTATION_CONTEXT('2D SPACE',''
  ) );
#8759 = PCURVE('',#8760,#8765);
#8760 = PLANE('',#8761);
#8761 = AXIS2_PLACEMENT_3D('',#8762,#8763,#8764);
#8762 = CARTESIAN_POINT('',(61.254684897749,35.365408814841,
    -20.04412397154));
#8763 = DIRECTION('',(-7.547908730517E-02,-4.357787137383E-02,
    0.996194698092));
#8764 = DIRECTION('',(0.862729915663,0.498097349046,8.715574274766E-02)
  );
#8765 = DEFINITIONAL_REPRESENTATION('',(#8766),#8770);
#8766 = LINE('',#8767,#8768);
#8767 = CARTESIAN_POINT('',(8.5,-41.));
#8768 = VECTOR('',#8769,1.);
#8769 = DIRECTION('',(-1.,7.620020411169E-18));
#8770 = ( GEOMETRIC_REPRESENTATION_CONTEXT(2) 
PARAMETRIC_REPRESENTATION_CONTEXT() REPRESENTATION_CONTEXT('2D SPACE',''
  ) );
#8771 = ORIENTED_EDGE('',*,*,#8772,.F.);
#8772 = EDGE_CURVE('',#8341,#8745,#8773,.T.);
#8773 = SURFACE_CURVE('',#8774,(#8779,#8786),.PCURVE_S1.);
#8774 = CIRCLE('',#8775,4.);
#8775 = AXIS2_PLACEMENT_3D('',#8776,#8777,#8778);
#8776 = CARTESIAN_POINT('',(74.119564265394,-4.549771692706,
    -16.80016899253));
#8777 = DIRECTION('',(0.862729915663,0.498097349046,8.715574274766E-02)
  );
#8778 = DIRECTION('',(0.5,-0.866025403784,0.));
#8779 = PCURVE('',#8503,#8780);
#8780 = DEFINITIONAL_REPRESENTATION('',(#8781),#8785);
#8781 = LINE('',#8782,#8783);
#8782 = CARTESIAN_POINT('',(-0.,17.));
#8783 = VECTOR('',#8784,1.);
#8784 = DIRECTION('',(-1.,0.));
#8785 = ( GEOMETRIC_REPRESENTATION_CONTEXT(2) 
PARAMETRIC_REPRESENTATION_CONTEXT() REPRESENTATION_CONTEXT('2D SPACE',''
  ) );
#8786 = PCURVE('',#8649,#8787);
#8787 = DEFINITIONAL_REPRESENTATION('',(#8788),#8792);
#8788 = LINE('',#8789,#8790);
#8789 = CARTESIAN_POINT('',(0.,-1.570796326795));
#8790 = VECTOR('',#8791,1.);
#8791 = DIRECTION('',(0.,1.));
#8792 = ( GEOMETRIC_REPRESENTATION_CONTEXT(2) 
PARAMETRIC_REPRESENTATION_CONTEXT() REPRESENTATION_CONTEXT('2D SPACE',''
  ) );
#8793 = ORIENTED_EDGE('',*,*,#8489,.F.);
#8794 = ADVANCED_FACE('',(#8795),#8392,.T.);
#8795 = FACE_BOUND('',#8796,.T.);
#8796 = EDGE_LOOP('',(#8797,#8798,#8799,#8823));
#8797 = ORIENTED_EDGE('',*,*,#8689,.F.);
#8798 = ORIENTED_EDGE('',*,*,#8375,.T.);
#8799 = ORIENTED_EDGE('',*,*,#8800,.T.);
#8800 = EDGE_CURVE('',#8376,#8801,#8803,.T.);
#8801 = VERTEX_POINT('',#8802);
#8802 = CARTESIAN_POINT('',(75.981649140272,-3.474696488942,
    4.51835237329));
#8803 = SURFACE_CURVE('',#8804,(#8809,#8816),.PCURVE_S1.);
#8804 = CIRCLE('',#8805,4.);
#8805 = AXIS2_PLACEMENT_3D('',#8806,#8807,#8808);
#8806 = CARTESIAN_POINT('',(76.283565489492,-3.300385003447,
    0.533573580923));
#8807 = DIRECTION('',(-0.862729915663,-0.498097349046,
    -8.715574274766E-02));
#8808 = DIRECTION('',(-7.547908730517E-02,-4.357787137383E-02,
    0.996194698092));
#8809 = PCURVE('',#8392,#8810);
#8810 = DEFINITIONAL_REPRESENTATION('',(#8811),#8815);
#8811 = LINE('',#8812,#8813);
#8812 = CARTESIAN_POINT('',(1.570796326795,0.));
#8813 = VECTOR('',#8814,1.);
#8814 = DIRECTION('',(0.,1.));
#8815 = ( GEOMETRIC_REPRESENTATION_CONTEXT(2) 
PARAMETRIC_REPRESENTATION_CONTEXT() REPRESENTATION_CONTEXT('2D SPACE',''
  ) );
#8816 = PCURVE('',#8420,#8817);
#8817 = DEFINITIONAL_REPRESENTATION('',(#8818),#8822);
#8818 = LINE('',#8819,#8820);
#8819 = CARTESIAN_POINT('',(4.712388980385,-0.));
#8820 = VECTOR('',#8821,1.);
#8821 = DIRECTION('',(-1.,0.));
#8822 = ( GEOMETRIC_REPRESENTATION_CONTEXT(2) 
PARAMETRIC_REPRESENTATION_CONTEXT() REPRESENTATION_CONTEXT('2D SPACE',''
  ) );
#8823 = ORIENTED_EDGE('',*,*,#8824,.F.);
#8824 = EDGE_CURVE('',#8662,#8801,#8825,.T.);
#8825 = SURFACE_CURVE('',#8826,(#8831,#8838),.PCURVE_S1.);
#8826 = CIRCLE('',#8827,8.);
#8827 = AXIS2_PLACEMENT_3D('',#8828,#8829,#8830);
#8828 = CARTESIAN_POINT('',(76.585481838713,-3.126073517951,
    -3.451205211444));
#8829 = DIRECTION('',(-0.5,0.866025403784,-4.321716862084E-18));
#8830 = DIRECTION('',(-0.862729915663,-0.498097349046,
    -8.715574274766E-02));
#8831 = PCURVE('',#8392,#8832);
#8832 = DEFINITIONAL_REPRESENTATION('',(#8833),#8837);
#8833 = LINE('',#8834,#8835);
#8834 = CARTESIAN_POINT('',(0.,6.28318530718));
#8835 = VECTOR('',#8836,1.);
#8836 = DIRECTION('',(1.,0.));
#8837 = ( GEOMETRIC_REPRESENTATION_CONTEXT(2) 
PARAMETRIC_REPRESENTATION_CONTEXT() REPRESENTATION_CONTEXT('2D SPACE',''
  ) );
#8838 = PCURVE('',#8839,#8844);
#8839 = CYLINDRICAL_SURFACE('',#8840,8.);
#8840 = AXIS2_PLACEMENT_3D('',#8841,#8842,#8843);
#8841 = CARTESIAN_POINT('',(33.585481838713,71.352111207511,
    -3.451205211444));
#8842 = DIRECTION('',(0.5,-0.866025403784,0.));
#8843 = DIRECTION('',(-0.862729915663,-0.498097349046,
    -8.715574274766E-02));
#8844 = DEFINITIONAL_REPRESENTATION('',(#8845),#8849);
#8845 = LINE('',#8846,#8847);
#8846 = CARTESIAN_POINT('',(-0.,86.));
#8847 = VECTOR('',#8848,1.);
#8848 = DIRECTION('',(-1.,0.));
#8849 = ( GEOMETRIC_REPRESENTATION_CONTEXT(2) 
PARAMETRIC_REPRESENTATION_CONTEXT() REPRESENTATION_CONTEXT('2D SPACE',''
  ) );
#8850 = ADVANCED_FACE('',(#8851),#8477,.T.);
#8851 = FACE_BOUND('',#8852,.F.);
#8852 = EDGE_LOOP('',(#8853,#8877,#8905,#8927));
#8853 = ORIENTED_EDGE('',*,*,#8854,.T.);
#8854 = EDGE_CURVE('',#8433,#8855,#8857,.T.);
#8855 = VERTEX_POINT('',#8856);
#8856 = CARTESIAN_POINT('',(91.251890404981,5.341581415829,
    -1.969557584734));
#8857 = SURFACE_CURVE('',#8858,(#8863,#8870),.PCURVE_S1.);
#8858 = CIRCLE('',#8859,4.);
#8859 = AXIS2_PLACEMENT_3D('',#8860,#8861,#8862);
#8860 = CARTESIAN_POINT('',(87.80097074233,3.349192019645,
    -2.318180555725));
#8861 = DIRECTION('',(-7.547908730517E-02,-4.357787137383E-02,
    0.996194698092));
#8862 = DIRECTION('',(0.862729915663,0.498097349046,8.715574274766E-02)
  );
#8863 = PCURVE('',#8477,#8864);
#8864 = DEFINITIONAL_REPRESENTATION('',(#8865),#8869);
#8865 = LINE('',#8866,#8867);
#8866 = CARTESIAN_POINT('',(4.712388980385,-0.));
#8867 = VECTOR('',#8868,1.);
#8868 = DIRECTION('',(-1.,0.));
#8869 = ( GEOMETRIC_REPRESENTATION_CONTEXT(2) 
PARAMETRIC_REPRESENTATION_CONTEXT() REPRESENTATION_CONTEXT('2D SPACE',''
  ) );
#8870 = PCURVE('',#8449,#8871);
#8871 = DEFINITIONAL_REPRESENTATION('',(#8872),#8876);
#8872 = LINE('',#8873,#8874);
#8873 = CARTESIAN_POINT('',(1.570796326795,0.));
#8874 = VECTOR('',#8875,1.);
#8875 = DIRECTION('',(0.,1.));
#8876 = ( GEOMETRIC_REPRESENTATION_CONTEXT(2) 
PARAMETRIC_REPRESENTATION_CONTEXT() REPRESENTATION_CONTEXT('2D SPACE',''
  ) );
#8877 = ORIENTED_EDGE('',*,*,#8878,.T.);
#8878 = EDGE_CURVE('',#8855,#8879,#8881,.T.);
#8879 = VERTEX_POINT('',#8880);
#8880 = CARTESIAN_POINT('',(92.236892494313,5.910272637257,
    -14.96989839483));
#8881 = SURFACE_CURVE('',#8882,(#8886,#8893),.PCURVE_S1.);
#8882 = LINE('',#8883,#8884);
#8883 = CARTESIAN_POINT('',(91.251890404981,5.341581415829,
    -1.969557584734));
#8884 = VECTOR('',#8885,1.);
#8885 = DIRECTION('',(7.547908730517E-02,4.357787137383E-02,
    -0.996194698092));
#8886 = PCURVE('',#8477,#8887);
#8887 = DEFINITIONAL_REPRESENTATION('',(#8888),#8892);
#8888 = LINE('',#8889,#8890);
#8889 = CARTESIAN_POINT('',(-1.570796326795,0.));
#8890 = VECTOR('',#8891,1.);
#8891 = DIRECTION('',(-0.,1.));
#8892 = ( GEOMETRIC_REPRESENTATION_CONTEXT(2) 
PARAMETRIC_REPRESENTATION_CONTEXT() REPRESENTATION_CONTEXT('2D SPACE',''
  ) );
#8893 = PCURVE('',#8894,#8899);
#8894 = PLANE('',#8895);
#8895 = AXIS2_PLACEMENT_3D('',#8896,#8897,#8898);
#8896 = CARTESIAN_POINT('',(94.538808843534,2.620482507615,
    -18.95467718719));
#8897 = DIRECTION('',(-0.862729915663,-0.498097349046,
    -8.715574274766E-02));
#8898 = DIRECTION('',(-0.5,0.866025403784,0.));
#8899 = DEFINITIONAL_REPRESENTATION('',(#8900),#8904);
#8900 = LINE('',#8901,#8902);
#8901 = CARTESIAN_POINT('',(4.,-17.05));
#8902 = VECTOR('',#8903,1.);
#8903 = DIRECTION('',(-2.748962873712E-18,1.));
#8904 = ( GEOMETRIC_REPRESENTATION_CONTEXT(2) 
PARAMETRIC_REPRESENTATION_CONTEXT() REPRESENTATION_CONTEXT('2D SPACE',''
  ) );
#8905 = ORIENTED_EDGE('',*,*,#8906,.F.);
#8906 = EDGE_CURVE('',#8462,#8879,#8907,.T.);
#8907 = SURFACE_CURVE('',#8908,(#8913,#8920),.PCURVE_S1.);
#8908 = CIRCLE('',#8909,4.);
#8909 = AXIS2_PLACEMENT_3D('',#8910,#8911,#8912);
#8910 = CARTESIAN_POINT('',(88.785972831662,3.917883241074,
    -15.31852136582));
#8911 = DIRECTION('',(-7.547908730517E-02,-4.357787137383E-02,
    0.996194698092));
#8912 = DIRECTION('',(0.5,-0.866025403784,0.));
#8913 = PCURVE('',#8477,#8914);
#8914 = DEFINITIONAL_REPRESENTATION('',(#8915),#8919);
#8915 = LINE('',#8916,#8917);
#8916 = CARTESIAN_POINT('',(-0.,13.05));
#8917 = VECTOR('',#8918,1.);
#8918 = DIRECTION('',(-1.,0.));
#8919 = ( GEOMETRIC_REPRESENTATION_CONTEXT(2) 
PARAMETRIC_REPRESENTATION_CONTEXT() REPRESENTATION_CONTEXT('2D SPACE',''
  ) );
#8920 = PCURVE('',#8732,#8921);
#8921 = DEFINITIONAL_REPRESENTATION('',(#8922),#8926);
#8922 = LINE('',#8923,#8924);
#8923 = CARTESIAN_POINT('',(0.,-1.570796326795));
#8924 = VECTOR('',#8925,1.);
#8925 = DIRECTION('',(0.,1.));
#8926 = ( GEOMETRIC_REPRESENTATION_CONTEXT(2) 
PARAMETRIC_REPRESENTATION_CONTEXT() REPRESENTATION_CONTEXT('2D SPACE',''
  ) );
#8927 = ORIENTED_EDGE('',*,*,#8461,.F.);
#8928 = ADVANCED_FACE('',(#8929),#8420,.T.);
#8929 = FACE_BOUND('',#8930,.F.);
#8930 = EDGE_LOOP('',(#8931,#8932,#8960,#8982));
#8931 = ORIENTED_EDGE('',*,*,#8800,.T.);
#8932 = ORIENTED_EDGE('',*,*,#8933,.T.);
#8933 = EDGE_CURVE('',#8801,#8934,#8936,.T.);
#8934 = VERTEX_POINT('',#8935);
#8935 = CARTESIAN_POINT('',(83.746218381237,1.008179652471,
    5.302754058019));
#8936 = SURFACE_CURVE('',#8937,(#8941,#8948),.PCURVE_S1.);
#8937 = LINE('',#8938,#8939);
#8938 = CARTESIAN_POINT('',(75.981649140272,-3.474696488942,
    4.51835237329));
#8939 = VECTOR('',#8940,1.);
#8940 = DIRECTION('',(0.862729915663,0.498097349046,8.715574274766E-02)
  );
#8941 = PCURVE('',#8420,#8942);
#8942 = DEFINITIONAL_REPRESENTATION('',(#8943),#8947);
#8943 = LINE('',#8944,#8945);
#8944 = CARTESIAN_POINT('',(-1.570796326795,0.));
#8945 = VECTOR('',#8946,1.);
#8946 = DIRECTION('',(-0.,1.));
#8947 = ( GEOMETRIC_REPRESENTATION_CONTEXT(2) 
PARAMETRIC_REPRESENTATION_CONTEXT() REPRESENTATION_CONTEXT('2D SPACE',''
  ) );
#8948 = PCURVE('',#8949,#8954);
#8949 = PLANE('',#8950);
#8950 = AXIS2_PLACEMENT_3D('',#8951,#8952,#8953);
#8951 = CARTESIAN_POINT('',(59.363933760754,34.273783136927,
    4.910553215654));
#8952 = DIRECTION('',(-7.547908730517E-02,-4.357787137383E-02,
    0.996194698092));
#8953 = DIRECTION('',(0.862729915663,0.498097349046,8.715574274766E-02)
  );
#8954 = DEFINITIONAL_REPRESENTATION('',(#8955),#8959);
#8955 = LINE('',#8956,#8957);
#8956 = CARTESIAN_POINT('',(-4.5,-41.));
#8957 = VECTOR('',#8958,1.);
#8958 = DIRECTION('',(1.,-7.620020411169E-18));
#8959 = ( GEOMETRIC_REPRESENTATION_CONTEXT(2) 
PARAMETRIC_REPRESENTATION_CONTEXT() REPRESENTATION_CONTEXT('2D SPACE',''
  ) );
#8960 = ORIENTED_EDGE('',*,*,#8961,.F.);
#8961 = EDGE_CURVE('',#8405,#8934,#8962,.T.);
#8962 = SURFACE_CURVE('',#8963,(#8968,#8975),.PCURVE_S1.);
#8963 = CIRCLE('',#8964,4.);
#8964 = AXIS2_PLACEMENT_3D('',#8965,#8966,#8967);
#8965 = CARTESIAN_POINT('',(84.048134730458,1.182491137966,
    1.317975265652));
#8966 = DIRECTION('',(-0.862729915663,-0.498097349046,
    -8.715574274766E-02));
#8967 = DIRECTION('',(0.5,-0.866025403784,0.));
#8968 = PCURVE('',#8420,#8969);
#8969 = DEFINITIONAL_REPRESENTATION('',(#8970),#8974);
#8970 = LINE('',#8971,#8972);
#8971 = CARTESIAN_POINT('',(-0.,9.));
#8972 = VECTOR('',#8973,1.);
#8973 = DIRECTION('',(-1.,0.));
#8974 = ( GEOMETRIC_REPRESENTATION_CONTEXT(2) 
PARAMETRIC_REPRESENTATION_CONTEXT() REPRESENTATION_CONTEXT('2D SPACE',''
  ) );
#8975 = PCURVE('',#8449,#8976);
#8976 = DEFINITIONAL_REPRESENTATION('',(#8977),#8981);
#8977 = LINE('',#8978,#8979);
#8978 = CARTESIAN_POINT('',(0.,4.712388980385));
#8979 = VECTOR('',#8980,1.);
#8980 = DIRECTION('',(0.,1.));
#8981 = ( GEOMETRIC_REPRESENTATION_CONTEXT(2) 
PARAMETRIC_REPRESENTATION_CONTEXT() REPRESENTATION_CONTEXT('2D SPACE',''
  ) );
#8982 = ORIENTED_EDGE('',*,*,#8404,.F.);
#8983 = ADVANCED_FACE('',(#8984),#8449,.T.);
#8984 = FACE_BOUND('',#8985,.T.);
#8985 = EDGE_LOOP('',(#8986,#8987,#8988,#8989));
#8986 = ORIENTED_EDGE('',*,*,#8961,.F.);
#8987 = ORIENTED_EDGE('',*,*,#8432,.T.);
#8988 = ORIENTED_EDGE('',*,*,#8854,.T.);
#8989 = ORIENTED_EDGE('',*,*,#8990,.F.);
#8990 = EDGE_CURVE('',#8934,#8855,#8991,.T.);
#8991 = SURFACE_CURVE('',#8992,(#8997,#9004),.PCURVE_S1.);
#8992 = CIRCLE('',#8993,8.);
#8993 = AXIS2_PLACEMENT_3D('',#8994,#8995,#8996);
#8994 = CARTESIAN_POINT('',(84.350051079678,1.356802623462,
    -2.666803526715));
#8995 = DIRECTION('',(-0.5,0.866025403784,-3.756789585913E-18));
#8996 = DIRECTION('',(-7.547908730517E-02,-4.357787137383E-02,
    0.996194698092));
#8997 = PCURVE('',#8449,#8998);
#8998 = DEFINITIONAL_REPRESENTATION('',(#8999),#9003);
#8999 = LINE('',#9000,#9001);
#9000 = CARTESIAN_POINT('',(0.,6.28318530718));
#9001 = VECTOR('',#9002,1.);
#9002 = DIRECTION('',(1.,0.));
#9003 = ( GEOMETRIC_REPRESENTATION_CONTEXT(2) 
PARAMETRIC_REPRESENTATION_CONTEXT() REPRESENTATION_CONTEXT('2D SPACE',''
  ) );
#9004 = PCURVE('',#9005,#9010);
#9005 = CYLINDRICAL_SURFACE('',#9006,8.);
#9006 = AXIS2_PLACEMENT_3D('',#9007,#9008,#9009);
#9007 = CARTESIAN_POINT('',(86.350051079678,-2.107298991676,
    -2.666803526715));
#9008 = DIRECTION('',(-0.5,0.866025403784,0.));
#9009 = DIRECTION('',(0.862729915663,0.498097349046,8.715574274766E-02)
  );
#9010 = DEFINITIONAL_REPRESENTATION('',(#9011),#9015);
#9011 = LINE('',#9012,#9013);
#9012 = CARTESIAN_POINT('',(-1.570796326795,4.));
#9013 = VECTOR('',#9014,1.);
#9014 = DIRECTION('',(1.,-0.));
#9015 = ( GEOMETRIC_REPRESENTATION_CONTEXT(2) 
PARAMETRIC_REPRESENTATION_CONTEXT() REPRESENTATION_CONTEXT('2D SPACE',''
  ) );
#9016 = ADVANCED_FACE('',(#9017),#8535,.T.);
#9017 = FACE_BOUND('',#9018,.T.);
#9018 = EDGE_LOOP('',(#9019,#9042,#9043,#9066));
#9019 = ORIENTED_EDGE('',*,*,#9020,.F.);
#9020 = EDGE_CURVE('',#8518,#9021,#9023,.T.);
#9021 = VERTEX_POINT('',#9022);
#9022 = CARTESIAN_POINT('',(78.056258169081,-5.163671753644,
    -6.365074703363));
#9023 = SURFACE_CURVE('',#9024,(#9028,#9035),.PCURVE_S1.);
#9024 = LINE('',#9025,#9026);
#9025 = CARTESIAN_POINT('',(79.556258169081,-7.761747964997,
    -6.365074703363));
#9026 = VECTOR('',#9027,1.);
#9027 = DIRECTION('',(-0.5,0.866025403784,0.));
#9028 = PCURVE('',#8535,#9029);
#9029 = DEFINITIONAL_REPRESENTATION('',(#9030),#9034);
#9030 = LINE('',#9031,#9032);
#9031 = CARTESIAN_POINT('',(1.387778780781E-17,-1.5));
#9032 = VECTOR('',#9033,1.);
#9033 = DIRECTION('',(-3.410564202805E-18,1.));
#9034 = ( GEOMETRIC_REPRESENTATION_CONTEXT(2) 
PARAMETRIC_REPRESENTATION_CONTEXT() REPRESENTATION_CONTEXT('2D SPACE',''
  ) );
#9035 = PCURVE('',#8617,#9036);
#9036 = DEFINITIONAL_REPRESENTATION('',(#9037),#9041);
#9037 = LINE('',#9038,#9039);
#9038 = CARTESIAN_POINT('',(9.,-1.5));
#9039 = VECTOR('',#9040,1.);
#9040 = DIRECTION('',(7.858696607916E-18,1.));
#9041 = ( GEOMETRIC_REPRESENTATION_CONTEXT(2) 
PARAMETRIC_REPRESENTATION_CONTEXT() REPRESENTATION_CONTEXT('2D SPACE',''
  ) );
#9042 = ORIENTED_EDGE('',*,*,#8517,.T.);
#9043 = ORIENTED_EDGE('',*,*,#9044,.T.);
#9044 = EDGE_CURVE('',#8520,#9045,#9047,.T.);
#9045 = VERTEX_POINT('',#9046);
#9046 = CARTESIAN_POINT('',(78.297791248457,-5.024222565248,
    -9.552897737256));
#9047 = SURFACE_CURVE('',#9048,(#9052,#9059),.PCURVE_S1.);
#9048 = LINE('',#9049,#9050);
#9049 = CARTESIAN_POINT('',(79.797791248457,-7.622298776601,
    -9.552897737256));
#9050 = VECTOR('',#9051,1.);
#9051 = DIRECTION('',(-0.5,0.866025403784,0.));
#9052 = PCURVE('',#8535,#9053);
#9053 = DEFINITIONAL_REPRESENTATION('',(#9054),#9058);
#9054 = LINE('',#9055,#9056);
#9055 = CARTESIAN_POINT('',(3.2,-1.5));
#9056 = VECTOR('',#9057,1.);
#9057 = DIRECTION('',(-3.410564202805E-18,1.));
#9058 = ( GEOMETRIC_REPRESENTATION_CONTEXT(2) 
PARAMETRIC_REPRESENTATION_CONTEXT() REPRESENTATION_CONTEXT('2D SPACE',''
  ) );
#9059 = PCURVE('',#8563,#9060);
#9060 = DEFINITIONAL_REPRESENTATION('',(#9061),#9065);
#9061 = LINE('',#9062,#9063);
#9062 = CARTESIAN_POINT('',(1.110223024625E-16,-1.5));
#9063 = VECTOR('',#9064,1.);
#9064 = DIRECTION('',(-7.858696607916E-18,1.));
#9065 = ( GEOMETRIC_REPRESENTATION_CONTEXT(2) 
PARAMETRIC_REPRESENTATION_CONTEXT() REPRESENTATION_CONTEXT('2D SPACE',''
  ) );
#9066 = ORIENTED_EDGE('',*,*,#9067,.F.);
#9067 = EDGE_CURVE('',#9021,#9045,#9068,.T.);
#9068 = SURFACE_CURVE('',#9069,(#9073,#9080),.PCURVE_S1.);
#9069 = LINE('',#9070,#9071);
#9070 = CARTESIAN_POINT('',(78.056258169081,-5.163671753644,
    -6.365074703363));
#9071 = VECTOR('',#9072,1.);
#9072 = DIRECTION('',(7.547908730517E-02,4.357787137383E-02,
    -0.996194698092));
#9073 = PCURVE('',#8535,#9074);
#9074 = DEFINITIONAL_REPRESENTATION('',(#9075),#9079);
#9075 = LINE('',#9076,#9077);
#9076 = CARTESIAN_POINT('',(-1.387778780781E-17,1.5));
#9077 = VECTOR('',#9078,1.);
#9078 = DIRECTION('',(1.,-2.748962873712E-18));
#9079 = ( GEOMETRIC_REPRESENTATION_CONTEXT(2) 
PARAMETRIC_REPRESENTATION_CONTEXT() REPRESENTATION_CONTEXT('2D SPACE',''
  ) );
#9080 = PCURVE('',#9081,#9086);
#9081 = PLANE('',#9082);
#9082 = AXIS2_PLACEMENT_3D('',#9083,#9084,#9085);
#9083 = CARTESIAN_POINT('',(82.059309329252,-2.852509088739,
    -7.566785377945));
#9084 = DIRECTION('',(0.5,-0.866025403784,0.));
#9085 = DIRECTION('',(7.547908730517E-02,4.357787137383E-02,
    -0.996194698092));
#9086 = DEFINITIONAL_REPRESENTATION('',(#9087),#9091);
#9087 = LINE('',#9088,#9089);
#9088 = CARTESIAN_POINT('',(-1.6,-4.5));
#9089 = VECTOR('',#9090,1.);
#9090 = DIRECTION('',(1.,1.157957318589E-17));
#9091 = ( GEOMETRIC_REPRESENTATION_CONTEXT(2) 
PARAMETRIC_REPRESENTATION_CONTEXT() REPRESENTATION_CONTEXT('2D SPACE',''
  ) );
#9092 = ADVANCED_FACE('',(#9093),#8617,.T.);
#9093 = FACE_BOUND('',#9094,.T.);
#9094 = EDGE_LOOP('',(#9095,#9118,#9119,#9120));
#9095 = ORIENTED_EDGE('',*,*,#9096,.T.);
#9096 = EDGE_CURVE('',#9097,#8576,#9099,.T.);
#9097 = VERTEX_POINT('',#9098);
#9098 = CARTESIAN_POINT('',(85.820827410046,-0.680795612231,
    -5.580673018634));
#9099 = SURFACE_CURVE('',#9100,(#9104,#9111),.PCURVE_S1.);
#9100 = LINE('',#9101,#9102);
#9101 = CARTESIAN_POINT('',(85.820827410046,-0.680795612231,
    -5.580673018634));
#9102 = VECTOR('',#9103,1.);
#9103 = DIRECTION('',(0.5,-0.866025403784,0.));
#9104 = PCURVE('',#8617,#9105);
#9105 = DEFINITIONAL_REPRESENTATION('',(#9106),#9110);
#9106 = LINE('',#9107,#9108);
#9107 = CARTESIAN_POINT('',(1.110223024625E-16,1.5));
#9108 = VECTOR('',#9109,1.);
#9109 = DIRECTION('',(-7.858696607916E-18,-1.));
#9110 = ( GEOMETRIC_REPRESENTATION_CONTEXT(2) 
PARAMETRIC_REPRESENTATION_CONTEXT() REPRESENTATION_CONTEXT('2D SPACE',''
  ) );
#9111 = PCURVE('',#8591,#9112);
#9112 = DEFINITIONAL_REPRESENTATION('',(#9113),#9117);
#9113 = LINE('',#9114,#9115);
#9114 = CARTESIAN_POINT('',(3.2,1.5));
#9115 = VECTOR('',#9116,1.);
#9116 = DIRECTION('',(-3.410564202805E-18,-1.));
#9117 = ( GEOMETRIC_REPRESENTATION_CONTEXT(2) 
PARAMETRIC_REPRESENTATION_CONTEXT() REPRESENTATION_CONTEXT('2D SPACE',''
  ) );
#9118 = ORIENTED_EDGE('',*,*,#8603,.T.);
#9119 = ORIENTED_EDGE('',*,*,#9020,.T.);
#9120 = ORIENTED_EDGE('',*,*,#9121,.F.);
#9121 = EDGE_CURVE('',#9097,#9021,#9122,.T.);
#9122 = SURFACE_CURVE('',#9123,(#9127,#9134),.PCURVE_S1.);
#9123 = LINE('',#9124,#9125);
#9124 = CARTESIAN_POINT('',(85.820827410046,-0.680795612231,
    -5.580673018634));
#9125 = VECTOR('',#9126,1.);
#9126 = DIRECTION('',(-0.862729915663,-0.498097349046,
    -8.715574274766E-02));
#9127 = PCURVE('',#8617,#9128);
#9128 = DEFINITIONAL_REPRESENTATION('',(#9129),#9133);
#9129 = LINE('',#9130,#9131);
#9130 = CARTESIAN_POINT('',(1.110223024625E-16,1.5));
#9131 = VECTOR('',#9132,1.);
#9132 = DIRECTION('',(1.,7.620020411169E-18));
#9133 = ( GEOMETRIC_REPRESENTATION_CONTEXT(2) 
PARAMETRIC_REPRESENTATION_CONTEXT() REPRESENTATION_CONTEXT('2D SPACE',''
  ) );
#9134 = PCURVE('',#9081,#9135);
#9135 = DEFINITIONAL_REPRESENTATION('',(#9136),#9140);
#9136 = LINE('',#9137,#9138);
#9137 = CARTESIAN_POINT('',(-1.6,4.5));
#9138 = VECTOR('',#9139,1.);
#9139 = DIRECTION('',(-1.157957318589E-17,-1.));
#9140 = ( GEOMETRIC_REPRESENTATION_CONTEXT(2) 
PARAMETRIC_REPRESENTATION_CONTEXT() REPRESENTATION_CONTEXT('2D SPACE',''
  ) );
#9141 = ADVANCED_FACE('',(#9142),#8591,.T.);
#9142 = FACE_BOUND('',#9143,.T.);
#9143 = EDGE_LOOP('',(#9144,#9167,#9168,#9169));
#9144 = ORIENTED_EDGE('',*,*,#9145,.T.);
#9145 = EDGE_CURVE('',#9146,#8548,#9148,.T.);
#9146 = VERTEX_POINT('',#9147);
#9147 = CARTESIAN_POINT('',(86.062360489423,-0.541346423835,
    -8.768496052527));
#9148 = SURFACE_CURVE('',#9149,(#9153,#9160),.PCURVE_S1.);
#9149 = LINE('',#9150,#9151);
#9150 = CARTESIAN_POINT('',(86.062360489423,-0.541346423835,
    -8.768496052527));
#9151 = VECTOR('',#9152,1.);
#9152 = DIRECTION('',(0.5,-0.866025403784,0.));
#9153 = PCURVE('',#8591,#9154);
#9154 = DEFINITIONAL_REPRESENTATION('',(#9155),#9159);
#9155 = LINE('',#9156,#9157);
#9156 = CARTESIAN_POINT('',(1.387778780781E-17,1.5));
#9157 = VECTOR('',#9158,1.);
#9158 = DIRECTION('',(-3.410564202805E-18,-1.));
#9159 = ( GEOMETRIC_REPRESENTATION_CONTEXT(2) 
PARAMETRIC_REPRESENTATION_CONTEXT() REPRESENTATION_CONTEXT('2D SPACE',''
  ) );
#9160 = PCURVE('',#8563,#9161);
#9161 = DEFINITIONAL_REPRESENTATION('',(#9162),#9166);
#9162 = LINE('',#9163,#9164);
#9163 = CARTESIAN_POINT('',(9.,1.5));
#9164 = VECTOR('',#9165,1.);
#9165 = DIRECTION('',(7.858696607916E-18,-1.));
#9166 = ( GEOMETRIC_REPRESENTATION_CONTEXT(2) 
PARAMETRIC_REPRESENTATION_CONTEXT() REPRESENTATION_CONTEXT('2D SPACE',''
  ) );
#9167 = ORIENTED_EDGE('',*,*,#8575,.T.);
#9168 = ORIENTED_EDGE('',*,*,#9096,.F.);
#9169 = ORIENTED_EDGE('',*,*,#9170,.F.);
#9170 = EDGE_CURVE('',#9146,#9097,#9171,.T.);
#9171 = SURFACE_CURVE('',#9172,(#9176,#9183),.PCURVE_S1.);
#9172 = LINE('',#9173,#9174);
#9173 = CARTESIAN_POINT('',(86.062360489423,-0.541346423835,
    -8.768496052527));
#9174 = VECTOR('',#9175,1.);
#9175 = DIRECTION('',(-7.547908730517E-02,-4.357787137383E-02,
    0.996194698092));
#9176 = PCURVE('',#8591,#9177);
#9177 = DEFINITIONAL_REPRESENTATION('',(#9178),#9182);
#9178 = LINE('',#9179,#9180);
#9179 = CARTESIAN_POINT('',(1.387778780781E-17,1.5));
#9180 = VECTOR('',#9181,1.);
#9181 = DIRECTION('',(1.,2.748962873712E-18));
#9182 = ( GEOMETRIC_REPRESENTATION_CONTEXT(2) 
PARAMETRIC_REPRESENTATION_CONTEXT() REPRESENTATION_CONTEXT('2D SPACE',''
  ) );
#9183 = PCURVE('',#9081,#9184);
#9184 = DEFINITIONAL_REPRESENTATION('',(#9185),#9189);
#9185 = LINE('',#9186,#9187);
#9186 = CARTESIAN_POINT('',(1.6,4.5));
#9187 = VECTOR('',#9188,1.);
#9188 = DIRECTION('',(-1.,-1.157957318589E-17));
#9189 = ( GEOMETRIC_REPRESENTATION_CONTEXT(2) 
PARAMETRIC_REPRESENTATION_CONTEXT() REPRESENTATION_CONTEXT('2D SPACE',''
  ) );
#9190 = ADVANCED_FACE('',(#9191),#8563,.T.);
#9191 = FACE_BOUND('',#9192,.T.);
#9192 = EDGE_LOOP('',(#9193,#9194,#9195,#9196));
#9193 = ORIENTED_EDGE('',*,*,#9044,.F.);
#9194 = ORIENTED_EDGE('',*,*,#8547,.T.);
#9195 = ORIENTED_EDGE('',*,*,#9145,.F.);
#9196 = ORIENTED_EDGE('',*,*,#9197,.F.);
#9197 = EDGE_CURVE('',#9045,#9146,#9198,.T.);
#9198 = SURFACE_CURVE('',#9199,(#9203,#9210),.PCURVE_S1.);
#9199 = LINE('',#9200,#9201);
#9200 = CARTESIAN_POINT('',(78.297791248457,-5.024222565248,
    -9.552897737256));
#9201 = VECTOR('',#9202,1.);
#9202 = DIRECTION('',(0.862729915663,0.498097349046,8.715574274766E-02)
  );
#9203 = PCURVE('',#8563,#9204);
#9204 = DEFINITIONAL_REPRESENTATION('',(#9205),#9209);
#9205 = LINE('',#9206,#9207);
#9206 = CARTESIAN_POINT('',(-1.110223024625E-16,1.5));
#9207 = VECTOR('',#9208,1.);
#9208 = DIRECTION('',(1.,-7.620020411169E-18));
#9209 = ( GEOMETRIC_REPRESENTATION_CONTEXT(2) 
PARAMETRIC_REPRESENTATION_CONTEXT() REPRESENTATION_CONTEXT('2D SPACE',''
  ) );
#9210 = PCURVE('',#9081,#9211);
#9211 = DEFINITIONAL_REPRESENTATION('',(#9212),#9216);
#9212 = LINE('',#9213,#9214);
#9213 = CARTESIAN_POINT('',(1.6,-4.5));
#9214 = VECTOR('',#9215,1.);
#9215 = DIRECTION('',(1.157957318589E-17,1.));
#9216 = ( GEOMETRIC_REPRESENTATION_CONTEXT(2) 
PARAMETRIC_REPRESENTATION_CONTEXT() REPRESENTATION_CONTEXT('2D SPACE',''
  ) );
#9217 = ADVANCED_FACE('',(#9218),#8649,.T.);
#9218 = FACE_BOUND('',#9219,.T.);
#9219 = EDGE_LOOP('',(#9220,#9221,#9222));
#9220 = ORIENTED_EDGE('',*,*,#8772,.F.);
#9221 = ORIENTED_EDGE('',*,*,#8632,.T.);
#9222 = ORIENTED_EDGE('',*,*,#9223,.F.);
#9223 = EDGE_CURVE('',#8745,#8633,#9224,.T.);
#9224 = SURFACE_CURVE('',#9225,(#9230,#9237),.PCURVE_S1.);
#9225 = CIRCLE('',#9226,4.);
#9226 = AXIS2_PLACEMENT_3D('',#9227,#9228,#9229);
#9227 = CARTESIAN_POINT('',(74.119564265394,-4.549771692706,
    -16.80016899253));
#9228 = DIRECTION('',(-0.5,0.866025403784,-3.756789585913E-18));
#9229 = DIRECTION('',(7.547908730517E-02,4.357787137383E-02,
    -0.996194698092));
#9230 = PCURVE('',#8649,#9231);
#9231 = DEFINITIONAL_REPRESENTATION('',(#9232),#9236);
#9232 = LINE('',#9233,#9234);
#9233 = CARTESIAN_POINT('',(0.,0.));
#9234 = VECTOR('',#9235,1.);
#9235 = DIRECTION('',(1.,0.));
#9236 = ( GEOMETRIC_REPRESENTATION_CONTEXT(2) 
PARAMETRIC_REPRESENTATION_CONTEXT() REPRESENTATION_CONTEXT('2D SPACE',''
  ) );
#9237 = PCURVE('',#9238,#9243);
#9238 = CYLINDRICAL_SURFACE('',#9239,4.);
#9239 = AXIS2_PLACEMENT_3D('',#9240,#9241,#9242);
#9240 = CARTESIAN_POINT('',(31.119564265394,69.928413032756,
    -16.80016899253));
#9241 = DIRECTION('',(0.5,-0.866025403784,0.));
#9242 = DIRECTION('',(-0.862729915663,-0.498097349046,
    -8.715574274766E-02));
#9243 = DEFINITIONAL_REPRESENTATION('',(#9244),#9248);
#9244 = LINE('',#9245,#9246);
#9245 = CARTESIAN_POINT('',(1.570796326795,86.));
#9246 = VECTOR('',#9247,1.);
#9247 = DIRECTION('',(-1.,-0.));
#9248 = ( GEOMETRIC_REPRESENTATION_CONTEXT(2) 
PARAMETRIC_REPRESENTATION_CONTEXT() REPRESENTATION_CONTEXT('2D SPACE',''
  ) );
#9249 = ADVANCED_FACE('',(#9250),#8677,.F.);
#9250 = FACE_BOUND('',#9251,.F.);
#9251 = EDGE_LOOP('',(#9252,#9275,#9303,#9324));
#9252 = ORIENTED_EDGE('',*,*,#9253,.F.);
#9253 = EDGE_CURVE('',#9254,#8633,#9256,.T.);
#9254 = VERTEX_POINT('',#9255);
#9255 = CARTESIAN_POINT('',(29.668644602743,64.471922021434,
    -17.14879196352));
#9256 = SURFACE_CURVE('',#9257,(#9261,#9268),.PCURVE_S1.);
#9257 = LINE('',#9258,#9259);
#9258 = CARTESIAN_POINT('',(27.668644602743,67.936023636572,
    -17.14879196352));
#9259 = VECTOR('',#9260,1.);
#9260 = DIRECTION('',(0.5,-0.866025403784,0.));
#9261 = PCURVE('',#8677,#9262);
#9262 = DEFINITIONAL_REPRESENTATION('',(#9263),#9267);
#9263 = LINE('',#9264,#9265);
#9264 = CARTESIAN_POINT('',(7.788320896497E-15,-4.));
#9265 = VECTOR('',#9266,1.);
#9266 = DIRECTION('',(1.,3.410564202805E-18));
#9267 = ( GEOMETRIC_REPRESENTATION_CONTEXT(2) 
PARAMETRIC_REPRESENTATION_CONTEXT() REPRESENTATION_CONTEXT('2D SPACE',''
  ) );
#9268 = PCURVE('',#9238,#9269);
#9269 = DEFINITIONAL_REPRESENTATION('',(#9270),#9274);
#9270 = LINE('',#9271,#9272);
#9271 = CARTESIAN_POINT('',(0.,0.));
#9272 = VECTOR('',#9273,1.);
#9273 = DIRECTION('',(0.,1.));
#9274 = ( GEOMETRIC_REPRESENTATION_CONTEXT(2) 
PARAMETRIC_REPRESENTATION_CONTEXT() REPRESENTATION_CONTEXT('2D SPACE',''
  ) );
#9275 = ORIENTED_EDGE('',*,*,#9276,.T.);
#9276 = EDGE_CURVE('',#9254,#9277,#9279,.T.);
#9277 = VERTEX_POINT('',#9278);
#9278 = CARTESIAN_POINT('',(28.68364251341,63.903230800006,
    -4.148451153425));
#9279 = SURFACE_CURVE('',#9280,(#9284,#9291),.PCURVE_S1.);
#9280 = LINE('',#9281,#9282);
#9281 = CARTESIAN_POINT('',(29.668644602743,64.471922021434,
    -17.14879196352));
#9282 = VECTOR('',#9283,1.);
#9283 = DIRECTION('',(-7.547908730517E-02,-4.357787137383E-02,
    0.996194698092));
#9284 = PCURVE('',#8677,#9285);
#9285 = DEFINITIONAL_REPRESENTATION('',(#9286),#9290);
#9286 = LINE('',#9287,#9288);
#9287 = CARTESIAN_POINT('',(4.,-4.));
#9288 = VECTOR('',#9289,1.);
#9289 = DIRECTION('',(-2.748962873712E-18,-1.));
#9290 = ( GEOMETRIC_REPRESENTATION_CONTEXT(2) 
PARAMETRIC_REPRESENTATION_CONTEXT() REPRESENTATION_CONTEXT('2D SPACE',''
  ) );
#9291 = PCURVE('',#9292,#9297);
#9292 = CYLINDRICAL_SURFACE('',#9293,4.);
#9293 = AXIS2_PLACEMENT_3D('',#9294,#9295,#9296);
#9294 = CARTESIAN_POINT('',(33.119564265394,66.464311417618,
    -16.80016899253));
#9295 = DIRECTION('',(-7.547908730517E-02,-4.357787137383E-02,
    0.996194698092));
#9296 = DIRECTION('',(-0.862729915663,-0.498097349046,
    -8.715574274766E-02));
#9297 = DEFINITIONAL_REPRESENTATION('',(#9298),#9302);
#9298 = LINE('',#9299,#9300);
#9299 = CARTESIAN_POINT('',(-0.,0.));
#9300 = VECTOR('',#9301,1.);
#9301 = DIRECTION('',(-0.,1.));
#9302 = ( GEOMETRIC_REPRESENTATION_CONTEXT(2) 
PARAMETRIC_REPRESENTATION_CONTEXT() REPRESENTATION_CONTEXT('2D SPACE',''
  ) );
#9303 = ORIENTED_EDGE('',*,*,#9304,.T.);
#9304 = EDGE_CURVE('',#9277,#8662,#9305,.T.);
#9305 = SURFACE_CURVE('',#9306,(#9310,#9317),.PCURVE_S1.);
#9306 = LINE('',#9307,#9308);
#9307 = CARTESIAN_POINT('',(26.68364251341,67.367332415144,
    -4.148451153425));
#9308 = VECTOR('',#9309,1.);
#9309 = DIRECTION('',(0.5,-0.866025403784,0.));
#9310 = PCURVE('',#8677,#9311);
#9311 = DEFINITIONAL_REPRESENTATION('',(#9312),#9316);
#9312 = LINE('',#9313,#9314);
#9313 = CARTESIAN_POINT('',(3.624152002865E-15,-17.05));
#9314 = VECTOR('',#9315,1.);
#9315 = DIRECTION('',(1.,3.410564202805E-18));
#9316 = ( GEOMETRIC_REPRESENTATION_CONTEXT(2) 
PARAMETRIC_REPRESENTATION_CONTEXT() REPRESENTATION_CONTEXT('2D SPACE',''
  ) );
#9317 = PCURVE('',#8839,#9318);
#9318 = DEFINITIONAL_REPRESENTATION('',(#9319),#9323);
#9319 = LINE('',#9320,#9321);
#9320 = CARTESIAN_POINT('',(-0.,0.));
#9321 = VECTOR('',#9322,1.);
#9322 = DIRECTION('',(-0.,1.));
#9323 = ( GEOMETRIC_REPRESENTATION_CONTEXT(2) 
PARAMETRIC_REPRESENTATION_CONTEXT() REPRESENTATION_CONTEXT('2D SPACE',''
  ) );
#9324 = ORIENTED_EDGE('',*,*,#8661,.F.);
#9325 = ADVANCED_FACE('',(#9326),#8732,.T.);
#9326 = FACE_BOUND('',#9327,.T.);
#9327 = EDGE_LOOP('',(#9328,#9329,#9330));
#9328 = ORIENTED_EDGE('',*,*,#8906,.F.);
#9329 = ORIENTED_EDGE('',*,*,#8715,.T.);
#9330 = ORIENTED_EDGE('',*,*,#9331,.F.);
#9331 = EDGE_CURVE('',#8879,#8716,#9332,.T.);
#9332 = SURFACE_CURVE('',#9333,(#9338,#9345),.PCURVE_S1.);
#9333 = CIRCLE('',#9334,4.);
#9334 = AXIS2_PLACEMENT_3D('',#9335,#9336,#9337);
#9335 = CARTESIAN_POINT('',(88.785972831662,3.917883241074,
    -15.31852136582));
#9336 = DIRECTION('',(-0.5,0.866025403784,-5.002843369345E-18));
#9337 = DIRECTION('',(0.862729915663,0.498097349046,8.715574274766E-02)
  );
#9338 = PCURVE('',#8732,#9339);
#9339 = DEFINITIONAL_REPRESENTATION('',(#9340),#9344);
#9340 = LINE('',#9341,#9342);
#9341 = CARTESIAN_POINT('',(0.,0.));
#9342 = VECTOR('',#9343,1.);
#9343 = DIRECTION('',(1.,0.));
#9344 = ( GEOMETRIC_REPRESENTATION_CONTEXT(2) 
PARAMETRIC_REPRESENTATION_CONTEXT() REPRESENTATION_CONTEXT('2D SPACE',''
  ) );
#9345 = PCURVE('',#9346,#9351);
#9346 = CYLINDRICAL_SURFACE('',#9347,4.);
#9347 = AXIS2_PLACEMENT_3D('',#9348,#9349,#9350);
#9348 = CARTESIAN_POINT('',(90.785972831662,0.453781625936,
    -15.31852136582));
#9349 = DIRECTION('',(-0.5,0.866025403784,0.));
#9350 = DIRECTION('',(7.547908730517E-02,4.357787137383E-02,
    -0.996194698092));
#9351 = DEFINITIONAL_REPRESENTATION('',(#9352),#9356);
#9352 = LINE('',#9353,#9354);
#9353 = CARTESIAN_POINT('',(-1.570796326795,4.));
#9354 = VECTOR('',#9355,1.);
#9355 = DIRECTION('',(1.,-0.));
#9356 = ( GEOMETRIC_REPRESENTATION_CONTEXT(2) 
PARAMETRIC_REPRESENTATION_CONTEXT() REPRESENTATION_CONTEXT('2D SPACE',''
  ) );
#9357 = ADVANCED_FACE('',(#9358),#8760,.F.);
#9358 = FACE_BOUND('',#9359,.F.);
#9359 = EDGE_LOOP('',(#9360,#9383,#9384,#9407));
#9360 = ORIENTED_EDGE('',*,*,#9361,.T.);
#9361 = EDGE_CURVE('',#9362,#8745,#9364,.T.);
#9362 = VERTEX_POINT('',#9363);
#9363 = CARTESIAN_POINT('',(33.421480614615,66.638622903113,
    -20.78494778489));
#9364 = SURFACE_CURVE('',#9365,(#9369,#9376),.PCURVE_S1.);
#9365 = LINE('',#9366,#9367);
#9366 = CARTESIAN_POINT('',(31.421480614615,70.102724518251,
    -20.78494778489));
#9367 = VECTOR('',#9368,1.);
#9368 = DIRECTION('',(0.5,-0.866025403784,0.));
#9369 = PCURVE('',#8760,#9370);
#9370 = DEFINITIONAL_REPRESENTATION('',(#9371),#9375);
#9371 = LINE('',#9372,#9373);
#9372 = CARTESIAN_POINT('',(-8.5,45.));
#9373 = VECTOR('',#9374,1.);
#9374 = DIRECTION('',(7.858696607916E-18,-1.));
#9375 = ( GEOMETRIC_REPRESENTATION_CONTEXT(2) 
PARAMETRIC_REPRESENTATION_CONTEXT() REPRESENTATION_CONTEXT('2D SPACE',''
  ) );
#9376 = PCURVE('',#9238,#9377);
#9377 = DEFINITIONAL_REPRESENTATION('',(#9378),#9382);
#9378 = LINE('',#9379,#9380);
#9379 = CARTESIAN_POINT('',(1.570796326795,0.));
#9380 = VECTOR('',#9381,1.);
#9381 = DIRECTION('',(0.,1.));
#9382 = ( GEOMETRIC_REPRESENTATION_CONTEXT(2) 
PARAMETRIC_REPRESENTATION_CONTEXT() REPRESENTATION_CONTEXT('2D SPACE',''
  ) );
#9383 = ORIENTED_EDGE('',*,*,#8744,.F.);
#9384 = ORIENTED_EDGE('',*,*,#9385,.T.);
#9385 = EDGE_CURVE('',#8716,#9386,#9388,.T.);
#9386 = VERTEX_POINT('',#9387);
#9387 = CARTESIAN_POINT('',(48.087889180883,75.106277836893,
    -19.30330015818));
#9388 = SURFACE_CURVE('',#9389,(#9393,#9400),.PCURVE_S1.);
#9389 = LINE('',#9390,#9391);
#9390 = CARTESIAN_POINT('',(91.087889180883,0.628093111431,
    -19.30330015818));
#9391 = VECTOR('',#9392,1.);
#9392 = DIRECTION('',(-0.5,0.866025403784,0.));
#9393 = PCURVE('',#8760,#9394);
#9394 = DEFINITIONAL_REPRESENTATION('',(#9395),#9399);
#9395 = LINE('',#9396,#9397);
#9396 = CARTESIAN_POINT('',(8.5,-45.));
#9397 = VECTOR('',#9398,1.);
#9398 = DIRECTION('',(-7.858696607916E-18,1.));
#9399 = ( GEOMETRIC_REPRESENTATION_CONTEXT(2) 
PARAMETRIC_REPRESENTATION_CONTEXT() REPRESENTATION_CONTEXT('2D SPACE',''
  ) );
#9400 = PCURVE('',#9346,#9401);
#9401 = DEFINITIONAL_REPRESENTATION('',(#9402),#9406);
#9402 = LINE('',#9403,#9404);
#9403 = CARTESIAN_POINT('',(-0.,0.));
#9404 = VECTOR('',#9405,1.);
#9405 = DIRECTION('',(-0.,1.));
#9406 = ( GEOMETRIC_REPRESENTATION_CONTEXT(2) 
PARAMETRIC_REPRESENTATION_CONTEXT() REPRESENTATION_CONTEXT('2D SPACE',''
  ) );
#9407 = ORIENTED_EDGE('',*,*,#9408,.T.);
#9408 = EDGE_CURVE('',#9386,#9362,#9409,.T.);
#9409 = SURFACE_CURVE('',#9410,(#9414,#9421),.PCURVE_S1.);
#9410 = LINE('',#9411,#9412);
#9411 = CARTESIAN_POINT('',(48.087889180883,75.106277836893,
    -19.30330015818));
#9412 = VECTOR('',#9413,1.);
#9413 = DIRECTION('',(-0.862729915663,-0.498097349046,
    -8.715574274766E-02));
#9414 = PCURVE('',#8760,#9415);
#9415 = DEFINITIONAL_REPRESENTATION('',(#9416),#9420);
#9416 = LINE('',#9417,#9418);
#9417 = CARTESIAN_POINT('',(8.5,41.));
#9418 = VECTOR('',#9419,1.);
#9419 = DIRECTION('',(-1.,7.620020411169E-18));
#9420 = ( GEOMETRIC_REPRESENTATION_CONTEXT(2) 
PARAMETRIC_REPRESENTATION_CONTEXT() REPRESENTATION_CONTEXT('2D SPACE',''
  ) );
#9421 = PCURVE('',#9422,#9427);
#9422 = CYLINDRICAL_SURFACE('',#9423,4.);
#9423 = AXIS2_PLACEMENT_3D('',#9424,#9425,#9426);
#9424 = CARTESIAN_POINT('',(47.785972831662,74.931966351398,
    -15.31852136582));
#9425 = DIRECTION('',(-0.862729915663,-0.498097349046,
    -8.715574274766E-02));
#9426 = DIRECTION('',(7.547908730517E-02,4.357787137383E-02,
    -0.996194698092));
#9427 = DEFINITIONAL_REPRESENTATION('',(#9428),#9432);
#9428 = LINE('',#9429,#9430);
#9429 = CARTESIAN_POINT('',(-0.,0.));
#9430 = VECTOR('',#9431,1.);
#9431 = DIRECTION('',(-0.,1.));
#9432 = ( GEOMETRIC_REPRESENTATION_CONTEXT(2) 
PARAMETRIC_REPRESENTATION_CONTEXT() REPRESENTATION_CONTEXT('2D SPACE',''
  ) );
#9433 = ADVANCED_FACE('',(#9434),#8839,.T.);
#9434 = FACE_BOUND('',#9435,.F.);
#9435 = EDGE_LOOP('',(#9436,#9437,#9466,#9494,#9564,#9592,#9662,#9690,
    #9760,#9781));
#9436 = ORIENTED_EDGE('',*,*,#9304,.F.);
#9437 = ORIENTED_EDGE('',*,*,#9438,.T.);
#9438 = EDGE_CURVE('',#9277,#9439,#9441,.T.);
#9439 = VERTEX_POINT('',#9440);
#9440 = CARTESIAN_POINT('',(34.981649140272,67.539386621382,
    4.51835237329));
#9441 = SURFACE_CURVE('',#9442,(#9447,#9454),.PCURVE_S1.);
#9442 = CIRCLE('',#9443,8.);
#9443 = AXIS2_PLACEMENT_3D('',#9444,#9445,#9446);
#9444 = CARTESIAN_POINT('',(35.585481838713,67.888009592373,
    -3.451205211444));
#9445 = DIRECTION('',(-0.5,0.866025403784,-4.321716862084E-18));
#9446 = DIRECTION('',(-0.862729915663,-0.498097349046,
    -8.715574274766E-02));
#9447 = PCURVE('',#8839,#9448);
#9448 = DEFINITIONAL_REPRESENTATION('',(#9449),#9453);
#9449 = LINE('',#9450,#9451);
#9450 = CARTESIAN_POINT('',(-0.,4.));
#9451 = VECTOR('',#9452,1.);
#9452 = DIRECTION('',(-1.,0.));
#9453 = ( GEOMETRIC_REPRESENTATION_CONTEXT(2) 
PARAMETRIC_REPRESENTATION_CONTEXT() REPRESENTATION_CONTEXT('2D SPACE',''
  ) );
#9454 = PCURVE('',#9455,#9460);
#9455 = TOROIDAL_SURFACE('',#9456,4.,4.);
#9456 = AXIS2_PLACEMENT_3D('',#9457,#9458,#9459);
#9457 = CARTESIAN_POINT('',(35.585481838713,67.888009592373,
    -3.451205211444));
#9458 = DIRECTION('',(-0.5,0.866025403784,0.));
#9459 = DIRECTION('',(-0.862729915663,-0.498097349046,
    -8.715574274766E-02));
#9460 = DEFINITIONAL_REPRESENTATION('',(#9461),#9465);
#9461 = LINE('',#9462,#9463);
#9462 = CARTESIAN_POINT('',(0.,0.));
#9463 = VECTOR('',#9464,1.);
#9464 = DIRECTION('',(1.,0.));
#9465 = ( GEOMETRIC_REPRESENTATION_CONTEXT(2) 
PARAMETRIC_REPRESENTATION_CONTEXT() REPRESENTATION_CONTEXT('2D SPACE',''
  ) );
#9466 = ORIENTED_EDGE('',*,*,#9467,.T.);
#9467 = EDGE_CURVE('',#9439,#9468,#9470,.T.);
#9468 = VERTEX_POINT('',#9469);
#9469 = CARTESIAN_POINT('',(38.141924404386,62.065629298032,
    4.51835237329));
#9470 = SURFACE_CURVE('',#9471,(#9475,#9482),.PCURVE_S1.);
#9471 = LINE('',#9472,#9473);
#9472 = CARTESIAN_POINT('',(32.981649140272,71.00348823652,4.51835237329
    ));
#9473 = VECTOR('',#9474,1.);
#9474 = DIRECTION('',(0.5,-0.866025403784,0.));
#9475 = PCURVE('',#8839,#9476);
#9476 = DEFINITIONAL_REPRESENTATION('',(#9477),#9481);
#9477 = LINE('',#9478,#9479);
#9478 = CARTESIAN_POINT('',(-1.570796326795,0.));
#9479 = VECTOR('',#9480,1.);
#9480 = DIRECTION('',(-0.,1.));
#9481 = ( GEOMETRIC_REPRESENTATION_CONTEXT(2) 
PARAMETRIC_REPRESENTATION_CONTEXT() REPRESENTATION_CONTEXT('2D SPACE',''
  ) );
#9482 = PCURVE('',#9483,#9488);
#9483 = PLANE('',#9484);
#9484 = AXIS2_PLACEMENT_3D('',#9485,#9486,#9487);
#9485 = CARTESIAN_POINT('',(59.363933760754,34.273783136927,
    4.910553215654));
#9486 = DIRECTION('',(-7.547908730517E-02,-4.357787137383E-02,
    0.996194698092));
#9487 = DIRECTION('',(0.862729915663,0.498097349046,8.715574274766E-02)
  );
#9488 = DEFINITIONAL_REPRESENTATION('',(#9489),#9493);
#9489 = LINE('',#9490,#9491);
#9490 = CARTESIAN_POINT('',(-4.5,45.));
#9491 = VECTOR('',#9492,1.);
#9492 = DIRECTION('',(7.858696607916E-18,-1.));
#9493 = ( GEOMETRIC_REPRESENTATION_CONTEXT(2) 
PARAMETRIC_REPRESENTATION_CONTEXT() REPRESENTATION_CONTEXT('2D SPACE',''
  ) );
#9494 = ORIENTED_EDGE('',*,*,#9495,.T.);
#9495 = EDGE_CURVE('',#9468,#9496,#9498,.T.);
#9496 = VERTEX_POINT('',#9497);
#9497 = CARTESIAN_POINT('',(40.321373876157,58.290712080397,
    4.51835237329));
#9498 = SURFACE_CURVE('',#9499,(#9517,#9538),.PCURVE_S1.);
#9499 = B_SPLINE_CURVE_WITH_KNOTS('',6,(#9500,#9501,#9502,#9503,#9504,
    #9505,#9506,#9507,#9508,#9509,#9510,#9511,#9512,#9513,#9514,#9515,
    #9516),.UNSPECIFIED.,.F.,.F.,(7,5,5,7),(0.,0.123776071742,
    0.499981922582,1.),.UNSPECIFIED.);
#9500 = CARTESIAN_POINT('',(38.141924404386,62.065629298032,
    4.51835237329));
#9501 = CARTESIAN_POINT('',(38.149028614977,61.969887284111,
    4.514702470471));
#9502 = CARTESIAN_POINT('',(38.158321392659,61.874773919547,
    4.510981905675));
#9503 = CARTESIAN_POINT('',(38.169756768452,61.780316110201,
    4.507240018678));
#9504 = CARTESIAN_POINT('',(38.183292002368,61.686539082021,
    4.50352124948));
#9505 = CARTESIAN_POINT('',(38.19888758341,61.593466381043,
    4.499865138306));
#9506 = CARTESIAN_POINT('',(38.270060504299,61.2204412576,4.485489645593
    ));
#9507 = CARTESIAN_POINT('',(38.342316131991,60.946449883576,
    4.47557175753));
#9508 = CARTESIAN_POINT('',(38.432254815013,60.679796647665,
    4.467533343986));
#9509 = CARTESIAN_POINT('',(38.539104420523,60.421063782756,
    4.461973899553));
#9510 = CARTESIAN_POINT('',(38.662301935643,60.170840558637,
    4.459193729272));
#9511 = CARTESIAN_POINT('',(38.986426989216,59.609439497844,
    4.459193729272));
#9512 = CARTESIAN_POINT('',(39.19951339846,59.305440226185,
    4.464104848883));
#9513 = CARTESIAN_POINT('',(39.43980918923,59.019314555652,
    4.473922592775));
#9514 = CARTESIAN_POINT('',(39.706942253246,58.752956433963,
    4.48771120069));
#9515 = CARTESIAN_POINT('',(40.000816956007,58.508919620231,
    4.503609950261));
#9516 = CARTESIAN_POINT('',(40.321373876157,58.290712080397,
    4.51835237329));
#9517 = PCURVE('',#8839,#9518);
#9518 = DEFINITIONAL_REPRESENTATION('',(#9519),#9537);
#9519 = B_SPLINE_CURVE_WITH_KNOTS('',6,(#9520,#9521,#9522,#9523,#9524,
    #9525,#9526,#9527,#9528,#9529,#9530,#9531,#9532,#9533,#9534,#9535,
    #9536),.UNSPECIFIED.,.F.,.F.,(7,5,5,7),(0.,0.123776071742,
    0.499981922582,1.),.UNSPECIFIED.);
#9520 = CARTESIAN_POINT('',(-1.570796326795,10.32055052823));
#9521 = CARTESIAN_POINT('',(-1.565561584506,10.40701764979));
#9522 = CARTESIAN_POINT('',(-1.560601223059,10.494034628583));
#9523 = CARTESIAN_POINT('',(-1.555912264723,10.581555178959));
#9524 = CARTESIAN_POINT('',(-1.551492013779,10.669536084612));
#9525 = CARTESIAN_POINT('',(-1.547338056524,10.757937198579));
#9526 = CARTESIAN_POINT('',(-1.531625590605,11.116572892175));
#9527 = CARTESIAN_POINT('',(-1.522242279604,11.389984196343));
#9528 = CARTESIAN_POINT('',(-1.51524020499,11.665882014155));
#9529 = CARTESIAN_POINT('',(-1.51058407754,11.943376050715));
#9530 = CARTESIAN_POINT('',(-1.508255564998,12.221674476979));
#9531 = CARTESIAN_POINT('',(-1.508255564998,12.869924584124));
#9532 = CARTESIAN_POINT('',(-1.512369000344,13.239738880734));
#9533 = CARTESIAN_POINT('',(-1.520590836091,13.607678875476));
#9534 = CARTESIAN_POINT('',(-1.532981722865,13.971918307371));
#9535 = CARTESIAN_POINT('',(-1.549652534997,14.330197738901));
#9536 = CARTESIAN_POINT('',(-1.570796326795,14.67944947177));
#9537 = ( GEOMETRIC_REPRESENTATION_CONTEXT(2) 
PARAMETRIC_REPRESENTATION_CONTEXT() REPRESENTATION_CONTEXT('2D SPACE',''
  ) );
#9538 = PCURVE('',#9539,#9544);
#9539 = CYLINDRICAL_SURFACE('',#9540,5.);
#9540 = AXIS2_PLACEMENT_3D('',#9541,#9542,#9543);
#9541 = CARTESIAN_POINT('',(43.151673304407,62.441397695608,
    4.412455866608));
#9542 = DIRECTION('',(7.547908730517E-02,4.357787137383E-02,
    -0.996194698092));
#9543 = DIRECTION('',(0.862729915663,0.498097349046,8.715574274766E-02)
  );
#9544 = DEFINITIONAL_REPRESENTATION('',(#9545),#9563);
#9545 = B_SPLINE_CURVE_WITH_KNOTS('',6,(#9546,#9547,#9548,#9549,#9550,
    #9551,#9552,#9553,#9554,#9555,#9556,#9557,#9558,#9559,#9560,#9561,
    #9562),.UNSPECIFIED.,.F.,.F.,(7,5,5,7),(0.,0.123776071742,
    0.499981922582,1.),.UNSPECIFIED.);
#9546 = CARTESIAN_POINT('',(-2.690565841794,-0.5));
#9547 = CARTESIAN_POINT('',(-2.709780757696,-0.5));
#9548 = CARTESIAN_POINT('',(-2.728903306888,-0.499737020665));
#9549 = CARTESIAN_POINT('',(-2.747939768292,-0.499262511216));
#9550 = CARTESIAN_POINT('',(-2.766896351198,-0.498622869227));
#9551 = CARTESIAN_POINT('',(-2.785779195262,-0.497859440628));
#9552 = CARTESIAN_POINT('',(-2.861781344633,-0.494422224744));
#9553 = CARTESIAN_POINT('',(-2.918347770181,-0.491028249263));
#9554 = CARTESIAN_POINT('',(-2.974458645718,-0.487852115017));
#9555 = CARTESIAN_POINT('',(-3.030267847753,-0.485523942754));
#9556 = CARTESIAN_POINT('',(-3.085927548986,-0.484359711336));
#9557 = CARTESIAN_POINT('',(-3.215577570414,-0.484359711336));
#9558 = CARTESIAN_POINT('',(-3.289540549115,-0.486416216125));
#9559 = CARTESIAN_POINT('',(-3.363856938792,-0.490528041234));
#9560 = CARTESIAN_POINT('',(-3.438890972822,-0.495708539438));
#9561 = CARTESIAN_POINT('',(-3.515007969193,-0.5));
#9562 = CARTESIAN_POINT('',(-3.592619465386,-0.5));
#9563 = ( GEOMETRIC_REPRESENTATION_CONTEXT(2) 
PARAMETRIC_REPRESENTATION_CONTEXT() REPRESENTATION_CONTEXT('2D SPACE',''
  ) );
#9564 = ORIENTED_EDGE('',*,*,#9565,.T.);
#9565 = EDGE_CURVE('',#9496,#9566,#9568,.T.);
#9566 = VERTEX_POINT('',#9567);
#9567 = CARTESIAN_POINT('',(54.391924404386,33.919803675038,
    4.51835237329));
#9568 = SURFACE_CURVE('',#9569,(#9573,#9580),.PCURVE_S1.);
#9569 = LINE('',#9570,#9571);
#9570 = CARTESIAN_POINT('',(32.981649140272,71.00348823652,4.51835237329
    ));
#9571 = VECTOR('',#9572,1.);
#9572 = DIRECTION('',(0.5,-0.866025403784,0.));
#9573 = PCURVE('',#8839,#9574);
#9574 = DEFINITIONAL_REPRESENTATION('',(#9575),#9579);
#9575 = LINE('',#9576,#9577);
#9576 = CARTESIAN_POINT('',(-1.570796326795,0.));
#9577 = VECTOR('',#9578,1.);
#9578 = DIRECTION('',(-0.,1.));
#9579 = ( GEOMETRIC_REPRESENTATION_CONTEXT(2) 
PARAMETRIC_REPRESENTATION_CONTEXT() REPRESENTATION_CONTEXT('2D SPACE',''
  ) );
#9580 = PCURVE('',#9581,#9586);
#9581 = PLANE('',#9582);
#9582 = AXIS2_PLACEMENT_3D('',#9583,#9584,#9585);
#9583 = CARTESIAN_POINT('',(59.363933760754,34.273783136927,
    4.910553215654));
#9584 = DIRECTION('',(-7.547908730517E-02,-4.357787137383E-02,
    0.996194698092));
#9585 = DIRECTION('',(0.862729915663,0.498097349046,8.715574274766E-02)
  );
#9586 = DEFINITIONAL_REPRESENTATION('',(#9587),#9591);
#9587 = LINE('',#9588,#9589);
#9588 = CARTESIAN_POINT('',(-4.5,45.));
#9589 = VECTOR('',#9590,1.);
#9590 = DIRECTION('',(7.858696607916E-18,-1.));
#9591 = ( GEOMETRIC_REPRESENTATION_CONTEXT(2) 
PARAMETRIC_REPRESENTATION_CONTEXT() REPRESENTATION_CONTEXT('2D SPACE',''
  ) );
#9592 = ORIENTED_EDGE('',*,*,#9593,.T.);
#9593 = EDGE_CURVE('',#9566,#9594,#9596,.T.);
#9594 = VERTEX_POINT('',#9595);
#9595 = CARTESIAN_POINT('',(56.571373876157,30.144886457402,
    4.51835237329));
#9596 = SURFACE_CURVE('',#9597,(#9615,#9636),.PCURVE_S1.);
#9597 = B_SPLINE_CURVE_WITH_KNOTS('',6,(#9598,#9599,#9600,#9601,#9602,
    #9603,#9604,#9605,#9606,#9607,#9608,#9609,#9610,#9611,#9612,#9613,
    #9614),.UNSPECIFIED.,.F.,.F.,(7,5,5,7),(0.,0.123776071742,
    0.499981922582,1.),.UNSPECIFIED.);
#9598 = CARTESIAN_POINT('',(54.391924404386,33.919803675038,
    4.51835237329));
#9599 = CARTESIAN_POINT('',(54.399028614977,33.824061661117,
    4.514702470471));
#9600 = CARTESIAN_POINT('',(54.408321392659,33.728948296553,
    4.510981905675));
#9601 = CARTESIAN_POINT('',(54.419756768452,33.634490487207,
    4.507240018678));
#9602 = CARTESIAN_POINT('',(54.433292002368,33.540713459027,
    4.50352124948));
#9603 = CARTESIAN_POINT('',(54.44888758341,33.447640758048,
    4.499865138306));
#9604 = CARTESIAN_POINT('',(54.520060504299,33.074615634605,
    4.485489645593));
#9605 = CARTESIAN_POINT('',(54.592316131991,32.800624260582,
    4.47557175753));
#9606 = CARTESIAN_POINT('',(54.682254815013,32.533971024671,
    4.467533343986));
#9607 = CARTESIAN_POINT('',(54.789104420523,32.275238159762,
    4.461973899553));
#9608 = CARTESIAN_POINT('',(54.912301935643,32.025014935642,
    4.459193729272));
#9609 = CARTESIAN_POINT('',(55.236426989216,31.46361387485,
    4.459193729272));
#9610 = CARTESIAN_POINT('',(55.44951339846,31.159614603191,
    4.464104848883));
#9611 = CARTESIAN_POINT('',(55.689809189229,30.873488932658,
    4.473922592775));
#9612 = CARTESIAN_POINT('',(55.956942253246,30.607130810968,
    4.48771120069));
#9613 = CARTESIAN_POINT('',(56.250816956007,30.363093997237,
    4.503609950261));
#9614 = CARTESIAN_POINT('',(56.571373876157,30.144886457402,
    4.51835237329));
#9615 = PCURVE('',#8839,#9616);
#9616 = DEFINITIONAL_REPRESENTATION('',(#9617),#9635);
#9617 = B_SPLINE_CURVE_WITH_KNOTS('',6,(#9618,#9619,#9620,#9621,#9622,
    #9623,#9624,#9625,#9626,#9627,#9628,#9629,#9630,#9631,#9632,#9633,
    #9634),.UNSPECIFIED.,.F.,.F.,(7,5,5,7),(0.,0.123776071742,
    0.499981922582,1.),.UNSPECIFIED.);
#9618 = CARTESIAN_POINT('',(-1.570796326795,42.82055052823));
#9619 = CARTESIAN_POINT('',(-1.565561584506,42.90701764979));
#9620 = CARTESIAN_POINT('',(-1.560601223059,42.994034628583));
#9621 = CARTESIAN_POINT('',(-1.555912264723,43.081555178959));
#9622 = CARTESIAN_POINT('',(-1.551492013779,43.169536084612));
#9623 = CARTESIAN_POINT('',(-1.547338056524,43.257937198579));
#9624 = CARTESIAN_POINT('',(-1.531625590605,43.616572892175));
#9625 = CARTESIAN_POINT('',(-1.522242279604,43.889984196344));
#9626 = CARTESIAN_POINT('',(-1.51524020499,44.165882014154));
#9627 = CARTESIAN_POINT('',(-1.51058407754,44.443376050715));
#9628 = CARTESIAN_POINT('',(-1.508255564998,44.721674476979));
#9629 = CARTESIAN_POINT('',(-1.508255564998,45.369924584124));
#9630 = CARTESIAN_POINT('',(-1.512369000344,45.739738880735));
#9631 = CARTESIAN_POINT('',(-1.520590836091,46.107678875475));
#9632 = CARTESIAN_POINT('',(-1.532981722865,46.471918307372));
#9633 = CARTESIAN_POINT('',(-1.549652534997,46.830197738901));
#9634 = CARTESIAN_POINT('',(-1.570796326795,47.17944947177));
#9635 = ( GEOMETRIC_REPRESENTATION_CONTEXT(2) 
PARAMETRIC_REPRESENTATION_CONTEXT() REPRESENTATION_CONTEXT('2D SPACE',''
  ) );
#9636 = PCURVE('',#9637,#9642);
#9637 = CYLINDRICAL_SURFACE('',#9638,5.);
#9638 = AXIS2_PLACEMENT_3D('',#9639,#9640,#9641);
#9639 = CARTESIAN_POINT('',(59.401673304407,34.295572072614,
    4.412455866608));
#9640 = DIRECTION('',(7.547908730517E-02,4.357787137383E-02,
    -0.996194698092));
#9641 = DIRECTION('',(0.862729915663,0.498097349046,8.715574274766E-02)
  );
#9642 = DEFINITIONAL_REPRESENTATION('',(#9643),#9661);
#9643 = B_SPLINE_CURVE_WITH_KNOTS('',6,(#9644,#9645,#9646,#9647,#9648,
    #9649,#9650,#9651,#9652,#9653,#9654,#9655,#9656,#9657,#9658,#9659,
    #9660),.UNSPECIFIED.,.F.,.F.,(7,5,5,7),(0.,0.123776071742,
    0.499981922582,1.),.UNSPECIFIED.);
#9644 = CARTESIAN_POINT('',(-2.690565841794,-0.5));
#9645 = CARTESIAN_POINT('',(-2.709780757696,-0.5));
#9646 = CARTESIAN_POINT('',(-2.728903306888,-0.499737020665));
#9647 = CARTESIAN_POINT('',(-2.747939768292,-0.499262511216));
#9648 = CARTESIAN_POINT('',(-2.766896351198,-0.498622869227));
#9649 = CARTESIAN_POINT('',(-2.785779195262,-0.497859440628));
#9650 = CARTESIAN_POINT('',(-2.861781344633,-0.494422224744));
#9651 = CARTESIAN_POINT('',(-2.918347770181,-0.491028249263));
#9652 = CARTESIAN_POINT('',(-2.974458645718,-0.487852115017));
#9653 = CARTESIAN_POINT('',(-3.030267847753,-0.485523942754));
#9654 = CARTESIAN_POINT('',(-3.085927548986,-0.484359711336));
#9655 = CARTESIAN_POINT('',(-3.215577570414,-0.484359711336));
#9656 = CARTESIAN_POINT('',(-3.289540549115,-0.486416216125));
#9657 = CARTESIAN_POINT('',(-3.363856938792,-0.490528041234));
#9658 = CARTESIAN_POINT('',(-3.438890972822,-0.495708539438));
#9659 = CARTESIAN_POINT('',(-3.515007969193,-0.5));
#9660 = CARTESIAN_POINT('',(-3.592619465386,-0.5));
#9661 = ( GEOMETRIC_REPRESENTATION_CONTEXT(2) 
PARAMETRIC_REPRESENTATION_CONTEXT() REPRESENTATION_CONTEXT('2D SPACE',''
  ) );
#9662 = ORIENTED_EDGE('',*,*,#9663,.T.);
#9663 = EDGE_CURVE('',#9594,#9664,#9666,.T.);
#9664 = VERTEX_POINT('',#9665);
#9665 = CARTESIAN_POINT('',(63.141924404386,18.76435910881,4.51835237329
    ));
#9666 = SURFACE_CURVE('',#9667,(#9671,#9678),.PCURVE_S1.);
#9667 = LINE('',#9668,#9669);
#9668 = CARTESIAN_POINT('',(32.981649140272,71.00348823652,4.51835237329
    ));
#9669 = VECTOR('',#9670,1.);
#9670 = DIRECTION('',(0.5,-0.866025403784,0.));
#9671 = PCURVE('',#8839,#9672);
#9672 = DEFINITIONAL_REPRESENTATION('',(#9673),#9677);
#9673 = LINE('',#9674,#9675);
#9674 = CARTESIAN_POINT('',(-1.570796326795,0.));
#9675 = VECTOR('',#9676,1.);
#9676 = DIRECTION('',(-0.,1.));
#9677 = ( GEOMETRIC_REPRESENTATION_CONTEXT(2) 
PARAMETRIC_REPRESENTATION_CONTEXT() REPRESENTATION_CONTEXT('2D SPACE',''
  ) );
#9678 = PCURVE('',#9679,#9684);
#9679 = PLANE('',#9680);
#9680 = AXIS2_PLACEMENT_3D('',#9681,#9682,#9683);
#9681 = CARTESIAN_POINT('',(59.363933760754,34.273783136927,
    4.910553215654));
#9682 = DIRECTION('',(-7.547908730517E-02,-4.357787137383E-02,
    0.996194698092));
#9683 = DIRECTION('',(0.862729915663,0.498097349046,8.715574274766E-02)
  );
#9684 = DEFINITIONAL_REPRESENTATION('',(#9685),#9689);
#9685 = LINE('',#9686,#9687);
#9686 = CARTESIAN_POINT('',(-4.5,45.));
#9687 = VECTOR('',#9688,1.);
#9688 = DIRECTION('',(7.858696607916E-18,-1.));
#9689 = ( GEOMETRIC_REPRESENTATION_CONTEXT(2) 
PARAMETRIC_REPRESENTATION_CONTEXT() REPRESENTATION_CONTEXT('2D SPACE',''
  ) );
#9690 = ORIENTED_EDGE('',*,*,#9691,.T.);
#9691 = EDGE_CURVE('',#9664,#9692,#9694,.T.);
#9692 = VERTEX_POINT('',#9693);
#9693 = CARTESIAN_POINT('',(65.321373876157,14.989441891175,
    4.51835237329));
#9694 = SURFACE_CURVE('',#9695,(#9713,#9734),.PCURVE_S1.);
#9695 = B_SPLINE_CURVE_WITH_KNOTS('',6,(#9696,#9697,#9698,#9699,#9700,
    #9701,#9702,#9703,#9704,#9705,#9706,#9707,#9708,#9709,#9710,#9711,
    #9712),.UNSPECIFIED.,.F.,.F.,(7,5,5,7),(0.,0.123776071742,
    0.499981922583,1.),.UNSPECIFIED.);
#9696 = CARTESIAN_POINT('',(63.141924404386,18.76435910881,4.51835237329
    ));
#9697 = CARTESIAN_POINT('',(63.149028614977,18.668617094889,
    4.514702470471));
#9698 = CARTESIAN_POINT('',(63.158321392659,18.573503730325,
    4.510981905675));
#9699 = CARTESIAN_POINT('',(63.169756768452,18.479045920979,
    4.507240018678));
#9700 = CARTESIAN_POINT('',(63.183292002368,18.385268892799,
    4.50352124948));
#9701 = CARTESIAN_POINT('',(63.19888758341,18.292196191821,
    4.499865138306));
#9702 = CARTESIAN_POINT('',(63.270060504299,17.919171068378,
    4.485489645593));
#9703 = CARTESIAN_POINT('',(63.342316131991,17.645179694354,
    4.47557175753));
#9704 = CARTESIAN_POINT('',(63.432254815013,17.378526458444,
    4.467533343986));
#9705 = CARTESIAN_POINT('',(63.539104420523,17.119793593534,
    4.461973899553));
#9706 = CARTESIAN_POINT('',(63.662301935643,16.869570369415,
    4.459193729272));
#9707 = CARTESIAN_POINT('',(63.986426989215,16.308169308622,
    4.459193729272));
#9708 = CARTESIAN_POINT('',(64.199513398461,16.004170036963,
    4.464104848883));
#9709 = CARTESIAN_POINT('',(64.439809189229,15.718044366431,
    4.473922592775));
#9710 = CARTESIAN_POINT('',(64.706942253247,15.45168624474,4.48771120069
    ));
#9711 = CARTESIAN_POINT('',(65.000816956007,15.20764943101,
    4.503609950261));
#9712 = CARTESIAN_POINT('',(65.321373876157,14.989441891175,
    4.51835237329));
#9713 = PCURVE('',#8839,#9714);
#9714 = DEFINITIONAL_REPRESENTATION('',(#9715),#9733);
#9715 = B_SPLINE_CURVE_WITH_KNOTS('',6,(#9716,#9717,#9718,#9719,#9720,
    #9721,#9722,#9723,#9724,#9725,#9726,#9727,#9728,#9729,#9730,#9731,
    #9732),.UNSPECIFIED.,.F.,.F.,(7,5,5,7),(0.,0.123776071742,
    0.499981922583,1.),.UNSPECIFIED.);
#9716 = CARTESIAN_POINT('',(-1.570796326795,60.32055052823));
#9717 = CARTESIAN_POINT('',(-1.565561584506,60.40701764979));
#9718 = CARTESIAN_POINT('',(-1.560601223059,60.494034628583));
#9719 = CARTESIAN_POINT('',(-1.555912264723,60.581555178959));
#9720 = CARTESIAN_POINT('',(-1.551492013779,60.669536084612));
#9721 = CARTESIAN_POINT('',(-1.547338056524,60.757937198579));
#9722 = CARTESIAN_POINT('',(-1.531625590605,61.116572892175));
#9723 = CARTESIAN_POINT('',(-1.522242279604,61.389984196344));
#9724 = CARTESIAN_POINT('',(-1.51524020499,61.665882014154));
#9725 = CARTESIAN_POINT('',(-1.51058407754,61.943376050715));
#9726 = CARTESIAN_POINT('',(-1.508255564998,62.221674476979));
#9727 = CARTESIAN_POINT('',(-1.508255564998,62.869924584123));
#9728 = CARTESIAN_POINT('',(-1.512369000344,63.239738880735));
#9729 = CARTESIAN_POINT('',(-1.520590836091,63.607678875474));
#9730 = CARTESIAN_POINT('',(-1.532981722865,63.971918307372));
#9731 = CARTESIAN_POINT('',(-1.549652534997,64.330197738901));
#9732 = CARTESIAN_POINT('',(-1.570796326795,64.67944947177));
#9733 = ( GEOMETRIC_REPRESENTATION_CONTEXT(2) 
PARAMETRIC_REPRESENTATION_CONTEXT() REPRESENTATION_CONTEXT('2D SPACE',''
  ) );
#9734 = PCURVE('',#9735,#9740);
#9735 = CYLINDRICAL_SURFACE('',#9736,5.);
#9736 = AXIS2_PLACEMENT_3D('',#9737,#9738,#9739);
#9737 = CARTESIAN_POINT('',(68.151673304407,19.140127506386,
    4.412455866608));
#9738 = DIRECTION('',(7.547908730517E-02,4.357787137383E-02,
    -0.996194698092));
#9739 = DIRECTION('',(0.862729915663,0.498097349046,8.715574274766E-02)
  );
#9740 = DEFINITIONAL_REPRESENTATION('',(#9741),#9759);
#9741 = B_SPLINE_CURVE_WITH_KNOTS('',6,(#9742,#9743,#9744,#9745,#9746,
    #9747,#9748,#9749,#9750,#9751,#9752,#9753,#9754,#9755,#9756,#9757,
    #9758),.UNSPECIFIED.,.F.,.F.,(7,5,5,7),(0.,0.123776071742,
    0.499981922583,1.),.UNSPECIFIED.);
#9742 = CARTESIAN_POINT('',(-2.690565841794,-0.5));
#9743 = CARTESIAN_POINT('',(-2.709780757696,-0.5));
#9744 = CARTESIAN_POINT('',(-2.728903306888,-0.499737020665));
#9745 = CARTESIAN_POINT('',(-2.747939768292,-0.499262511216));
#9746 = CARTESIAN_POINT('',(-2.766896351198,-0.498622869227));
#9747 = CARTESIAN_POINT('',(-2.785779195262,-0.497859440628));
#9748 = CARTESIAN_POINT('',(-2.861781344633,-0.494422224744));
#9749 = CARTESIAN_POINT('',(-2.918347770181,-0.491028249263));
#9750 = CARTESIAN_POINT('',(-2.974458645718,-0.487852115017));
#9751 = CARTESIAN_POINT('',(-3.030267847753,-0.485523942754));
#9752 = CARTESIAN_POINT('',(-3.085927548986,-0.484359711336));
#9753 = CARTESIAN_POINT('',(-3.215577570414,-0.484359711336));
#9754 = CARTESIAN_POINT('',(-3.289540549115,-0.486416216125));
#9755 = CARTESIAN_POINT('',(-3.363856938792,-0.490528041234));
#9756 = CARTESIAN_POINT('',(-3.438890972822,-0.495708539438));
#9757 = CARTESIAN_POINT('',(-3.515007969193,-0.5));
#9758 = CARTESIAN_POINT('',(-3.592619465386,-0.5));
#9759 = ( GEOMETRIC_REPRESENTATION_CONTEXT(2) 
PARAMETRIC_REPRESENTATION_CONTEXT() REPRESENTATION_CONTEXT('2D SPACE',''
  ) );
#9760 = ORIENTED_EDGE('',*,*,#9761,.T.);
#9761 = EDGE_CURVE('',#9692,#8801,#9762,.T.);
#9762 = SURFACE_CURVE('',#9763,(#9767,#9774),.PCURVE_S1.);
#9763 = LINE('',#9764,#9765);
#9764 = CARTESIAN_POINT('',(32.981649140272,71.00348823652,4.51835237329
    ));
#9765 = VECTOR('',#9766,1.);
#9766 = DIRECTION('',(0.5,-0.866025403784,0.));
#9767 = PCURVE('',#8839,#9768);
#9768 = DEFINITIONAL_REPRESENTATION('',(#9769),#9773);
#9769 = LINE('',#9770,#9771);
#9770 = CARTESIAN_POINT('',(-1.570796326795,0.));
#9771 = VECTOR('',#9772,1.);
#9772 = DIRECTION('',(-0.,1.));
#9773 = ( GEOMETRIC_REPRESENTATION_CONTEXT(2) 
PARAMETRIC_REPRESENTATION_CONTEXT() REPRESENTATION_CONTEXT('2D SPACE',''
  ) );
#9774 = PCURVE('',#8949,#9775);
#9775 = DEFINITIONAL_REPRESENTATION('',(#9776),#9780);
#9776 = LINE('',#9777,#9778);
#9777 = CARTESIAN_POINT('',(-4.5,45.));
#9778 = VECTOR('',#9779,1.);
#9779 = DIRECTION('',(7.858696607916E-18,-1.));
#9780 = ( GEOMETRIC_REPRESENTATION_CONTEXT(2) 
PARAMETRIC_REPRESENTATION_CONTEXT() REPRESENTATION_CONTEXT('2D SPACE',''
  ) );
#9781 = ORIENTED_EDGE('',*,*,#8824,.F.);
#9782 = ADVANCED_FACE('',(#9783),#8894,.F.);
#9783 = FACE_BOUND('',#9784,.F.);
#9784 = EDGE_LOOP('',(#9785,#9808,#9809,#9832));
#9785 = ORIENTED_EDGE('',*,*,#9786,.F.);
#9786 = EDGE_CURVE('',#8879,#9787,#9789,.T.);
#9787 = VERTEX_POINT('',#9788);
#9788 = CARTESIAN_POINT('',(51.236892494313,76.924355747581,
    -14.96989839483));
#9789 = SURFACE_CURVE('',#9790,(#9794,#9801),.PCURVE_S1.);
#9790 = LINE('',#9791,#9792);
#9791 = CARTESIAN_POINT('',(94.236892494313,2.446171022119,
    -14.96989839483));
#9792 = VECTOR('',#9793,1.);
#9793 = DIRECTION('',(-0.5,0.866025403784,0.));
#9794 = PCURVE('',#8894,#9795);
#9795 = DEFINITIONAL_REPRESENTATION('',(#9796),#9800);
#9796 = LINE('',#9797,#9798);
#9797 = CARTESIAN_POINT('',(-2.792317285684E-15,-4.));
#9798 = VECTOR('',#9799,1.);
#9799 = DIRECTION('',(1.,-3.410564202805E-18));
#9800 = ( GEOMETRIC_REPRESENTATION_CONTEXT(2) 
PARAMETRIC_REPRESENTATION_CONTEXT() REPRESENTATION_CONTEXT('2D SPACE',''
  ) );
#9801 = PCURVE('',#9346,#9802);
#9802 = DEFINITIONAL_REPRESENTATION('',(#9803),#9807);
#9803 = LINE('',#9804,#9805);
#9804 = CARTESIAN_POINT('',(-1.570796326795,0.));
#9805 = VECTOR('',#9806,1.);
#9806 = DIRECTION('',(-0.,1.));
#9807 = ( GEOMETRIC_REPRESENTATION_CONTEXT(2) 
PARAMETRIC_REPRESENTATION_CONTEXT() REPRESENTATION_CONTEXT('2D SPACE',''
  ) );
#9808 = ORIENTED_EDGE('',*,*,#8878,.F.);
#9809 = ORIENTED_EDGE('',*,*,#9810,.T.);
#9810 = EDGE_CURVE('',#8855,#9811,#9813,.T.);
#9811 = VERTEX_POINT('',#9812);
#9812 = CARTESIAN_POINT('',(50.251890404981,76.355664526153,
    -1.969557584734));
#9813 = SURFACE_CURVE('',#9814,(#9818,#9825),.PCURVE_S1.);
#9814 = LINE('',#9815,#9816);
#9815 = CARTESIAN_POINT('',(93.251890404981,1.877479800691,
    -1.969557584734));
#9816 = VECTOR('',#9817,1.);
#9817 = DIRECTION('',(-0.5,0.866025403784,0.));
#9818 = PCURVE('',#8894,#9819);
#9819 = DEFINITIONAL_REPRESENTATION('',(#9820),#9824);
#9820 = LINE('',#9821,#9822);
#9821 = CARTESIAN_POINT('',(-1.18166134869E-15,-17.05));
#9822 = VECTOR('',#9823,1.);
#9823 = DIRECTION('',(1.,-3.410564202805E-18));
#9824 = ( GEOMETRIC_REPRESENTATION_CONTEXT(2) 
PARAMETRIC_REPRESENTATION_CONTEXT() REPRESENTATION_CONTEXT('2D SPACE',''
  ) );
#9825 = PCURVE('',#9005,#9826);
#9826 = DEFINITIONAL_REPRESENTATION('',(#9827),#9831);
#9827 = LINE('',#9828,#9829);
#9828 = CARTESIAN_POINT('',(-0.,0.));
#9829 = VECTOR('',#9830,1.);
#9830 = DIRECTION('',(-0.,1.));
#9831 = ( GEOMETRIC_REPRESENTATION_CONTEXT(2) 
PARAMETRIC_REPRESENTATION_CONTEXT() REPRESENTATION_CONTEXT('2D SPACE',''
  ) );
#9832 = ORIENTED_EDGE('',*,*,#9833,.T.);
#9833 = EDGE_CURVE('',#9811,#9787,#9834,.T.);
#9834 = SURFACE_CURVE('',#9835,(#9839,#9846),.PCURVE_S1.);
#9835 = LINE('',#9836,#9837);
#9836 = CARTESIAN_POINT('',(50.251890404981,76.355664526153,
    -1.969557584734));
#9837 = VECTOR('',#9838,1.);
#9838 = DIRECTION('',(7.547908730517E-02,4.357787137383E-02,
    -0.996194698092));
#9839 = PCURVE('',#8894,#9840);
#9840 = DEFINITIONAL_REPRESENTATION('',(#9841),#9845);
#9841 = LINE('',#9842,#9843);
#9842 = CARTESIAN_POINT('',(86.,-17.05));
#9843 = VECTOR('',#9844,1.);
#9844 = DIRECTION('',(-2.748962873712E-18,1.));
#9845 = ( GEOMETRIC_REPRESENTATION_CONTEXT(2) 
PARAMETRIC_REPRESENTATION_CONTEXT() REPRESENTATION_CONTEXT('2D SPACE',''
  ) );
#9846 = PCURVE('',#9847,#9852);
#9847 = CYLINDRICAL_SURFACE('',#9848,4.);
#9848 = AXIS2_PLACEMENT_3D('',#9849,#9850,#9851);
#9849 = CARTESIAN_POINT('',(46.80097074233,74.363275129969,
    -2.318180555725));
#9850 = DIRECTION('',(7.547908730517E-02,4.357787137383E-02,
    -0.996194698092));
#9851 = DIRECTION('',(0.862729915663,0.498097349046,8.715574274766E-02)
  );
#9852 = DEFINITIONAL_REPRESENTATION('',(#9853),#9857);
#9853 = LINE('',#9854,#9855);
#9854 = CARTESIAN_POINT('',(-0.,0.));
#9855 = VECTOR('',#9856,1.);
#9856 = DIRECTION('',(-0.,1.));
#9857 = ( GEOMETRIC_REPRESENTATION_CONTEXT(2) 
PARAMETRIC_REPRESENTATION_CONTEXT() REPRESENTATION_CONTEXT('2D SPACE',''
  ) );
#9858 = ADVANCED_FACE('',(#9859,#9912),#8949,.T.);
#9859 = FACE_BOUND('',#9860,.T.);
#9860 = EDGE_LOOP('',(#9861,#9889,#9890,#9891));
#9861 = ORIENTED_EDGE('',*,*,#9862,.T.);
#9862 = EDGE_CURVE('',#9863,#9692,#9865,.T.);
#9863 = VERTEX_POINT('',#9864);
#9864 = CARTESIAN_POINT('',(73.085943117122,19.472318032588,
    5.302754058019));
#9865 = SURFACE_CURVE('',#9866,(#9871,#9882),.PCURVE_S1.);
#9866 = CIRCLE('',#9867,5.);
#9867 = AXIS2_PLACEMENT_3D('',#9868,#9869,#9870);
#9868 = CARTESIAN_POINT('',(68.113933760754,19.118338570699,
    4.910553215654));
#9869 = DIRECTION('',(7.547908730517E-02,4.357787137383E-02,
    -0.996194698092));
#9870 = DIRECTION('',(0.862729915663,0.498097349046,8.715574274766E-02)
  );
#9871 = PCURVE('',#8949,#9872);
#9872 = DEFINITIONAL_REPRESENTATION('',(#9873),#9881);
#9873 = ( BOUNDED_CURVE() B_SPLINE_CURVE(2,(#9874,#9875,#9876,#9877,
#9878,#9879,#9880),.UNSPECIFIED.,.T.,.F.) B_SPLINE_CURVE_WITH_KNOTS((1,2
    ,2,2,2,1),(-2.094395102393,0.,2.094395102393,4.188790204786,
6.28318530718,8.377580409573),.UNSPECIFIED.) CURVE() 
GEOMETRIC_REPRESENTATION_ITEM() RATIONAL_B_SPLINE_CURVE((1.,0.5,1.,0.5,
1.,0.5,1.)) REPRESENTATION_ITEM('') );
#9874 = CARTESIAN_POINT('',(5.,-17.5));
#9875 = CARTESIAN_POINT('',(5.,-26.16025403784));
#9876 = CARTESIAN_POINT('',(-2.5,-21.83012701892));
#9877 = CARTESIAN_POINT('',(-10.,-17.5));
#9878 = CARTESIAN_POINT('',(-2.5,-13.16987298107));
#9879 = CARTESIAN_POINT('',(5.,-8.839745962156));
#9880 = CARTESIAN_POINT('',(5.,-17.5));
#9881 = ( GEOMETRIC_REPRESENTATION_CONTEXT(2) 
PARAMETRIC_REPRESENTATION_CONTEXT() REPRESENTATION_CONTEXT('2D SPACE',''
  ) );
#9882 = PCURVE('',#9735,#9883);
#9883 = DEFINITIONAL_REPRESENTATION('',(#9884),#9888);
#9884 = LINE('',#9885,#9886);
#9885 = CARTESIAN_POINT('',(-6.28318530718,-0.5));
#9886 = VECTOR('',#9887,1.);
#9887 = DIRECTION('',(1.,-0.));
#9888 = ( GEOMETRIC_REPRESENTATION_CONTEXT(2) 
PARAMETRIC_REPRESENTATION_CONTEXT() REPRESENTATION_CONTEXT('2D SPACE',''
  ) );
#9889 = ORIENTED_EDGE('',*,*,#9761,.T.);
#9890 = ORIENTED_EDGE('',*,*,#8933,.T.);
#9891 = ORIENTED_EDGE('',*,*,#9892,.T.);
#9892 = EDGE_CURVE('',#8934,#9863,#9893,.T.);
#9893 = SURFACE_CURVE('',#9894,(#9898,#9905),.PCURVE_S1.);
#9894 = LINE('',#9895,#9896);
#9895 = CARTESIAN_POINT('',(85.746218381237,-2.455921962667,
    5.302754058019));
#9896 = VECTOR('',#9897,1.);
#9897 = DIRECTION('',(-0.5,0.866025403784,0.));
#9898 = PCURVE('',#8949,#9899);
#9899 = DEFINITIONAL_REPRESENTATION('',(#9900),#9904);
#9900 = LINE('',#9901,#9902);
#9901 = CARTESIAN_POINT('',(4.5,-45.));
#9902 = VECTOR('',#9903,1.);
#9903 = DIRECTION('',(-7.858696607916E-18,1.));
#9904 = ( GEOMETRIC_REPRESENTATION_CONTEXT(2) 
PARAMETRIC_REPRESENTATION_CONTEXT() REPRESENTATION_CONTEXT('2D SPACE',''
  ) );
#9905 = PCURVE('',#9005,#9906);
#9906 = DEFINITIONAL_REPRESENTATION('',(#9907),#9911);
#9907 = LINE('',#9908,#9909);
#9908 = CARTESIAN_POINT('',(-1.570796326795,0.));
#9909 = VECTOR('',#9910,1.);
#9910 = DIRECTION('',(-0.,1.));
#9911 = ( GEOMETRIC_REPRESENTATION_CONTEXT(2) 
PARAMETRIC_REPRESENTATION_CONTEXT() REPRESENTATION_CONTEXT('2D SPACE',''
  ) );
#9912 = FACE_BOUND('',#9913,.T.);
#9913 = EDGE_LOOP('',(#9914));
#9914 = ORIENTED_EDGE('',*,*,#9915,.T.);
#9915 = EDGE_CURVE('',#9916,#9916,#9918,.T.);
#9916 = VERTEX_POINT('',#9917);
#9917 = CARTESIAN_POINT('',(79.064853423406,8.120346910116,
    5.259176186645));
#9918 = SURFACE_CURVE('',#9919,(#9924,#9935),.PCURVE_S1.);
#9919 = CIRCLE('',#9920,4.);
#9920 = AXIS2_PLACEMENT_3D('',#9921,#9922,#9923);
#9921 = CARTESIAN_POINT('',(75.613933760754,6.127957513932,
    4.910553215654));
#9922 = DIRECTION('',(7.547908730517E-02,4.357787137383E-02,
    -0.996194698092));
#9923 = DIRECTION('',(0.862729915663,0.498097349046,8.715574274766E-02)
  );
#9924 = PCURVE('',#8949,#9925);
#9925 = DEFINITIONAL_REPRESENTATION('',(#9926),#9934);
#9926 = ( BOUNDED_CURVE() B_SPLINE_CURVE(2,(#9927,#9928,#9929,#9930,
#9931,#9932,#9933),.UNSPECIFIED.,.T.,.F.) B_SPLINE_CURVE_WITH_KNOTS((1,2
    ,2,2,2,1),(-2.094395102393,0.,2.094395102393,4.188790204786,
6.28318530718,8.377580409573),.UNSPECIFIED.) CURVE() 
GEOMETRIC_REPRESENTATION_ITEM() RATIONAL_B_SPLINE_CURVE((1.,0.5,1.,0.5,
1.,0.5,1.)) REPRESENTATION_ITEM('') );
#9927 = CARTESIAN_POINT('',(4.,-32.5));
#9928 = CARTESIAN_POINT('',(4.,-39.42820323027));
#9929 = CARTESIAN_POINT('',(-2.,-35.96410161513));
#9930 = CARTESIAN_POINT('',(-8.,-32.5));
#9931 = CARTESIAN_POINT('',(-2.,-29.03589838486));
#9932 = CARTESIAN_POINT('',(4.,-25.57179676972));
#9933 = CARTESIAN_POINT('',(4.,-32.5));
#9934 = ( GEOMETRIC_REPRESENTATION_CONTEXT(2) 
PARAMETRIC_REPRESENTATION_CONTEXT() REPRESENTATION_CONTEXT('2D SPACE',''
  ) );
#9935 = PCURVE('',#9936,#9941);
#9936 = CYLINDRICAL_SURFACE('',#9937,4.);
#9937 = AXIS2_PLACEMENT_3D('',#9938,#9939,#9940);
#9938 = CARTESIAN_POINT('',(75.651673304407,6.149746449619,
    4.412455866608));
#9939 = DIRECTION('',(7.547908730517E-02,4.357787137383E-02,
    -0.996194698092));
#9940 = DIRECTION('',(0.862729915663,0.498097349046,8.715574274766E-02)
  );
#9941 = DEFINITIONAL_REPRESENTATION('',(#9942),#9946);
#9942 = LINE('',#9943,#9944);
#9943 = CARTESIAN_POINT('',(-6.28318530718,-0.5));
#9944 = VECTOR('',#9945,1.);
#9945 = DIRECTION('',(1.,-0.));
#9946 = ( GEOMETRIC_REPRESENTATION_CONTEXT(2) 
PARAMETRIC_REPRESENTATION_CONTEXT() REPRESENTATION_CONTEXT('2D SPACE',''
  ) );
#9947 = ADVANCED_FACE('',(#9948),#9005,.T.);
#9948 = FACE_BOUND('',#9949,.F.);
#9949 = EDGE_LOOP('',(#9950,#9951,#9952,#9953,#9988,#10023,#10046,#10081
    ,#10116,#10139,#10174,#10209,#10232));
#9950 = ORIENTED_EDGE('',*,*,#9810,.F.);
#9951 = ORIENTED_EDGE('',*,*,#8990,.F.);
#9952 = ORIENTED_EDGE('',*,*,#9892,.T.);
#9953 = ORIENTED_EDGE('',*,*,#9954,.T.);
#9954 = EDGE_CURVE('',#9863,#9955,#9957,.T.);
#9955 = VERTEX_POINT('',#9956);
#9956 = CARTESIAN_POINT('',(72.428763853782,21.609506886416,
    5.330751156749));
#9957 = SURFACE_CURVE('',#9958,(#9966,#9977),.PCURVE_S1.);
#9958 = B_SPLINE_CURVE_WITH_KNOTS('',6,(#9959,#9960,#9961,#9962,#9963,
    #9964,#9965),.UNSPECIFIED.,.F.,.F.,(7,7),(0.,1.),
  .PIECEWISE_BEZIER_KNOTS.);
#9959 = CARTESIAN_POINT('',(73.085943117122,19.472318032588,
    5.302754058019));
#9960 = CARTESIAN_POINT('',(73.057248306586,19.859032209297,
    5.317496479926));
#9961 = CARTESIAN_POINT('',(72.993491413979,20.235927606118,
    5.324844970428));
#9962 = CARTESIAN_POINT('',(72.897167081021,20.600902219563,
    5.328312008133));
#9963 = CARTESIAN_POINT('',(72.770143581227,20.952425700993,
    5.329937395703));
#9964 = CARTESIAN_POINT('',(72.613726135593,21.289142816836,
    5.330751156749));
#9965 = CARTESIAN_POINT('',(72.428763853782,21.609506886416,
    5.330751156749));
#9966 = PCURVE('',#9005,#9967);
#9967 = DEFINITIONAL_REPRESENTATION('',(#9968),#9976);
#9968 = B_SPLINE_CURVE_WITH_KNOTS('',6,(#9969,#9970,#9971,#9972,#9973,
    #9974,#9975),.UNSPECIFIED.,.F.,.F.,(7,7),(0.,1.),
  .PIECEWISE_BEZIER_KNOTS.);
#9969 = CARTESIAN_POINT('',(-1.570796326795,25.32055052823));
#9970 = CARTESIAN_POINT('',(-1.549652536606,25.669802234531));
#9971 = CARTESIAN_POINT('',(-1.532981723484,26.028081669052));
#9972 = CARTESIAN_POINT('',(-1.520590835756,26.39232112251));
#9973 = CARTESIAN_POINT('',(-1.512368999846,26.760261137353));
#9974 = CARTESIAN_POINT('',(-1.508255564998,27.130075436379));
#9975 = CARTESIAN_POINT('',(-1.508255564998,27.5));
#9976 = ( GEOMETRIC_REPRESENTATION_CONTEXT(2) 
PARAMETRIC_REPRESENTATION_CONTEXT() REPRESENTATION_CONTEXT('2D SPACE',''
  ) );
#9977 = PCURVE('',#9735,#9978);
#9978 = DEFINITIONAL_REPRESENTATION('',(#9979),#9987);
#9979 = B_SPLINE_CURVE_WITH_KNOTS('',6,(#9980,#9981,#9982,#9983,#9984,
    #9985,#9986),.UNSPECIFIED.,.F.,.F.,(7,7),(0.,1.),
  .PIECEWISE_BEZIER_KNOTS.);
#9980 = CARTESIAN_POINT('',(-5.832158495383,-0.5));
#9981 = CARTESIAN_POINT('',(-5.909769985673,-0.5));
#9982 = CARTESIAN_POINT('',(-5.985886983313,-0.495708540216));
#9983 = CARTESIAN_POINT('',(-6.060921021582,-0.490528040773));
#9984 = CARTESIAN_POINT('',(-6.135237415336,-0.486416216025));
#9985 = CARTESIAN_POINT('',(-6.209200394455,-0.484359711336));
#9986 = CARTESIAN_POINT('',(-6.28318530718,-0.484359711336));
#9987 = ( GEOMETRIC_REPRESENTATION_CONTEXT(2) 
PARAMETRIC_REPRESENTATION_CONTEXT() REPRESENTATION_CONTEXT('2D SPACE',''
  ) );
#9988 = ORIENTED_EDGE('',*,*,#9989,.T.);
#9989 = EDGE_CURVE('',#9955,#9990,#9992,.T.);
#9990 = VERTEX_POINT('',#9991);
#9991 = CARTESIAN_POINT('',(70.906493645352,23.247235250223,
    5.302754058019));
#9992 = SURFACE_CURVE('',#9993,(#10001,#10012),.PCURVE_S1.);
#9993 = B_SPLINE_CURVE_WITH_KNOTS('',6,(#9994,#9995,#9996,#9997,#9998,
    #9999,#10000),.UNSPECIFIED.,.F.,.F.,(7,7),(0.,1.),
  .PIECEWISE_BEZIER_KNOTS.);
#9994 = CARTESIAN_POINT('',(72.428763853782,21.609506886416,
    5.330751156749));
#9995 = CARTESIAN_POINT('',(72.24380156172,21.929870973752,
    5.330751156749));
#9996 = CARTESIAN_POINT('',(72.030404706267,22.233691009207,
    5.329937395473));
#9997 = CARTESIAN_POINT('',(71.789488201884,22.519458310569,
    5.328312008328));
#9998 = CARTESIAN_POINT('',(71.521573099316,22.78536492209,
    5.324844970101));
#9999 = CARTESIAN_POINT('',(71.227050565501,23.029027710388,
    5.317496481048));
#10000 = CARTESIAN_POINT('',(70.906493645352,23.247235250223,
    5.302754058019));
#10001 = PCURVE('',#9005,#10002);
#10002 = DEFINITIONAL_REPRESENTATION('',(#10003),#10011);
#10003 = B_SPLINE_CURVE_WITH_KNOTS('',6,(#10004,#10005,#10006,#10007,
    #10008,#10009,#10010),.UNSPECIFIED.,.F.,.F.,(7,7),(0.,1.),
  .PIECEWISE_BEZIER_KNOTS.);
#10004 = CARTESIAN_POINT('',(-1.508255564998,27.5));
#10005 = CARTESIAN_POINT('',(-1.508255564998,27.869924584124));
#10006 = CARTESIAN_POINT('',(-1.512369000344,28.239738880734));
#10007 = CARTESIAN_POINT('',(-1.520590836091,28.607678875476));
#10008 = CARTESIAN_POINT('',(-1.532981722865,28.971918307371));
#10009 = CARTESIAN_POINT('',(-1.549652534997,29.330197738902));
#10010 = CARTESIAN_POINT('',(-1.570796326795,29.67944947177));
#10011 = ( GEOMETRIC_REPRESENTATION_CONTEXT(2) 
PARAMETRIC_REPRESENTATION_CONTEXT() REPRESENTATION_CONTEXT('2D SPACE',''
  ) );
#10012 = PCURVE('',#9735,#10013);
#10013 = DEFINITIONAL_REPRESENTATION('',(#10014),#10022);
#10014 = B_SPLINE_CURVE_WITH_KNOTS('',6,(#10015,#10016,#10017,#10018,
    #10019,#10020,#10021),.UNSPECIFIED.,.F.,.F.,(7,7),(0.,1.),
  .PIECEWISE_BEZIER_KNOTS.);
#10015 = CARTESIAN_POINT('',(0.,-0.484359711336));
#10016 = CARTESIAN_POINT('',(-7.398491682476E-02,-0.484359711336));
#10017 = CARTESIAN_POINT('',(-0.147947895525,-0.486416216125));
#10018 = CARTESIAN_POINT('',(-0.222264285203,-0.490528041234));
#10019 = CARTESIAN_POINT('',(-0.297298319232,-0.495708539438));
#10020 = CARTESIAN_POINT('',(-0.373415315603,-0.5));
#10021 = CARTESIAN_POINT('',(-0.451026811796,-0.5));
#10022 = ( GEOMETRIC_REPRESENTATION_CONTEXT(2) 
PARAMETRIC_REPRESENTATION_CONTEXT() REPRESENTATION_CONTEXT('2D SPACE',''
  ) );
#10023 = ORIENTED_EDGE('',*,*,#10024,.T.);
#10024 = EDGE_CURVE('',#9990,#10025,#10027,.T.);
#10025 = VERTEX_POINT('',#10026);
#10026 = CARTESIAN_POINT('',(64.335943117122,34.627762598815,
    5.302754058019));
#10027 = SURFACE_CURVE('',#10028,(#10032,#10039),.PCURVE_S1.);
#10028 = LINE('',#10029,#10030);
#10029 = CARTESIAN_POINT('',(85.746218381237,-2.455921962667,
    5.302754058019));
#10030 = VECTOR('',#10031,1.);
#10031 = DIRECTION('',(-0.5,0.866025403784,0.));
#10032 = PCURVE('',#9005,#10033);
#10033 = DEFINITIONAL_REPRESENTATION('',(#10034),#10038);
#10034 = LINE('',#10035,#10036);
#10035 = CARTESIAN_POINT('',(-1.570796326795,0.));
#10036 = VECTOR('',#10037,1.);
#10037 = DIRECTION('',(-0.,1.));
#10038 = ( GEOMETRIC_REPRESENTATION_CONTEXT(2) 
PARAMETRIC_REPRESENTATION_CONTEXT() REPRESENTATION_CONTEXT('2D SPACE',''
  ) );
#10039 = PCURVE('',#9679,#10040);
#10040 = DEFINITIONAL_REPRESENTATION('',(#10041),#10045);
#10041 = LINE('',#10042,#10043);
#10042 = CARTESIAN_POINT('',(4.5,-45.));
#10043 = VECTOR('',#10044,1.);
#10044 = DIRECTION('',(-7.858696607916E-18,1.));
#10045 = ( GEOMETRIC_REPRESENTATION_CONTEXT(2) 
PARAMETRIC_REPRESENTATION_CONTEXT() REPRESENTATION_CONTEXT('2D SPACE',''
  ) );
#10046 = ORIENTED_EDGE('',*,*,#10047,.T.);
#10047 = EDGE_CURVE('',#10025,#10048,#10050,.T.);
#10048 = VERTEX_POINT('',#10049);
#10049 = CARTESIAN_POINT('',(63.678763853782,36.764951452644,
    5.330751156749));
#10050 = SURFACE_CURVE('',#10051,(#10059,#10070),.PCURVE_S1.);
#10051 = B_SPLINE_CURVE_WITH_KNOTS('',6,(#10052,#10053,#10054,#10055,
    #10056,#10057,#10058),.UNSPECIFIED.,.F.,.F.,(7,7),(0.,1.),
  .PIECEWISE_BEZIER_KNOTS.);
#10052 = CARTESIAN_POINT('',(64.335943117122,34.627762598815,
    5.302754058019));
#10053 = CARTESIAN_POINT('',(64.307248306586,35.014476775524,
    5.317496479926));
#10054 = CARTESIAN_POINT('',(64.243491413979,35.391372172346,
    5.324844970428));
#10055 = CARTESIAN_POINT('',(64.147167081021,35.75634678579,
    5.328312008133));
#10056 = CARTESIAN_POINT('',(64.020143581227,36.107870267221,
    5.329937395703));
#10057 = CARTESIAN_POINT('',(63.863726135593,36.444587383064,
    5.330751156749));
#10058 = CARTESIAN_POINT('',(63.678763853782,36.764951452644,
    5.330751156749));
#10059 = PCURVE('',#9005,#10060);
#10060 = DEFINITIONAL_REPRESENTATION('',(#10061),#10069);
#10061 = B_SPLINE_CURVE_WITH_KNOTS('',6,(#10062,#10063,#10064,#10065,
    #10066,#10067,#10068),.UNSPECIFIED.,.F.,.F.,(7,7),(0.,1.),
  .PIECEWISE_BEZIER_KNOTS.);
#10062 = CARTESIAN_POINT('',(-1.570796326795,42.82055052823));
#10063 = CARTESIAN_POINT('',(-1.549652536606,43.169802234531));
#10064 = CARTESIAN_POINT('',(-1.532981723484,43.528081669052));
#10065 = CARTESIAN_POINT('',(-1.520590835756,43.89232112251));
#10066 = CARTESIAN_POINT('',(-1.512368999846,44.260261137353));
#10067 = CARTESIAN_POINT('',(-1.508255564998,44.630075436379));
#10068 = CARTESIAN_POINT('',(-1.508255564998,45.));
#10069 = ( GEOMETRIC_REPRESENTATION_CONTEXT(2) 
PARAMETRIC_REPRESENTATION_CONTEXT() REPRESENTATION_CONTEXT('2D SPACE',''
  ) );
#10070 = PCURVE('',#9637,#10071);
#10071 = DEFINITIONAL_REPRESENTATION('',(#10072),#10080);
#10072 = B_SPLINE_CURVE_WITH_KNOTS('',6,(#10073,#10074,#10075,#10076,
    #10077,#10078,#10079),.UNSPECIFIED.,.F.,.F.,(7,7),(0.,1.),
  .PIECEWISE_BEZIER_KNOTS.);
#10073 = CARTESIAN_POINT('',(-5.832158495383,-0.5));
#10074 = CARTESIAN_POINT('',(-5.909769985673,-0.5));
#10075 = CARTESIAN_POINT('',(-5.985886983313,-0.495708540216));
#10076 = CARTESIAN_POINT('',(-6.060921021582,-0.490528040773));
#10077 = CARTESIAN_POINT('',(-6.135237415336,-0.486416216025));
#10078 = CARTESIAN_POINT('',(-6.209200394455,-0.484359711336));
#10079 = CARTESIAN_POINT('',(-6.28318530718,-0.484359711336));
#10080 = ( GEOMETRIC_REPRESENTATION_CONTEXT(2) 
PARAMETRIC_REPRESENTATION_CONTEXT() REPRESENTATION_CONTEXT('2D SPACE',''
  ) );
#10081 = ORIENTED_EDGE('',*,*,#10082,.T.);
#10082 = EDGE_CURVE('',#10048,#10083,#10085,.T.);
#10083 = VERTEX_POINT('',#10084);
#10084 = CARTESIAN_POINT('',(62.156493645352,38.402679816451,
    5.302754058019));
#10085 = SURFACE_CURVE('',#10086,(#10094,#10105),.PCURVE_S1.);
#10086 = B_SPLINE_CURVE_WITH_KNOTS('',6,(#10087,#10088,#10089,#10090,
    #10091,#10092,#10093),.UNSPECIFIED.,.F.,.F.,(7,7),(0.,1.),
  .PIECEWISE_BEZIER_KNOTS.);
#10087 = CARTESIAN_POINT('',(63.678763853782,36.764951452644,
    5.330751156749));
#10088 = CARTESIAN_POINT('',(63.49380156172,37.085315539979,
    5.330751156749));
#10089 = CARTESIAN_POINT('',(63.280404706267,37.389135575435,
    5.329937395473));
#10090 = CARTESIAN_POINT('',(63.039488201884,37.674902876797,
    5.328312008328));
#10091 = CARTESIAN_POINT('',(62.771573099316,37.940809488317,
    5.324844970101));
#10092 = CARTESIAN_POINT('',(62.477050565501,38.184472276616,
    5.317496481048));
#10093 = CARTESIAN_POINT('',(62.156493645352,38.402679816451,
    5.302754058019));
#10094 = PCURVE('',#9005,#10095);
#10095 = DEFINITIONAL_REPRESENTATION('',(#10096),#10104);
#10096 = B_SPLINE_CURVE_WITH_KNOTS('',6,(#10097,#10098,#10099,#10100,
    #10101,#10102,#10103),.UNSPECIFIED.,.F.,.F.,(7,7),(0.,1.),
  .PIECEWISE_BEZIER_KNOTS.);
#10097 = CARTESIAN_POINT('',(-1.508255564998,45.));
#10098 = CARTESIAN_POINT('',(-1.508255564998,45.369924584124));
#10099 = CARTESIAN_POINT('',(-1.512369000344,45.739738880734));
#10100 = CARTESIAN_POINT('',(-1.520590836091,46.107678875476));
#10101 = CARTESIAN_POINT('',(-1.532981722865,46.47191830737));
#10102 = CARTESIAN_POINT('',(-1.549652534997,46.830197738902));
#10103 = CARTESIAN_POINT('',(-1.570796326795,47.17944947177));
#10104 = ( GEOMETRIC_REPRESENTATION_CONTEXT(2) 
PARAMETRIC_REPRESENTATION_CONTEXT() REPRESENTATION_CONTEXT('2D SPACE',''
  ) );
#10105 = PCURVE('',#9637,#10106);
#10106 = DEFINITIONAL_REPRESENTATION('',(#10107),#10115);
#10107 = B_SPLINE_CURVE_WITH_KNOTS('',6,(#10108,#10109,#10110,#10111,
    #10112,#10113,#10114),.UNSPECIFIED.,.F.,.F.,(7,7),(0.,1.),
  .PIECEWISE_BEZIER_KNOTS.);
#10108 = CARTESIAN_POINT('',(0.,-0.484359711336));
#10109 = CARTESIAN_POINT('',(-7.398491682477E-02,-0.484359711336));
#10110 = CARTESIAN_POINT('',(-0.147947895525,-0.486416216125));
#10111 = CARTESIAN_POINT('',(-0.222264285203,-0.490528041234));
#10112 = CARTESIAN_POINT('',(-0.297298319232,-0.495708539438));
#10113 = CARTESIAN_POINT('',(-0.373415315603,-0.5));
#10114 = CARTESIAN_POINT('',(-0.451026811796,-0.5));
#10115 = ( GEOMETRIC_REPRESENTATION_CONTEXT(2) 
PARAMETRIC_REPRESENTATION_CONTEXT() REPRESENTATION_CONTEXT('2D SPACE',''
  ) );
#10116 = ORIENTED_EDGE('',*,*,#10117,.T.);
#10117 = EDGE_CURVE('',#10083,#10118,#10120,.T.);
#10118 = VERTEX_POINT('',#10119);
#10119 = CARTESIAN_POINT('',(48.085943117122,62.77358822181,
    5.302754058019));
#10120 = SURFACE_CURVE('',#10121,(#10125,#10132),.PCURVE_S1.);
#10121 = LINE('',#10122,#10123);
#10122 = CARTESIAN_POINT('',(85.746218381237,-2.455921962667,
    5.302754058019));
#10123 = VECTOR('',#10124,1.);
#10124 = DIRECTION('',(-0.5,0.866025403784,0.));
#10125 = PCURVE('',#9005,#10126);
#10126 = DEFINITIONAL_REPRESENTATION('',(#10127),#10131);
#10127 = LINE('',#10128,#10129);
#10128 = CARTESIAN_POINT('',(-1.570796326795,0.));
#10129 = VECTOR('',#10130,1.);
#10130 = DIRECTION('',(-0.,1.));
#10131 = ( GEOMETRIC_REPRESENTATION_CONTEXT(2) 
PARAMETRIC_REPRESENTATION_CONTEXT() REPRESENTATION_CONTEXT('2D SPACE',''
  ) );
#10132 = PCURVE('',#9581,#10133);
#10133 = DEFINITIONAL_REPRESENTATION('',(#10134),#10138);
#10134 = LINE('',#10135,#10136);
#10135 = CARTESIAN_POINT('',(4.5,-45.));
#10136 = VECTOR('',#10137,1.);
#10137 = DIRECTION('',(-7.858696607916E-18,1.));
#10138 = ( GEOMETRIC_REPRESENTATION_CONTEXT(2) 
PARAMETRIC_REPRESENTATION_CONTEXT() REPRESENTATION_CONTEXT('2D SPACE',''
  ) );
#10139 = ORIENTED_EDGE('',*,*,#10140,.T.);
#10140 = EDGE_CURVE('',#10118,#10141,#10143,.T.);
#10141 = VERTEX_POINT('',#10142);
#10142 = CARTESIAN_POINT('',(47.428763853782,64.910777075638,
    5.330751156749));
#10143 = SURFACE_CURVE('',#10144,(#10152,#10163),.PCURVE_S1.);
#10144 = B_SPLINE_CURVE_WITH_KNOTS('',6,(#10145,#10146,#10147,#10148,
    #10149,#10150,#10151),.UNSPECIFIED.,.F.,.F.,(7,7),(0.,1.),
  .PIECEWISE_BEZIER_KNOTS.);
#10145 = CARTESIAN_POINT('',(48.085943117122,62.77358822181,
    5.302754058019));
#10146 = CARTESIAN_POINT('',(48.057248306586,63.160302398519,
    5.317496479926));
#10147 = CARTESIAN_POINT('',(47.993491413979,63.53719779534,
    5.324844970428));
#10148 = CARTESIAN_POINT('',(47.897167081021,63.902172408784,
    5.328312008133));
#10149 = CARTESIAN_POINT('',(47.770143581227,64.253695890215,
    5.329937395703));
#10150 = CARTESIAN_POINT('',(47.613726135592,64.590413006058,
    5.330751156749));
#10151 = CARTESIAN_POINT('',(47.428763853782,64.910777075638,
    5.330751156749));
#10152 = PCURVE('',#9005,#10153);
#10153 = DEFINITIONAL_REPRESENTATION('',(#10154),#10162);
#10154 = B_SPLINE_CURVE_WITH_KNOTS('',6,(#10155,#10156,#10157,#10158,
    #10159,#10160,#10161),.UNSPECIFIED.,.F.,.F.,(7,7),(0.,1.),
  .PIECEWISE_BEZIER_KNOTS.);
#10155 = CARTESIAN_POINT('',(-1.570796326795,75.32055052823));
#10156 = CARTESIAN_POINT('',(-1.549652536606,75.669802234532));
#10157 = CARTESIAN_POINT('',(-1.532981723484,76.028081669052));
#10158 = CARTESIAN_POINT('',(-1.520590835756,76.39232112251));
#10159 = CARTESIAN_POINT('',(-1.512368999846,76.760261137353));
#10160 = CARTESIAN_POINT('',(-1.508255564998,77.130075436379));
#10161 = CARTESIAN_POINT('',(-1.508255564998,77.5));
#10162 = ( GEOMETRIC_REPRESENTATION_CONTEXT(2) 
PARAMETRIC_REPRESENTATION_CONTEXT() REPRESENTATION_CONTEXT('2D SPACE',''
  ) );
#10163 = PCURVE('',#9539,#10164);
#10164 = DEFINITIONAL_REPRESENTATION('',(#10165),#10173);
#10165 = B_SPLINE_CURVE_WITH_KNOTS('',6,(#10166,#10167,#10168,#10169,
    #10170,#10171,#10172),.UNSPECIFIED.,.F.,.F.,(7,7),(0.,1.),
  .PIECEWISE_BEZIER_KNOTS.);
#10166 = CARTESIAN_POINT('',(-5.832158495383,-0.5));
#10167 = CARTESIAN_POINT('',(-5.909769985673,-0.5));
#10168 = CARTESIAN_POINT('',(-5.985886983313,-0.495708540216));
#10169 = CARTESIAN_POINT('',(-6.060921021582,-0.490528040773));
#10170 = CARTESIAN_POINT('',(-6.135237415336,-0.486416216025));
#10171 = CARTESIAN_POINT('',(-6.209200394455,-0.484359711336));
#10172 = CARTESIAN_POINT('',(-6.28318530718,-0.484359711336));
#10173 = ( GEOMETRIC_REPRESENTATION_CONTEXT(2) 
PARAMETRIC_REPRESENTATION_CONTEXT() REPRESENTATION_CONTEXT('2D SPACE',''
  ) );
#10174 = ORIENTED_EDGE('',*,*,#10175,.T.);
#10175 = EDGE_CURVE('',#10141,#10176,#10178,.T.);
#10176 = VERTEX_POINT('',#10177);
#10177 = CARTESIAN_POINT('',(45.906493645352,66.548505439445,
    5.302754058019));
#10178 = SURFACE_CURVE('',#10179,(#10187,#10198),.PCURVE_S1.);
#10179 = B_SPLINE_CURVE_WITH_KNOTS('',6,(#10180,#10181,#10182,#10183,
    #10184,#10185,#10186),.UNSPECIFIED.,.F.,.F.,(7,7),(0.,1.),
  .PIECEWISE_BEZIER_KNOTS.);
#10180 = CARTESIAN_POINT('',(47.428763853782,64.910777075638,
    5.330751156749));
#10181 = CARTESIAN_POINT('',(47.24380156172,65.231141162973,
    5.330751156749));
#10182 = CARTESIAN_POINT('',(47.030404706267,65.534961198429,
    5.329937395473));
#10183 = CARTESIAN_POINT('',(46.789488201884,65.820728499792,
    5.328312008328));
#10184 = CARTESIAN_POINT('',(46.521573099316,66.086635111312,
    5.324844970101));
#10185 = CARTESIAN_POINT('',(46.227050565501,66.33029789961,
    5.317496481048));
#10186 = CARTESIAN_POINT('',(45.906493645352,66.548505439445,
    5.302754058019));
#10187 = PCURVE('',#9005,#10188);
#10188 = DEFINITIONAL_REPRESENTATION('',(#10189),#10197);
#10189 = B_SPLINE_CURVE_WITH_KNOTS('',6,(#10190,#10191,#10192,#10193,
    #10194,#10195,#10196),.UNSPECIFIED.,.F.,.F.,(7,7),(0.,1.),
  .PIECEWISE_BEZIER_KNOTS.);
#10190 = CARTESIAN_POINT('',(-1.508255564998,77.5));
#10191 = CARTESIAN_POINT('',(-1.508255564998,77.869924584124));
#10192 = CARTESIAN_POINT('',(-1.512369000344,78.239738880734));
#10193 = CARTESIAN_POINT('',(-1.520590836091,78.607678875476));
#10194 = CARTESIAN_POINT('',(-1.532981722865,78.971918307371));
#10195 = CARTESIAN_POINT('',(-1.549652534997,79.330197738901));
#10196 = CARTESIAN_POINT('',(-1.570796326795,79.67944947177));
#10197 = ( GEOMETRIC_REPRESENTATION_CONTEXT(2) 
PARAMETRIC_REPRESENTATION_CONTEXT() REPRESENTATION_CONTEXT('2D SPACE',''
  ) );
#10198 = PCURVE('',#9539,#10199);
#10199 = DEFINITIONAL_REPRESENTATION('',(#10200),#10208);
#10200 = B_SPLINE_CURVE_WITH_KNOTS('',6,(#10201,#10202,#10203,#10204,
    #10205,#10206,#10207),.UNSPECIFIED.,.F.,.F.,(7,7),(0.,1.),
  .PIECEWISE_BEZIER_KNOTS.);
#10201 = CARTESIAN_POINT('',(0.,-0.484359711336));
#10202 = CARTESIAN_POINT('',(-7.39849168247E-02,-0.484359711336));
#10203 = CARTESIAN_POINT('',(-0.147947895525,-0.486416216125));
#10204 = CARTESIAN_POINT('',(-0.222264285203,-0.490528041234));
#10205 = CARTESIAN_POINT('',(-0.297298319232,-0.495708539438));
#10206 = CARTESIAN_POINT('',(-0.373415315603,-0.5));
#10207 = CARTESIAN_POINT('',(-0.451026811796,-0.5));
#10208 = ( GEOMETRIC_REPRESENTATION_CONTEXT(2) 
PARAMETRIC_REPRESENTATION_CONTEXT() REPRESENTATION_CONTEXT('2D SPACE',''
  ) );
#10209 = ORIENTED_EDGE('',*,*,#10210,.T.);
#10210 = EDGE_CURVE('',#10176,#10211,#10213,.T.);
#10211 = VERTEX_POINT('',#10212);
#10212 = CARTESIAN_POINT('',(42.746218381237,72.022262762795,
    5.302754058019));
#10213 = SURFACE_CURVE('',#10214,(#10218,#10225),.PCURVE_S1.);
#10214 = LINE('',#10215,#10216);
#10215 = CARTESIAN_POINT('',(85.746218381237,-2.455921962667,
    5.302754058019));
#10216 = VECTOR('',#10217,1.);
#10217 = DIRECTION('',(-0.5,0.866025403784,0.));
#10218 = PCURVE('',#9005,#10219);
#10219 = DEFINITIONAL_REPRESENTATION('',(#10220),#10224);
#10220 = LINE('',#10221,#10222);
#10221 = CARTESIAN_POINT('',(-1.570796326795,0.));
#10222 = VECTOR('',#10223,1.);
#10223 = DIRECTION('',(-0.,1.));
#10224 = ( GEOMETRIC_REPRESENTATION_CONTEXT(2) 
PARAMETRIC_REPRESENTATION_CONTEXT() REPRESENTATION_CONTEXT('2D SPACE',''
  ) );
#10225 = PCURVE('',#9483,#10226);
#10226 = DEFINITIONAL_REPRESENTATION('',(#10227),#10231);
#10227 = LINE('',#10228,#10229);
#10228 = CARTESIAN_POINT('',(4.5,-45.));
#10229 = VECTOR('',#10230,1.);
#10230 = DIRECTION('',(-7.858696607916E-18,1.));
#10231 = ( GEOMETRIC_REPRESENTATION_CONTEXT(2) 
PARAMETRIC_REPRESENTATION_CONTEXT() REPRESENTATION_CONTEXT('2D SPACE',''
  ) );
#10232 = ORIENTED_EDGE('',*,*,#10233,.T.);
#10233 = EDGE_CURVE('',#10211,#9811,#10234,.T.);
#10234 = SURFACE_CURVE('',#10235,(#10240,#10247),.PCURVE_S1.);
#10235 = CIRCLE('',#10236,8.);
#10236 = AXIS2_PLACEMENT_3D('',#10237,#10238,#10239);
#10237 = CARTESIAN_POINT('',(43.350051079678,72.370885733786,
    -2.666803526715));
#10238 = DIRECTION('',(-0.5,0.866025403784,-3.756789585913E-18));
#10239 = DIRECTION('',(-7.547908730517E-02,-4.357787137383E-02,
    0.996194698092));
#10240 = PCURVE('',#9005,#10241);
#10241 = DEFINITIONAL_REPRESENTATION('',(#10242),#10246);
#10242 = LINE('',#10243,#10244);
#10243 = CARTESIAN_POINT('',(-1.570796326795,86.));
#10244 = VECTOR('',#10245,1.);
#10245 = DIRECTION('',(1.,-0.));
#10246 = ( GEOMETRIC_REPRESENTATION_CONTEXT(2) 
PARAMETRIC_REPRESENTATION_CONTEXT() REPRESENTATION_CONTEXT('2D SPACE',''
  ) );
#10247 = PCURVE('',#10248,#10253);
#10248 = TOROIDAL_SURFACE('',#10249,4.,4.);
#10249 = AXIS2_PLACEMENT_3D('',#10250,#10251,#10252);
#10250 = CARTESIAN_POINT('',(43.350051079678,72.370885733786,
    -2.666803526715));
#10251 = DIRECTION('',(-0.5,0.866025403784,0.));
#10252 = DIRECTION('',(-7.547908730517E-02,-4.357787137383E-02,
    0.996194698092));
#10253 = DEFINITIONAL_REPRESENTATION('',(#10254),#10258);
#10254 = LINE('',#10255,#10256);
#10255 = CARTESIAN_POINT('',(0.,0.));
#10256 = VECTOR('',#10257,1.);
#10257 = DIRECTION('',(1.,0.));
#10258 = ( GEOMETRIC_REPRESENTATION_CONTEXT(2) 
PARAMETRIC_REPRESENTATION_CONTEXT() REPRESENTATION_CONTEXT('2D SPACE',''
  ) );
#10259 = ADVANCED_FACE('',(#10260),#9081,.T.);
#10260 = FACE_BOUND('',#10261,.T.);
#10261 = EDGE_LOOP('',(#10262,#10263,#10264,#10265));
#10262 = ORIENTED_EDGE('',*,*,#9197,.T.);
#10263 = ORIENTED_EDGE('',*,*,#9170,.T.);
#10264 = ORIENTED_EDGE('',*,*,#9121,.T.);
#10265 = ORIENTED_EDGE('',*,*,#9067,.T.);
#10266 = ADVANCED_FACE('',(#10267),#9238,.T.);
#10267 = FACE_BOUND('',#10268,.T.);
#10268 = EDGE_LOOP('',(#10269,#10270,#10297,#10298));
#10269 = ORIENTED_EDGE('',*,*,#9253,.F.);
#10270 = ORIENTED_EDGE('',*,*,#10271,.F.);
#10271 = EDGE_CURVE('',#9362,#9254,#10272,.T.);
#10272 = SURFACE_CURVE('',#10273,(#10278,#10285),.PCURVE_S1.);
#10273 = CIRCLE('',#10274,4.);
#10274 = AXIS2_PLACEMENT_3D('',#10275,#10276,#10277);
#10275 = CARTESIAN_POINT('',(33.119564265394,66.464311417618,
    -16.80016899253));
#10276 = DIRECTION('',(-0.5,0.866025403784,-3.756789585913E-18));
#10277 = DIRECTION('',(7.547908730517E-02,4.357787137383E-02,
    -0.996194698092));
#10278 = PCURVE('',#9238,#10279);
#10279 = DEFINITIONAL_REPRESENTATION('',(#10280),#10284);
#10280 = LINE('',#10281,#10282);
#10281 = CARTESIAN_POINT('',(1.570796326795,4.));
#10282 = VECTOR('',#10283,1.);
#10283 = DIRECTION('',(-1.,-0.));
#10284 = ( GEOMETRIC_REPRESENTATION_CONTEXT(2) 
PARAMETRIC_REPRESENTATION_CONTEXT() REPRESENTATION_CONTEXT('2D SPACE',''
  ) );
#10285 = PCURVE('',#10286,#10291);
#10286 = SPHERICAL_SURFACE('',#10287,4.);
#10287 = AXIS2_PLACEMENT_3D('',#10288,#10289,#10290);
#10288 = CARTESIAN_POINT('',(33.119564265394,66.464311417618,
    -16.80016899253));
#10289 = DIRECTION('',(-0.5,0.866025403784,0.));
#10290 = DIRECTION('',(7.547908730517E-02,4.357787137383E-02,
    -0.996194698092));
#10291 = DEFINITIONAL_REPRESENTATION('',(#10292),#10296);
#10292 = LINE('',#10293,#10294);
#10293 = CARTESIAN_POINT('',(0.,0.));
#10294 = VECTOR('',#10295,1.);
#10295 = DIRECTION('',(1.,0.));
#10296 = ( GEOMETRIC_REPRESENTATION_CONTEXT(2) 
PARAMETRIC_REPRESENTATION_CONTEXT() REPRESENTATION_CONTEXT('2D SPACE',''
  ) );
#10297 = ORIENTED_EDGE('',*,*,#9361,.T.);
#10298 = ORIENTED_EDGE('',*,*,#9223,.T.);
#10299 = ADVANCED_FACE('',(#10300),#9292,.T.);
#10300 = FACE_BOUND('',#10301,.F.);
#10301 = EDGE_LOOP('',(#10302,#10326,#10354,#10376));
#10302 = ORIENTED_EDGE('',*,*,#10303,.T.);
#10303 = EDGE_CURVE('',#9254,#10304,#10306,.T.);
#10304 = VERTEX_POINT('',#10305);
#10305 = CARTESIAN_POINT('',(31.119564265394,69.928413032756,
    -16.80016899253));
#10306 = SURFACE_CURVE('',#10307,(#10312,#10319),.PCURVE_S1.);
#10307 = CIRCLE('',#10308,4.);
#10308 = AXIS2_PLACEMENT_3D('',#10309,#10310,#10311);
#10309 = CARTESIAN_POINT('',(33.119564265394,66.464311417618,
    -16.80016899253));
#10310 = DIRECTION('',(7.547908730517E-02,4.357787137383E-02,
    -0.996194698092));
#10311 = DIRECTION('',(-0.862729915663,-0.498097349046,
    -8.715574274766E-02));
#10312 = PCURVE('',#9292,#10313);
#10313 = DEFINITIONAL_REPRESENTATION('',(#10314),#10318);
#10314 = LINE('',#10315,#10316);
#10315 = CARTESIAN_POINT('',(-0.,0.));
#10316 = VECTOR('',#10317,1.);
#10317 = DIRECTION('',(-1.,0.));
#10318 = ( GEOMETRIC_REPRESENTATION_CONTEXT(2) 
PARAMETRIC_REPRESENTATION_CONTEXT() REPRESENTATION_CONTEXT('2D SPACE',''
  ) );
#10319 = PCURVE('',#10286,#10320);
#10320 = DEFINITIONAL_REPRESENTATION('',(#10321),#10325);
#10321 = LINE('',#10322,#10323);
#10322 = CARTESIAN_POINT('',(1.570796326795,0.));
#10323 = VECTOR('',#10324,1.);
#10324 = DIRECTION('',(0.,1.));
#10325 = ( GEOMETRIC_REPRESENTATION_CONTEXT(2) 
PARAMETRIC_REPRESENTATION_CONTEXT() REPRESENTATION_CONTEXT('2D SPACE',''
  ) );
#10326 = ORIENTED_EDGE('',*,*,#10327,.T.);
#10327 = EDGE_CURVE('',#10304,#10328,#10330,.T.);
#10328 = VERTEX_POINT('',#10329);
#10329 = CARTESIAN_POINT('',(30.134562176062,69.359721811327,
    -3.799828182435));
#10330 = SURFACE_CURVE('',#10331,(#10335,#10342),.PCURVE_S1.);
#10331 = LINE('',#10332,#10333);
#10332 = CARTESIAN_POINT('',(31.119564265394,69.928413032756,
    -16.80016899253));
#10333 = VECTOR('',#10334,1.);
#10334 = DIRECTION('',(-7.547908730517E-02,-4.357787137383E-02,
    0.996194698092));
#10335 = PCURVE('',#9292,#10336);
#10336 = DEFINITIONAL_REPRESENTATION('',(#10337),#10341);
#10337 = LINE('',#10338,#10339);
#10338 = CARTESIAN_POINT('',(-1.570796326795,0.));
#10339 = VECTOR('',#10340,1.);
#10340 = DIRECTION('',(-0.,1.));
#10341 = ( GEOMETRIC_REPRESENTATION_CONTEXT(2) 
PARAMETRIC_REPRESENTATION_CONTEXT() REPRESENTATION_CONTEXT('2D SPACE',''
  ) );
#10342 = PCURVE('',#10343,#10348);
#10343 = PLANE('',#10344);
#10344 = AXIS2_PLACEMENT_3D('',#10345,#10346,#10347);
#10345 = CARTESIAN_POINT('',(49.538808843534,80.562768848214,
    -18.95467718719));
#10346 = DIRECTION('',(0.5,-0.866025403784,0.));
#10347 = DIRECTION('',(-0.862729915663,-0.498097349046,
    -8.715574274766E-02));
#10348 = DEFINITIONAL_REPRESENTATION('',(#10349),#10353);
#10349 = LINE('',#10350,#10351);
#10350 = CARTESIAN_POINT('',(21.,-4.));
#10351 = VECTOR('',#10352,1.);
#10352 = DIRECTION('',(1.157957318589E-17,-1.));
#10353 = ( GEOMETRIC_REPRESENTATION_CONTEXT(2) 
PARAMETRIC_REPRESENTATION_CONTEXT() REPRESENTATION_CONTEXT('2D SPACE',''
  ) );
#10354 = ORIENTED_EDGE('',*,*,#10355,.F.);
#10355 = EDGE_CURVE('',#9277,#10328,#10356,.T.);
#10356 = SURFACE_CURVE('',#10357,(#10362,#10369),.PCURVE_S1.);
#10357 = CIRCLE('',#10358,4.);
#10358 = AXIS2_PLACEMENT_3D('',#10359,#10360,#10361);
#10359 = CARTESIAN_POINT('',(32.134562176062,65.895620196189,
    -3.799828182435));
#10360 = DIRECTION('',(7.547908730517E-02,4.357787137383E-02,
    -0.996194698092));
#10361 = DIRECTION('',(-0.862729915663,-0.498097349046,
    -8.715574274766E-02));
#10362 = PCURVE('',#9292,#10363);
#10363 = DEFINITIONAL_REPRESENTATION('',(#10364),#10368);
#10364 = LINE('',#10365,#10366);
#10365 = CARTESIAN_POINT('',(-0.,13.05));
#10366 = VECTOR('',#10367,1.);
#10367 = DIRECTION('',(-1.,0.));
#10368 = ( GEOMETRIC_REPRESENTATION_CONTEXT(2) 
PARAMETRIC_REPRESENTATION_CONTEXT() REPRESENTATION_CONTEXT('2D SPACE',''
  ) );
#10369 = PCURVE('',#9455,#10370);
#10370 = DEFINITIONAL_REPRESENTATION('',(#10371),#10375);
#10371 = LINE('',#10372,#10373);
#10372 = CARTESIAN_POINT('',(0.,0.));
#10373 = VECTOR('',#10374,1.);
#10374 = DIRECTION('',(0.,1.));
#10375 = ( GEOMETRIC_REPRESENTATION_CONTEXT(2) 
PARAMETRIC_REPRESENTATION_CONTEXT() REPRESENTATION_CONTEXT('2D SPACE',''
  ) );
#10376 = ORIENTED_EDGE('',*,*,#9276,.F.);
#10377 = ADVANCED_FACE('',(#10378),#9346,.T.);
#10378 = FACE_BOUND('',#10379,.F.);
#10379 = EDGE_LOOP('',(#10380,#10381,#10382,#10383));
#10380 = ORIENTED_EDGE('',*,*,#9385,.F.);
#10381 = ORIENTED_EDGE('',*,*,#9331,.F.);
#10382 = ORIENTED_EDGE('',*,*,#9786,.T.);
#10383 = ORIENTED_EDGE('',*,*,#10384,.T.);
#10384 = EDGE_CURVE('',#9787,#9386,#10385,.T.);
#10385 = SURFACE_CURVE('',#10386,(#10391,#10398),.PCURVE_S1.);
#10386 = CIRCLE('',#10387,4.);
#10387 = AXIS2_PLACEMENT_3D('',#10388,#10389,#10390);
#10388 = CARTESIAN_POINT('',(47.785972831662,74.931966351398,
    -15.31852136582));
#10389 = DIRECTION('',(-0.5,0.866025403784,-5.002843369345E-18));
#10390 = DIRECTION('',(0.862729915663,0.498097349046,8.715574274766E-02)
  );
#10391 = PCURVE('',#9346,#10392);
#10392 = DEFINITIONAL_REPRESENTATION('',(#10393),#10397);
#10393 = LINE('',#10394,#10395);
#10394 = CARTESIAN_POINT('',(-1.570796326795,86.));
#10395 = VECTOR('',#10396,1.);
#10396 = DIRECTION('',(1.,-0.));
#10397 = ( GEOMETRIC_REPRESENTATION_CONTEXT(2) 
PARAMETRIC_REPRESENTATION_CONTEXT() REPRESENTATION_CONTEXT('2D SPACE',''
  ) );
#10398 = PCURVE('',#10399,#10404);
#10399 = SPHERICAL_SURFACE('',#10400,4.);
#10400 = AXIS2_PLACEMENT_3D('',#10401,#10402,#10403);
#10401 = CARTESIAN_POINT('',(47.785972831662,74.931966351398,
    -15.31852136582));
#10402 = DIRECTION('',(-0.5,0.866025403784,0.));
#10403 = DIRECTION('',(0.862729915663,0.498097349046,8.715574274766E-02)
  );
#10404 = DEFINITIONAL_REPRESENTATION('',(#10405),#10409);
#10405 = LINE('',#10406,#10407);
#10406 = CARTESIAN_POINT('',(0.,0.));
#10407 = VECTOR('',#10408,1.);
#10408 = DIRECTION('',(1.,0.));
#10409 = ( GEOMETRIC_REPRESENTATION_CONTEXT(2) 
PARAMETRIC_REPRESENTATION_CONTEXT() REPRESENTATION_CONTEXT('2D SPACE',''
  ) );
#10410 = ADVANCED_FACE('',(#10411),#9422,.T.);
#10411 = FACE_BOUND('',#10412,.F.);
#10412 = EDGE_LOOP('',(#10413,#10437,#10458,#10480));
#10413 = ORIENTED_EDGE('',*,*,#10414,.T.);
#10414 = EDGE_CURVE('',#9386,#10415,#10417,.T.);
#10415 = VERTEX_POINT('',#10416);
#10416 = CARTESIAN_POINT('',(45.785972831662,78.396067966535,
    -15.31852136582));
#10417 = SURFACE_CURVE('',#10418,(#10423,#10430),.PCURVE_S1.);
#10418 = CIRCLE('',#10419,4.);
#10419 = AXIS2_PLACEMENT_3D('',#10420,#10421,#10422);
#10420 = CARTESIAN_POINT('',(47.785972831662,74.931966351398,
    -15.31852136582));
#10421 = DIRECTION('',(0.862729915663,0.498097349046,8.715574274766E-02)
  );
#10422 = DIRECTION('',(7.547908730517E-02,4.357787137383E-02,
    -0.996194698092));
#10423 = PCURVE('',#9422,#10424);
#10424 = DEFINITIONAL_REPRESENTATION('',(#10425),#10429);
#10425 = LINE('',#10426,#10427);
#10426 = CARTESIAN_POINT('',(-0.,0.));
#10427 = VECTOR('',#10428,1.);
#10428 = DIRECTION('',(-1.,0.));
#10429 = ( GEOMETRIC_REPRESENTATION_CONTEXT(2) 
PARAMETRIC_REPRESENTATION_CONTEXT() REPRESENTATION_CONTEXT('2D SPACE',''
  ) );
#10430 = PCURVE('',#10399,#10431);
#10431 = DEFINITIONAL_REPRESENTATION('',(#10432),#10436);
#10432 = LINE('',#10433,#10434);
#10433 = CARTESIAN_POINT('',(1.570796326795,0.));
#10434 = VECTOR('',#10435,1.);
#10435 = DIRECTION('',(0.,1.));
#10436 = ( GEOMETRIC_REPRESENTATION_CONTEXT(2) 
PARAMETRIC_REPRESENTATION_CONTEXT() REPRESENTATION_CONTEXT('2D SPACE',''
  ) );
#10437 = ORIENTED_EDGE('',*,*,#10438,.T.);
#10438 = EDGE_CURVE('',#10415,#10304,#10439,.T.);
#10439 = SURFACE_CURVE('',#10440,(#10444,#10451),.PCURVE_S1.);
#10440 = LINE('',#10441,#10442);
#10441 = CARTESIAN_POINT('',(45.785972831662,78.396067966535,
    -15.31852136582));
#10442 = VECTOR('',#10443,1.);
#10443 = DIRECTION('',(-0.862729915663,-0.498097349046,
    -8.715574274766E-02));
#10444 = PCURVE('',#9422,#10445);
#10445 = DEFINITIONAL_REPRESENTATION('',(#10446),#10450);
#10446 = LINE('',#10447,#10448);
#10447 = CARTESIAN_POINT('',(-1.570796326795,0.));
#10448 = VECTOR('',#10449,1.);
#10449 = DIRECTION('',(-0.,1.));
#10450 = ( GEOMETRIC_REPRESENTATION_CONTEXT(2) 
PARAMETRIC_REPRESENTATION_CONTEXT() REPRESENTATION_CONTEXT('2D SPACE',''
  ) );
#10451 = PCURVE('',#10343,#10452);
#10452 = DEFINITIONAL_REPRESENTATION('',(#10453),#10457);
#10453 = LINE('',#10454,#10455);
#10454 = CARTESIAN_POINT('',(4.,-4.));
#10455 = VECTOR('',#10456,1.);
#10456 = DIRECTION('',(1.,-1.157957318589E-17));
#10457 = ( GEOMETRIC_REPRESENTATION_CONTEXT(2) 
PARAMETRIC_REPRESENTATION_CONTEXT() REPRESENTATION_CONTEXT('2D SPACE',''
  ) );
#10458 = ORIENTED_EDGE('',*,*,#10459,.F.);
#10459 = EDGE_CURVE('',#9362,#10304,#10460,.T.);
#10460 = SURFACE_CURVE('',#10461,(#10466,#10473),.PCURVE_S1.);
#10461 = CIRCLE('',#10462,4.);
#10462 = AXIS2_PLACEMENT_3D('',#10463,#10464,#10465);
#10463 = CARTESIAN_POINT('',(33.119564265394,66.464311417618,
    -16.80016899253));
#10464 = DIRECTION('',(0.862729915663,0.498097349046,8.715574274766E-02)
  );
#10465 = DIRECTION('',(7.547908730517E-02,4.357787137383E-02,
    -0.996194698092));
#10466 = PCURVE('',#9422,#10467);
#10467 = DEFINITIONAL_REPRESENTATION('',(#10468),#10472);
#10468 = LINE('',#10469,#10470);
#10469 = CARTESIAN_POINT('',(-0.,17.));
#10470 = VECTOR('',#10471,1.);
#10471 = DIRECTION('',(-1.,0.));
#10472 = ( GEOMETRIC_REPRESENTATION_CONTEXT(2) 
PARAMETRIC_REPRESENTATION_CONTEXT() REPRESENTATION_CONTEXT('2D SPACE',''
  ) );
#10473 = PCURVE('',#10286,#10474);
#10474 = DEFINITIONAL_REPRESENTATION('',(#10475),#10479);
#10475 = LINE('',#10476,#10477);
#10476 = CARTESIAN_POINT('',(0.,0.));
#10477 = VECTOR('',#10478,1.);
#10478 = DIRECTION('',(0.,1.));
#10479 = ( GEOMETRIC_REPRESENTATION_CONTEXT(2) 
PARAMETRIC_REPRESENTATION_CONTEXT() REPRESENTATION_CONTEXT('2D SPACE',''
  ) );
#10480 = ORIENTED_EDGE('',*,*,#9408,.F.);
#10481 = ADVANCED_FACE('',(#10482),#9735,.F.);
#10482 = FACE_BOUND('',#10483,.T.);
#10483 = EDGE_LOOP('',(#10484,#10513,#10534,#10535,#10561,#10562,#10563,
    #10564));
#10484 = ORIENTED_EDGE('',*,*,#10485,.F.);
#10485 = EDGE_CURVE('',#10486,#10486,#10488,.T.);
#10486 = VERTEX_POINT('',#10487);
#10487 = CARTESIAN_POINT('',(72.465322882721,21.630614251615,
    4.848234580347));
#10488 = SURFACE_CURVE('',#10489,(#10494,#10501),.PCURVE_S1.);
#10489 = CIRCLE('',#10490,5.);
#10490 = AXIS2_PLACEMENT_3D('',#10491,#10492,#10493);
#10491 = CARTESIAN_POINT('',(68.151673304407,19.140127506386,
    4.412455866608));
#10492 = DIRECTION('',(-7.547908730517E-02,-4.357787137383E-02,
    0.996194698092));
#10493 = DIRECTION('',(0.862729915663,0.498097349046,8.715574274766E-02)
  );
#10494 = PCURVE('',#9735,#10495);
#10495 = DEFINITIONAL_REPRESENTATION('',(#10496),#10500);
#10496 = LINE('',#10497,#10498);
#10497 = CARTESIAN_POINT('',(-0.,0.));
#10498 = VECTOR('',#10499,1.);
#10499 = DIRECTION('',(-1.,0.));
#10500 = ( GEOMETRIC_REPRESENTATION_CONTEXT(2) 
PARAMETRIC_REPRESENTATION_CONTEXT() REPRESENTATION_CONTEXT('2D SPACE',''
  ) );
#10501 = PCURVE('',#10502,#10507);
#10502 = PLANE('',#10503);
#10503 = AXIS2_PLACEMENT_3D('',#10504,#10505,#10506);
#10504 = CARTESIAN_POINT('',(68.151673304407,19.140127506386,
    4.412455866608));
#10505 = DIRECTION('',(-7.547908730517E-02,-4.357787137383E-02,
    0.996194698092));
#10506 = DIRECTION('',(0.862729915663,0.498097349046,8.715574274766E-02)
  );
#10507 = DEFINITIONAL_REPRESENTATION('',(#10508),#10512);
#10508 = CIRCLE('',#10509,5.);
#10509 = AXIS2_PLACEMENT_2D('',#10510,#10511);
#10510 = CARTESIAN_POINT('',(-1.76959726533E-15,-3.076740298214E-15));
#10511 = DIRECTION('',(1.,-7.620020411169E-18));
#10512 = ( GEOMETRIC_REPRESENTATION_CONTEXT(2) 
PARAMETRIC_REPRESENTATION_CONTEXT() REPRESENTATION_CONTEXT('2D SPACE',''
  ) );
#10513 = ORIENTED_EDGE('',*,*,#10514,.T.);
#10514 = EDGE_CURVE('',#10486,#9955,#10515,.T.);
#10515 = SEAM_CURVE('',#10516,(#10520,#10527),.PCURVE_S1.);
#10516 = LINE('',#10517,#10518);
#10517 = CARTESIAN_POINT('',(72.465322882721,21.630614251615,
    4.848234580347));
#10518 = VECTOR('',#10519,1.);
#10519 = DIRECTION('',(-7.547908730517E-02,-4.357787137383E-02,
    0.996194698092));
#10520 = PCURVE('',#9735,#10521);
#10521 = DEFINITIONAL_REPRESENTATION('',(#10522),#10526);
#10522 = LINE('',#10523,#10524);
#10523 = CARTESIAN_POINT('',(-6.28318530718,0.));
#10524 = VECTOR('',#10525,1.);
#10525 = DIRECTION('',(-0.,-1.));
#10526 = ( GEOMETRIC_REPRESENTATION_CONTEXT(2) 
PARAMETRIC_REPRESENTATION_CONTEXT() REPRESENTATION_CONTEXT('2D SPACE',''
  ) );
#10527 = PCURVE('',#9735,#10528);
#10528 = DEFINITIONAL_REPRESENTATION('',(#10529),#10533);
#10529 = LINE('',#10530,#10531);
#10530 = CARTESIAN_POINT('',(-0.,0.));
#10531 = VECTOR('',#10532,1.);
#10532 = DIRECTION('',(-0.,-1.));
#10533 = ( GEOMETRIC_REPRESENTATION_CONTEXT(2) 
PARAMETRIC_REPRESENTATION_CONTEXT() REPRESENTATION_CONTEXT('2D SPACE',''
  ) );
#10534 = ORIENTED_EDGE('',*,*,#9989,.T.);
#10535 = ORIENTED_EDGE('',*,*,#10536,.F.);
#10536 = EDGE_CURVE('',#9664,#9990,#10537,.T.);
#10537 = SURFACE_CURVE('',#10538,(#10543,#10550),.PCURVE_S1.);
#10538 = CIRCLE('',#10539,5.);
#10539 = AXIS2_PLACEMENT_3D('',#10540,#10541,#10542);
#10540 = CARTESIAN_POINT('',(68.113933760754,19.118338570699,
    4.910553215654));
#10541 = DIRECTION('',(7.547908730517E-02,4.357787137383E-02,
    -0.996194698092));
#10542 = DIRECTION('',(0.862729915663,0.498097349046,8.715574274766E-02)
  );
#10543 = PCURVE('',#9735,#10544);
#10544 = DEFINITIONAL_REPRESENTATION('',(#10545),#10549);
#10545 = LINE('',#10546,#10547);
#10546 = CARTESIAN_POINT('',(-6.28318530718,-0.5));
#10547 = VECTOR('',#10548,1.);
#10548 = DIRECTION('',(1.,-0.));
#10549 = ( GEOMETRIC_REPRESENTATION_CONTEXT(2) 
PARAMETRIC_REPRESENTATION_CONTEXT() REPRESENTATION_CONTEXT('2D SPACE',''
  ) );
#10550 = PCURVE('',#9679,#10551);
#10551 = DEFINITIONAL_REPRESENTATION('',(#10552),#10560);
#10552 = ( BOUNDED_CURVE() B_SPLINE_CURVE(2,(#10553,#10554,#10555,#10556
    ,#10557,#10558,#10559),.UNSPECIFIED.,.T.,.F.) 
B_SPLINE_CURVE_WITH_KNOTS((1,2,2,2,2,1),(-2.094395102393,0.,
    2.094395102393,4.188790204786,6.28318530718,8.377580409573),
.UNSPECIFIED.) CURVE() GEOMETRIC_REPRESENTATION_ITEM() 
RATIONAL_B_SPLINE_CURVE((1.,0.5,1.,0.5,1.,0.5,1.)) REPRESENTATION_ITEM(
  '') );
#10553 = CARTESIAN_POINT('',(5.,-17.5));
#10554 = CARTESIAN_POINT('',(5.,-26.16025403784));
#10555 = CARTESIAN_POINT('',(-2.5,-21.83012701892));
#10556 = CARTESIAN_POINT('',(-10.,-17.5));
#10557 = CARTESIAN_POINT('',(-2.5,-13.16987298107));
#10558 = CARTESIAN_POINT('',(5.,-8.839745962156));
#10559 = CARTESIAN_POINT('',(5.,-17.5));
#10560 = ( GEOMETRIC_REPRESENTATION_CONTEXT(2) 
PARAMETRIC_REPRESENTATION_CONTEXT() REPRESENTATION_CONTEXT('2D SPACE',''
  ) );
#10561 = ORIENTED_EDGE('',*,*,#9691,.T.);
#10562 = ORIENTED_EDGE('',*,*,#9862,.F.);
#10563 = ORIENTED_EDGE('',*,*,#9954,.T.);
#10564 = ORIENTED_EDGE('',*,*,#10514,.F.);
#10565 = ADVANCED_FACE('',(#10566),#9679,.T.);
#10566 = FACE_BOUND('',#10567,.T.);
#10567 = EDGE_LOOP('',(#10568,#10569,#10595,#10596));
#10568 = ORIENTED_EDGE('',*,*,#10024,.T.);
#10569 = ORIENTED_EDGE('',*,*,#10570,.T.);
#10570 = EDGE_CURVE('',#10025,#9594,#10571,.T.);
#10571 = SURFACE_CURVE('',#10572,(#10577,#10588),.PCURVE_S1.);
#10572 = CIRCLE('',#10573,5.);
#10573 = AXIS2_PLACEMENT_3D('',#10574,#10575,#10576);
#10574 = CARTESIAN_POINT('',(59.363933760754,34.273783136927,
    4.910553215654));
#10575 = DIRECTION('',(7.547908730517E-02,4.357787137383E-02,
    -0.996194698092));
#10576 = DIRECTION('',(0.862729915663,0.498097349046,8.715574274766E-02)
  );
#10577 = PCURVE('',#9679,#10578);
#10578 = DEFINITIONAL_REPRESENTATION('',(#10579),#10587);
#10579 = ( BOUNDED_CURVE() B_SPLINE_CURVE(2,(#10580,#10581,#10582,#10583
    ,#10584,#10585,#10586),.UNSPECIFIED.,.T.,.F.) 
B_SPLINE_CURVE_WITH_KNOTS((1,2,2,2,2,1),(-2.094395102393,0.,
    2.094395102393,4.188790204786,6.28318530718,8.377580409573),
.UNSPECIFIED.) CURVE() GEOMETRIC_REPRESENTATION_ITEM() 
RATIONAL_B_SPLINE_CURVE((1.,0.5,1.,0.5,1.,0.5,1.)) REPRESENTATION_ITEM(
  '') );
#10580 = CARTESIAN_POINT('',(5.,-3.810010205584E-17));
#10581 = CARTESIAN_POINT('',(5.,-8.660254037844));
#10582 = CARTESIAN_POINT('',(-2.5,-4.330127018922));
#10583 = CARTESIAN_POINT('',(-10.,-1.148446595036E-15));
#10584 = CARTESIAN_POINT('',(-2.5,4.330127018922));
#10585 = CARTESIAN_POINT('',(5.,8.660254037844));
#10586 = CARTESIAN_POINT('',(5.,-3.810010205584E-17));
#10587 = ( GEOMETRIC_REPRESENTATION_CONTEXT(2) 
PARAMETRIC_REPRESENTATION_CONTEXT() REPRESENTATION_CONTEXT('2D SPACE',''
  ) );
#10588 = PCURVE('',#9637,#10589);
#10589 = DEFINITIONAL_REPRESENTATION('',(#10590),#10594);
#10590 = LINE('',#10591,#10592);
#10591 = CARTESIAN_POINT('',(-6.28318530718,-0.5));
#10592 = VECTOR('',#10593,1.);
#10593 = DIRECTION('',(1.,-0.));
#10594 = ( GEOMETRIC_REPRESENTATION_CONTEXT(2) 
PARAMETRIC_REPRESENTATION_CONTEXT() REPRESENTATION_CONTEXT('2D SPACE',''
  ) );
#10595 = ORIENTED_EDGE('',*,*,#9663,.T.);
#10596 = ORIENTED_EDGE('',*,*,#10536,.T.);
#10597 = ADVANCED_FACE('',(#10598),#9637,.F.);
#10598 = FACE_BOUND('',#10599,.T.);
#10599 = EDGE_LOOP('',(#10600,#10629,#10650,#10651,#10677,#10678,#10679,
    #10680));
#10600 = ORIENTED_EDGE('',*,*,#10601,.F.);
#10601 = EDGE_CURVE('',#10602,#10602,#10604,.T.);
#10602 = VERTEX_POINT('',#10603);
#10603 = CARTESIAN_POINT('',(63.715322882721,36.786058817843,
    4.848234580347));
#10604 = SURFACE_CURVE('',#10605,(#10610,#10617),.PCURVE_S1.);
#10605 = CIRCLE('',#10606,5.);
#10606 = AXIS2_PLACEMENT_3D('',#10607,#10608,#10609);
#10607 = CARTESIAN_POINT('',(59.401673304407,34.295572072614,
    4.412455866608));
#10608 = DIRECTION('',(-7.547908730517E-02,-4.357787137383E-02,
    0.996194698092));
#10609 = DIRECTION('',(0.862729915663,0.498097349046,8.715574274766E-02)
  );
#10610 = PCURVE('',#9637,#10611);
#10611 = DEFINITIONAL_REPRESENTATION('',(#10612),#10616);
#10612 = LINE('',#10613,#10614);
#10613 = CARTESIAN_POINT('',(-0.,0.));
#10614 = VECTOR('',#10615,1.);
#10615 = DIRECTION('',(-1.,0.));
#10616 = ( GEOMETRIC_REPRESENTATION_CONTEXT(2) 
PARAMETRIC_REPRESENTATION_CONTEXT() REPRESENTATION_CONTEXT('2D SPACE',''
  ) );
#10617 = PCURVE('',#10618,#10623);
#10618 = PLANE('',#10619);
#10619 = AXIS2_PLACEMENT_3D('',#10620,#10621,#10622);
#10620 = CARTESIAN_POINT('',(59.401673304407,34.295572072614,
    4.412455866608));
#10621 = DIRECTION('',(-7.547908730517E-02,-4.357787137383E-02,
    0.996194698092));
#10622 = DIRECTION('',(0.862729915663,0.498097349046,8.715574274766E-02)
  );
#10623 = DEFINITIONAL_REPRESENTATION('',(#10624),#10628);
#10624 = CIRCLE('',#10625,5.);
#10625 = AXIS2_PLACEMENT_2D('',#10626,#10627);
#10626 = CARTESIAN_POINT('',(-3.539194530659E-15,-6.153480596427E-15));
#10627 = DIRECTION('',(1.,-7.620020411169E-18));
#10628 = ( GEOMETRIC_REPRESENTATION_CONTEXT(2) 
PARAMETRIC_REPRESENTATION_CONTEXT() REPRESENTATION_CONTEXT('2D SPACE',''
  ) );
#10629 = ORIENTED_EDGE('',*,*,#10630,.T.);
#10630 = EDGE_CURVE('',#10602,#10048,#10631,.T.);
#10631 = SEAM_CURVE('',#10632,(#10636,#10643),.PCURVE_S1.);
#10632 = LINE('',#10633,#10634);
#10633 = CARTESIAN_POINT('',(63.715322882721,36.786058817843,
    4.848234580347));
#10634 = VECTOR('',#10635,1.);
#10635 = DIRECTION('',(-7.547908730517E-02,-4.357787137383E-02,
    0.996194698092));
#10636 = PCURVE('',#9637,#10637);
#10637 = DEFINITIONAL_REPRESENTATION('',(#10638),#10642);
#10638 = LINE('',#10639,#10640);
#10639 = CARTESIAN_POINT('',(-6.28318530718,0.));
#10640 = VECTOR('',#10641,1.);
#10641 = DIRECTION('',(-0.,-1.));
#10642 = ( GEOMETRIC_REPRESENTATION_CONTEXT(2) 
PARAMETRIC_REPRESENTATION_CONTEXT() REPRESENTATION_CONTEXT('2D SPACE',''
  ) );
#10643 = PCURVE('',#9637,#10644);
#10644 = DEFINITIONAL_REPRESENTATION('',(#10645),#10649);
#10645 = LINE('',#10646,#10647);
#10646 = CARTESIAN_POINT('',(-0.,0.));
#10647 = VECTOR('',#10648,1.);
#10648 = DIRECTION('',(-0.,-1.));
#10649 = ( GEOMETRIC_REPRESENTATION_CONTEXT(2) 
PARAMETRIC_REPRESENTATION_CONTEXT() REPRESENTATION_CONTEXT('2D SPACE',''
  ) );
#10650 = ORIENTED_EDGE('',*,*,#10082,.T.);
#10651 = ORIENTED_EDGE('',*,*,#10652,.F.);
#10652 = EDGE_CURVE('',#9566,#10083,#10653,.T.);
#10653 = SURFACE_CURVE('',#10654,(#10659,#10666),.PCURVE_S1.);
#10654 = CIRCLE('',#10655,5.);
#10655 = AXIS2_PLACEMENT_3D('',#10656,#10657,#10658);
#10656 = CARTESIAN_POINT('',(59.363933760754,34.273783136927,
    4.910553215654));
#10657 = DIRECTION('',(7.547908730517E-02,4.357787137383E-02,
    -0.996194698092));
#10658 = DIRECTION('',(0.862729915663,0.498097349046,8.715574274766E-02)
  );
#10659 = PCURVE('',#9637,#10660);
#10660 = DEFINITIONAL_REPRESENTATION('',(#10661),#10665);
#10661 = LINE('',#10662,#10663);
#10662 = CARTESIAN_POINT('',(-6.28318530718,-0.5));
#10663 = VECTOR('',#10664,1.);
#10664 = DIRECTION('',(1.,-0.));
#10665 = ( GEOMETRIC_REPRESENTATION_CONTEXT(2) 
PARAMETRIC_REPRESENTATION_CONTEXT() REPRESENTATION_CONTEXT('2D SPACE',''
  ) );
#10666 = PCURVE('',#9581,#10667);
#10667 = DEFINITIONAL_REPRESENTATION('',(#10668),#10676);
#10668 = ( BOUNDED_CURVE() B_SPLINE_CURVE(2,(#10669,#10670,#10671,#10672
    ,#10673,#10674,#10675),.UNSPECIFIED.,.T.,.F.) 
B_SPLINE_CURVE_WITH_KNOTS((1,2,2,2,2,1),(-2.094395102393,0.,
    2.094395102393,4.188790204786,6.28318530718,8.377580409573),
.UNSPECIFIED.) CURVE() GEOMETRIC_REPRESENTATION_ITEM() 
RATIONAL_B_SPLINE_CURVE((1.,0.5,1.,0.5,1.,0.5,1.)) REPRESENTATION_ITEM(
  '') );
#10669 = CARTESIAN_POINT('',(5.,-3.810010205584E-17));
#10670 = CARTESIAN_POINT('',(5.,-8.660254037844));
#10671 = CARTESIAN_POINT('',(-2.5,-4.330127018922));
#10672 = CARTESIAN_POINT('',(-10.,-1.148446595036E-15));
#10673 = CARTESIAN_POINT('',(-2.5,4.330127018922));
#10674 = CARTESIAN_POINT('',(5.,8.660254037844));
#10675 = CARTESIAN_POINT('',(5.,-3.810010205584E-17));
#10676 = ( GEOMETRIC_REPRESENTATION_CONTEXT(2) 
PARAMETRIC_REPRESENTATION_CONTEXT() REPRESENTATION_CONTEXT('2D SPACE',''
  ) );
#10677 = ORIENTED_EDGE('',*,*,#9593,.T.);
#10678 = ORIENTED_EDGE('',*,*,#10570,.F.);
#10679 = ORIENTED_EDGE('',*,*,#10047,.T.);
#10680 = ORIENTED_EDGE('',*,*,#10630,.F.);
#10681 = ADVANCED_FACE('',(#10682),#9581,.T.);
#10682 = FACE_BOUND('',#10683,.T.);
#10683 = EDGE_LOOP('',(#10684,#10685,#10711,#10712));
#10684 = ORIENTED_EDGE('',*,*,#10117,.T.);
#10685 = ORIENTED_EDGE('',*,*,#10686,.T.);
#10686 = EDGE_CURVE('',#10118,#9496,#10687,.T.);
#10687 = SURFACE_CURVE('',#10688,(#10693,#10704),.PCURVE_S1.);
#10688 = CIRCLE('',#10689,5.);
#10689 = AXIS2_PLACEMENT_3D('',#10690,#10691,#10692);
#10690 = CARTESIAN_POINT('',(43.113933760754,62.419608759921,
    4.910553215654));
#10691 = DIRECTION('',(7.547908730517E-02,4.357787137383E-02,
    -0.996194698092));
#10692 = DIRECTION('',(0.862729915663,0.498097349046,8.715574274766E-02)
  );
#10693 = PCURVE('',#9581,#10694);
#10694 = DEFINITIONAL_REPRESENTATION('',(#10695),#10703);
#10695 = ( BOUNDED_CURVE() B_SPLINE_CURVE(2,(#10696,#10697,#10698,#10699
    ,#10700,#10701,#10702),.UNSPECIFIED.,.T.,.F.) 
B_SPLINE_CURVE_WITH_KNOTS((1,2,2,2,2,1),(-2.094395102393,0.,
    2.094395102393,4.188790204786,6.28318530718,8.377580409573),
.UNSPECIFIED.) CURVE() GEOMETRIC_REPRESENTATION_ITEM() 
RATIONAL_B_SPLINE_CURVE((1.,0.5,1.,0.5,1.,0.5,1.)) REPRESENTATION_ITEM(
  '') );
#10696 = CARTESIAN_POINT('',(5.,32.5));
#10697 = CARTESIAN_POINT('',(5.,23.839745962156));
#10698 = CARTESIAN_POINT('',(-2.5,28.169872981078));
#10699 = CARTESIAN_POINT('',(-10.,32.5));
#10700 = CARTESIAN_POINT('',(-2.5,36.830127018922));
#10701 = CARTESIAN_POINT('',(5.,41.160254037844));
#10702 = CARTESIAN_POINT('',(5.,32.5));
#10703 = ( GEOMETRIC_REPRESENTATION_CONTEXT(2) 
PARAMETRIC_REPRESENTATION_CONTEXT() REPRESENTATION_CONTEXT('2D SPACE',''
  ) );
#10704 = PCURVE('',#9539,#10705);
#10705 = DEFINITIONAL_REPRESENTATION('',(#10706),#10710);
#10706 = LINE('',#10707,#10708);
#10707 = CARTESIAN_POINT('',(-6.28318530718,-0.5));
#10708 = VECTOR('',#10709,1.);
#10709 = DIRECTION('',(1.,-0.));
#10710 = ( GEOMETRIC_REPRESENTATION_CONTEXT(2) 
PARAMETRIC_REPRESENTATION_CONTEXT() REPRESENTATION_CONTEXT('2D SPACE',''
  ) );
#10711 = ORIENTED_EDGE('',*,*,#9565,.T.);
#10712 = ORIENTED_EDGE('',*,*,#10652,.T.);
#10713 = ADVANCED_FACE('',(#10714),#9539,.F.);
#10714 = FACE_BOUND('',#10715,.T.);
#10715 = EDGE_LOOP('',(#10716,#10745,#10766,#10767,#10793,#10794,#10795,
    #10796));
#10716 = ORIENTED_EDGE('',*,*,#10717,.F.);
#10717 = EDGE_CURVE('',#10718,#10718,#10720,.T.);
#10718 = VERTEX_POINT('',#10719);
#10719 = CARTESIAN_POINT('',(47.465322882721,64.931884440837,
    4.848234580347));
#10720 = SURFACE_CURVE('',#10721,(#10726,#10733),.PCURVE_S1.);
#10721 = CIRCLE('',#10722,5.);
#10722 = AXIS2_PLACEMENT_3D('',#10723,#10724,#10725);
#10723 = CARTESIAN_POINT('',(43.151673304407,62.441397695608,
    4.412455866608));
#10724 = DIRECTION('',(-7.547908730517E-02,-4.357787137383E-02,
    0.996194698092));
#10725 = DIRECTION('',(0.862729915663,0.498097349046,8.715574274766E-02)
  );
#10726 = PCURVE('',#9539,#10727);
#10727 = DEFINITIONAL_REPRESENTATION('',(#10728),#10732);
#10728 = LINE('',#10729,#10730);
#10729 = CARTESIAN_POINT('',(-0.,0.));
#10730 = VECTOR('',#10731,1.);
#10731 = DIRECTION('',(-1.,0.));
#10732 = ( GEOMETRIC_REPRESENTATION_CONTEXT(2) 
PARAMETRIC_REPRESENTATION_CONTEXT() REPRESENTATION_CONTEXT('2D SPACE',''
  ) );
#10733 = PCURVE('',#10734,#10739);
#10734 = PLANE('',#10735);
#10735 = AXIS2_PLACEMENT_3D('',#10736,#10737,#10738);
#10736 = CARTESIAN_POINT('',(43.151673304407,62.441397695608,
    4.412455866608));
#10737 = DIRECTION('',(-7.547908730517E-02,-4.357787137383E-02,
    0.996194698092));
#10738 = DIRECTION('',(0.862729915663,0.498097349046,8.715574274766E-02)
  );
#10739 = DEFINITIONAL_REPRESENTATION('',(#10740),#10744);
#10740 = CIRCLE('',#10741,5.);
#10741 = AXIS2_PLACEMENT_2D('',#10742,#10743);
#10742 = CARTESIAN_POINT('',(0.,0.));
#10743 = DIRECTION('',(1.,-7.620020411169E-18));
#10744 = ( GEOMETRIC_REPRESENTATION_CONTEXT(2) 
PARAMETRIC_REPRESENTATION_CONTEXT() REPRESENTATION_CONTEXT('2D SPACE',''
  ) );
#10745 = ORIENTED_EDGE('',*,*,#10746,.T.);
#10746 = EDGE_CURVE('',#10718,#10141,#10747,.T.);
#10747 = SEAM_CURVE('',#10748,(#10752,#10759),.PCURVE_S1.);
#10748 = LINE('',#10749,#10750);
#10749 = CARTESIAN_POINT('',(47.465322882721,64.931884440837,
    4.848234580347));
#10750 = VECTOR('',#10751,1.);
#10751 = DIRECTION('',(-7.547908730517E-02,-4.357787137383E-02,
    0.996194698092));
#10752 = PCURVE('',#9539,#10753);
#10753 = DEFINITIONAL_REPRESENTATION('',(#10754),#10758);
#10754 = LINE('',#10755,#10756);
#10755 = CARTESIAN_POINT('',(-6.28318530718,0.));
#10756 = VECTOR('',#10757,1.);
#10757 = DIRECTION('',(-0.,-1.));
#10758 = ( GEOMETRIC_REPRESENTATION_CONTEXT(2) 
PARAMETRIC_REPRESENTATION_CONTEXT() REPRESENTATION_CONTEXT('2D SPACE',''
  ) );
#10759 = PCURVE('',#9539,#10760);
#10760 = DEFINITIONAL_REPRESENTATION('',(#10761),#10765);
#10761 = LINE('',#10762,#10763);
#10762 = CARTESIAN_POINT('',(-0.,0.));
#10763 = VECTOR('',#10764,1.);
#10764 = DIRECTION('',(-0.,-1.));
#10765 = ( GEOMETRIC_REPRESENTATION_CONTEXT(2) 
PARAMETRIC_REPRESENTATION_CONTEXT() REPRESENTATION_CONTEXT('2D SPACE',''
  ) );
#10766 = ORIENTED_EDGE('',*,*,#10175,.T.);
#10767 = ORIENTED_EDGE('',*,*,#10768,.F.);
#10768 = EDGE_CURVE('',#9468,#10176,#10769,.T.);
#10769 = SURFACE_CURVE('',#10770,(#10775,#10782),.PCURVE_S1.);
#10770 = CIRCLE('',#10771,5.);
#10771 = AXIS2_PLACEMENT_3D('',#10772,#10773,#10774);
#10772 = CARTESIAN_POINT('',(43.113933760754,62.419608759921,
    4.910553215654));
#10773 = DIRECTION('',(7.547908730517E-02,4.357787137383E-02,
    -0.996194698092));
#10774 = DIRECTION('',(0.862729915663,0.498097349046,8.715574274766E-02)
  );
#10775 = PCURVE('',#9539,#10776);
#10776 = DEFINITIONAL_REPRESENTATION('',(#10777),#10781);
#10777 = LINE('',#10778,#10779);
#10778 = CARTESIAN_POINT('',(-6.28318530718,-0.5));
#10779 = VECTOR('',#10780,1.);
#10780 = DIRECTION('',(1.,-0.));
#10781 = ( GEOMETRIC_REPRESENTATION_CONTEXT(2) 
PARAMETRIC_REPRESENTATION_CONTEXT() REPRESENTATION_CONTEXT('2D SPACE',''
  ) );
#10782 = PCURVE('',#9483,#10783);
#10783 = DEFINITIONAL_REPRESENTATION('',(#10784),#10792);
#10784 = ( BOUNDED_CURVE() B_SPLINE_CURVE(2,(#10785,#10786,#10787,#10788
    ,#10789,#10790,#10791),.UNSPECIFIED.,.T.,.F.) 
B_SPLINE_CURVE_WITH_KNOTS((1,2,2,2,2,1),(-2.094395102393,0.,
    2.094395102393,4.188790204786,6.28318530718,8.377580409573),
.UNSPECIFIED.) CURVE() GEOMETRIC_REPRESENTATION_ITEM() 
RATIONAL_B_SPLINE_CURVE((1.,0.5,1.,0.5,1.,0.5,1.)) REPRESENTATION_ITEM(
  '') );
#10785 = CARTESIAN_POINT('',(5.,32.5));
#10786 = CARTESIAN_POINT('',(5.,23.839745962156));
#10787 = CARTESIAN_POINT('',(-2.5,28.169872981078));
#10788 = CARTESIAN_POINT('',(-10.,32.5));
#10789 = CARTESIAN_POINT('',(-2.5,36.830127018922));
#10790 = CARTESIAN_POINT('',(5.,41.160254037844));
#10791 = CARTESIAN_POINT('',(5.,32.5));
#10792 = ( GEOMETRIC_REPRESENTATION_CONTEXT(2) 
PARAMETRIC_REPRESENTATION_CONTEXT() REPRESENTATION_CONTEXT('2D SPACE',''
  ) );
#10793 = ORIENTED_EDGE('',*,*,#9495,.T.);
#10794 = ORIENTED_EDGE('',*,*,#10686,.F.);
#10795 = ORIENTED_EDGE('',*,*,#10140,.T.);
#10796 = ORIENTED_EDGE('',*,*,#10746,.F.);
#10797 = ADVANCED_FACE('',(#10798),#9483,.T.);
#10798 = FACE_BOUND('',#10799,.T.);
#10799 = EDGE_LOOP('',(#10800,#10826,#10827,#10828));
#10800 = ORIENTED_EDGE('',*,*,#10801,.F.);
#10801 = EDGE_CURVE('',#9439,#10211,#10802,.T.);
#10802 = SURFACE_CURVE('',#10803,(#10807,#10814),.PCURVE_S1.);
#10803 = LINE('',#10804,#10805);
#10804 = CARTESIAN_POINT('',(34.981649140272,67.539386621382,
    4.51835237329));
#10805 = VECTOR('',#10806,1.);
#10806 = DIRECTION('',(0.862729915663,0.498097349046,8.715574274766E-02)
  );
#10807 = PCURVE('',#9483,#10808);
#10808 = DEFINITIONAL_REPRESENTATION('',(#10809),#10813);
#10809 = LINE('',#10810,#10811);
#10810 = CARTESIAN_POINT('',(-4.5,41.));
#10811 = VECTOR('',#10812,1.);
#10812 = DIRECTION('',(1.,-7.620020411169E-18));
#10813 = ( GEOMETRIC_REPRESENTATION_CONTEXT(2) 
PARAMETRIC_REPRESENTATION_CONTEXT() REPRESENTATION_CONTEXT('2D SPACE',''
  ) );
#10814 = PCURVE('',#10815,#10820);
#10815 = CYLINDRICAL_SURFACE('',#10816,4.);
#10816 = AXIS2_PLACEMENT_3D('',#10817,#10818,#10819);
#10817 = CARTESIAN_POINT('',(35.283565489492,67.713698106877,
    0.533573580923));
#10818 = DIRECTION('',(0.862729915663,0.498097349046,8.715574274766E-02)
  );
#10819 = DIRECTION('',(-7.547908730517E-02,-4.357787137383E-02,
    0.996194698092));
#10820 = DEFINITIONAL_REPRESENTATION('',(#10821),#10825);
#10821 = LINE('',#10822,#10823);
#10822 = CARTESIAN_POINT('',(-0.,0.));
#10823 = VECTOR('',#10824,1.);
#10824 = DIRECTION('',(-0.,1.));
#10825 = ( GEOMETRIC_REPRESENTATION_CONTEXT(2) 
PARAMETRIC_REPRESENTATION_CONTEXT() REPRESENTATION_CONTEXT('2D SPACE',''
  ) );
#10826 = ORIENTED_EDGE('',*,*,#9467,.T.);
#10827 = ORIENTED_EDGE('',*,*,#10768,.T.);
#10828 = ORIENTED_EDGE('',*,*,#10210,.T.);
#10829 = ADVANCED_FACE('',(#10830),#9455,.T.);
#10830 = FACE_BOUND('',#10831,.T.);
#10831 = EDGE_LOOP('',(#10832,#10833,#10834,#10858));
#10832 = ORIENTED_EDGE('',*,*,#10355,.F.);
#10833 = ORIENTED_EDGE('',*,*,#9438,.T.);
#10834 = ORIENTED_EDGE('',*,*,#10835,.T.);
#10835 = EDGE_CURVE('',#9439,#10836,#10838,.T.);
#10836 = VERTEX_POINT('',#10837);
#10837 = CARTESIAN_POINT('',(33.283565489492,71.177799722015,
    0.533573580923));
#10838 = SURFACE_CURVE('',#10839,(#10844,#10851),.PCURVE_S1.);
#10839 = CIRCLE('',#10840,4.);
#10840 = AXIS2_PLACEMENT_3D('',#10841,#10842,#10843);
#10841 = CARTESIAN_POINT('',(35.283565489492,67.713698106877,
    0.533573580923));
#10842 = DIRECTION('',(-0.862729915663,-0.498097349046,
    -8.715574274766E-02));
#10843 = DIRECTION('',(-7.547908730517E-02,-4.357787137383E-02,
    0.996194698092));
#10844 = PCURVE('',#9455,#10845);
#10845 = DEFINITIONAL_REPRESENTATION('',(#10846),#10850);
#10846 = LINE('',#10847,#10848);
#10847 = CARTESIAN_POINT('',(1.570796326795,0.));
#10848 = VECTOR('',#10849,1.);
#10849 = DIRECTION('',(0.,1.));
#10850 = ( GEOMETRIC_REPRESENTATION_CONTEXT(2) 
PARAMETRIC_REPRESENTATION_CONTEXT() REPRESENTATION_CONTEXT('2D SPACE',''
  ) );
#10851 = PCURVE('',#10815,#10852);
#10852 = DEFINITIONAL_REPRESENTATION('',(#10853),#10857);
#10853 = LINE('',#10854,#10855);
#10854 = CARTESIAN_POINT('',(-0.,0.));
#10855 = VECTOR('',#10856,1.);
#10856 = DIRECTION('',(-1.,0.));
#10857 = ( GEOMETRIC_REPRESENTATION_CONTEXT(2) 
PARAMETRIC_REPRESENTATION_CONTEXT() REPRESENTATION_CONTEXT('2D SPACE',''
  ) );
#10858 = ORIENTED_EDGE('',*,*,#10859,.F.);
#10859 = EDGE_CURVE('',#10328,#10836,#10860,.T.);
#10860 = SURFACE_CURVE('',#10861,(#10866,#10873),.PCURVE_S1.);
#10861 = CIRCLE('',#10862,4.);
#10862 = AXIS2_PLACEMENT_3D('',#10863,#10864,#10865);
#10863 = CARTESIAN_POINT('',(33.585481838713,71.352111207511,
    -3.451205211444));
#10864 = DIRECTION('',(-0.5,0.866025403784,-4.321716862084E-18));
#10865 = DIRECTION('',(-0.862729915663,-0.498097349046,
    -8.715574274766E-02));
#10866 = PCURVE('',#9455,#10867);
#10867 = DEFINITIONAL_REPRESENTATION('',(#10868),#10872);
#10868 = LINE('',#10869,#10870);
#10869 = CARTESIAN_POINT('',(0.,1.570796326795));
#10870 = VECTOR('',#10871,1.);
#10871 = DIRECTION('',(1.,0.));
#10872 = ( GEOMETRIC_REPRESENTATION_CONTEXT(2) 
PARAMETRIC_REPRESENTATION_CONTEXT() REPRESENTATION_CONTEXT('2D SPACE',''
  ) );
#10873 = PCURVE('',#10343,#10874);
#10874 = DEFINITIONAL_REPRESENTATION('',(#10875),#10883);
#10875 = ( BOUNDED_CURVE() B_SPLINE_CURVE(2,(#10876,#10877,#10878,#10879
    ,#10880,#10881,#10882),.UNSPECIFIED.,.T.,.F.) 
B_SPLINE_CURVE_WITH_KNOTS((1,2,2,2,2,1),(-2.094395102393,0.,
    2.094395102393,4.188790204786,6.28318530718,8.377580409573),
.UNSPECIFIED.) CURVE() GEOMETRIC_REPRESENTATION_ITEM() 
RATIONAL_B_SPLINE_CURVE((1.,0.5,1.,0.5,1.,0.5,1.)) REPRESENTATION_ITEM(
  '') );
#10876 = CARTESIAN_POINT('',(21.,-17.05));
#10877 = CARTESIAN_POINT('',(21.,-23.97820323027));
#10878 = CARTESIAN_POINT('',(15.,-20.51410161513));
#10879 = CARTESIAN_POINT('',(9.,-17.05));
#10880 = CARTESIAN_POINT('',(15.,-13.58589838486));
#10881 = CARTESIAN_POINT('',(21.,-10.12179676972));
#10882 = CARTESIAN_POINT('',(21.,-17.05));
#10883 = ( GEOMETRIC_REPRESENTATION_CONTEXT(2) 
PARAMETRIC_REPRESENTATION_CONTEXT() REPRESENTATION_CONTEXT('2D SPACE',''
  ) );
#10884 = ADVANCED_FACE('',(#10885),#9847,.T.);
#10885 = FACE_BOUND('',#10886,.F.);
#10886 = EDGE_LOOP('',(#10887,#10911,#10932,#10954));
#10887 = ORIENTED_EDGE('',*,*,#10888,.T.);
#10888 = EDGE_CURVE('',#9811,#10889,#10891,.T.);
#10889 = VERTEX_POINT('',#10890);
#10890 = CARTESIAN_POINT('',(44.80097074233,77.827376745107,
    -2.318180555725));
#10891 = SURFACE_CURVE('',#10892,(#10897,#10904),.PCURVE_S1.);
#10892 = CIRCLE('',#10893,4.);
#10893 = AXIS2_PLACEMENT_3D('',#10894,#10895,#10896);
#10894 = CARTESIAN_POINT('',(46.80097074233,74.363275129969,
    -2.318180555725));
#10895 = DIRECTION('',(-7.547908730517E-02,-4.357787137383E-02,
    0.996194698092));
#10896 = DIRECTION('',(0.862729915663,0.498097349046,8.715574274766E-02)
  );
#10897 = PCURVE('',#9847,#10898);
#10898 = DEFINITIONAL_REPRESENTATION('',(#10899),#10903);
#10899 = LINE('',#10900,#10901);
#10900 = CARTESIAN_POINT('',(-0.,0.));
#10901 = VECTOR('',#10902,1.);
#10902 = DIRECTION('',(-1.,0.));
#10903 = ( GEOMETRIC_REPRESENTATION_CONTEXT(2) 
PARAMETRIC_REPRESENTATION_CONTEXT() REPRESENTATION_CONTEXT('2D SPACE',''
  ) );
#10904 = PCURVE('',#10248,#10905);
#10905 = DEFINITIONAL_REPRESENTATION('',(#10906),#10910);
#10906 = LINE('',#10907,#10908);
#10907 = CARTESIAN_POINT('',(1.570796326795,0.));
#10908 = VECTOR('',#10909,1.);
#10909 = DIRECTION('',(0.,1.));
#10910 = ( GEOMETRIC_REPRESENTATION_CONTEXT(2) 
PARAMETRIC_REPRESENTATION_CONTEXT() REPRESENTATION_CONTEXT('2D SPACE',''
  ) );
#10911 = ORIENTED_EDGE('',*,*,#10912,.T.);
#10912 = EDGE_CURVE('',#10889,#10415,#10913,.T.);
#10913 = SURFACE_CURVE('',#10914,(#10918,#10925),.PCURVE_S1.);
#10914 = LINE('',#10915,#10916);
#10915 = CARTESIAN_POINT('',(44.80097074233,77.827376745107,
    -2.318180555725));
#10916 = VECTOR('',#10917,1.);
#10917 = DIRECTION('',(7.547908730517E-02,4.357787137383E-02,
    -0.996194698092));
#10918 = PCURVE('',#9847,#10919);
#10919 = DEFINITIONAL_REPRESENTATION('',(#10920),#10924);
#10920 = LINE('',#10921,#10922);
#10921 = CARTESIAN_POINT('',(-1.570796326795,0.));
#10922 = VECTOR('',#10923,1.);
#10923 = DIRECTION('',(-0.,1.));
#10924 = ( GEOMETRIC_REPRESENTATION_CONTEXT(2) 
PARAMETRIC_REPRESENTATION_CONTEXT() REPRESENTATION_CONTEXT('2D SPACE',''
  ) );
#10925 = PCURVE('',#10343,#10926);
#10926 = DEFINITIONAL_REPRESENTATION('',(#10927),#10931);
#10927 = LINE('',#10928,#10929);
#10928 = CARTESIAN_POINT('',(4.,-17.05));
#10929 = VECTOR('',#10930,1.);
#10930 = DIRECTION('',(-1.157957318589E-17,1.));
#10931 = ( GEOMETRIC_REPRESENTATION_CONTEXT(2) 
PARAMETRIC_REPRESENTATION_CONTEXT() REPRESENTATION_CONTEXT('2D SPACE',''
  ) );
#10932 = ORIENTED_EDGE('',*,*,#10933,.F.);
#10933 = EDGE_CURVE('',#9787,#10415,#10934,.T.);
#10934 = SURFACE_CURVE('',#10935,(#10940,#10947),.PCURVE_S1.);
#10935 = CIRCLE('',#10936,4.);
#10936 = AXIS2_PLACEMENT_3D('',#10937,#10938,#10939);
#10937 = CARTESIAN_POINT('',(47.785972831662,74.931966351398,
    -15.31852136582));
#10938 = DIRECTION('',(-7.547908730517E-02,-4.357787137383E-02,
    0.996194698092));
#10939 = DIRECTION('',(0.862729915663,0.498097349046,8.715574274766E-02)
  );
#10940 = PCURVE('',#9847,#10941);
#10941 = DEFINITIONAL_REPRESENTATION('',(#10942),#10946);
#10942 = LINE('',#10943,#10944);
#10943 = CARTESIAN_POINT('',(-0.,13.05));
#10944 = VECTOR('',#10945,1.);
#10945 = DIRECTION('',(-1.,0.));
#10946 = ( GEOMETRIC_REPRESENTATION_CONTEXT(2) 
PARAMETRIC_REPRESENTATION_CONTEXT() REPRESENTATION_CONTEXT('2D SPACE',''
  ) );
#10947 = PCURVE('',#10399,#10948);
#10948 = DEFINITIONAL_REPRESENTATION('',(#10949),#10953);
#10949 = LINE('',#10950,#10951);
#10950 = CARTESIAN_POINT('',(0.,0.));
#10951 = VECTOR('',#10952,1.);
#10952 = DIRECTION('',(0.,1.));
#10953 = ( GEOMETRIC_REPRESENTATION_CONTEXT(2) 
PARAMETRIC_REPRESENTATION_CONTEXT() REPRESENTATION_CONTEXT('2D SPACE',''
  ) );
#10954 = ORIENTED_EDGE('',*,*,#9833,.F.);
#10955 = ADVANCED_FACE('',(#10956),#9936,.F.);
#10956 = FACE_BOUND('',#10957,.T.);
#10957 = EDGE_LOOP('',(#10958,#10987,#11008,#11009));
#10958 = ORIENTED_EDGE('',*,*,#10959,.F.);
#10959 = EDGE_CURVE('',#10960,#10960,#10962,.T.);
#10960 = VERTEX_POINT('',#10961);
#10961 = CARTESIAN_POINT('',(79.102592967058,8.142135845803,
    4.761078837599));
#10962 = SURFACE_CURVE('',#10963,(#10968,#10975),.PCURVE_S1.);
#10963 = CIRCLE('',#10964,4.);
#10964 = AXIS2_PLACEMENT_3D('',#10965,#10966,#10967);
#10965 = CARTESIAN_POINT('',(75.651673304407,6.149746449619,
    4.412455866608));
#10966 = DIRECTION('',(-7.547908730517E-02,-4.357787137383E-02,
    0.996194698092));
#10967 = DIRECTION('',(0.862729915663,0.498097349046,8.715574274766E-02)
  );
#10968 = PCURVE('',#9936,#10969);
#10969 = DEFINITIONAL_REPRESENTATION('',(#10970),#10974);
#10970 = LINE('',#10971,#10972);
#10971 = CARTESIAN_POINT('',(-0.,0.));
#10972 = VECTOR('',#10973,1.);
#10973 = DIRECTION('',(-1.,0.));
#10974 = ( GEOMETRIC_REPRESENTATION_CONTEXT(2) 
PARAMETRIC_REPRESENTATION_CONTEXT() REPRESENTATION_CONTEXT('2D SPACE',''
  ) );
#10975 = PCURVE('',#10976,#10981);
#10976 = PLANE('',#10977);
#10977 = AXIS2_PLACEMENT_3D('',#10978,#10979,#10980);
#10978 = CARTESIAN_POINT('',(75.651673304407,6.149746449619,
    4.412455866608));
#10979 = DIRECTION('',(-7.547908730517E-02,-4.357787137383E-02,
    0.996194698092));
#10980 = DIRECTION('',(0.862729915663,0.498097349046,8.715574274766E-02)
  );
#10981 = DEFINITIONAL_REPRESENTATION('',(#10982),#10986);
#10982 = CIRCLE('',#10983,4.);
#10983 = AXIS2_PLACEMENT_2D('',#10984,#10985);
#10984 = CARTESIAN_POINT('',(-1.595414372032E-14,9.519467611736E-16));
#10985 = DIRECTION('',(1.,-7.620020411169E-18));
#10986 = ( GEOMETRIC_REPRESENTATION_CONTEXT(2) 
PARAMETRIC_REPRESENTATION_CONTEXT() REPRESENTATION_CONTEXT('2D SPACE',''
  ) );
#10987 = ORIENTED_EDGE('',*,*,#10988,.T.);
#10988 = EDGE_CURVE('',#10960,#9916,#10989,.T.);
#10989 = SEAM_CURVE('',#10990,(#10994,#11001),.PCURVE_S1.);
#10990 = LINE('',#10991,#10992);
#10991 = CARTESIAN_POINT('',(79.102592967058,8.142135845803,
    4.761078837599));
#10992 = VECTOR('',#10993,1.);
#10993 = DIRECTION('',(-7.547908730517E-02,-4.357787137383E-02,
    0.996194698092));
#10994 = PCURVE('',#9936,#10995);
#10995 = DEFINITIONAL_REPRESENTATION('',(#10996),#11000);
#10996 = LINE('',#10997,#10998);
#10997 = CARTESIAN_POINT('',(-6.28318530718,0.));
#10998 = VECTOR('',#10999,1.);
#10999 = DIRECTION('',(-0.,-1.));
#11000 = ( GEOMETRIC_REPRESENTATION_CONTEXT(2) 
PARAMETRIC_REPRESENTATION_CONTEXT() REPRESENTATION_CONTEXT('2D SPACE',''
  ) );
#11001 = PCURVE('',#9936,#11002);
#11002 = DEFINITIONAL_REPRESENTATION('',(#11003),#11007);
#11003 = LINE('',#11004,#11005);
#11004 = CARTESIAN_POINT('',(-0.,0.));
#11005 = VECTOR('',#11006,1.);
#11006 = DIRECTION('',(-0.,-1.));
#11007 = ( GEOMETRIC_REPRESENTATION_CONTEXT(2) 
PARAMETRIC_REPRESENTATION_CONTEXT() REPRESENTATION_CONTEXT('2D SPACE',''
  ) );
#11008 = ORIENTED_EDGE('',*,*,#9915,.F.);
#11009 = ORIENTED_EDGE('',*,*,#10988,.F.);
#11010 = ADVANCED_FACE('',(#11011),#10248,.T.);
#11011 = FACE_BOUND('',#11012,.T.);
#11012 = EDGE_LOOP('',(#11013,#11037,#11038,#11039));
#11013 = ORIENTED_EDGE('',*,*,#11014,.F.);
#11014 = EDGE_CURVE('',#10211,#11015,#11017,.T.);
#11015 = VERTEX_POINT('',#11016);
#11016 = CARTESIAN_POINT('',(41.048134730458,75.660675863428,
    1.317975265652));
#11017 = SURFACE_CURVE('',#11018,(#11023,#11030),.PCURVE_S1.);
#11018 = CIRCLE('',#11019,4.);
#11019 = AXIS2_PLACEMENT_3D('',#11020,#11021,#11022);
#11020 = CARTESIAN_POINT('',(43.048134730458,72.19657424829,
    1.317975265652));
#11021 = DIRECTION('',(-0.862729915663,-0.498097349046,
    -8.715574274766E-02));
#11022 = DIRECTION('',(-7.547908730517E-02,-4.357787137383E-02,
    0.996194698092));
#11023 = PCURVE('',#10248,#11024);
#11024 = DEFINITIONAL_REPRESENTATION('',(#11025),#11029);
#11025 = LINE('',#11026,#11027);
#11026 = CARTESIAN_POINT('',(0.,0.));
#11027 = VECTOR('',#11028,1.);
#11028 = DIRECTION('',(0.,1.));
#11029 = ( GEOMETRIC_REPRESENTATION_CONTEXT(2) 
PARAMETRIC_REPRESENTATION_CONTEXT() REPRESENTATION_CONTEXT('2D SPACE',''
  ) );
#11030 = PCURVE('',#10815,#11031);
#11031 = DEFINITIONAL_REPRESENTATION('',(#11032),#11036);
#11032 = LINE('',#11033,#11034);
#11033 = CARTESIAN_POINT('',(-0.,9.));
#11034 = VECTOR('',#11035,1.);
#11035 = DIRECTION('',(-1.,0.));
#11036 = ( GEOMETRIC_REPRESENTATION_CONTEXT(2) 
PARAMETRIC_REPRESENTATION_CONTEXT() REPRESENTATION_CONTEXT('2D SPACE',''
  ) );
#11037 = ORIENTED_EDGE('',*,*,#10233,.T.);
#11038 = ORIENTED_EDGE('',*,*,#10888,.T.);
#11039 = ORIENTED_EDGE('',*,*,#11040,.F.);
#11040 = EDGE_CURVE('',#11015,#10889,#11041,.T.);
#11041 = SURFACE_CURVE('',#11042,(#11047,#11054),.PCURVE_S1.);
#11042 = CIRCLE('',#11043,4.);
#11043 = AXIS2_PLACEMENT_3D('',#11044,#11045,#11046);
#11044 = CARTESIAN_POINT('',(41.350051079678,75.834987348923,
    -2.666803526715));
#11045 = DIRECTION('',(-0.5,0.866025403784,-3.756789585913E-18));
#11046 = DIRECTION('',(-7.547908730517E-02,-4.357787137383E-02,
    0.996194698092));
#11047 = PCURVE('',#10248,#11048);
#11048 = DEFINITIONAL_REPRESENTATION('',(#11049),#11053);
#11049 = LINE('',#11050,#11051);
#11050 = CARTESIAN_POINT('',(0.,1.570796326795));
#11051 = VECTOR('',#11052,1.);
#11052 = DIRECTION('',(1.,0.));
#11053 = ( GEOMETRIC_REPRESENTATION_CONTEXT(2) 
PARAMETRIC_REPRESENTATION_CONTEXT() REPRESENTATION_CONTEXT('2D SPACE',''
  ) );
#11054 = PCURVE('',#10343,#11055);
#11055 = DEFINITIONAL_REPRESENTATION('',(#11056),#11064);
#11056 = ( BOUNDED_CURVE() B_SPLINE_CURVE(2,(#11057,#11058,#11059,#11060
    ,#11061,#11062,#11063),.UNSPECIFIED.,.T.,.F.) 
B_SPLINE_CURVE_WITH_KNOTS((1,2,2,2,2,1),(-2.094395102393,0.,
    2.094395102393,4.188790204786,6.28318530718,8.377580409573),
.UNSPECIFIED.) CURVE() GEOMETRIC_REPRESENTATION_ITEM() 
RATIONAL_B_SPLINE_CURVE((1.,0.5,1.,0.5,1.,0.5,1.)) REPRESENTATION_ITEM(
  '') );
#11057 = CARTESIAN_POINT('',(8.,-21.05));
#11058 = CARTESIAN_POINT('',(1.071796769724,-21.05));
#11059 = CARTESIAN_POINT('',(4.535898384862,-15.05));
#11060 = CARTESIAN_POINT('',(8.,-9.05));
#11061 = CARTESIAN_POINT('',(11.464101615138,-15.05));
#11062 = CARTESIAN_POINT('',(14.928203230276,-21.05));
#11063 = CARTESIAN_POINT('',(8.,-21.05));
#11064 = ( GEOMETRIC_REPRESENTATION_CONTEXT(2) 
PARAMETRIC_REPRESENTATION_CONTEXT() REPRESENTATION_CONTEXT('2D SPACE',''
  ) );
#11065 = ADVANCED_FACE('',(#11066),#10286,.T.);
#11066 = FACE_BOUND('',#11067,.T.);
#11067 = EDGE_LOOP('',(#11068,#11069,#11070));
#11068 = ORIENTED_EDGE('',*,*,#10459,.F.);
#11069 = ORIENTED_EDGE('',*,*,#10271,.T.);
#11070 = ORIENTED_EDGE('',*,*,#10303,.T.);
#11071 = ADVANCED_FACE('',(#11072),#10343,.F.);
#11072 = FACE_BOUND('',#11073,.F.);
#11073 = EDGE_LOOP('',(#11074,#11075,#11076,#11077,#11078,#11099));
#11074 = ORIENTED_EDGE('',*,*,#10327,.F.);
#11075 = ORIENTED_EDGE('',*,*,#10438,.F.);
#11076 = ORIENTED_EDGE('',*,*,#10912,.F.);
#11077 = ORIENTED_EDGE('',*,*,#11040,.F.);
#11078 = ORIENTED_EDGE('',*,*,#11079,.F.);
#11079 = EDGE_CURVE('',#10836,#11015,#11080,.T.);
#11080 = SURFACE_CURVE('',#11081,(#11085,#11092),.PCURVE_S1.);
#11081 = LINE('',#11082,#11083);
#11082 = CARTESIAN_POINT('',(33.283565489492,71.177799722015,
    0.533573580923));
#11083 = VECTOR('',#11084,1.);
#11084 = DIRECTION('',(0.862729915663,0.498097349046,8.715574274766E-02)
  );
#11085 = PCURVE('',#10343,#11086);
#11086 = DEFINITIONAL_REPRESENTATION('',(#11087),#11091);
#11087 = LINE('',#11088,#11089);
#11088 = CARTESIAN_POINT('',(17.,-21.05));
#11089 = VECTOR('',#11090,1.);
#11090 = DIRECTION('',(-1.,1.157957318589E-17));
#11091 = ( GEOMETRIC_REPRESENTATION_CONTEXT(2) 
PARAMETRIC_REPRESENTATION_CONTEXT() REPRESENTATION_CONTEXT('2D SPACE',''
  ) );
#11092 = PCURVE('',#10815,#11093);
#11093 = DEFINITIONAL_REPRESENTATION('',(#11094),#11098);
#11094 = LINE('',#11095,#11096);
#11095 = CARTESIAN_POINT('',(-1.570796326795,0.));
#11096 = VECTOR('',#11097,1.);
#11097 = DIRECTION('',(-0.,1.));
#11098 = ( GEOMETRIC_REPRESENTATION_CONTEXT(2) 
PARAMETRIC_REPRESENTATION_CONTEXT() REPRESENTATION_CONTEXT('2D SPACE',''
  ) );
#11099 = ORIENTED_EDGE('',*,*,#10859,.F.);
#11100 = ADVANCED_FACE('',(#11101),#10399,.T.);
#11101 = FACE_BOUND('',#11102,.T.);
#11102 = EDGE_LOOP('',(#11103,#11104,#11105));
#11103 = ORIENTED_EDGE('',*,*,#10933,.F.);
#11104 = ORIENTED_EDGE('',*,*,#10384,.T.);
#11105 = ORIENTED_EDGE('',*,*,#10414,.T.);
#11106 = ADVANCED_FACE('',(#11107),#10502,.T.);
#11107 = FACE_BOUND('',#11108,.T.);
#11108 = EDGE_LOOP('',(#11109));
#11109 = ORIENTED_EDGE('',*,*,#10485,.T.);
#11110 = ADVANCED_FACE('',(#11111),#10618,.T.);
#11111 = FACE_BOUND('',#11112,.T.);
#11112 = EDGE_LOOP('',(#11113));
#11113 = ORIENTED_EDGE('',*,*,#10601,.T.);
#11114 = ADVANCED_FACE('',(#11115),#10734,.T.);
#11115 = FACE_BOUND('',#11116,.T.);
#11116 = EDGE_LOOP('',(#11117));
#11117 = ORIENTED_EDGE('',*,*,#10717,.T.);
#11118 = ADVANCED_FACE('',(#11119),#10815,.T.);
#11119 = FACE_BOUND('',#11120,.F.);
#11120 = EDGE_LOOP('',(#11121,#11122,#11123,#11124));
#11121 = ORIENTED_EDGE('',*,*,#10835,.T.);
#11122 = ORIENTED_EDGE('',*,*,#11079,.T.);
#11123 = ORIENTED_EDGE('',*,*,#11014,.F.);
#11124 = ORIENTED_EDGE('',*,*,#10801,.F.);
#11125 = ADVANCED_FACE('',(#11126),#10976,.T.);
#11126 = FACE_BOUND('',#11127,.T.);
#11127 = EDGE_LOOP('',(#11128));
#11128 = ORIENTED_EDGE('',*,*,#10959,.T.);
#11129 = ( GEOMETRIC_REPRESENTATION_CONTEXT(3) 
GLOBAL_UNCERTAINTY_ASSIGNED_CONTEXT((#11133)) 
GLOBAL_UNIT_ASSIGNED_CONTEXT((#11130,#11131,#11132)) 
REPRESENTATION_CONTEXT('Context #1',
  '3D Context with UNIT and UNCERTAINTY') );
#11130 = ( LENGTH_UNIT() NAMED_UNIT(*) SI_UNIT(.MILLI.,.METRE.) );
#11131 = ( NAMED_UNIT(*) PLANE_ANGLE_UNIT() SI_UNIT($,.RADIAN.) );
#11132 = ( NAMED_UNIT(*) SI_UNIT($,.STERADIAN.) SOLID_ANGLE_UNIT() );
#11133 = UNCERTAINTY_MEASURE_WITH_UNIT(LENGTH_MEASURE(1.E-07),#11130,
  'distance_accuracy_value','confusion accuracy');
#11134 = CONTEXT_DEPENDENT_SHAPE_REPRESENTATION(#11135,#11137);
#11135 = ( REPRESENTATION_RELATIONSHIP('','',#8333,#10) 
REPRESENTATION_RELATIONSHIP_WITH_TRANSFORMATION(#11136) 
SHAPE_REPRESENTATION_RELATIONSHIP() );
#11136 = ITEM_DEFINED_TRANSFORMATION('','',#11,#23);
#11137 = PRODUCT_DEFINITION_SHAPE('Placement','Placement of an item',
  #11138);
#11138 = NEXT_ASSEMBLY_USAGE_OCCURRENCE('12','d435_envelope','',#5,#8328
  ,$);
#11139 = PRODUCT_RELATED_PRODUCT_CATEGORY('part',$,(#8330));
#11140 = SHAPE_DEFINITION_REPRESENTATION(#11141,#11147);
#11141 = PRODUCT_DEFINITION_SHAPE('','',#11142);
#11142 = PRODUCT_DEFINITION('design','',#11143,#11146);
#11143 = PRODUCT_DEFINITION_FORMATION('','',#11144);
#11144 = PRODUCT('dowel','dowel','',(#11145));
#11145 = PRODUCT_CONTEXT('',#2,'mechanical');
#11146 = PRODUCT_DEFINITION_CONTEXT('part definition',#2,'design');
#11147 = ADVANCED_BREP_SHAPE_REPRESENTATION('',(#11,#11148),#11246);
#11148 = MANIFOLD_SOLID_BREP('',#11149);
#11149 = CLOSED_SHELL('',(#11150,#11238,#11242));
#11150 = ADVANCED_FACE('',(#11151),#11165,.T.);
#11151 = FACE_BOUND('',#11152,.F.);
#11152 = EDGE_LOOP('',(#11153,#11183,#11210,#11211));
#11153 = ORIENTED_EDGE('',*,*,#11154,.T.);
#11154 = EDGE_CURVE('',#11155,#11157,#11159,.T.);
#11155 = VERTEX_POINT('',#11156);
#11156 = CARTESIAN_POINT('',(4.,40.,-8.));
#11157 = VERTEX_POINT('',#11158);
#11158 = CARTESIAN_POINT('',(4.,40.,14.));
#11159 = SEAM_CURVE('',#11160,(#11164,#11176),.PCURVE_S1.);
#11160 = LINE('',#11161,#11162);
#11161 = CARTESIAN_POINT('',(4.,40.,-8.));
#11162 = VECTOR('',#11163,1.);
#11163 = DIRECTION('',(0.,0.,1.));
#11164 = PCURVE('',#11165,#11170);
#11165 = CYLINDRICAL_SURFACE('',#11166,4.);
#11166 = AXIS2_PLACEMENT_3D('',#11167,#11168,#11169);
#11167 = CARTESIAN_POINT('',(2.449293598295E-15,40.,-8.));
#11168 = DIRECTION('',(-0.,-0.,-1.));
#11169 = DIRECTION('',(1.,0.,0.));
#11170 = DEFINITIONAL_REPRESENTATION('',(#11171),#11175);
#11171 = LINE('',#11172,#11173);
#11172 = CARTESIAN_POINT('',(-0.,0.));
#11173 = VECTOR('',#11174,1.);
#11174 = DIRECTION('',(-0.,-1.));
#11175 = ( GEOMETRIC_REPRESENTATION_CONTEXT(2) 
PARAMETRIC_REPRESENTATION_CONTEXT() REPRESENTATION_CONTEXT('2D SPACE',''
  ) );
#11176 = PCURVE('',#11165,#11177);
#11177 = DEFINITIONAL_REPRESENTATION('',(#11178),#11182);
#11178 = LINE('',#11179,#11180);
#11179 = CARTESIAN_POINT('',(-6.28318530718,0.));
#11180 = VECTOR('',#11181,1.);
#11181 = DIRECTION('',(-0.,-1.));
#11182 = ( GEOMETRIC_REPRESENTATION_CONTEXT(2) 
PARAMETRIC_REPRESENTATION_CONTEXT() REPRESENTATION_CONTEXT('2D SPACE',''
  ) );
#11183 = ORIENTED_EDGE('',*,*,#11184,.T.);
#11184 = EDGE_CURVE('',#11157,#11157,#11185,.T.);
#11185 = SURFACE_CURVE('',#11186,(#11191,#11198),.PCURVE_S1.);
#11186 = CIRCLE('',#11187,4.);
#11187 = AXIS2_PLACEMENT_3D('',#11188,#11189,#11190);
#11188 = CARTESIAN_POINT('',(2.449293598295E-15,40.,14.));
#11189 = DIRECTION('',(0.,0.,1.));
#11190 = DIRECTION('',(1.,0.,0.));
#11191 = PCURVE('',#11165,#11192);
#11192 = DEFINITIONAL_REPRESENTATION('',(#11193),#11197);
#11193 = LINE('',#11194,#11195);
#11194 = CARTESIAN_POINT('',(-0.,-22.));
#11195 = VECTOR('',#11196,1.);
#11196 = DIRECTION('',(-1.,0.));
#11197 = ( GEOMETRIC_REPRESENTATION_CONTEXT(2) 
PARAMETRIC_REPRESENTATION_CONTEXT() REPRESENTATION_CONTEXT('2D SPACE',''
  ) );
#11198 = PCURVE('',#11199,#11204);
#11199 = PLANE('',#11200);
#11200 = AXIS2_PLACEMENT_3D('',#11201,#11202,#11203);
#11201 = CARTESIAN_POINT('',(2.393020231944E-15,40.,14.));
#11202 = DIRECTION('',(0.,0.,1.));
#11203 = DIRECTION('',(1.,0.,-0.));
#11204 = DEFINITIONAL_REPRESENTATION('',(#11205),#11209);
#11205 = CIRCLE('',#11206,4.);
#11206 = AXIS2_PLACEMENT_2D('',#11207,#11208);
#11207 = CARTESIAN_POINT('',(5.627336635072E-17,-7.105427357601E-15));
#11208 = DIRECTION('',(1.,0.));
#11209 = ( GEOMETRIC_REPRESENTATION_CONTEXT(2) 
PARAMETRIC_REPRESENTATION_CONTEXT() REPRESENTATION_CONTEXT('2D SPACE',''
  ) );
#11210 = ORIENTED_EDGE('',*,*,#11154,.F.);
#11211 = ORIENTED_EDGE('',*,*,#11212,.F.);
#11212 = EDGE_CURVE('',#11155,#11155,#11213,.T.);
#11213 = SURFACE_CURVE('',#11214,(#11219,#11226),.PCURVE_S1.);
#11214 = CIRCLE('',#11215,4.);
#11215 = AXIS2_PLACEMENT_3D('',#11216,#11217,#11218);
#11216 = CARTESIAN_POINT('',(2.449293598295E-15,40.,-8.));
#11217 = DIRECTION('',(0.,0.,1.));
#11218 = DIRECTION('',(1.,0.,0.));
#11219 = PCURVE('',#11165,#11220);
#11220 = DEFINITIONAL_REPRESENTATION('',(#11221),#11225);
#11221 = LINE('',#11222,#11223);
#11222 = CARTESIAN_POINT('',(-0.,0.));
#11223 = VECTOR('',#11224,1.);
#11224 = DIRECTION('',(-1.,0.));
#11225 = ( GEOMETRIC_REPRESENTATION_CONTEXT(2) 
PARAMETRIC_REPRESENTATION_CONTEXT() REPRESENTATION_CONTEXT('2D SPACE',''
  ) );
#11226 = PCURVE('',#11227,#11232);
#11227 = PLANE('',#11228);
#11228 = AXIS2_PLACEMENT_3D('',#11229,#11230,#11231);
#11229 = CARTESIAN_POINT('',(2.393020231944E-15,40.,-8.));
#11230 = DIRECTION('',(0.,0.,1.));
#11231 = DIRECTION('',(1.,0.,-0.));
#11232 = DEFINITIONAL_REPRESENTATION('',(#11233),#11237);
#11233 = CIRCLE('',#11234,4.);
#11234 = AXIS2_PLACEMENT_2D('',#11235,#11236);
#11235 = CARTESIAN_POINT('',(5.627336635072E-17,-7.105427357601E-15));
#11236 = DIRECTION('',(1.,0.));
#11237 = ( GEOMETRIC_REPRESENTATION_CONTEXT(2) 
PARAMETRIC_REPRESENTATION_CONTEXT() REPRESENTATION_CONTEXT('2D SPACE',''
  ) );
#11238 = ADVANCED_FACE('',(#11239),#11227,.F.);
#11239 = FACE_BOUND('',#11240,.F.);
#11240 = EDGE_LOOP('',(#11241));
#11241 = ORIENTED_EDGE('',*,*,#11212,.T.);
#11242 = ADVANCED_FACE('',(#11243),#11199,.T.);
#11243 = FACE_BOUND('',#11244,.T.);
#11244 = EDGE_LOOP('',(#11245));
#11245 = ORIENTED_EDGE('',*,*,#11184,.T.);
#11246 = ( GEOMETRIC_REPRESENTATION_CONTEXT(3) 
GLOBAL_UNCERTAINTY_ASSIGNED_CONTEXT((#11250)) 
GLOBAL_UNIT_ASSIGNED_CONTEXT((#11247,#11248,#11249)) 
REPRESENTATION_CONTEXT('Context #1',
  '3D Context with UNIT and UNCERTAINTY') );
#11247 = ( LENGTH_UNIT() NAMED_UNIT(*) SI_UNIT(.MILLI.,.METRE.) );
#11248 = ( NAMED_UNIT(*) PLANE_ANGLE_UNIT() SI_UNIT($,.RADIAN.) );
#11249 = ( NAMED_UNIT(*) SI_UNIT($,.STERADIAN.) SOLID_ANGLE_UNIT() );
#11250 = UNCERTAINTY_MEASURE_WITH_UNIT(LENGTH_MEASURE(1.E-07),#11247,
  'distance_accuracy_value','confusion accuracy');
#11251 = CONTEXT_DEPENDENT_SHAPE_REPRESENTATION(#11252,#11254);
#11252 = ( REPRESENTATION_RELATIONSHIP('','',#11147,#10) 
REPRESENTATION_RELATIONSHIP_WITH_TRANSFORMATION(#11253) 
SHAPE_REPRESENTATION_RELATIONSHIP() );
#11253 = ITEM_DEFINED_TRANSFORMATION('','',#11,#27);
#11254 = PRODUCT_DEFINITION_SHAPE('Placement','Placement of an item',
  #11255);
#11255 = NEXT_ASSEMBLY_USAGE_OCCURRENCE('13','dowel','',#5,#11142,$);
#11256 = PRODUCT_RELATED_PRODUCT_CATEGORY('part',$,(#11144));
#11257 = SHAPE_DEFINITION_REPRESENTATION(#11258,#11264);
#11258 = PRODUCT_DEFINITION_SHAPE('','',#11259);
#11259 = PRODUCT_DEFINITION('design','',#11260,#11263);
#11260 = PRODUCT_DEFINITION_FORMATION('','',#11261);
#11261 = PRODUCT('bolt_0','bolt_0','',(#11262));
#11262 = PRODUCT_CONTEXT('',#2,'mechanical');
#11263 = PRODUCT_DEFINITION_CONTEXT('part definition',#2,'design');
#11264 = ADVANCED_BREP_SHAPE_REPRESENTATION('',(#11,#11265),#11453);
#11265 = MANIFOLD_SOLID_BREP('',#11266);
#11266 = CLOSED_SHELL('',(#11267,#11355,#11390,#11394,#11449));
#11267 = ADVANCED_FACE('',(#11268),#11282,.T.);
#11268 = FACE_BOUND('',#11269,.F.);
#11269 = EDGE_LOOP('',(#11270,#11300,#11327,#11328));
#11270 = ORIENTED_EDGE('',*,*,#11271,.T.);
#11271 = EDGE_CURVE('',#11272,#11274,#11276,.T.);
#11272 = VERTEX_POINT('',#11273);
#11273 = CARTESIAN_POINT('',(46.5,0.,6.));
#11274 = VERTEX_POINT('',#11275);
#11275 = CARTESIAN_POINT('',(46.5,0.,14.));
#11276 = SEAM_CURVE('',#11277,(#11281,#11293),.PCURVE_S1.);
#11277 = LINE('',#11278,#11279);
#11278 = CARTESIAN_POINT('',(46.5,0.,6.));
#11279 = VECTOR('',#11280,1.);
#11280 = DIRECTION('',(0.,0.,1.));
#11281 = PCURVE('',#11282,#11287);
#11282 = CYLINDRICAL_SURFACE('',#11283,6.5);
#11283 = AXIS2_PLACEMENT_3D('',#11284,#11285,#11286);
#11284 = CARTESIAN_POINT('',(40.,0.,6.));
#11285 = DIRECTION('',(-0.,-0.,-1.));
#11286 = DIRECTION('',(1.,0.,0.));
#11287 = DEFINITIONAL_REPRESENTATION('',(#11288),#11292);
#11288 = LINE('',#11289,#11290);
#11289 = CARTESIAN_POINT('',(-0.,0.));
#11290 = VECTOR('',#11291,1.);
#11291 = DIRECTION('',(-0.,-1.));
#11292 = ( GEOMETRIC_REPRESENTATION_CONTEXT(2) 
PARAMETRIC_REPRESENTATION_CONTEXT() REPRESENTATION_CONTEXT('2D SPACE',''
  ) );
#11293 = PCURVE('',#11282,#11294);
#11294 = DEFINITIONAL_REPRESENTATION('',(#11295),#11299);
#11295 = LINE('',#11296,#11297);
#11296 = CARTESIAN_POINT('',(-6.28318530718,0.));
#11297 = VECTOR('',#11298,1.);
#11298 = DIRECTION('',(-0.,-1.));
#11299 = ( GEOMETRIC_REPRESENTATION_CONTEXT(2) 
PARAMETRIC_REPRESENTATION_CONTEXT() REPRESENTATION_CONTEXT('2D SPACE',''
  ) );
#11300 = ORIENTED_EDGE('',*,*,#11301,.T.);
#11301 = EDGE_CURVE('',#11274,#11274,#11302,.T.);
#11302 = SURFACE_CURVE('',#11303,(#11308,#11315),.PCURVE_S1.);
#11303 = CIRCLE('',#11304,6.5);
#11304 = AXIS2_PLACEMENT_3D('',#11305,#11306,#11307);
#11305 = CARTESIAN_POINT('',(40.,0.,14.));
#11306 = DIRECTION('',(0.,0.,1.));
#11307 = DIRECTION('',(1.,0.,0.));
#11308 = PCURVE('',#11282,#11309);
#11309 = DEFINITIONAL_REPRESENTATION('',(#11310),#11314);
#11310 = LINE('',#11311,#11312);
#11311 = CARTESIAN_POINT('',(-0.,-8.));
#11312 = VECTOR('',#11313,1.);
#11313 = DIRECTION('',(-1.,0.));
#11314 = ( GEOMETRIC_REPRESENTATION_CONTEXT(2) 
PARAMETRIC_REPRESENTATION_CONTEXT() REPRESENTATION_CONTEXT('2D SPACE',''
  ) );
#11315 = PCURVE('',#11316,#11321);
#11316 = PLANE('',#11317);
#11317 = AXIS2_PLACEMENT_3D('',#11318,#11319,#11320);
#11318 = CARTESIAN_POINT('',(40.,5.76161480209E-16,14.));
#11319 = DIRECTION('',(0.,0.,1.));
#11320 = DIRECTION('',(1.,0.,-0.));
#11321 = DEFINITIONAL_REPRESENTATION('',(#11322),#11326);
#11322 = CIRCLE('',#11323,6.5);
#11323 = AXIS2_PLACEMENT_2D('',#11324,#11325);
#11324 = CARTESIAN_POINT('',(7.105427357601E-15,-5.76161480209E-16));
#11325 = DIRECTION('',(1.,0.));
#11326 = ( GEOMETRIC_REPRESENTATION_CONTEXT(2) 
PARAMETRIC_REPRESENTATION_CONTEXT() REPRESENTATION_CONTEXT('2D SPACE',''
  ) );
#11327 = ORIENTED_EDGE('',*,*,#11271,.F.);
#11328 = ORIENTED_EDGE('',*,*,#11329,.F.);
#11329 = EDGE_CURVE('',#11272,#11272,#11330,.T.);
#11330 = SURFACE_CURVE('',#11331,(#11336,#11343),.PCURVE_S1.);
#11331 = CIRCLE('',#11332,6.5);
#11332 = AXIS2_PLACEMENT_3D('',#11333,#11334,#11335);
#11333 = CARTESIAN_POINT('',(40.,0.,6.));
#11334 = DIRECTION('',(0.,0.,1.));
#11335 = DIRECTION('',(1.,0.,0.));
#11336 = PCURVE('',#11282,#11337);
#11337 = DEFINITIONAL_REPRESENTATION('',(#11338),#11342);
#11338 = LINE('',#11339,#11340);
#11339 = CARTESIAN_POINT('',(-0.,0.));
#11340 = VECTOR('',#11341,1.);
#11341 = DIRECTION('',(-1.,0.));
#11342 = ( GEOMETRIC_REPRESENTATION_CONTEXT(2) 
PARAMETRIC_REPRESENTATION_CONTEXT() REPRESENTATION_CONTEXT('2D SPACE',''
  ) );
#11343 = PCURVE('',#11344,#11349);
#11344 = PLANE('',#11345);
#11345 = AXIS2_PLACEMENT_3D('',#11346,#11347,#11348);
#11346 = CARTESIAN_POINT('',(40.,5.76161480209E-16,6.));
#11347 = DIRECTION('',(0.,0.,1.));
#11348 = DIRECTION('',(1.,0.,-0.));
#11349 = DEFINITIONAL_REPRESENTATION('',(#11350),#11354);
#11350 = CIRCLE('',#11351,6.5);
#11351 = AXIS2_PLACEMENT_2D('',#11352,#11353);
#11352 = CARTESIAN_POINT('',(7.105427357601E-15,-5.76161480209E-16));
#11353 = DIRECTION('',(1.,0.));
#11354 = ( GEOMETRIC_REPRESENTATION_CONTEXT(2) 
PARAMETRIC_REPRESENTATION_CONTEXT() REPRESENTATION_CONTEXT('2D SPACE',''
  ) );
#11355 = ADVANCED_FACE('',(#11356,#11359),#11344,.F.);
#11356 = FACE_BOUND('',#11357,.F.);
#11357 = EDGE_LOOP('',(#11358));
#11358 = ORIENTED_EDGE('',*,*,#11329,.T.);
#11359 = FACE_BOUND('',#11360,.F.);
#11360 = EDGE_LOOP('',(#11361));
#11361 = ORIENTED_EDGE('',*,*,#11362,.F.);
#11362 = EDGE_CURVE('',#11363,#11363,#11365,.T.);
#11363 = VERTEX_POINT('',#11364);
#11364 = CARTESIAN_POINT('',(44.,0.,6.));
#11365 = SURFACE_CURVE('',#11366,(#11371,#11378),.PCURVE_S1.);
#11366 = CIRCLE('',#11367,4.);
#11367 = AXIS2_PLACEMENT_3D('',#11368,#11369,#11370);
#11368 = CARTESIAN_POINT('',(40.,0.,6.));
#11369 = DIRECTION('',(0.,0.,1.));
#11370 = DIRECTION('',(1.,0.,0.));
#11371 = PCURVE('',#11344,#11372);
#11372 = DEFINITIONAL_REPRESENTATION('',(#11373),#11377);
#11373 = CIRCLE('',#11374,4.);
#11374 = AXIS2_PLACEMENT_2D('',#11375,#11376);
#11375 = CARTESIAN_POINT('',(7.105427357601E-15,-5.76161480209E-16));
#11376 = DIRECTION('',(1.,0.));
#11377 = ( GEOMETRIC_REPRESENTATION_CONTEXT(2) 
PARAMETRIC_REPRESENTATION_CONTEXT() REPRESENTATION_CONTEXT('2D SPACE',''
  ) );
#11378 = PCURVE('',#11379,#11384);
#11379 = CYLINDRICAL_SURFACE('',#11380,4.);
#11380 = AXIS2_PLACEMENT_3D('',#11381,#11382,#11383);
#11381 = CARTESIAN_POINT('',(40.,0.,-8.));
#11382 = DIRECTION('',(-0.,-0.,-1.));
#11383 = DIRECTION('',(1.,0.,0.));
#11384 = DEFINITIONAL_REPRESENTATION('',(#11385),#11389);
#11385 = LINE('',#11386,#11387);
#11386 = CARTESIAN_POINT('',(-0.,-14.));
#11387 = VECTOR('',#11388,1.);
#11388 = DIRECTION('',(-1.,0.));
#11389 = ( GEOMETRIC_REPRESENTATION_CONTEXT(2) 
PARAMETRIC_REPRESENTATION_CONTEXT() REPRESENTATION_CONTEXT('2D SPACE',''
  ) );
#11390 = ADVANCED_FACE('',(#11391),#11316,.T.);
#11391 = FACE_BOUND('',#11392,.T.);
#11392 = EDGE_LOOP('',(#11393));
#11393 = ORIENTED_EDGE('',*,*,#11301,.T.);
#11394 = ADVANCED_FACE('',(#11395),#11379,.T.);
#11395 = FACE_BOUND('',#11396,.F.);
#11396 = EDGE_LOOP('',(#11397,#11420,#11421,#11422));
#11397 = ORIENTED_EDGE('',*,*,#11398,.T.);
#11398 = EDGE_CURVE('',#11399,#11363,#11401,.T.);
#11399 = VERTEX_POINT('',#11400);
#11400 = CARTESIAN_POINT('',(44.,0.,-8.));
#11401 = SEAM_CURVE('',#11402,(#11406,#11413),.PCURVE_S1.);
#11402 = LINE('',#11403,#11404);
#11403 = CARTESIAN_POINT('',(44.,0.,-8.));
#11404 = VECTOR('',#11405,1.);
#11405 = DIRECTION('',(0.,0.,1.));
#11406 = PCURVE('',#11379,#11407);
#11407 = DEFINITIONAL_REPRESENTATION('',(#11408),#11412);
#11408 = LINE('',#11409,#11410);
#11409 = CARTESIAN_POINT('',(-0.,0.));
#11410 = VECTOR('',#11411,1.);
#11411 = DIRECTION('',(-0.,-1.));
#11412 = ( GEOMETRIC_REPRESENTATION_CONTEXT(2) 
PARAMETRIC_REPRESENTATION_CONTEXT() REPRESENTATION_CONTEXT('2D SPACE',''
  ) );
#11413 = PCURVE('',#11379,#11414);
#11414 = DEFINITIONAL_REPRESENTATION('',(#11415),#11419);
#11415 = LINE('',#11416,#11417);
#11416 = CARTESIAN_POINT('',(-6.28318530718,0.));
#11417 = VECTOR('',#11418,1.);
#11418 = DIRECTION('',(-0.,-1.));
#11419 = ( GEOMETRIC_REPRESENTATION_CONTEXT(2) 
PARAMETRIC_REPRESENTATION_CONTEXT() REPRESENTATION_CONTEXT('2D SPACE',''
  ) );
#11420 = ORIENTED_EDGE('',*,*,#11362,.T.);
#11421 = ORIENTED_EDGE('',*,*,#11398,.F.);
#11422 = ORIENTED_EDGE('',*,*,#11423,.F.);
#11423 = EDGE_CURVE('',#11399,#11399,#11424,.T.);
#11424 = SURFACE_CURVE('',#11425,(#11430,#11437),.PCURVE_S1.);
#11425 = CIRCLE('',#11426,4.);
#11426 = AXIS2_PLACEMENT_3D('',#11427,#11428,#11429);
#11427 = CARTESIAN_POINT('',(40.,0.,-8.));
#11428 = DIRECTION('',(0.,0.,1.));
#11429 = DIRECTION('',(1.,0.,0.));
#11430 = PCURVE('',#11379,#11431);
#11431 = DEFINITIONAL_REPRESENTATION('',(#11432),#11436);
#11432 = LINE('',#11433,#11434);
#11433 = CARTESIAN_POINT('',(-0.,0.));
#11434 = VECTOR('',#11435,1.);
#11435 = DIRECTION('',(-1.,0.));
#11436 = ( GEOMETRIC_REPRESENTATION_CONTEXT(2) 
PARAMETRIC_REPRESENTATION_CONTEXT() REPRESENTATION_CONTEXT('2D SPACE',''
  ) );
#11437 = PCURVE('',#11438,#11443);
#11438 = PLANE('',#11439);
#11439 = AXIS2_PLACEMENT_3D('',#11440,#11441,#11442);
#11440 = CARTESIAN_POINT('',(40.,3.49503809816E-16,-8.));
#11441 = DIRECTION('',(0.,0.,1.));
#11442 = DIRECTION('',(1.,0.,-0.));
#11443 = DEFINITIONAL_REPRESENTATION('',(#11444),#11448);
#11444 = CIRCLE('',#11445,4.);
#11445 = AXIS2_PLACEMENT_2D('',#11446,#11447);
#11446 = CARTESIAN_POINT('',(0.,-3.49503809816E-16));
#11447 = DIRECTION('',(1.,0.));
#11448 = ( GEOMETRIC_REPRESENTATION_CONTEXT(2) 
PARAMETRIC_REPRESENTATION_CONTEXT() REPRESENTATION_CONTEXT('2D SPACE',''
  ) );
#11449 = ADVANCED_FACE('',(#11450),#11438,.F.);
#11450 = FACE_BOUND('',#11451,.F.);
#11451 = EDGE_LOOP('',(#11452));
#11452 = ORIENTED_EDGE('',*,*,#11423,.T.);
#11453 = ( GEOMETRIC_REPRESENTATION_CONTEXT(3) 
GLOBAL_UNCERTAINTY_ASSIGNED_CONTEXT((#11457)) 
GLOBAL_UNIT_ASSIGNED_CONTEXT((#11454,#11455,#11456)) 
REPRESENTATION_CONTEXT('Context #1',
  '3D Context with UNIT and UNCERTAINTY') );
#11454 = ( LENGTH_UNIT() NAMED_UNIT(*) SI_UNIT(.MILLI.,.METRE.) );
#11455 = ( NAMED_UNIT(*) PLANE_ANGLE_UNIT() SI_UNIT($,.RADIAN.) );
#11456 = ( NAMED_UNIT(*) SI_UNIT($,.STERADIAN.) SOLID_ANGLE_UNIT() );
#11457 = UNCERTAINTY_MEASURE_WITH_UNIT(LENGTH_MEASURE(1.E-07),#11454,
  'distance_accuracy_value','confusion accuracy');
#11458 = CONTEXT_DEPENDENT_SHAPE_REPRESENTATION(#11459,#11461);
#11459 = ( REPRESENTATION_RELATIONSHIP('','',#11264,#10) 
REPRESENTATION_RELATIONSHIP_WITH_TRANSFORMATION(#11460) 
SHAPE_REPRESENTATION_RELATIONSHIP() );
#11460 = ITEM_DEFINED_TRANSFORMATION('','',#11,#31);
#11461 = PRODUCT_DEFINITION_SHAPE('Placement','Placement of an item',
  #11462);
#11462 = NEXT_ASSEMBLY_USAGE_OCCURRENCE('14','bolt_0','',#5,#11259,$);
#11463 = PRODUCT_RELATED_PRODUCT_CATEGORY('part',$,(#11261));
#11464 = SHAPE_DEFINITION_REPRESENTATION(#11465,#11471);
#11465 = PRODUCT_DEFINITION_SHAPE('','',#11466);
#11466 = PRODUCT_DEFINITION('design','',#11467,#11470);
#11467 = PRODUCT_DEFINITION_FORMATION('','',#11468);
#11468 = PRODUCT('bolt_1','bolt_1','',(#11469));
#11469 = PRODUCT_CONTEXT('',#2,'mechanical');
#11470 = PRODUCT_DEFINITION_CONTEXT('part definition',#2,'design');
#11471 = ADVANCED_BREP_SHAPE_REPRESENTATION('',(#11,#11472),#11660);
#11472 = MANIFOLD_SOLID_BREP('',#11473);
#11473 = CLOSED_SHELL('',(#11474,#11562,#11597,#11601,#11656));
#11474 = ADVANCED_FACE('',(#11475),#11489,.T.);
#11475 = FACE_BOUND('',#11476,.F.);
#11476 = EDGE_LOOP('',(#11477,#11507,#11534,#11535));
#11477 = ORIENTED_EDGE('',*,*,#11478,.T.);
#11478 = EDGE_CURVE('',#11479,#11481,#11483,.T.);
#11479 = VERTEX_POINT('',#11480);
#11480 = CARTESIAN_POINT('',(26.5,34.641016151378,6.));
#11481 = VERTEX_POINT('',#11482);
#11482 = CARTESIAN_POINT('',(26.5,34.641016151378,14.));
#11483 = SEAM_CURVE('',#11484,(#11488,#11500),.PCURVE_S1.);
#11484 = LINE('',#11485,#11486);
#11485 = CARTESIAN_POINT('',(26.5,34.641016151378,6.));
#11486 = VECTOR('',#11487,1.);
#11487 = DIRECTION('',(0.,0.,1.));
#11488 = PCURVE('',#11489,#11494);
#11489 = CYLINDRICAL_SURFACE('',#11490,6.5);
#11490 = AXIS2_PLACEMENT_3D('',#11491,#11492,#11493);
#11491 = CARTESIAN_POINT('',(20.,34.641016151378,6.));
#11492 = DIRECTION('',(-0.,-0.,-1.));
#11493 = DIRECTION('',(1.,0.,0.));
#11494 = DEFINITIONAL_REPRESENTATION('',(#11495),#11499);
#11495 = LINE('',#11496,#11497);
#11496 = CARTESIAN_POINT('',(-0.,0.));
#11497 = VECTOR('',#11498,1.);
#11498 = DIRECTION('',(-0.,-1.));
#11499 = ( GEOMETRIC_REPRESENTATION_CONTEXT(2) 
PARAMETRIC_REPRESENTATION_CONTEXT() REPRESENTATION_CONTEXT('2D SPACE',''
  ) );
#11500 = PCURVE('',#11489,#11501);
#11501 = DEFINITIONAL_REPRESENTATION('',(#11502),#11506);
#11502 = LINE('',#11503,#11504);
#11503 = CARTESIAN_POINT('',(-6.28318530718,0.));
#11504 = VECTOR('',#11505,1.);
#11505 = DIRECTION('',(-0.,-1.));
#11506 = ( GEOMETRIC_REPRESENTATION_CONTEXT(2) 
PARAMETRIC_REPRESENTATION_CONTEXT() REPRESENTATION_CONTEXT('2D SPACE',''
  ) );
#11507 = ORIENTED_EDGE('',*,*,#11508,.T.);
#11508 = EDGE_CURVE('',#11481,#11481,#11509,.T.);
#11509 = SURFACE_CURVE('',#11510,(#11515,#11522),.PCURVE_S1.);
#11510 = CIRCLE('',#11511,6.5);
#11511 = AXIS2_PLACEMENT_3D('',#11512,#11513,#11514);
#11512 = CARTESIAN_POINT('',(20.,34.641016151378,14.));
#11513 = DIRECTION('',(0.,0.,1.));
#11514 = DIRECTION('',(1.,0.,0.));
#11515 = PCURVE('',#11489,#11516);
#11516 = DEFINITIONAL_REPRESENTATION('',(#11517),#11521);
#11517 = LINE('',#11518,#11519);
#11518 = CARTESIAN_POINT('',(-0.,-8.));
#11519 = VECTOR('',#11520,1.);
#11520 = DIRECTION('',(-1.,0.));
#11521 = ( GEOMETRIC_REPRESENTATION_CONTEXT(2) 
PARAMETRIC_REPRESENTATION_CONTEXT() REPRESENTATION_CONTEXT('2D SPACE',''
  ) );
#11522 = PCURVE('',#11523,#11528);
#11523 = PLANE('',#11524);
#11524 = AXIS2_PLACEMENT_3D('',#11525,#11526,#11527);
#11525 = CARTESIAN_POINT('',(20.,34.641016151378,14.));
#11526 = DIRECTION('',(0.,0.,1.));
#11527 = DIRECTION('',(1.,0.,-0.));
#11528 = DEFINITIONAL_REPRESENTATION('',(#11529),#11533);
#11529 = CIRCLE('',#11530,6.5);
#11530 = AXIS2_PLACEMENT_2D('',#11531,#11532);
#11531 = CARTESIAN_POINT('',(3.552713678801E-15,7.105427357601E-15));
#11532 = DIRECTION('',(1.,0.));
#11533 = ( GEOMETRIC_REPRESENTATION_CONTEXT(2) 
PARAMETRIC_REPRESENTATION_CONTEXT() REPRESENTATION_CONTEXT('2D SPACE',''
  ) );
#11534 = ORIENTED_EDGE('',*,*,#11478,.F.);
#11535 = ORIENTED_EDGE('',*,*,#11536,.F.);
#11536 = EDGE_CURVE('',#11479,#11479,#11537,.T.);
#11537 = SURFACE_CURVE('',#11538,(#11543,#11550),.PCURVE_S1.);
#11538 = CIRCLE('',#11539,6.5);
#11539 = AXIS2_PLACEMENT_3D('',#11540,#11541,#11542);
#11540 = CARTESIAN_POINT('',(20.,34.641016151378,6.));
#11541 = DIRECTION('',(0.,0.,1.));
#11542 = DIRECTION('',(1.,0.,0.));
#11543 = PCURVE('',#11489,#11544);
#11544 = DEFINITIONAL_REPRESENTATION('',(#11545),#11549);
#11545 = LINE('',#11546,#11547);
#11546 = CARTESIAN_POINT('',(-0.,0.));
#11547 = VECTOR('',#11548,1.);
#11548 = DIRECTION('',(-1.,0.));
#11549 = ( GEOMETRIC_REPRESENTATION_CONTEXT(2) 
PARAMETRIC_REPRESENTATION_CONTEXT() REPRESENTATION_CONTEXT('2D SPACE',''
  ) );
#11550 = PCURVE('',#11551,#11556);
#11551 = PLANE('',#11552);
#11552 = AXIS2_PLACEMENT_3D('',#11553,#11554,#11555);
#11553 = CARTESIAN_POINT('',(20.,34.641016151378,6.));
#11554 = DIRECTION('',(0.,0.,1.));
#11555 = DIRECTION('',(1.,0.,-0.));
#11556 = DEFINITIONAL_REPRESENTATION('',(#11557),#11561);
#11557 = CIRCLE('',#11558,6.5);
#11558 = AXIS2_PLACEMENT_2D('',#11559,#11560);
#11559 = CARTESIAN_POINT('',(3.552713678801E-15,7.105427357601E-15));
#11560 = DIRECTION('',(1.,0.));
#11561 = ( GEOMETRIC_REPRESENTATION_CONTEXT(2) 
PARAMETRIC_REPRESENTATION_CONTEXT() REPRESENTATION_CONTEXT('2D SPACE',''
  ) );
#11562 = ADVANCED_FACE('',(#11563,#11566),#11551,.F.);
#11563 = FACE_BOUND('',#11564,.F.);
#11564 = EDGE_LOOP('',(#11565));
#11565 = ORIENTED_EDGE('',*,*,#11536,.T.);
#11566 = FACE_BOUND('',#11567,.F.);
#11567 = EDGE_LOOP('',(#11568));
#11568 = ORIENTED_EDGE('',*,*,#11569,.F.);
#11569 = EDGE_CURVE('',#11570,#11570,#11572,.T.);
#11570 = VERTEX_POINT('',#11571);
#11571 = CARTESIAN_POINT('',(24.,34.641016151378,6.));
#11572 = SURFACE_CURVE('',#11573,(#11578,#11585),.PCURVE_S1.);
#11573 = CIRCLE('',#11574,4.);
#11574 = AXIS2_PLACEMENT_3D('',#11575,#11576,#11577);
#11575 = CARTESIAN_POINT('',(20.,34.641016151378,6.));
#11576 = DIRECTION('',(0.,0.,1.));
#11577 = DIRECTION('',(1.,0.,0.));
#11578 = PCURVE('',#11551,#11579);
#11579 = DEFINITIONAL_REPRESENTATION('',(#11580),#11584);
#11580 = CIRCLE('',#11581,4.);
#11581 = AXIS2_PLACEMENT_2D('',#11582,#11583);
#11582 = CARTESIAN_POINT('',(3.552713678801E-15,7.105427357601E-15));
#11583 = DIRECTION('',(1.,0.));
#11584 = ( GEOMETRIC_REPRESENTATION_CONTEXT(2) 
PARAMETRIC_REPRESENTATION_CONTEXT() REPRESENTATION_CONTEXT('2D SPACE',''
  ) );
#11585 = PCURVE('',#11586,#11591);
#11586 = CYLINDRICAL_SURFACE('',#11587,4.);
#11587 = AXIS2_PLACEMENT_3D('',#11588,#11589,#11590);
#11588 = CARTESIAN_POINT('',(20.,34.641016151378,-8.));
#11589 = DIRECTION('',(-0.,-0.,-1.));
#11590 = DIRECTION('',(1.,0.,0.));
#11591 = DEFINITIONAL_REPRESENTATION('',(#11592),#11596);
#11592 = LINE('',#11593,#11594);
#11593 = CARTESIAN_POINT('',(-0.,-14.));
#11594 = VECTOR('',#11595,1.);
#11595 = DIRECTION('',(-1.,0.));
#11596 = ( GEOMETRIC_REPRESENTATION_CONTEXT(2) 
PARAMETRIC_REPRESENTATION_CONTEXT() REPRESENTATION_CONTEXT('2D SPACE',''
  ) );
#11597 = ADVANCED_FACE('',(#11598),#11523,.T.);
#11598 = FACE_BOUND('',#11599,.T.);
#11599 = EDGE_LOOP('',(#11600));
#11600 = ORIENTED_EDGE('',*,*,#11508,.T.);
#11601 = ADVANCED_FACE('',(#11602),#11586,.T.);
#11602 = FACE_BOUND('',#11603,.F.);
#11603 = EDGE_LOOP('',(#11604,#11627,#11628,#11629));
#11604 = ORIENTED_EDGE('',*,*,#11605,.T.);
#11605 = EDGE_CURVE('',#11606,#11570,#11608,.T.);
#11606 = VERTEX_POINT('',#11607);
#11607 = CARTESIAN_POINT('',(24.,34.641016151378,-8.));
#11608 = SEAM_CURVE('',#11609,(#11613,#11620),.PCURVE_S1.);
#11609 = LINE('',#11610,#11611);
#11610 = CARTESIAN_POINT('',(24.,34.641016151378,-8.));
#11611 = VECTOR('',#11612,1.);
#11612 = DIRECTION('',(0.,0.,1.));
#11613 = PCURVE('',#11586,#11614);
#11614 = DEFINITIONAL_REPRESENTATION('',(#11615),#11619);
#11615 = LINE('',#11616,#11617);
#11616 = CARTESIAN_POINT('',(-0.,0.));
#11617 = VECTOR('',#11618,1.);
#11618 = DIRECTION('',(-0.,-1.));
#11619 = ( GEOMETRIC_REPRESENTATION_CONTEXT(2) 
PARAMETRIC_REPRESENTATION_CONTEXT() REPRESENTATION_CONTEXT('2D SPACE',''
  ) );
#11620 = PCURVE('',#11586,#11621);
#11621 = DEFINITIONAL_REPRESENTATION('',(#11622),#11626);
#11622 = LINE('',#11623,#11624);
#11623 = CARTESIAN_POINT('',(-6.28318530718,0.));
#11624 = VECTOR('',#11625,1.);
#11625 = DIRECTION('',(-0.,-1.));
#11626 = ( GEOMETRIC_REPRESENTATION_CONTEXT(2) 
PARAMETRIC_REPRESENTATION_CONTEXT() REPRESENTATION_CONTEXT('2D SPACE',''
  ) );
#11627 = ORIENTED_EDGE('',*,*,#11569,.T.);
#11628 = ORIENTED_EDGE('',*,*,#11605,.F.);
#11629 = ORIENTED_EDGE('',*,*,#11630,.F.);
#11630 = EDGE_CURVE('',#11606,#11606,#11631,.T.);
#11631 = SURFACE_CURVE('',#11632,(#11637,#11644),.PCURVE_S1.);
#11632 = CIRCLE('',#11633,4.);
#11633 = AXIS2_PLACEMENT_3D('',#11634,#11635,#11636);
#11634 = CARTESIAN_POINT('',(20.,34.641016151378,-8.));
#11635 = DIRECTION('',(0.,0.,1.));
#11636 = DIRECTION('',(1.,0.,0.));
#11637 = PCURVE('',#11586,#11638);
#11638 = DEFINITIONAL_REPRESENTATION('',(#11639),#11643);
#11639 = LINE('',#11640,#11641);
#11640 = CARTESIAN_POINT('',(-0.,0.));
#11641 = VECTOR('',#11642,1.);
#11642 = DIRECTION('',(-1.,0.));
#11643 = ( GEOMETRIC_REPRESENTATION_CONTEXT(2) 
PARAMETRIC_REPRESENTATION_CONTEXT() REPRESENTATION_CONTEXT('2D SPACE',''
  ) );
#11644 = PCURVE('',#11645,#11650);
#11645 = PLANE('',#11646);
#11646 = AXIS2_PLACEMENT_3D('',#11647,#11648,#11649);
#11647 = CARTESIAN_POINT('',(20.,34.641016151378,-8.));
#11648 = DIRECTION('',(0.,0.,1.));
#11649 = DIRECTION('',(1.,0.,-0.));
#11650 = DEFINITIONAL_REPRESENTATION('',(#11651),#11655);
#11651 = CIRCLE('',#11652,4.);
#11652 = AXIS2_PLACEMENT_2D('',#11653,#11654);
#11653 = CARTESIAN_POINT('',(3.552713678801E-15,0.));
#11654 = DIRECTION('',(1.,0.));
#11655 = ( GEOMETRIC_REPRESENTATION_CONTEXT(2) 
PARAMETRIC_REPRESENTATION_CONTEXT() REPRESENTATION_CONTEXT('2D SPACE',''
  ) );
#11656 = ADVANCED_FACE('',(#11657),#11645,.F.);
#11657 = FACE_BOUND('',#11658,.F.);
#11658 = EDGE_LOOP('',(#11659));
#11659 = ORIENTED_EDGE('',*,*,#11630,.T.);
#11660 = ( GEOMETRIC_REPRESENTATION_CONTEXT(3) 
GLOBAL_UNCERTAINTY_ASSIGNED_CONTEXT((#11664)) 
GLOBAL_UNIT_ASSIGNED_CONTEXT((#11661,#11662,#11663)) 
REPRESENTATION_CONTEXT('Context #1',
  '3D Context with UNIT and UNCERTAINTY') );
#11661 = ( LENGTH_UNIT() NAMED_UNIT(*) SI_UNIT(.MILLI.,.METRE.) );
#11662 = ( NAMED_UNIT(*) PLANE_ANGLE_UNIT() SI_UNIT($,.RADIAN.) );
#11663 = ( NAMED_UNIT(*) SI_UNIT($,.STERADIAN.) SOLID_ANGLE_UNIT() );
#11664 = UNCERTAINTY_MEASURE_WITH_UNIT(LENGTH_MEASURE(1.E-07),#11661,
  'distance_accuracy_value','confusion accuracy');
#11665 = CONTEXT_DEPENDENT_SHAPE_REPRESENTATION(#11666,#11668);
#11666 = ( REPRESENTATION_RELATIONSHIP('','',#11471,#10) 
REPRESENTATION_RELATIONSHIP_WITH_TRANSFORMATION(#11667) 
SHAPE_REPRESENTATION_RELATIONSHIP() );
#11667 = ITEM_DEFINED_TRANSFORMATION('','',#11,#35);
#11668 = PRODUCT_DEFINITION_SHAPE('Placement','Placement of an item',
  #11669);
#11669 = NEXT_ASSEMBLY_USAGE_OCCURRENCE('15','bolt_1','',#5,#11466,$);
#11670 = PRODUCT_RELATED_PRODUCT_CATEGORY('part',$,(#11468));
#11671 = SHAPE_DEFINITION_REPRESENTATION(#11672,#11678);
#11672 = PRODUCT_DEFINITION_SHAPE('','',#11673);
#11673 = PRODUCT_DEFINITION('design','',#11674,#11677);
#11674 = PRODUCT_DEFINITION_FORMATION('','',#11675);
#11675 = PRODUCT('bolt_2','bolt_2','',(#11676));
#11676 = PRODUCT_CONTEXT('',#2,'mechanical');
#11677 = PRODUCT_DEFINITION_CONTEXT('part definition',#2,'design');
#11678 = ADVANCED_BREP_SHAPE_REPRESENTATION('',(#11,#11679),#11867);
#11679 = MANIFOLD_SOLID_BREP('',#11680);
#11680 = CLOSED_SHELL('',(#11681,#11769,#11804,#11808,#11863));
#11681 = ADVANCED_FACE('',(#11682),#11696,.T.);
#11682 = FACE_BOUND('',#11683,.F.);
#11683 = EDGE_LOOP('',(#11684,#11714,#11741,#11742));
#11684 = ORIENTED_EDGE('',*,*,#11685,.T.);
#11685 = EDGE_CURVE('',#11686,#11688,#11690,.T.);
#11686 = VERTEX_POINT('',#11687);
#11687 = CARTESIAN_POINT('',(-13.5,34.641016151378,6.));
#11688 = VERTEX_POINT('',#11689);
#11689 = CARTESIAN_POINT('',(-13.5,34.641016151378,14.));
#11690 = SEAM_CURVE('',#11691,(#11695,#11707),.PCURVE_S1.);
#11691 = LINE('',#11692,#11693);
#11692 = CARTESIAN_POINT('',(-13.5,34.641016151378,6.));
#11693 = VECTOR('',#11694,1.);
#11694 = DIRECTION('',(0.,0.,1.));
#11695 = PCURVE('',#11696,#11701);
#11696 = CYLINDRICAL_SURFACE('',#11697,6.5);
#11697 = AXIS2_PLACEMENT_3D('',#11698,#11699,#11700);
#11698 = CARTESIAN_POINT('',(-20.,34.641016151378,6.));
#11699 = DIRECTION('',(-0.,-0.,-1.));
#11700 = DIRECTION('',(1.,0.,0.));
#11701 = DEFINITIONAL_REPRESENTATION('',(#11702),#11706);
#11702 = LINE('',#11703,#11704);
#11703 = CARTESIAN_POINT('',(-0.,0.));
#11704 = VECTOR('',#11705,1.);
#11705 = DIRECTION('',(-0.,-1.));
#11706 = ( GEOMETRIC_REPRESENTATION_CONTEXT(2) 
PARAMETRIC_REPRESENTATION_CONTEXT() REPRESENTATION_CONTEXT('2D SPACE',''
  ) );
#11707 = PCURVE('',#11696,#11708);
#11708 = DEFINITIONAL_REPRESENTATION('',(#11709),#11713);
#11709 = LINE('',#11710,#11711);
#11710 = CARTESIAN_POINT('',(-6.28318530718,0.));
#11711 = VECTOR('',#11712,1.);
#11712 = DIRECTION('',(-0.,-1.));
#11713 = ( GEOMETRIC_REPRESENTATION_CONTEXT(2) 
PARAMETRIC_REPRESENTATION_CONTEXT() REPRESENTATION_CONTEXT('2D SPACE',''
  ) );
#11714 = ORIENTED_EDGE('',*,*,#11715,.T.);
#11715 = EDGE_CURVE('',#11688,#11688,#11716,.T.);
#11716 = SURFACE_CURVE('',#11717,(#11722,#11729),.PCURVE_S1.);
#11717 = CIRCLE('',#11718,6.5);
#11718 = AXIS2_PLACEMENT_3D('',#11719,#11720,#11721);
#11719 = CARTESIAN_POINT('',(-20.,34.641016151378,14.));
#11720 = DIRECTION('',(0.,0.,1.));
#11721 = DIRECTION('',(1.,0.,0.));
#11722 = PCURVE('',#11696,#11723);
#11723 = DEFINITIONAL_REPRESENTATION('',(#11724),#11728);
#11724 = LINE('',#11725,#11726);
#11725 = CARTESIAN_POINT('',(-0.,-8.));
#11726 = VECTOR('',#11727,1.);
#11727 = DIRECTION('',(-1.,0.));
#11728 = ( GEOMETRIC_REPRESENTATION_CONTEXT(2) 
PARAMETRIC_REPRESENTATION_CONTEXT() REPRESENTATION_CONTEXT('2D SPACE',''
  ) );
#11729 = PCURVE('',#11730,#11735);
#11730 = PLANE('',#11731);
#11731 = AXIS2_PLACEMENT_3D('',#11732,#11733,#11734);
#11732 = CARTESIAN_POINT('',(-20.,34.641016151378,14.));
#11733 = DIRECTION('',(0.,0.,1.));
#11734 = DIRECTION('',(1.,0.,-0.));
#11735 = DEFINITIONAL_REPRESENTATION('',(#11736),#11740);
#11736 = CIRCLE('',#11737,6.5);
#11737 = AXIS2_PLACEMENT_2D('',#11738,#11739);
#11738 = CARTESIAN_POINT('',(0.,7.105427357601E-15));
#11739 = DIRECTION('',(1.,0.));
#11740 = ( GEOMETRIC_REPRESENTATION_CONTEXT(2) 
PARAMETRIC_REPRESENTATION_CONTEXT() REPRESENTATION_CONTEXT('2D SPACE',''
  ) );
#11741 = ORIENTED_EDGE('',*,*,#11685,.F.);
#11742 = ORIENTED_EDGE('',*,*,#11743,.F.);
#11743 = EDGE_CURVE('',#11686,#11686,#11744,.T.);
#11744 = SURFACE_CURVE('',#11745,(#11750,#11757),.PCURVE_S1.);
#11745 = CIRCLE('',#11746,6.5);
#11746 = AXIS2_PLACEMENT_3D('',#11747,#11748,#11749);
#11747 = CARTESIAN_POINT('',(-20.,34.641016151378,6.));
#11748 = DIRECTION('',(0.,0.,1.));
#11749 = DIRECTION('',(1.,0.,0.));
#11750 = PCURVE('',#11696,#11751);
#11751 = DEFINITIONAL_REPRESENTATION('',(#11752),#11756);
#11752 = LINE('',#11753,#11754);
#11753 = CARTESIAN_POINT('',(-0.,0.));
#11754 = VECTOR('',#11755,1.);
#11755 = DIRECTION('',(-1.,0.));
#11756 = ( GEOMETRIC_REPRESENTATION_CONTEXT(2) 
PARAMETRIC_REPRESENTATION_CONTEXT() REPRESENTATION_CONTEXT('2D SPACE',''
  ) );
#11757 = PCURVE('',#11758,#11763);
#11758 = PLANE('',#11759);
#11759 = AXIS2_PLACEMENT_3D('',#11760,#11761,#11762);
#11760 = CARTESIAN_POINT('',(-20.,34.641016151378,6.));
#11761 = DIRECTION('',(0.,0.,1.));
#11762 = DIRECTION('',(1.,0.,-0.));
#11763 = DEFINITIONAL_REPRESENTATION('',(#11764),#11768);
#11764 = CIRCLE('',#11765,6.5);
#11765 = AXIS2_PLACEMENT_2D('',#11766,#11767);
#11766 = CARTESIAN_POINT('',(0.,7.105427357601E-15));
#11767 = DIRECTION('',(1.,0.));
#11768 = ( GEOMETRIC_REPRESENTATION_CONTEXT(2) 
PARAMETRIC_REPRESENTATION_CONTEXT() REPRESENTATION_CONTEXT('2D SPACE',''
  ) );
#11769 = ADVANCED_FACE('',(#11770,#11773),#11758,.F.);
#11770 = FACE_BOUND('',#11771,.F.);
#11771 = EDGE_LOOP('',(#11772));
#11772 = ORIENTED_EDGE('',*,*,#11743,.T.);
#11773 = FACE_BOUND('',#11774,.F.);
#11774 = EDGE_LOOP('',(#11775));
#11775 = ORIENTED_EDGE('',*,*,#11776,.F.);
#11776 = EDGE_CURVE('',#11777,#11777,#11779,.T.);
#11777 = VERTEX_POINT('',#11778);
#11778 = CARTESIAN_POINT('',(-16.,34.641016151378,6.));
#11779 = SURFACE_CURVE('',#11780,(#11785,#11792),.PCURVE_S1.);
#11780 = CIRCLE('',#11781,4.);
#11781 = AXIS2_PLACEMENT_3D('',#11782,#11783,#11784);
#11782 = CARTESIAN_POINT('',(-20.,34.641016151378,6.));
#11783 = DIRECTION('',(0.,0.,1.));
#11784 = DIRECTION('',(1.,0.,0.));
#11785 = PCURVE('',#11758,#11786);
#11786 = DEFINITIONAL_REPRESENTATION('',(#11787),#11791);
#11787 = CIRCLE('',#11788,4.);
#11788 = AXIS2_PLACEMENT_2D('',#11789,#11790);
#11789 = CARTESIAN_POINT('',(0.,7.105427357601E-15));
#11790 = DIRECTION('',(1.,0.));
#11791 = ( GEOMETRIC_REPRESENTATION_CONTEXT(2) 
PARAMETRIC_REPRESENTATION_CONTEXT() REPRESENTATION_CONTEXT('2D SPACE',''
  ) );
#11792 = PCURVE('',#11793,#11798);
#11793 = CYLINDRICAL_SURFACE('',#11794,4.);
#11794 = AXIS2_PLACEMENT_3D('',#11795,#11796,#11797);
#11795 = CARTESIAN_POINT('',(-20.,34.641016151378,-8.));
#11796 = DIRECTION('',(-0.,-0.,-1.));
#11797 = DIRECTION('',(1.,0.,0.));
#11798 = DEFINITIONAL_REPRESENTATION('',(#11799),#11803);
#11799 = LINE('',#11800,#11801);
#11800 = CARTESIAN_POINT('',(-0.,-14.));
#11801 = VECTOR('',#11802,1.);
#11802 = DIRECTION('',(-1.,0.));
#11803 = ( GEOMETRIC_REPRESENTATION_CONTEXT(2) 
PARAMETRIC_REPRESENTATION_CONTEXT() REPRESENTATION_CONTEXT('2D SPACE',''
  ) );
#11804 = ADVANCED_FACE('',(#11805),#11730,.T.);
#11805 = FACE_BOUND('',#11806,.T.);
#11806 = EDGE_LOOP('',(#11807));
#11807 = ORIENTED_EDGE('',*,*,#11715,.T.);
#11808 = ADVANCED_FACE('',(#11809),#11793,.T.);
#11809 = FACE_BOUND('',#11810,.F.);
#11810 = EDGE_LOOP('',(#11811,#11834,#11835,#11836));
#11811 = ORIENTED_EDGE('',*,*,#11812,.T.);
#11812 = EDGE_CURVE('',#11813,#11777,#11815,.T.);
#11813 = VERTEX_POINT('',#11814);
#11814 = CARTESIAN_POINT('',(-16.,34.641016151378,-8.));
#11815 = SEAM_CURVE('',#11816,(#11820,#11827),.PCURVE_S1.);
#11816 = LINE('',#11817,#11818);
#11817 = CARTESIAN_POINT('',(-16.,34.641016151378,-8.));
#11818 = VECTOR('',#11819,1.);
#11819 = DIRECTION('',(0.,0.,1.));
#11820 = PCURVE('',#11793,#11821);
#11821 = DEFINITIONAL_REPRESENTATION('',(#11822),#11826);
#11822 = LINE('',#11823,#11824);
#11823 = CARTESIAN_POINT('',(-0.,0.));
#11824 = VECTOR('',#11825,1.);
#11825 = DIRECTION('',(-0.,-1.));
#11826 = ( GEOMETRIC_REPRESENTATION_CONTEXT(2) 
PARAMETRIC_REPRESENTATION_CONTEXT() REPRESENTATION_CONTEXT('2D SPACE',''
  ) );
#11827 = PCURVE('',#11793,#11828);
#11828 = DEFINITIONAL_REPRESENTATION('',(#11829),#11833);
#11829 = LINE('',#11830,#11831);
#11830 = CARTESIAN_POINT('',(-6.28318530718,0.));
#11831 = VECTOR('',#11832,1.);
#11832 = DIRECTION('',(-0.,-1.));
#11833 = ( GEOMETRIC_REPRESENTATION_CONTEXT(2) 
PARAMETRIC_REPRESENTATION_CONTEXT() REPRESENTATION_CONTEXT('2D SPACE',''
  ) );
#11834 = ORIENTED_EDGE('',*,*,#11776,.T.);
#11835 = ORIENTED_EDGE('',*,*,#11812,.F.);
#11836 = ORIENTED_EDGE('',*,*,#11837,.F.);
#11837 = EDGE_CURVE('',#11813,#11813,#11838,.T.);
#11838 = SURFACE_CURVE('',#11839,(#11844,#11851),.PCURVE_S1.);
#11839 = CIRCLE('',#11840,4.);
#11840 = AXIS2_PLACEMENT_3D('',#11841,#11842,#11843);
#11841 = CARTESIAN_POINT('',(-20.,34.641016151378,-8.));
#11842 = DIRECTION('',(0.,0.,1.));
#11843 = DIRECTION('',(1.,0.,0.));
#11844 = PCURVE('',#11793,#11845);
#11845 = DEFINITIONAL_REPRESENTATION('',(#11846),#11850);
#11846 = LINE('',#11847,#11848);
#11847 = CARTESIAN_POINT('',(-0.,0.));
#11848 = VECTOR('',#11849,1.);
#11849 = DIRECTION('',(-1.,0.));
#11850 = ( GEOMETRIC_REPRESENTATION_CONTEXT(2) 
PARAMETRIC_REPRESENTATION_CONTEXT() REPRESENTATION_CONTEXT('2D SPACE',''
  ) );
#11851 = PCURVE('',#11852,#11857);
#11852 = PLANE('',#11853);
#11853 = AXIS2_PLACEMENT_3D('',#11854,#11855,#11856);
#11854 = CARTESIAN_POINT('',(-20.,34.641016151378,-8.));
#11855 = DIRECTION('',(0.,0.,1.));
#11856 = DIRECTION('',(1.,0.,-0.));
#11857 = DEFINITIONAL_REPRESENTATION('',(#11858),#11862);
#11858 = CIRCLE('',#11859,4.);
#11859 = AXIS2_PLACEMENT_2D('',#11860,#11861);
#11860 = CARTESIAN_POINT('',(3.552713678801E-15,-7.105427357601E-15));
#11861 = DIRECTION('',(1.,0.));
#11862 = ( GEOMETRIC_REPRESENTATION_CONTEXT(2) 
PARAMETRIC_REPRESENTATION_CONTEXT() REPRESENTATION_CONTEXT('2D SPACE',''
  ) );
#11863 = ADVANCED_FACE('',(#11864),#11852,.F.);
#11864 = FACE_BOUND('',#11865,.F.);
#11865 = EDGE_LOOP('',(#11866));
#11866 = ORIENTED_EDGE('',*,*,#11837,.T.);
#11867 = ( GEOMETRIC_REPRESENTATION_CONTEXT(3) 
GLOBAL_UNCERTAINTY_ASSIGNED_CONTEXT((#11871)) 
GLOBAL_UNIT_ASSIGNED_CONTEXT((#11868,#11869,#11870)) 
REPRESENTATION_CONTEXT('Context #1',
  '3D Context with UNIT and UNCERTAINTY') );
#11868 = ( LENGTH_UNIT() NAMED_UNIT(*) SI_UNIT(.MILLI.,.METRE.) );
#11869 = ( NAMED_UNIT(*) PLANE_ANGLE_UNIT() SI_UNIT($,.RADIAN.) );
#11870 = ( NAMED_UNIT(*) SI_UNIT($,.STERADIAN.) SOLID_ANGLE_UNIT() );
#11871 = UNCERTAINTY_MEASURE_WITH_UNIT(LENGTH_MEASURE(1.E-07),#11868,
  'distance_accuracy_value','confusion accuracy');
#11872 = CONTEXT_DEPENDENT_SHAPE_REPRESENTATION(#11873,#11875);
#11873 = ( REPRESENTATION_RELATIONSHIP('','',#11678,#10) 
REPRESENTATION_RELATIONSHIP_WITH_TRANSFORMATION(#11874) 
SHAPE_REPRESENTATION_RELATIONSHIP() );
#11874 = ITEM_DEFINED_TRANSFORMATION('','',#11,#39);
#11875 = PRODUCT_DEFINITION_SHAPE('Placement','Placement of an item',
  #11876);
#11876 = NEXT_ASSEMBLY_USAGE_OCCURRENCE('16','bolt_2','',#5,#11673,$);
#11877 = PRODUCT_RELATED_PRODUCT_CATEGORY('part',$,(#11675));
#11878 = SHAPE_DEFINITION_REPRESENTATION(#11879,#11885);
#11879 = PRODUCT_DEFINITION_SHAPE('','',#11880);
#11880 = PRODUCT_DEFINITION('design','',#11881,#11884);
#11881 = PRODUCT_DEFINITION_FORMATION('','',#11882);
#11882 = PRODUCT('bolt_3','bolt_3','',(#11883));
#11883 = PRODUCT_CONTEXT('',#2,'mechanical');
#11884 = PRODUCT_DEFINITION_CONTEXT('part definition',#2,'design');
#11885 = ADVANCED_BREP_SHAPE_REPRESENTATION('',(#11,#11886),#12074);
#11886 = MANIFOLD_SOLID_BREP('',#11887);
#11887 = CLOSED_SHELL('',(#11888,#11976,#12011,#12015,#12070));
#11888 = ADVANCED_FACE('',(#11889),#11903,.T.);
#11889 = FACE_BOUND('',#11890,.F.);
#11890 = EDGE_LOOP('',(#11891,#11921,#11948,#11949));
#11891 = ORIENTED_EDGE('',*,*,#11892,.T.);
#11892 = EDGE_CURVE('',#11893,#11895,#11897,.T.);
#11893 = VERTEX_POINT('',#11894);
#11894 = CARTESIAN_POINT('',(-33.5,4.898587196589E-15,6.));
#11895 = VERTEX_POINT('',#11896);
#11896 = CARTESIAN_POINT('',(-33.5,4.898587196589E-15,14.));
#11897 = SEAM_CURVE('',#11898,(#11902,#11914),.PCURVE_S1.);
#11898 = LINE('',#11899,#11900);
#11899 = CARTESIAN_POINT('',(-33.5,4.898587196589E-15,6.));
#11900 = VECTOR('',#11901,1.);
#11901 = DIRECTION('',(0.,0.,1.));
#11902 = PCURVE('',#11903,#11908);
#11903 = CYLINDRICAL_SURFACE('',#11904,6.5);
#11904 = AXIS2_PLACEMENT_3D('',#11905,#11906,#11907);
#11905 = CARTESIAN_POINT('',(-40.,4.898587196589E-15,6.));
#11906 = DIRECTION('',(-0.,-0.,-1.));
#11907 = DIRECTION('',(1.,0.,0.));
#11908 = DEFINITIONAL_REPRESENTATION('',(#11909),#11913);
#11909 = LINE('',#11910,#11911);
#11910 = CARTESIAN_POINT('',(-0.,0.));
#11911 = VECTOR('',#11912,1.);
#11912 = DIRECTION('',(-0.,-1.));
#11913 = ( GEOMETRIC_REPRESENTATION_CONTEXT(2) 
PARAMETRIC_REPRESENTATION_CONTEXT() REPRESENTATION_CONTEXT('2D SPACE',''
  ) );
#11914 = PCURVE('',#11903,#11915);
#11915 = DEFINITIONAL_REPRESENTATION('',(#11916),#11920);
#11916 = LINE('',#11917,#11918);
#11917 = CARTESIAN_POINT('',(-6.28318530718,0.));
#11918 = VECTOR('',#11919,1.);
#11919 = DIRECTION('',(-0.,-1.));
#11920 = ( GEOMETRIC_REPRESENTATION_CONTEXT(2) 
PARAMETRIC_REPRESENTATION_CONTEXT() REPRESENTATION_CONTEXT('2D SPACE',''
  ) );
#11921 = ORIENTED_EDGE('',*,*,#11922,.T.);
#11922 = EDGE_CURVE('',#11895,#11895,#11923,.T.);
#11923 = SURFACE_CURVE('',#11924,(#11929,#11936),.PCURVE_S1.);
#11924 = CIRCLE('',#11925,6.5);
#11925 = AXIS2_PLACEMENT_3D('',#11926,#11927,#11928);
#11926 = CARTESIAN_POINT('',(-40.,4.898587196589E-15,14.));
#11927 = DIRECTION('',(0.,0.,1.));
#11928 = DIRECTION('',(1.,0.,0.));
#11929 = PCURVE('',#11903,#11930);
#11930 = DEFINITIONAL_REPRESENTATION('',(#11931),#11935);
#11931 = LINE('',#11932,#11933);
#11932 = CARTESIAN_POINT('',(-0.,-8.));
#11933 = VECTOR('',#11934,1.);
#11934 = DIRECTION('',(-1.,0.));
#11935 = ( GEOMETRIC_REPRESENTATION_CONTEXT(2) 
PARAMETRIC_REPRESENTATION_CONTEXT() REPRESENTATION_CONTEXT('2D SPACE',''
  ) );
#11936 = PCURVE('',#11937,#11942);
#11937 = PLANE('',#11938);
#11938 = AXIS2_PLACEMENT_3D('',#11939,#11940,#11941);
#11939 = CARTESIAN_POINT('',(-40.,5.810476184768E-15,14.));
#11940 = DIRECTION('',(0.,0.,1.));
#11941 = DIRECTION('',(1.,0.,-0.));
#11942 = DEFINITIONAL_REPRESENTATION('',(#11943),#11947);
#11943 = CIRCLE('',#11944,6.5);
#11944 = AXIS2_PLACEMENT_2D('',#11945,#11946);
#11945 = CARTESIAN_POINT('',(-1.42108547152E-14,-9.118889881785E-16));
#11946 = DIRECTION('',(1.,0.));
#11947 = ( GEOMETRIC_REPRESENTATION_CONTEXT(2) 
PARAMETRIC_REPRESENTATION_CONTEXT() REPRESENTATION_CONTEXT('2D SPACE',''
  ) );
#11948 = ORIENTED_EDGE('',*,*,#11892,.F.);
#11949 = ORIENTED_EDGE('',*,*,#11950,.F.);
#11950 = EDGE_CURVE('',#11893,#11893,#11951,.T.);
#11951 = SURFACE_CURVE('',#11952,(#11957,#11964),.PCURVE_S1.);
#11952 = CIRCLE('',#11953,6.5);
#11953 = AXIS2_PLACEMENT_3D('',#11954,#11955,#11956);
#11954 = CARTESIAN_POINT('',(-40.,4.898587196589E-15,6.));
#11955 = DIRECTION('',(0.,0.,1.));
#11956 = DIRECTION('',(1.,0.,0.));
#11957 = PCURVE('',#11903,#11958);
#11958 = DEFINITIONAL_REPRESENTATION('',(#11959),#11963);
#11959 = LINE('',#11960,#11961);
#11960 = CARTESIAN_POINT('',(-0.,0.));
#11961 = VECTOR('',#11962,1.);
#11962 = DIRECTION('',(-1.,0.));
#11963 = ( GEOMETRIC_REPRESENTATION_CONTEXT(2) 
PARAMETRIC_REPRESENTATION_CONTEXT() REPRESENTATION_CONTEXT('2D SPACE',''
  ) );
#11964 = PCURVE('',#11965,#11970);
#11965 = PLANE('',#11966);
#11966 = AXIS2_PLACEMENT_3D('',#11967,#11968,#11969);
#11967 = CARTESIAN_POINT('',(-40.,5.810476184768E-15,6.));
#11968 = DIRECTION('',(0.,0.,1.));
#11969 = DIRECTION('',(1.,0.,-0.));
#11970 = DEFINITIONAL_REPRESENTATION('',(#11971),#11975);
#11971 = CIRCLE('',#11972,6.5);
#11972 = AXIS2_PLACEMENT_2D('',#11973,#11974);
#11973 = CARTESIAN_POINT('',(-1.42108547152E-14,-9.118889881785E-16));
#11974 = DIRECTION('',(1.,0.));
#11975 = ( GEOMETRIC_REPRESENTATION_CONTEXT(2) 
PARAMETRIC_REPRESENTATION_CONTEXT() REPRESENTATION_CONTEXT('2D SPACE',''
  ) );
#11976 = ADVANCED_FACE('',(#11977,#11980),#11965,.F.);
#11977 = FACE_BOUND('',#11978,.F.);
#11978 = EDGE_LOOP('',(#11979));
#11979 = ORIENTED_EDGE('',*,*,#11950,.T.);
#11980 = FACE_BOUND('',#11981,.F.);
#11981 = EDGE_LOOP('',(#11982));
#11982 = ORIENTED_EDGE('',*,*,#11983,.F.);
#11983 = EDGE_CURVE('',#11984,#11984,#11986,.T.);
#11984 = VERTEX_POINT('',#11985);
#11985 = CARTESIAN_POINT('',(-36.,4.898587196589E-15,6.));
#11986 = SURFACE_CURVE('',#11987,(#11992,#11999),.PCURVE_S1.);
#11987 = CIRCLE('',#11988,4.);
#11988 = AXIS2_PLACEMENT_3D('',#11989,#11990,#11991);
#11989 = CARTESIAN_POINT('',(-40.,4.898587196589E-15,6.));
#11990 = DIRECTION('',(0.,0.,1.));
#11991 = DIRECTION('',(1.,0.,0.));
#11992 = PCURVE('',#11965,#11993);
#11993 = DEFINITIONAL_REPRESENTATION('',(#11994),#11998);
#11994 = CIRCLE('',#11995,4.);
#11995 = AXIS2_PLACEMENT_2D('',#11996,#11997);
#11996 = CARTESIAN_POINT('',(-1.42108547152E-14,-9.118889881785E-16));
#11997 = DIRECTION('',(1.,0.));
#11998 = ( GEOMETRIC_REPRESENTATION_CONTEXT(2) 
PARAMETRIC_REPRESENTATION_CONTEXT() REPRESENTATION_CONTEXT('2D SPACE',''
  ) );
#11999 = PCURVE('',#12000,#12005);
#12000 = CYLINDRICAL_SURFACE('',#12001,4.);
#12001 = AXIS2_PLACEMENT_3D('',#12002,#12003,#12004);
#12002 = CARTESIAN_POINT('',(-40.,4.898587196589E-15,-8.));
#12003 = DIRECTION('',(-0.,-0.,-1.));
#12004 = DIRECTION('',(1.,0.,0.));
#12005 = DEFINITIONAL_REPRESENTATION('',(#12006),#12010);
#12006 = LINE('',#12007,#12008);
#12007 = CARTESIAN_POINT('',(-0.,-14.));
#12008 = VECTOR('',#12009,1.);
#12009 = DIRECTION('',(-1.,0.));
#12010 = ( GEOMETRIC_REPRESENTATION_CONTEXT(2) 
PARAMETRIC_REPRESENTATION_CONTEXT() REPRESENTATION_CONTEXT('2D SPACE',''
  ) );
#12011 = ADVANCED_FACE('',(#12012),#11937,.T.);
#12012 = FACE_BOUND('',#12013,.T.);
#12013 = EDGE_LOOP('',(#12014));
#12014 = ORIENTED_EDGE('',*,*,#11922,.T.);
#12015 = ADVANCED_FACE('',(#12016),#12000,.T.);
#12016 = FACE_BOUND('',#12017,.F.);
#12017 = EDGE_LOOP('',(#12018,#12041,#12042,#12043));
#12018 = ORIENTED_EDGE('',*,*,#12019,.T.);
#12019 = EDGE_CURVE('',#12020,#11984,#12022,.T.);
#12020 = VERTEX_POINT('',#12021);
#12021 = CARTESIAN_POINT('',(-36.,4.898587196589E-15,-8.));
#12022 = SEAM_CURVE('',#12023,(#12027,#12034),.PCURVE_S1.);
#12023 = LINE('',#12024,#12025);
#12024 = CARTESIAN_POINT('',(-36.,4.898587196589E-15,-8.));
#12025 = VECTOR('',#12026,1.);
#12026 = DIRECTION('',(0.,0.,1.));
#12027 = PCURVE('',#12000,#12028);
#12028 = DEFINITIONAL_REPRESENTATION('',(#12029),#12033);
#12029 = LINE('',#12030,#12031);
#12030 = CARTESIAN_POINT('',(-0.,0.));
#12031 = VECTOR('',#12032,1.);
#12032 = DIRECTION('',(-0.,-1.));
#12033 = ( GEOMETRIC_REPRESENTATION_CONTEXT(2) 
PARAMETRIC_REPRESENTATION_CONTEXT() REPRESENTATION_CONTEXT('2D SPACE',''
  ) );
#12034 = PCURVE('',#12000,#12035);
#12035 = DEFINITIONAL_REPRESENTATION('',(#12036),#12040);
#12036 = LINE('',#12037,#12038);
#12037 = CARTESIAN_POINT('',(-6.28318530718,0.));
#12038 = VECTOR('',#12039,1.);
#12039 = DIRECTION('',(-0.,-1.));
#12040 = ( GEOMETRIC_REPRESENTATION_CONTEXT(2) 
PARAMETRIC_REPRESENTATION_CONTEXT() REPRESENTATION_CONTEXT('2D SPACE',''
  ) );
#12041 = ORIENTED_EDGE('',*,*,#11983,.T.);
#12042 = ORIENTED_EDGE('',*,*,#12019,.F.);
#12043 = ORIENTED_EDGE('',*,*,#12044,.F.);
#12044 = EDGE_CURVE('',#12020,#12020,#12045,.T.);
#12045 = SURFACE_CURVE('',#12046,(#12051,#12058),.PCURVE_S1.);
#12046 = CIRCLE('',#12047,4.);
#12047 = AXIS2_PLACEMENT_3D('',#12048,#12049,#12050);
#12048 = CARTESIAN_POINT('',(-40.,4.898587196589E-15,-8.));
#12049 = DIRECTION('',(0.,0.,1.));
#12050 = DIRECTION('',(1.,0.,0.));
#12051 = PCURVE('',#12000,#12052);
#12052 = DEFINITIONAL_REPRESENTATION('',(#12053),#12057);
#12053 = LINE('',#12054,#12055);
#12054 = CARTESIAN_POINT('',(-0.,0.));
#12055 = VECTOR('',#12056,1.);
#12056 = DIRECTION('',(-1.,0.));
#12057 = ( GEOMETRIC_REPRESENTATION_CONTEXT(2) 
PARAMETRIC_REPRESENTATION_CONTEXT() REPRESENTATION_CONTEXT('2D SPACE',''
  ) );
#12058 = PCURVE('',#12059,#12064);
#12059 = PLANE('',#12060);
#12060 = AXIS2_PLACEMENT_3D('',#12061,#12062,#12063);
#12061 = CARTESIAN_POINT('',(-40.,5.268255406866E-15,-8.));
#12062 = DIRECTION('',(0.,0.,1.));
#12063 = DIRECTION('',(1.,0.,-0.));
#12064 = DEFINITIONAL_REPRESENTATION('',(#12065),#12069);
#12065 = CIRCLE('',#12066,4.);
#12066 = AXIS2_PLACEMENT_2D('',#12067,#12068);
#12067 = CARTESIAN_POINT('',(7.105427357601E-15,-3.696682102764E-16));
#12068 = DIRECTION('',(1.,0.));
#12069 = ( GEOMETRIC_REPRESENTATION_CONTEXT(2) 
PARAMETRIC_REPRESENTATION_CONTEXT() REPRESENTATION_CONTEXT('2D SPACE',''
  ) );
#12070 = ADVANCED_FACE('',(#12071),#12059,.F.);
#12071 = FACE_BOUND('',#12072,.F.);
#12072 = EDGE_LOOP('',(#12073));
#12073 = ORIENTED_EDGE('',*,*,#12044,.T.);
#12074 = ( GEOMETRIC_REPRESENTATION_CONTEXT(3) 
GLOBAL_UNCERTAINTY_ASSIGNED_CONTEXT((#12078)) 
GLOBAL_UNIT_ASSIGNED_CONTEXT((#12075,#12076,#12077)) 
REPRESENTATION_CONTEXT('Context #1',
  '3D Context with UNIT and UNCERTAINTY') );
#12075 = ( LENGTH_UNIT() NAMED_UNIT(*) SI_UNIT(.MILLI.,.METRE.) );
#12076 = ( NAMED_UNIT(*) PLANE_ANGLE_UNIT() SI_UNIT($,.RADIAN.) );
#12077 = ( NAMED_UNIT(*) SI_UNIT($,.STERADIAN.) SOLID_ANGLE_UNIT() );
#12078 = UNCERTAINTY_MEASURE_WITH_UNIT(LENGTH_MEASURE(1.E-07),#12075,
  'distance_accuracy_value','confusion accuracy');
#12079 = CONTEXT_DEPENDENT_SHAPE_REPRESENTATION(#12080,#12082);
#12080 = ( REPRESENTATION_RELATIONSHIP('','',#11885,#10) 
REPRESENTATION_RELATIONSHIP_WITH_TRANSFORMATION(#12081) 
SHAPE_REPRESENTATION_RELATIONSHIP() );
#12081 = ITEM_DEFINED_TRANSFORMATION('','',#11,#43);
#12082 = PRODUCT_DEFINITION_SHAPE('Placement','Placement of an item',
  #12083);
#12083 = NEXT_ASSEMBLY_USAGE_OCCURRENCE('17','bolt_3','',#5,#11880,$);
#12084 = PRODUCT_RELATED_PRODUCT_CATEGORY('part',$,(#11882));
#12085 = SHAPE_DEFINITION_REPRESENTATION(#12086,#12092);
#12086 = PRODUCT_DEFINITION_SHAPE('','',#12087);
#12087 = PRODUCT_DEFINITION('design','',#12088,#12091);
#12088 = PRODUCT_DEFINITION_FORMATION('','',#12089);
#12089 = PRODUCT('bolt_4','bolt_4','',(#12090));
#12090 = PRODUCT_CONTEXT('',#2,'mechanical');
#12091 = PRODUCT_DEFINITION_CONTEXT('part definition',#2,'design');
#12092 = ADVANCED_BREP_SHAPE_REPRESENTATION('',(#11,#12093),#12281);
#12093 = MANIFOLD_SOLID_BREP('',#12094);
#12094 = CLOSED_SHELL('',(#12095,#12183,#12218,#12222,#12277));
#12095 = ADVANCED_FACE('',(#12096),#12110,.T.);
#12096 = FACE_BOUND('',#12097,.F.);
#12097 = EDGE_LOOP('',(#12098,#12128,#12155,#12156));
#12098 = ORIENTED_EDGE('',*,*,#12099,.T.);
#12099 = EDGE_CURVE('',#12100,#12102,#12104,.T.);
#12100 = VERTEX_POINT('',#12101);
#12101 = CARTESIAN_POINT('',(-13.5,-34.64101615137,6.));
#12102 = VERTEX_POINT('',#12103);
#12103 = CARTESIAN_POINT('',(-13.5,-34.64101615137,14.));
#12104 = SEAM_CURVE('',#12105,(#12109,#12121),.PCURVE_S1.);
#12105 = LINE('',#12106,#12107);
#12106 = CARTESIAN_POINT('',(-13.5,-34.64101615137,6.));
#12107 = VECTOR('',#12108,1.);
#12108 = DIRECTION('',(0.,0.,1.));
#12109 = PCURVE('',#12110,#12115);
#12110 = CYLINDRICAL_SURFACE('',#12111,6.5);
#12111 = AXIS2_PLACEMENT_3D('',#12112,#12113,#12114);
#12112 = CARTESIAN_POINT('',(-20.,-34.64101615137,6.));
#12113 = DIRECTION('',(-0.,-0.,-1.));
#12114 = DIRECTION('',(1.,0.,0.));
#12115 = DEFINITIONAL_REPRESENTATION('',(#12116),#12120);
#12116 = LINE('',#12117,#12118);
#12117 = CARTESIAN_POINT('',(-0.,0.));
#12118 = VECTOR('',#12119,1.);
#12119 = DIRECTION('',(-0.,-1.));
#12120 = ( GEOMETRIC_REPRESENTATION_CONTEXT(2) 
PARAMETRIC_REPRESENTATION_CONTEXT() REPRESENTATION_CONTEXT('2D SPACE',''
  ) );
#12121 = PCURVE('',#12110,#12122);
#12122 = DEFINITIONAL_REPRESENTATION('',(#12123),#12127);
#12123 = LINE('',#12124,#12125);
#12124 = CARTESIAN_POINT('',(-6.28318530718,0.));
#12125 = VECTOR('',#12126,1.);
#12126 = DIRECTION('',(-0.,-1.));
#12127 = ( GEOMETRIC_REPRESENTATION_CONTEXT(2) 
PARAMETRIC_REPRESENTATION_CONTEXT() REPRESENTATION_CONTEXT('2D SPACE',''
  ) );
#12128 = ORIENTED_EDGE('',*,*,#12129,.T.);
#12129 = EDGE_CURVE('',#12102,#12102,#12130,.T.);
#12130 = SURFACE_CURVE('',#12131,(#12136,#12143),.PCURVE_S1.);
#12131 = CIRCLE('',#12132,6.5);
#12132 = AXIS2_PLACEMENT_3D('',#12133,#12134,#12135);
#12133 = CARTESIAN_POINT('',(-20.,-34.64101615137,14.));
#12134 = DIRECTION('',(0.,0.,1.));
#12135 = DIRECTION('',(1.,0.,0.));
#12136 = PCURVE('',#12110,#12137);
#12137 = DEFINITIONAL_REPRESENTATION('',(#12138),#12142);
#12138 = LINE('',#12139,#12140);
#12139 = CARTESIAN_POINT('',(-0.,-8.));
#12140 = VECTOR('',#12141,1.);
#12141 = DIRECTION('',(-1.,0.));
#12142 = ( GEOMETRIC_REPRESENTATION_CONTEXT(2) 
PARAMETRIC_REPRESENTATION_CONTEXT() REPRESENTATION_CONTEXT('2D SPACE',''
  ) );
#12143 = PCURVE('',#12144,#12149);
#12144 = PLANE('',#12145);
#12145 = AXIS2_PLACEMENT_3D('',#12146,#12147,#12148);
#12146 = CARTESIAN_POINT('',(-20.,-34.64101615137,14.));
#12147 = DIRECTION('',(0.,0.,1.));
#12148 = DIRECTION('',(1.,0.,-0.));
#12149 = DEFINITIONAL_REPRESENTATION('',(#12150),#12154);
#12150 = CIRCLE('',#12151,6.5);
#12151 = AXIS2_PLACEMENT_2D('',#12152,#12153);
#12152 = CARTESIAN_POINT('',(0.,0.));
#12153 = DIRECTION('',(1.,0.));
#12154 = ( GEOMETRIC_REPRESENTATION_CONTEXT(2) 
PARAMETRIC_REPRESENTATION_CONTEXT() REPRESENTATION_CONTEXT('2D SPACE',''
  ) );
#12155 = ORIENTED_EDGE('',*,*,#12099,.F.);
#12156 = ORIENTED_EDGE('',*,*,#12157,.F.);
#12157 = EDGE_CURVE('',#12100,#12100,#12158,.T.);
#12158 = SURFACE_CURVE('',#12159,(#12164,#12171),.PCURVE_S1.);
#12159 = CIRCLE('',#12160,6.5);
#12160 = AXIS2_PLACEMENT_3D('',#12161,#12162,#12163);
#12161 = CARTESIAN_POINT('',(-20.,-34.64101615137,6.));
#12162 = DIRECTION('',(0.,0.,1.));
#12163 = DIRECTION('',(1.,0.,0.));
#12164 = PCURVE('',#12110,#12165);
#12165 = DEFINITIONAL_REPRESENTATION('',(#12166),#12170);
#12166 = LINE('',#12167,#12168);
#12167 = CARTESIAN_POINT('',(-0.,0.));
#12168 = VECTOR('',#12169,1.);
#12169 = DIRECTION('',(-1.,0.));
#12170 = ( GEOMETRIC_REPRESENTATION_CONTEXT(2) 
PARAMETRIC_REPRESENTATION_CONTEXT() REPRESENTATION_CONTEXT('2D SPACE',''
  ) );
#12171 = PCURVE('',#12172,#12177);
#12172 = PLANE('',#12173);
#12173 = AXIS2_PLACEMENT_3D('',#12174,#12175,#12176);
#12174 = CARTESIAN_POINT('',(-20.,-34.64101615137,6.));
#12175 = DIRECTION('',(0.,0.,1.));
#12176 = DIRECTION('',(1.,0.,-0.));
#12177 = DEFINITIONAL_REPRESENTATION('',(#12178),#12182);
#12178 = CIRCLE('',#12179,6.5);
#12179 = AXIS2_PLACEMENT_2D('',#12180,#12181);
#12180 = CARTESIAN_POINT('',(0.,0.));
#12181 = DIRECTION('',(1.,0.));
#12182 = ( GEOMETRIC_REPRESENTATION_CONTEXT(2) 
PARAMETRIC_REPRESENTATION_CONTEXT() REPRESENTATION_CONTEXT('2D SPACE',''
  ) );
#12183 = ADVANCED_FACE('',(#12184,#12187),#12172,.F.);
#12184 = FACE_BOUND('',#12185,.F.);
#12185 = EDGE_LOOP('',(#12186));
#12186 = ORIENTED_EDGE('',*,*,#12157,.T.);
#12187 = FACE_BOUND('',#12188,.F.);
#12188 = EDGE_LOOP('',(#12189));
#12189 = ORIENTED_EDGE('',*,*,#12190,.F.);
#12190 = EDGE_CURVE('',#12191,#12191,#12193,.T.);
#12191 = VERTEX_POINT('',#12192);
#12192 = CARTESIAN_POINT('',(-16.,-34.64101615137,6.));
#12193 = SURFACE_CURVE('',#12194,(#12199,#12206),.PCURVE_S1.);
#12194 = CIRCLE('',#12195,4.);
#12195 = AXIS2_PLACEMENT_3D('',#12196,#12197,#12198);
#12196 = CARTESIAN_POINT('',(-20.,-34.64101615137,6.));
#12197 = DIRECTION('',(0.,0.,1.));
#12198 = DIRECTION('',(1.,0.,0.));
#12199 = PCURVE('',#12172,#12200);
#12200 = DEFINITIONAL_REPRESENTATION('',(#12201),#12205);
#12201 = CIRCLE('',#12202,4.);
#12202 = AXIS2_PLACEMENT_2D('',#12203,#12204);
#12203 = CARTESIAN_POINT('',(0.,0.));
#12204 = DIRECTION('',(1.,0.));
#12205 = ( GEOMETRIC_REPRESENTATION_CONTEXT(2) 
PARAMETRIC_REPRESENTATION_CONTEXT() REPRESENTATION_CONTEXT('2D SPACE',''
  ) );
#12206 = PCURVE('',#12207,#12212);
#12207 = CYLINDRICAL_SURFACE('',#12208,4.);
#12208 = AXIS2_PLACEMENT_3D('',#12209,#12210,#12211);
#12209 = CARTESIAN_POINT('',(-20.,-34.64101615137,-8.));
#12210 = DIRECTION('',(-0.,-0.,-1.));
#12211 = DIRECTION('',(1.,0.,0.));
#12212 = DEFINITIONAL_REPRESENTATION('',(#12213),#12217);
#12213 = LINE('',#12214,#12215);
#12214 = CARTESIAN_POINT('',(-0.,-14.));
#12215 = VECTOR('',#12216,1.);
#12216 = DIRECTION('',(-1.,0.));
#12217 = ( GEOMETRIC_REPRESENTATION_CONTEXT(2) 
PARAMETRIC_REPRESENTATION_CONTEXT() REPRESENTATION_CONTEXT('2D SPACE',''
  ) );
#12218 = ADVANCED_FACE('',(#12219),#12144,.T.);
#12219 = FACE_BOUND('',#12220,.T.);
#12220 = EDGE_LOOP('',(#12221));
#12221 = ORIENTED_EDGE('',*,*,#12129,.T.);
#12222 = ADVANCED_FACE('',(#12223),#12207,.T.);
#12223 = FACE_BOUND('',#12224,.F.);
#12224 = EDGE_LOOP('',(#12225,#12248,#12249,#12250));
#12225 = ORIENTED_EDGE('',*,*,#12226,.T.);
#12226 = EDGE_CURVE('',#12227,#12191,#12229,.T.);
#12227 = VERTEX_POINT('',#12228);
#12228 = CARTESIAN_POINT('',(-16.,-34.64101615137,-8.));
#12229 = SEAM_CURVE('',#12230,(#12234,#12241),.PCURVE_S1.);
#12230 = LINE('',#12231,#12232);
#12231 = CARTESIAN_POINT('',(-16.,-34.64101615137,-8.));
#12232 = VECTOR('',#12233,1.);
#12233 = DIRECTION('',(0.,0.,1.));
#12234 = PCURVE('',#12207,#12235);
#12235 = DEFINITIONAL_REPRESENTATION('',(#12236),#12240);
#12236 = LINE('',#12237,#12238);
#12237 = CARTESIAN_POINT('',(-0.,0.));
#12238 = VECTOR('',#12239,1.);
#12239 = DIRECTION('',(-0.,-1.));
#12240 = ( GEOMETRIC_REPRESENTATION_CONTEXT(2) 
PARAMETRIC_REPRESENTATION_CONTEXT() REPRESENTATION_CONTEXT('2D SPACE',''
  ) );
#12241 = PCURVE('',#12207,#12242);
#12242 = DEFINITIONAL_REPRESENTATION('',(#12243),#12247);
#12243 = LINE('',#12244,#12245);
#12244 = CARTESIAN_POINT('',(-6.28318530718,0.));
#12245 = VECTOR('',#12246,1.);
#12246 = DIRECTION('',(-0.,-1.));
#12247 = ( GEOMETRIC_REPRESENTATION_CONTEXT(2) 
PARAMETRIC_REPRESENTATION_CONTEXT() REPRESENTATION_CONTEXT('2D SPACE',''
  ) );
#12248 = ORIENTED_EDGE('',*,*,#12190,.T.);
#12249 = ORIENTED_EDGE('',*,*,#12226,.F.);
#12250 = ORIENTED_EDGE('',*,*,#12251,.F.);
#12251 = EDGE_CURVE('',#12227,#12227,#12252,.T.);
#12252 = SURFACE_CURVE('',#12253,(#12258,#12265),.PCURVE_S1.);
#12253 = CIRCLE('',#12254,4.);
#12254 = AXIS2_PLACEMENT_3D('',#12255,#12256,#12257);
#12255 = CARTESIAN_POINT('',(-20.,-34.64101615137,-8.));
#12256 = DIRECTION('',(0.,0.,1.));
#12257 = DIRECTION('',(1.,0.,0.));
#12258 = PCURVE('',#12207,#12259);
#12259 = DEFINITIONAL_REPRESENTATION('',(#12260),#12264);
#12260 = LINE('',#12261,#12262);
#12261 = CARTESIAN_POINT('',(-0.,0.));
#12262 = VECTOR('',#12263,1.);
#12263 = DIRECTION('',(-1.,0.));
#12264 = ( GEOMETRIC_REPRESENTATION_CONTEXT(2) 
PARAMETRIC_REPRESENTATION_CONTEXT() REPRESENTATION_CONTEXT('2D SPACE',''
  ) );
#12265 = PCURVE('',#12266,#12271);
#12266 = PLANE('',#12267);
#12267 = AXIS2_PLACEMENT_3D('',#12268,#12269,#12270);
#12268 = CARTESIAN_POINT('',(-20.,-34.64101615137,-8.));
#12269 = DIRECTION('',(0.,0.,1.));
#12270 = DIRECTION('',(1.,0.,-0.));
#12271 = DEFINITIONAL_REPRESENTATION('',(#12272),#12276);
#12272 = CIRCLE('',#12273,4.);
#12273 = AXIS2_PLACEMENT_2D('',#12274,#12275);
#12274 = CARTESIAN_POINT('',(0.,0.));
#12275 = DIRECTION('',(1.,0.));
#12276 = ( GEOMETRIC_REPRESENTATION_CONTEXT(2) 
PARAMETRIC_REPRESENTATION_CONTEXT() REPRESENTATION_CONTEXT('2D SPACE',''
  ) );
#12277 = ADVANCED_FACE('',(#12278),#12266,.F.);
#12278 = FACE_BOUND('',#12279,.F.);
#12279 = EDGE_LOOP('',(#12280));
#12280 = ORIENTED_EDGE('',*,*,#12251,.T.);
#12281 = ( GEOMETRIC_REPRESENTATION_CONTEXT(3) 
GLOBAL_UNCERTAINTY_ASSIGNED_CONTEXT((#12285)) 
GLOBAL_UNIT_ASSIGNED_CONTEXT((#12282,#12283,#12284)) 
REPRESENTATION_CONTEXT('Context #1',
  '3D Context with UNIT and UNCERTAINTY') );
#12282 = ( LENGTH_UNIT() NAMED_UNIT(*) SI_UNIT(.MILLI.,.METRE.) );
#12283 = ( NAMED_UNIT(*) PLANE_ANGLE_UNIT() SI_UNIT($,.RADIAN.) );
#12284 = ( NAMED_UNIT(*) SI_UNIT($,.STERADIAN.) SOLID_ANGLE_UNIT() );
#12285 = UNCERTAINTY_MEASURE_WITH_UNIT(LENGTH_MEASURE(1.E-07),#12282,
  'distance_accuracy_value','confusion accuracy');
#12286 = CONTEXT_DEPENDENT_SHAPE_REPRESENTATION(#12287,#12289);
#12287 = ( REPRESENTATION_RELATIONSHIP('','',#12092,#10) 
REPRESENTATION_RELATIONSHIP_WITH_TRANSFORMATION(#12288) 
SHAPE_REPRESENTATION_RELATIONSHIP() );
#12288 = ITEM_DEFINED_TRANSFORMATION('','',#11,#47);
#12289 = PRODUCT_DEFINITION_SHAPE('Placement','Placement of an item',
  #12290);
#12290 = NEXT_ASSEMBLY_USAGE_OCCURRENCE('18','bolt_4','',#5,#12087,$);
#12291 = PRODUCT_RELATED_PRODUCT_CATEGORY('part',$,(#12089));
#12292 = SHAPE_DEFINITION_REPRESENTATION(#12293,#12299);
#12293 = PRODUCT_DEFINITION_SHAPE('','',#12294);
#12294 = PRODUCT_DEFINITION('design','',#12295,#12298);
#12295 = PRODUCT_DEFINITION_FORMATION('','',#12296);
#12296 = PRODUCT('bolt_5','bolt_5','',(#12297));
#12297 = PRODUCT_CONTEXT('',#2,'mechanical');
#12298 = PRODUCT_DEFINITION_CONTEXT('part definition',#2,'design');
#12299 = ADVANCED_BREP_SHAPE_REPRESENTATION('',(#11,#12300),#12488);
#12300 = MANIFOLD_SOLID_BREP('',#12301);
#12301 = CLOSED_SHELL('',(#12302,#12390,#12425,#12429,#12484));
#12302 = ADVANCED_FACE('',(#12303),#12317,.T.);
#12303 = FACE_BOUND('',#12304,.F.);
#12304 = EDGE_LOOP('',(#12305,#12335,#12362,#12363));
#12305 = ORIENTED_EDGE('',*,*,#12306,.T.);
#12306 = EDGE_CURVE('',#12307,#12309,#12311,.T.);
#12307 = VERTEX_POINT('',#12308);
#12308 = CARTESIAN_POINT('',(26.5,-34.64101615137,6.));
#12309 = VERTEX_POINT('',#12310);
#12310 = CARTESIAN_POINT('',(26.5,-34.64101615137,14.));
#12311 = SEAM_CURVE('',#12312,(#12316,#12328),.PCURVE_S1.);
#12312 = LINE('',#12313,#12314);
#12313 = CARTESIAN_POINT('',(26.5,-34.64101615137,6.));
#12314 = VECTOR('',#12315,1.);
#12315 = DIRECTION('',(0.,0.,1.));
#12316 = PCURVE('',#12317,#12322);
#12317 = CYLINDRICAL_SURFACE('',#12318,6.5);
#12318 = AXIS2_PLACEMENT_3D('',#12319,#12320,#12321);
#12319 = CARTESIAN_POINT('',(20.,-34.64101615137,6.));
#12320 = DIRECTION('',(-0.,-0.,-1.));
#12321 = DIRECTION('',(1.,0.,0.));
#12322 = DEFINITIONAL_REPRESENTATION('',(#12323),#12327);
#12323 = LINE('',#12324,#12325);
#12324 = CARTESIAN_POINT('',(-0.,0.));
#12325 = VECTOR('',#12326,1.);
#12326 = DIRECTION('',(-0.,-1.));
#12327 = ( GEOMETRIC_REPRESENTATION_CONTEXT(2) 
PARAMETRIC_REPRESENTATION_CONTEXT() REPRESENTATION_CONTEXT('2D SPACE',''
  ) );
#12328 = PCURVE('',#12317,#12329);
#12329 = DEFINITIONAL_REPRESENTATION('',(#12330),#12334);
#12330 = LINE('',#12331,#12332);
#12331 = CARTESIAN_POINT('',(-6.28318530718,0.));
#12332 = VECTOR('',#12333,1.);
#12333 = DIRECTION('',(-0.,-1.));
#12334 = ( GEOMETRIC_REPRESENTATION_CONTEXT(2) 
PARAMETRIC_REPRESENTATION_CONTEXT() REPRESENTATION_CONTEXT('2D SPACE',''
  ) );
#12335 = ORIENTED_EDGE('',*,*,#12336,.T.);
#12336 = EDGE_CURVE('',#12309,#12309,#12337,.T.);
#12337 = SURFACE_CURVE('',#12338,(#12343,#12350),.PCURVE_S1.);
#12338 = CIRCLE('',#12339,6.5);
#12339 = AXIS2_PLACEMENT_3D('',#12340,#12341,#12342);
#12340 = CARTESIAN_POINT('',(20.,-34.64101615137,14.));
#12341 = DIRECTION('',(0.,0.,1.));
#12342 = DIRECTION('',(1.,0.,0.));
#12343 = PCURVE('',#12317,#12344);
#12344 = DEFINITIONAL_REPRESENTATION('',(#12345),#12349);
#12345 = LINE('',#12346,#12347);
#12346 = CARTESIAN_POINT('',(-0.,-8.));
#12347 = VECTOR('',#12348,1.);
#12348 = DIRECTION('',(-1.,0.));
#12349 = ( GEOMETRIC_REPRESENTATION_CONTEXT(2) 
PARAMETRIC_REPRESENTATION_CONTEXT() REPRESENTATION_CONTEXT('2D SPACE',''
  ) );
#12350 = PCURVE('',#12351,#12356);
#12351 = PLANE('',#12352);
#12352 = AXIS2_PLACEMENT_3D('',#12353,#12354,#12355);
#12353 = CARTESIAN_POINT('',(20.,-34.64101615137,14.));
#12354 = DIRECTION('',(0.,0.,1.));
#12355 = DIRECTION('',(1.,0.,-0.));
#12356 = DEFINITIONAL_REPRESENTATION('',(#12357),#12361);
#12357 = CIRCLE('',#12358,6.5);
#12358 = AXIS2_PLACEMENT_2D('',#12359,#12360);
#12359 = CARTESIAN_POINT('',(0.,0.));
#12360 = DIRECTION('',(1.,0.));
#12361 = ( GEOMETRIC_REPRESENTATION_CONTEXT(2) 
PARAMETRIC_REPRESENTATION_CONTEXT() REPRESENTATION_CONTEXT('2D SPACE',''
  ) );
#12362 = ORIENTED_EDGE('',*,*,#12306,.F.);
#12363 = ORIENTED_EDGE('',*,*,#12364,.F.);
#12364 = EDGE_CURVE('',#12307,#12307,#12365,.T.);
#12365 = SURFACE_CURVE('',#12366,(#12371,#12378),.PCURVE_S1.);
#12366 = CIRCLE('',#12367,6.5);
#12367 = AXIS2_PLACEMENT_3D('',#12368,#12369,#12370);
#12368 = CARTESIAN_POINT('',(20.,-34.64101615137,6.));
#12369 = DIRECTION('',(0.,0.,1.));
#12370 = DIRECTION('',(1.,0.,0.));
#12371 = PCURVE('',#12317,#12372);
#12372 = DEFINITIONAL_REPRESENTATION('',(#12373),#12377);
#12373 = LINE('',#12374,#12375);
#12374 = CARTESIAN_POINT('',(-0.,0.));
#12375 = VECTOR('',#12376,1.);
#12376 = DIRECTION('',(-1.,0.));
#12377 = ( GEOMETRIC_REPRESENTATION_CONTEXT(2) 
PARAMETRIC_REPRESENTATION_CONTEXT() REPRESENTATION_CONTEXT('2D SPACE',''
  ) );
#12378 = PCURVE('',#12379,#12384);
#12379 = PLANE('',#12380);
#12380 = AXIS2_PLACEMENT_3D('',#12381,#12382,#12383);
#12381 = CARTESIAN_POINT('',(20.,-34.64101615137,6.));
#12382 = DIRECTION('',(0.,0.,1.));
#12383 = DIRECTION('',(1.,0.,-0.));
#12384 = DEFINITIONAL_REPRESENTATION('',(#12385),#12389);
#12385 = CIRCLE('',#12386,6.5);
#12386 = AXIS2_PLACEMENT_2D('',#12387,#12388);
#12387 = CARTESIAN_POINT('',(0.,0.));
#12388 = DIRECTION('',(1.,0.));
#12389 = ( GEOMETRIC_REPRESENTATION_CONTEXT(2) 
PARAMETRIC_REPRESENTATION_CONTEXT() REPRESENTATION_CONTEXT('2D SPACE',''
  ) );
#12390 = ADVANCED_FACE('',(#12391,#12394),#12379,.F.);
#12391 = FACE_BOUND('',#12392,.F.);
#12392 = EDGE_LOOP('',(#12393));
#12393 = ORIENTED_EDGE('',*,*,#12364,.T.);
#12394 = FACE_BOUND('',#12395,.F.);
#12395 = EDGE_LOOP('',(#12396));
#12396 = ORIENTED_EDGE('',*,*,#12397,.F.);
#12397 = EDGE_CURVE('',#12398,#12398,#12400,.T.);
#12398 = VERTEX_POINT('',#12399);
#12399 = CARTESIAN_POINT('',(24.,-34.64101615137,6.));
#12400 = SURFACE_CURVE('',#12401,(#12406,#12413),.PCURVE_S1.);
#12401 = CIRCLE('',#12402,4.);
#12402 = AXIS2_PLACEMENT_3D('',#12403,#12404,#12405);
#12403 = CARTESIAN_POINT('',(20.,-34.64101615137,6.));
#12404 = DIRECTION('',(0.,0.,1.));
#12405 = DIRECTION('',(1.,0.,0.));
#12406 = PCURVE('',#12379,#12407);
#12407 = DEFINITIONAL_REPRESENTATION('',(#12408),#12412);
#12408 = CIRCLE('',#12409,4.);
#12409 = AXIS2_PLACEMENT_2D('',#12410,#12411);
#12410 = CARTESIAN_POINT('',(0.,0.));
#12411 = DIRECTION('',(1.,0.));
#12412 = ( GEOMETRIC_REPRESENTATION_CONTEXT(2) 
PARAMETRIC_REPRESENTATION_CONTEXT() REPRESENTATION_CONTEXT('2D SPACE',''
  ) );
#12413 = PCURVE('',#12414,#12419);
#12414 = CYLINDRICAL_SURFACE('',#12415,4.);
#12415 = AXIS2_PLACEMENT_3D('',#12416,#12417,#12418);
#12416 = CARTESIAN_POINT('',(20.,-34.64101615137,-8.));
#12417 = DIRECTION('',(-0.,-0.,-1.));
#12418 = DIRECTION('',(1.,0.,0.));
#12419 = DEFINITIONAL_REPRESENTATION('',(#12420),#12424);
#12420 = LINE('',#12421,#12422);
#12421 = CARTESIAN_POINT('',(-0.,-14.));
#12422 = VECTOR('',#12423,1.);
#12423 = DIRECTION('',(-1.,0.));
#12424 = ( GEOMETRIC_REPRESENTATION_CONTEXT(2) 
PARAMETRIC_REPRESENTATION_CONTEXT() REPRESENTATION_CONTEXT('2D SPACE',''
  ) );
#12425 = ADVANCED_FACE('',(#12426),#12351,.T.);
#12426 = FACE_BOUND('',#12427,.T.);
#12427 = EDGE_LOOP('',(#12428));
#12428 = ORIENTED_EDGE('',*,*,#12336,.T.);
#12429 = ADVANCED_FACE('',(#12430),#12414,.T.);
#12430 = FACE_BOUND('',#12431,.F.);
#12431 = EDGE_LOOP('',(#12432,#12455,#12456,#12457));
#12432 = ORIENTED_EDGE('',*,*,#12433,.T.);
#12433 = EDGE_CURVE('',#12434,#12398,#12436,.T.);
#12434 = VERTEX_POINT('',#12435);
#12435 = CARTESIAN_POINT('',(24.,-34.64101615137,-8.));
#12436 = SEAM_CURVE('',#12437,(#12441,#12448),.PCURVE_S1.);
#12437 = LINE('',#12438,#12439);
#12438 = CARTESIAN_POINT('',(24.,-34.64101615137,-8.));
#12439 = VECTOR('',#12440,1.);
#12440 = DIRECTION('',(0.,0.,1.));
#12441 = PCURVE('',#12414,#12442);
#12442 = DEFINITIONAL_REPRESENTATION('',(#12443),#12447);
#12443 = LINE('',#12444,#12445);
#12444 = CARTESIAN_POINT('',(-0.,0.));
#12445 = VECTOR('',#12446,1.);
#12446 = DIRECTION('',(-0.,-1.));
#12447 = ( GEOMETRIC_REPRESENTATION_CONTEXT(2) 
PARAMETRIC_REPRESENTATION_CONTEXT() REPRESENTATION_CONTEXT('2D SPACE',''
  ) );
#12448 = PCURVE('',#12414,#12449);
#12449 = DEFINITIONAL_REPRESENTATION('',(#12450),#12454);
#12450 = LINE('',#12451,#12452);
#12451 = CARTESIAN_POINT('',(-6.28318530718,0.));
#12452 = VECTOR('',#12453,1.);
#12453 = DIRECTION('',(-0.,-1.));
#12454 = ( GEOMETRIC_REPRESENTATION_CONTEXT(2) 
PARAMETRIC_REPRESENTATION_CONTEXT() REPRESENTATION_CONTEXT('2D SPACE',''
  ) );
#12455 = ORIENTED_EDGE('',*,*,#12397,.T.);
#12456 = ORIENTED_EDGE('',*,*,#12433,.F.);
#12457 = ORIENTED_EDGE('',*,*,#12458,.F.);
#12458 = EDGE_CURVE('',#12434,#12434,#12459,.T.);
#12459 = SURFACE_CURVE('',#12460,(#12465,#12472),.PCURVE_S1.);
#12460 = CIRCLE('',#12461,4.);
#12461 = AXIS2_PLACEMENT_3D('',#12462,#12463,#12464);
#12462 = CARTESIAN_POINT('',(20.,-34.64101615137,-8.));
#12463 = DIRECTION('',(0.,0.,1.));
#12464 = DIRECTION('',(1.,0.,0.));
#12465 = PCURVE('',#12414,#12466);
#12466 = DEFINITIONAL_REPRESENTATION('',(#12467),#12471);
#12467 = LINE('',#12468,#12469);
#12468 = CARTESIAN_POINT('',(-0.,0.));
#12469 = VECTOR('',#12470,1.);
#12470 = DIRECTION('',(-1.,0.));
#12471 = ( GEOMETRIC_REPRESENTATION_CONTEXT(2) 
PARAMETRIC_REPRESENTATION_CONTEXT() REPRESENTATION_CONTEXT('2D SPACE',''
  ) );
#12472 = PCURVE('',#12473,#12478);
#12473 = PLANE('',#12474);
#12474 = AXIS2_PLACEMENT_3D('',#12475,#12476,#12477);
#12475 = CARTESIAN_POINT('',(20.,-34.64101615137,-8.));
#12476 = DIRECTION('',(0.,0.,1.));
#12477 = DIRECTION('',(1.,0.,-0.));
#12478 = DEFINITIONAL_REPRESENTATION('',(#12479),#12483);
#12479 = CIRCLE('',#12480,4.);
#12480 = AXIS2_PLACEMENT_2D('',#12481,#12482);
#12481 = CARTESIAN_POINT('',(-3.552713678801E-15,7.105427357601E-15));
#12482 = DIRECTION('',(1.,0.));
#12483 = ( GEOMETRIC_REPRESENTATION_CONTEXT(2) 
PARAMETRIC_REPRESENTATION_CONTEXT() REPRESENTATION_CONTEXT('2D SPACE',''
  ) );
#12484 = ADVANCED_FACE('',(#12485),#12473,.F.);
#12485 = FACE_BOUND('',#12486,.F.);
#12486 = EDGE_LOOP('',(#12487));
#12487 = ORIENTED_EDGE('',*,*,#12458,.T.);
#12488 = ( GEOMETRIC_REPRESENTATION_CONTEXT(3) 
GLOBAL_UNCERTAINTY_ASSIGNED_CONTEXT((#12492)) 
GLOBAL_UNIT_ASSIGNED_CONTEXT((#12489,#12490,#12491)) 
REPRESENTATION_CONTEXT('Context #1',
  '3D Context with UNIT and UNCERTAINTY') );
#12489 = ( LENGTH_UNIT() NAMED_UNIT(*) SI_UNIT(.MILLI.,.METRE.) );
#12490 = ( NAMED_UNIT(*) PLANE_ANGLE_UNIT() SI_UNIT($,.RADIAN.) );
#12491 = ( NAMED_UNIT(*) SI_UNIT($,.STERADIAN.) SOLID_ANGLE_UNIT() );
#12492 = UNCERTAINTY_MEASURE_WITH_UNIT(LENGTH_MEASURE(1.E-07),#12489,
  'distance_accuracy_value','confusion accuracy');
#12493 = CONTEXT_DEPENDENT_SHAPE_REPRESENTATION(#12494,#12496);
#12494 = ( REPRESENTATION_RELATIONSHIP('','',#12299,#10) 
REPRESENTATION_RELATIONSHIP_WITH_TRANSFORMATION(#12495) 
SHAPE_REPRESENTATION_RELATIONSHIP() );
#12495 = ITEM_DEFINED_TRANSFORMATION('','',#11,#51);
#12496 = PRODUCT_DEFINITION_SHAPE('Placement','Placement of an item',
  #12497);
#12497 = NEXT_ASSEMBLY_USAGE_OCCURRENCE('19','bolt_5','',#5,#12294,$);
#12498 = PRODUCT_RELATED_PRODUCT_CATEGORY('part',$,(#12296));
#12499 = SHAPE_DEFINITION_REPRESENTATION(#12500,#12506);
#12500 = PRODUCT_DEFINITION_SHAPE('','',#12501);
#12501 = PRODUCT_DEFINITION('design','',#12502,#12505);
#12502 = PRODUCT_DEFINITION_FORMATION('','',#12503);
#12503 = PRODUCT('tripod_screw','tripod_screw','',(#12504));
#12504 = PRODUCT_CONTEXT('',#2,'mechanical');
#12505 = PRODUCT_DEFINITION_CONTEXT('part definition',#2,'design');
#12506 = ADVANCED_BREP_SHAPE_REPRESENTATION('',(#11,#12507),#12685);
#12507 = MANIFOLD_SOLID_BREP('',#12508);
#12508 = CLOSED_SHELL('',(#12509,#12546,#12625,#12681));
#12509 = ADVANCED_FACE('',(#12510),#12523,.F.);
#12510 = FACE_BOUND('',#12511,.F.);
#12511 = EDGE_LOOP('',(#12512));
#12512 = ORIENTED_EDGE('',*,*,#12513,.T.);
#12513 = EDGE_CURVE('',#12514,#12514,#12516,.T.);
#12514 = VERTEX_POINT('',#12515);
#12515 = CARTESIAN_POINT('',(46.218755003728,26.684410643012,
    -5.30122045959));
#12516 = SURFACE_CURVE('',#12517,(#12522,#12534),.PCURVE_S1.);
#12517 = CIRCLE('',#12518,6.05);
#12518 = AXIS2_PLACEMENT_3D('',#12519,#12520,#12521);
#12519 = CARTESIAN_POINT('',(46.675403481924,26.948056764823,
    -11.32819838304));
#12520 = DIRECTION('',(0.862729915663,0.498097349046,8.715574274766E-02)
  );
#12521 = DIRECTION('',(-7.547908730517E-02,-4.357787137383E-02,
    0.996194698092));
#12522 = PCURVE('',#12523,#12528);
#12523 = PLANE('',#12524);
#12524 = AXIS2_PLACEMENT_3D('',#12525,#12526,#12527);
#12525 = CARTESIAN_POINT('',(46.675403481924,26.948056764823,
    -11.32819838304));
#12526 = DIRECTION('',(0.862729915663,0.498097349046,8.715574274766E-02)
  );
#12527 = DIRECTION('',(-7.547908730517E-02,-4.357787137383E-02,
    0.996194698092));
#12528 = DEFINITIONAL_REPRESENTATION('',(#12529),#12533);
#12529 = CIRCLE('',#12530,6.05);
#12530 = AXIS2_PLACEMENT_2D('',#12531,#12532);
#12531 = CARTESIAN_POINT('',(0.,0.));
#12532 = DIRECTION('',(1.,-2.748962873712E-18));
#12533 = ( GEOMETRIC_REPRESENTATION_CONTEXT(2) 
PARAMETRIC_REPRESENTATION_CONTEXT() REPRESENTATION_CONTEXT('2D SPACE',''
  ) );
#12534 = PCURVE('',#12535,#12540);
#12535 = CONICAL_SURFACE('',#12536,6.05,0.715584993318);
#12536 = AXIS2_PLACEMENT_3D('',#12537,#12538,#12539);
#12537 = CARTESIAN_POINT('',(46.675403481924,26.948056764823,
    -11.32819838304));
#12538 = DIRECTION('',(-0.862729915663,-0.498097349046,
    -8.715574274766E-02));
#12539 = DIRECTION('',(-7.547908730517E-02,-4.357787137383E-02,
    0.996194698092));
#12540 = DEFINITIONAL_REPRESENTATION('',(#12541),#12545);
#12541 = LINE('',#12542,#12543);
#12542 = CARTESIAN_POINT('',(-0.,-0.));
#12543 = VECTOR('',#12544,1.);
#12544 = DIRECTION('',(-1.,-0.));
#12545 = ( GEOMETRIC_REPRESENTATION_CONTEXT(2) 
PARAMETRIC_REPRESENTATION_CONTEXT() REPRESENTATION_CONTEXT('2D SPACE',''
  ) );
#12546 = ADVANCED_FACE('',(#12547),#12535,.T.);
#12547 = FACE_BOUND('',#12548,.T.);
#12548 = EDGE_LOOP('',(#12549,#12572,#12601,#12623,#12624));
#12549 = ORIENTED_EDGE('',*,*,#12550,.T.);
#12550 = EDGE_CURVE('',#12514,#12551,#12553,.T.);
#12551 = VERTEX_POINT('',#12552);
#12552 = CARTESIAN_POINT('',(49.289071941691,28.457058953642,
    -7.87702922933));
#12553 = SEAM_CURVE('',#12554,(#12558,#12565),.PCURVE_S1.);
#12554 = LINE('',#12555,#12556);
#12555 = CARTESIAN_POINT('',(46.218755003728,26.684410643012,
    -5.30122045959));
#12556 = VECTOR('',#12557,1.);
#12557 = DIRECTION('',(0.700629269222,0.404508497187,-0.587785252292));
#12558 = PCURVE('',#12535,#12559);
#12559 = DEFINITIONAL_REPRESENTATION('',(#12560),#12564);
#12560 = LINE('',#12561,#12562);
#12561 = CARTESIAN_POINT('',(-6.28318530718,0.));
#12562 = VECTOR('',#12563,1.);
#12563 = DIRECTION('',(-0.,-1.));
#12564 = ( GEOMETRIC_REPRESENTATION_CONTEXT(2) 
PARAMETRIC_REPRESENTATION_CONTEXT() REPRESENTATION_CONTEXT('2D SPACE',''
  ) );
#12565 = PCURVE('',#12535,#12566);
#12566 = DEFINITIONAL_REPRESENTATION('',(#12567),#12571);
#12567 = LINE('',#12568,#12569);
#12568 = CARTESIAN_POINT('',(0.,-0.));
#12569 = VECTOR('',#12570,1.);
#12570 = DIRECTION('',(-0.,-1.));
#12571 = ( GEOMETRIC_REPRESENTATION_CONTEXT(2) 
PARAMETRIC_REPRESENTATION_CONTEXT() REPRESENTATION_CONTEXT('2D SPACE',''
  ) );
#12572 = ORIENTED_EDGE('',*,*,#12573,.F.);
#12573 = EDGE_CURVE('',#12574,#12551,#12576,.T.);
#12574 = VERTEX_POINT('',#12575);
#12575 = CARTESIAN_POINT('',(47.941218043885,31.34504935227,
    -11.03994739577));
#12576 = SURFACE_CURVE('',#12577,(#12582,#12589),.PCURVE_S1.);
#12577 = CIRCLE('',#12578,3.175);
#12578 = AXIS2_PLACEMENT_3D('',#12579,#12580,#12581);
#12579 = CARTESIAN_POINT('',(49.528718043885,28.595418695254,
    -11.03994739577));
#12580 = DIRECTION('',(0.862729915663,0.498097349046,8.715574274766E-02)
  );
#12581 = DIRECTION('',(-7.547908730517E-02,-4.357787137383E-02,
    0.996194698092));
#12582 = PCURVE('',#12535,#12583);
#12583 = DEFINITIONAL_REPRESENTATION('',(#12584),#12588);
#12584 = LINE('',#12585,#12586);
#12585 = CARTESIAN_POINT('',(-0.,-3.30730917076));
#12586 = VECTOR('',#12587,1.);
#12587 = DIRECTION('',(-1.,-0.));
#12588 = ( GEOMETRIC_REPRESENTATION_CONTEXT(2) 
PARAMETRIC_REPRESENTATION_CONTEXT() REPRESENTATION_CONTEXT('2D SPACE',''
  ) );
#12589 = PCURVE('',#12590,#12595);
#12590 = CYLINDRICAL_SURFACE('',#12591,3.175);
#12591 = AXIS2_PLACEMENT_3D('',#12592,#12593,#12594);
#12592 = CARTESIAN_POINT('',(46.675403481924,26.948056764823,
    -11.32819838304));
#12593 = DIRECTION('',(-0.862729915663,-0.498097349046,
    -8.715574274766E-02));
#12594 = DIRECTION('',(-0.5,0.866025403784,0.));
#12595 = DEFINITIONAL_REPRESENTATION('',(#12596),#12600);
#12596 = LINE('',#12597,#12598);
#12597 = CARTESIAN_POINT('',(4.712388980385,-3.30730917076));
#12598 = VECTOR('',#12599,1.);
#12599 = DIRECTION('',(-1.,0.));
#12600 = ( GEOMETRIC_REPRESENTATION_CONTEXT(2) 
PARAMETRIC_REPRESENTATION_CONTEXT() REPRESENTATION_CONTEXT('2D SPACE',''
  ) );
#12601 = ORIENTED_EDGE('',*,*,#12602,.F.);
#12602 = EDGE_CURVE('',#12551,#12574,#12603,.T.);
#12603 = SURFACE_CURVE('',#12604,(#12609,#12616),.PCURVE_S1.);
#12604 = CIRCLE('',#12605,3.175);
#12605 = AXIS2_PLACEMENT_3D('',#12606,#12607,#12608);
#12606 = CARTESIAN_POINT('',(49.528718043885,28.595418695254,
    -11.03994739577));
#12607 = DIRECTION('',(0.862729915663,0.498097349046,8.715574274766E-02)
  );
#12608 = DIRECTION('',(-7.547908730517E-02,-4.357787137383E-02,
    0.996194698092));
#12609 = PCURVE('',#12535,#12610);
#12610 = DEFINITIONAL_REPRESENTATION('',(#12611),#12615);
#12611 = LINE('',#12612,#12613);
#12612 = CARTESIAN_POINT('',(-0.,-3.30730917076));
#12613 = VECTOR('',#12614,1.);
#12614 = DIRECTION('',(-1.,-0.));
#12615 = ( GEOMETRIC_REPRESENTATION_CONTEXT(2) 
PARAMETRIC_REPRESENTATION_CONTEXT() REPRESENTATION_CONTEXT('2D SPACE',''
  ) );
#12616 = PCURVE('',#12590,#12617);
#12617 = DEFINITIONAL_REPRESENTATION('',(#12618),#12622);
#12618 = LINE('',#12619,#12620);
#12619 = CARTESIAN_POINT('',(-1.570796326795,-3.30730917076));
#12620 = VECTOR('',#12621,1.);
#12621 = DIRECTION('',(-1.,0.));
#12622 = ( GEOMETRIC_REPRESENTATION_CONTEXT(2) 
PARAMETRIC_REPRESENTATION_CONTEXT() REPRESENTATION_CONTEXT('2D SPACE',''
  ) );
#12623 = ORIENTED_EDGE('',*,*,#12550,.F.);
#12624 = ORIENTED_EDGE('',*,*,#12513,.T.);
#12625 = ADVANCED_FACE('',(#12626),#12590,.T.);
#12626 = FACE_BOUND('',#12627,.F.);
#12627 = EDGE_LOOP('',(#12628,#12629,#12652,#12679,#12680));
#12628 = ORIENTED_EDGE('',*,*,#12573,.F.);
#12629 = ORIENTED_EDGE('',*,*,#12630,.T.);
#12630 = EDGE_CURVE('',#12574,#12631,#12633,.T.);
#12631 = VERTEX_POINT('',#12632);
#12632 = CARTESIAN_POINT('',(53.305405928612,34.442064671501,
    -10.49803993337));
#12633 = SEAM_CURVE('',#12634,(#12638,#12645),.PCURVE_S1.);
#12634 = LINE('',#12635,#12636);
#12635 = CARTESIAN_POINT('',(45.087903481924,29.697687421839,
    -11.32819838304));
#12636 = VECTOR('',#12637,1.);
#12637 = DIRECTION('',(0.862729915663,0.498097349046,8.715574274766E-02)
  );
#12638 = PCURVE('',#12590,#12639);
#12639 = DEFINITIONAL_REPRESENTATION('',(#12640),#12644);
#12640 = LINE('',#12641,#12642);
#12641 = CARTESIAN_POINT('',(-6.28318530718,0.));
#12642 = VECTOR('',#12643,1.);
#12643 = DIRECTION('',(-0.,-1.));
#12644 = ( GEOMETRIC_REPRESENTATION_CONTEXT(2) 
PARAMETRIC_REPRESENTATION_CONTEXT() REPRESENTATION_CONTEXT('2D SPACE',''
  ) );
#12645 = PCURVE('',#12590,#12646);
#12646 = DEFINITIONAL_REPRESENTATION('',(#12647),#12651);
#12647 = LINE('',#12648,#12649);
#12648 = CARTESIAN_POINT('',(-0.,0.));
#12649 = VECTOR('',#12650,1.);
#12650 = DIRECTION('',(-0.,-1.));
#12651 = ( GEOMETRIC_REPRESENTATION_CONTEXT(2) 
PARAMETRIC_REPRESENTATION_CONTEXT() REPRESENTATION_CONTEXT('2D SPACE',''
  ) );
#12652 = ORIENTED_EDGE('',*,*,#12653,.T.);
#12653 = EDGE_CURVE('',#12631,#12631,#12654,.T.);
#12654 = SURFACE_CURVE('',#12655,(#12660,#12667),.PCURVE_S1.);
#12655 = CIRCLE('',#12656,3.175);
#12656 = AXIS2_PLACEMENT_3D('',#12657,#12658,#12659);
#12657 = CARTESIAN_POINT('',(54.892905928612,31.692434014485,
    -10.49803993337));
#12658 = DIRECTION('',(0.862729915663,0.498097349046,8.715574274766E-02)
  );
#12659 = DIRECTION('',(-0.5,0.866025403784,0.));
#12660 = PCURVE('',#12590,#12661);
#12661 = DEFINITIONAL_REPRESENTATION('',(#12662),#12666);
#12662 = LINE('',#12663,#12664);
#12663 = CARTESIAN_POINT('',(-0.,-9.525));
#12664 = VECTOR('',#12665,1.);
#12665 = DIRECTION('',(-1.,0.));
#12666 = ( GEOMETRIC_REPRESENTATION_CONTEXT(2) 
PARAMETRIC_REPRESENTATION_CONTEXT() REPRESENTATION_CONTEXT('2D SPACE',''
  ) );
#12667 = PCURVE('',#12668,#12673);
#12668 = PLANE('',#12669);
#12669 = AXIS2_PLACEMENT_3D('',#12670,#12671,#12672);
#12670 = CARTESIAN_POINT('',(54.892905928612,31.692434014485,
    -10.49803993337));
#12671 = DIRECTION('',(0.862729915663,0.498097349046,8.715574274766E-02)
  );
#12672 = DIRECTION('',(-7.547908730517E-02,-4.357787137383E-02,
    0.996194698092));
#12673 = DEFINITIONAL_REPRESENTATION('',(#12674),#12678);
#12674 = CIRCLE('',#12675,3.175);
#12675 = AXIS2_PLACEMENT_2D('',#12676,#12677);
#12676 = CARTESIAN_POINT('',(0.,0.));
#12677 = DIRECTION('',(1.462997699119E-18,-1.));
#12678 = ( GEOMETRIC_REPRESENTATION_CONTEXT(2) 
PARAMETRIC_REPRESENTATION_CONTEXT() REPRESENTATION_CONTEXT('2D SPACE',''
  ) );
#12679 = ORIENTED_EDGE('',*,*,#12630,.F.);
#12680 = ORIENTED_EDGE('',*,*,#12602,.F.);
#12681 = ADVANCED_FACE('',(#12682),#12668,.T.);
#12682 = FACE_BOUND('',#12683,.T.);
#12683 = EDGE_LOOP('',(#12684));
#12684 = ORIENTED_EDGE('',*,*,#12653,.T.);
#12685 = ( GEOMETRIC_REPRESENTATION_CONTEXT(3) 
GLOBAL_UNCERTAINTY_ASSIGNED_CONTEXT((#12689)) 
GLOBAL_UNIT_ASSIGNED_CONTEXT((#12686,#12687,#12688)) 
REPRESENTATION_CONTEXT('Context #1',
  '3D Context with UNIT and UNCERTAINTY') );
#12686 = ( LENGTH_UNIT() NAMED_UNIT(*) SI_UNIT(.MILLI.,.METRE.) );
#12687 = ( NAMED_UNIT(*) PLANE_ANGLE_UNIT() SI_UNIT($,.RADIAN.) );
#12688 = ( NAMED_UNIT(*) SI_UNIT($,.STERADIAN.) SOLID_ANGLE_UNIT() );
#12689 = UNCERTAINTY_MEASURE_WITH_UNIT(LENGTH_MEASURE(1.E-07),#12686,
  'distance_accuracy_value','confusion accuracy');
#12690 = CONTEXT_DEPENDENT_SHAPE_REPRESENTATION(#12691,#12693);
#12691 = ( REPRESENTATION_RELATIONSHIP('','',#12506,#10) 
REPRESENTATION_RELATIONSHIP_WITH_TRANSFORMATION(#12692) 
SHAPE_REPRESENTATION_RELATIONSHIP() );
#12692 = ITEM_DEFINED_TRANSFORMATION('','',#11,#55);
#12693 = PRODUCT_DEFINITION_SHAPE('Placement','Placement of an item',
  #12694);
#12694 = NEXT_ASSEMBLY_USAGE_OCCURRENCE('20','tripod_screw','',#5,#12501
  ,$);
#12695 = PRODUCT_RELATED_PRODUCT_CATEGORY('part',$,(#12503));
#12696 = MECHANICAL_DESIGN_GEOMETRIC_PRESENTATION_REPRESENTATION('',(
    #12697),#11129);
#12697 = STYLED_ITEM('color',(#12698),#8334);
#12698 = PRESENTATION_STYLE_ASSIGNMENT((#12699));
#12699 = SURFACE_STYLE_USAGE(.BOTH.,#12700);
#12700 = SURFACE_SIDE_STYLE('',(#12701));
#12701 = SURFACE_STYLE_FILL_AREA(#12702);
#12702 = FILL_AREA_STYLE('',(#12703));
#12703 = FILL_AREA_STYLE_COLOUR('',#12704);
#12704 = COLOUR_RGB('',0.750000000934,0.750000000934,0.78000000177);
#12705 = MECHANICAL_DESIGN_GEOMETRIC_PRESENTATION_REPRESENTATION('',(
    #12706),#11453);
#12706 = STYLED_ITEM('color',(#12707),#11265);
#12707 = PRESENTATION_STYLE_ASSIGNMENT((#12708));
#12708 = SURFACE_STYLE_USAGE(.BOTH.,#12709);
#12709 = SURFACE_SIDE_STYLE('',(#12710));
#12710 = SURFACE_STYLE_FILL_AREA(#12711);
#12711 = FILL_AREA_STYLE('',(#12712));
#12712 = FILL_AREA_STYLE_COLOUR('',#12713);
#12713 = COLOUR_RGB('',0.800000010877,0.700000005816,0.299999996101);
#12714 = MECHANICAL_DESIGN_GEOMETRIC_PRESENTATION_REPRESENTATION('',(
    #12715),#12488);
#12715 = STYLED_ITEM('color',(#12716),#12300);
#12716 = PRESENTATION_STYLE_ASSIGNMENT((#12717));
#12717 = SURFACE_STYLE_USAGE(.BOTH.,#12718);
#12718 = SURFACE_SIDE_STYLE('',(#12719));
#12719 = SURFACE_STYLE_FILL_AREA(#12720);
#12720 = FILL_AREA_STYLE('',(#12721));
#12721 = FILL_AREA_STYLE_COLOUR('',#12713);
#12722 = MECHANICAL_DESIGN_GEOMETRIC_PRESENTATION_REPRESENTATION('',(
    #12723),#12074);
#12723 = STYLED_ITEM('color',(#12724),#11886);
#12724 = PRESENTATION_STYLE_ASSIGNMENT((#12725));
#12725 = SURFACE_STYLE_USAGE(.BOTH.,#12726);
#12726 = SURFACE_SIDE_STYLE('',(#12727));
#12727 = SURFACE_STYLE_FILL_AREA(#12728);
#12728 = FILL_AREA_STYLE('',(#12729));
#12729 = FILL_AREA_STYLE_COLOUR('',#12713);
#12730 = MECHANICAL_DESIGN_GEOMETRIC_PRESENTATION_REPRESENTATION('',(
    #12731),#11660);
#12731 = STYLED_ITEM('color',(#12732),#11472);
#12732 = PRESENTATION_STYLE_ASSIGNMENT((#12733));
#12733 = SURFACE_STYLE_USAGE(.BOTH.,#12734);
#12734 = SURFACE_SIDE_STYLE('',(#12735));
#12735 = SURFACE_STYLE_FILL_AREA(#12736);
#12736 = FILL_AREA_STYLE('',(#12737));
#12737 = FILL_AREA_STYLE_COLOUR('',#12713);
#12738 = MECHANICAL_DESIGN_GEOMETRIC_PRESENTATION_REPRESENTATION('',(
    #12739),#8315);
#12739 = STYLED_ITEM('color',(#12740),#1140);
#12740 = PRESENTATION_STYLE_ASSIGNMENT((#12741));
#12741 = SURFACE_STYLE_USAGE(.BOTH.,#12742);
#12742 = SURFACE_SIDE_STYLE('',(#12743));
#12743 = SURFACE_STYLE_FILL_AREA(#12744);
#12744 = FILL_AREA_STYLE('',(#12745));
#12745 = FILL_AREA_STYLE_COLOUR('',#12746);
#12746 = COLOUR_RGB('',0.149999997808,0.149999997808,0.170000001676);
#12747 = MECHANICAL_DESIGN_GEOMETRIC_PRESENTATION_REPRESENTATION('',(
    #12748),#1121);
#12748 = STYLED_ITEM('color',(#12749),#73);
#12749 = PRESENTATION_STYLE_ASSIGNMENT((#12750));
#12750 = SURFACE_STYLE_USAGE(.BOTH.,#12751);
#12751 = SURFACE_SIDE_STYLE('',(#12752));
#12752 = SURFACE_STYLE_FILL_AREA(#12753);
#12753 = FILL_AREA_STYLE('',(#12754));
#12754 = FILL_AREA_STYLE_COLOUR('',#12755);
#12755 = COLOUR_RGB('',0.55000000909,0.569999999601,0.599999994755);
#12756 = MECHANICAL_DESIGN_GEOMETRIC_PRESENTATION_REPRESENTATION('',(
    #12757),#12685);
#12757 = STYLED_ITEM('color',(#12758),#12507);
#12758 = PRESENTATION_STYLE_ASSIGNMENT((#12759));
#12759 = SURFACE_STYLE_USAGE(.BOTH.,#12760);
#12760 = SURFACE_SIDE_STYLE('',(#12761));
#12761 = SURFACE_STYLE_FILL_AREA(#12762);
#12762 = FILL_AREA_STYLE('',(#12763));
#12763 = FILL_AREA_STYLE_COLOUR('',#12713);
#12764 = MECHANICAL_DESIGN_GEOMETRIC_PRESENTATION_REPRESENTATION('',(
    #12765),#11246);
#12765 = STYLED_ITEM('color',(#12766),#11148);
#12766 = PRESENTATION_STYLE_ASSIGNMENT((#12767));
#12767 = SURFACE_STYLE_USAGE(.BOTH.,#12768);
#12768 = SURFACE_SIDE_STYLE('',(#12769));
#12769 = SURFACE_STYLE_FILL_AREA(#12770);
#12770 = FILL_AREA_STYLE('',(#12771));
#12771 = FILL_AREA_STYLE_COLOUR('',#12713);
#12772 = MECHANICAL_DESIGN_GEOMETRIC_PRESENTATION_REPRESENTATION('',(
    #12773),#12281);
#12773 = STYLED_ITEM('color',(#12774),#12093);
#12774 = PRESENTATION_STYLE_ASSIGNMENT((#12775));
#12775 = SURFACE_STYLE_USAGE(.BOTH.,#12776);
#12776 = SURFACE_SIDE_STYLE('',(#12777));
#12777 = SURFACE_STYLE_FILL_AREA(#12778);
#12778 = FILL_AREA_STYLE('',(#12779));
#12779 = FILL_AREA_STYLE_COLOUR('',#12713);
#12780 = MECHANICAL_DESIGN_GEOMETRIC_PRESENTATION_REPRESENTATION('',(
    #12781),#11867);
#12781 = STYLED_ITEM('color',(#12782),#11679);
#12782 = PRESENTATION_STYLE_ASSIGNMENT((#12783));
#12783 = SURFACE_STYLE_USAGE(.BOTH.,#12784);
#12784 = SURFACE_SIDE_STYLE('',(#12785));
#12785 = SURFACE_STYLE_FILL_AREA(#12786);
#12786 = FILL_AREA_STYLE('',(#12787));
#12787 = FILL_AREA_STYLE_COLOUR('',#12713);
ENDSEC;
END-ISO-10303-21;
